Cliente;Direccion;Localidad;FechaComprobante;FechaEntrega;FechaCarga;NroComprobante;TipoDeVenta;Empresa;Codigo;CantBase;ImporteNetoItem;ImporteItem;RazonSocial;MotivoDevolucion;Descuento;CodVendedor;Vendedor;RutaPreventa;Articulo;NetoItem;Reparto;ComentarioInterno;Ramo;Subramo;PrecioCosto;Chofer;valorDescuento;Mon_Simbolo;Mon_Decimales;Proveedor;PesoKg;ImpuestoInterno;CondicionPago;FechaLiquidacion;ComboCodigo;Marca;Linea;Sabor;Calibre;Familia;Rubro;Tags;Promociones;SegmentoRentabilidad;CodSupervisor;NomSupervisor;Origen;ComprobanteReferencia;Etiqueta;VentaDirecta;NumeroVenta;Pendiente;ListaPrecio;Taxonomia;OrdenPreparacion;FechaPreparacion;Bodeguistas;EtiquetaItem;UnidadFactor;PesoKgReal;NetoItemReal
5674;"AV. MEEKS E/Cnel Pringles Y J.M.Fern√°ndez - (Autoservicio) 639";TEMPERLEY;2026-09-30;01-10-2026;30-09-2026;FAC-A0001-00342768;Venta;LAGOPUELO S.A;1503118;24,00;35247,84;42649,89;FANNY YAN;;0,00 %;073;Florencia Cubilla;0733;TH BABYSEC ULTRA 50/24;1468,66;3393;"";AUTOSERVICIO;Autoservicio B;24308,88;MARIANO SOSA;0,00;$;2;SOFTYS ARGENTINA S.A;0,00000000;0,00;Contado;02-10-2026 09:52;;BABYSEC;;;;;;PAPEL;;;300;Bruno Centurion;AXUM;;SOFTYS;False;130922;0;Lista General;Autoservicio B - A;42448;30-09-2026;759-GABRIEL PEREZ;SOFTYS;1;0,00000000;1468,66
5674;"AV. MEEKS E/Cnel Pringles Y J.M.Fern√°ndez - (Autoservicio) 639";TEMPERLEY;2026-09-30;01-10-2026;30-09-2026;FAC-A0001-00342768;Venta;LAGOPUELO S.A;1505496;35,00;40287,10;48747,39;FANNY YAN;;0,00 %;073;Florencia Cubilla;0733;PO ELITE ST CON ALGODON X10 PACK 6;1151,06;3393;"";AUTOSERVICIO;Autoservicio B;27784,40;MARIANO SOSA;0,00;$;2;SOFTYS ARGENTINA S.A;0,00000000;0,00;Contado;02-10-2026 09:52;;ELITE;Softy;;SOFTY;PAÒUELOS;LAGO PUELO;PAPEL;;;300;Bruno Centurion;AXUM;;SOFTYS;False;130922;0;Lista General;Autoservicio B - A;42448;30-09-2026;759-GABRIEL PEREZ;SOFTYS;1;0,00000000;1151,06
29522;"MUZZILI E/LAMADRID-S.TERESITA - (AUTOSERVICIOS) 449";LOMAS DE ZAMORA;2026-09-30;01-10-2026;30-09-2026;FAC-A0001-00342774;Venta;LAGOPUELO S.A;1501627;5,00;64886,02;78512,08;Chen qinhong;;3,00 %;073;Florencia Cubilla;0733;PH Higienol HS Balanced 20mx4/12;12977,20;3393;"";AUTOSERVICIO;Autoservicio B;47441,70;MARIANO SOSA;401,36;$;2;SOFTYS ARGENTINA S.A;0,00000000;0,00;Contado;02-10-2026 09:52;;HIGIENOL;Softy;;SOFTY;PAPEL HIG;LAGO PUELO;PAPEL;103;;300;Bruno Centurion;AXUM;;SOFTYS;False;131237;0;Lista General;Autoservicio B - A;42456;30-09-2026;759-GABRIEL PEREZ;SOFTYS;1;0,00000000;12977,20
29522;"MUZZILI E/LAMADRID-S.TERESITA - (AUTOSERVICIOS) 449";LOMAS DE ZAMORA;2026-09-30;01-10-2026;30-09-2026;FAC-A0001-00342774;Venta;LAGOPUELO S.A;1501553;10,00;189155,66;228878,35;Chen qinhong;;23,00 %;073;Florencia Cubilla;0733;PH HIGIENOL DH PLUS FUSI”N 30M x4/10;18915,57;3393;"";AUTOSERVICIO;Autoservicio B;159258,80;MARIANO SOSA;5650,10;$;2;SOFTYS ARGENTINA S.A;0,00000000;0,00;Contado;02-10-2026 09:52;;HIGIENOL;Softy;;SOFTY;PAPEL HIG;LAGO PUELO;PAPEL;81;;300;Bruno Centurion;AXUM;;SOFTYS;False;131237;0;Lista General;Autoservicio B - A;42456;30-09-2026;759-GABRIEL PEREZ;SOFTYS;1;0,00000000;18915,57
27532;"VIRGILIO 1047";INGENIERO BUDGE;2026-09-30;01-10-2026;30-09-2026;FAC-A0001-00342775;Venta;LAGOPUELO S.A;1501553;60,00;1017018,74;1230592,67;YAN SHIFANG;;31,00 %;073;Florencia Cubilla;0733;PH HIGIENOL DH PLUS FUSI”N 30M x4/10;16950,31;3393;"";AUTOSERVICIO;Autoservicio A;955552,80;MARIANO SOSA;7615,36;$;2;SOFTYS ARGENTINA S.A;0,00000000;0,00;Contado;02-10-2026 09:52;;HIGIENOL;Softy;;SOFTY;PAPEL HIG;LAGO PUELO;PAPEL;81;;300;Bruno Centurion;AXUM;;SOFTYS;False;131250;0;Lista General;Autoservicio A - A;42457;30-09-2026;759-GABRIEL PEREZ;SOFTYS;1;0,00000000;16950,31
27384;"Juan Maria Gutierrez 1459";BANFIELD;2026-09-30;01-10-2026;30-09-2026;FAC-A0001-00342776;Venta;LAGOPUELO S.A;1504289;40,00;395653,68;478740,95;Demei Weng;;10,00 %;074;Romina Baez;0741;PLBABYSEC PREM SOFTXXG x30/4;9891,34;3393;"";AUTOSERVICIO;Autoservicio A;325640,80;MARIANO SOSA;1099,04;$;2;SOFTYS ARGENTINA S.A;0,00000000;0,00;Contado;02-10-2026 09:52;;BABYSEC;Softy;;SOFTY;PAÒAL;LAGO PUELO;PAPEL;;;300;Bruno Centurion;AXUM;;SOFTYS;False;131274;0;Lista General;Autoservicio A - A;42458;30-09-2026;759-GABRIEL PEREZ;SOFTYS;1;0,00000000;9891,34
27384;"Juan Maria Gutierrez 1459";BANFIELD;2026-09-30;01-10-2026;30-09-2026;FAC-A0001-00342776;Venta;LAGOPUELO S.A;1503131;30,00;61886,40;74882,54;Demei Weng;;0,00 %;074;Romina Baez;0741;TH BABYSEC PREMIUM X45/10;2062,88;3393;"";AUTOSERVICIO;Autoservicio A;42680,40;MARIANO SOSA;0,00;$;2;SOFTYS ARGENTINA S.A;0,00000000;0,00;Contado;02-10-2026 09:52;;BABYSEC;Softy;;SOFTY;TOALLA HUMEDA;LAGO PUELO;PAPEL;;;300;Bruno Centurion;AXUM;;SOFTYS;False;131274;0;Lista General;Autoservicio A - A;42458;30-09-2026;759-GABRIEL PEREZ;SOFTYS;1;0,00000000;2062,88
3226;"ARANA GOIRI e/Hidalgo y Tunuy√°n - (AUTOSERVICIOS) 360";LOMAS DE ZAMORA;2026-09-30;01-10-2026;30-09-2026;FAC-A0001-00342780;Venta;LAGOPUELO S.A;1501553;60,00;1017018,74;1230592,67;DINGCHANG YAN;;31,00 %;073;Florencia Cubilla;0733;PH HIGIENOL DH PLUS FUSI”N 30M x4/10;16950,31;3393;"";AUTOSERVICIO;Autoservicio B;955552,80;MARIANO SOSA;7615,36;$;2;SOFTYS ARGENTINA S.A;0,00000000;0,00;Contado;02-10-2026 09:52;;HIGIENOL;Softy;;SOFTY;PAPEL HIG;LAGO PUELO;PAPEL;81;;300;Bruno Centurion;AXUM;;SOFTYS;False;131453;0;Lista General;Autoservicio B - A;42464;01-10-2026;5786-GASTON ORTIZ;SOFTYS;1;0,00000000;16950,31
3226;"ARANA GOIRI e/Hidalgo y Tunuy√°n - (AUTOSERVICIOS) 360";LOMAS DE ZAMORA;2026-09-30;01-10-2026;30-09-2026;FAC-A0001-00342780;Venta;LAGOPUELO S.A;1501627;15,00;180610,56;218538,78;DINGCHANG YAN;;10,00 %;073;Florencia Cubilla;0733;PH Higienol HS Balanced 20mx4/12;12040,70;3393;"";AUTOSERVICIO;Autoservicio B;142325,10;MARIANO SOSA;1337,86;$;2;SOFTYS ARGENTINA S.A;0,00000000;0,00;Contado;02-10-2026 09:52;;HIGIENOL;Softy;;SOFTY;PAPEL HIG;LAGO PUELO;PAPEL;103;;300;Bruno Centurion;AXUM;;SOFTYS;False;131453;0;Lista General;Autoservicio B - A;42464;01-10-2026;5786-GASTON ORTIZ;SOFTYS;1;0,00000000;12040,70
29501;"EUSKADI E/OLMOS Y PROV.UNIDAS - (TRADICIONAL) 876";LOMAS DE ZAMORA;2026-09-30;01-10-2026;30-09-2026;FAC-B0001-00018614;Venta;LAGOPUELO S.A;1505688;1,00;15042,56;18201,49;CINTIA ROMINA BAEZ;;5,00 %;073;Florencia Cubilla;0733;RC Sussex clasico mas blanco 50px3/10;15042,56;3393;"";AUTOSERVICIO;Autoservicio B;11729,09;MARIANO SOSA;791,71;$;2;SOFTYS ARGENTINA S.A;0,00000000;0,00;Contado;02-10-2026 09:52;;SUSSEX;Softy;;SOFTY;ROLLO DE COCINA;LAGO PUELO;PAPEL;83;;300;Bruno Centurion;AXUM;;SOFTYS;False;131478;0;Lista General;Autoservicio B - A;42464;01-10-2026;5786-GASTON ORTIZ;SOFTYS;1;0,00000000;15042,56
29501;"EUSKADI E/OLMOS Y PROV.UNIDAS - (TRADICIONAL) 876";LOMAS DE ZAMORA;2026-09-30;01-10-2026;30-09-2026;FAC-B0001-00018614;Venta;LAGOPUELO S.A;1501553;1,00;18915,57;22887,83;CINTIA ROMINA BAEZ;;23,00 %;073;Florencia Cubilla;0733;PH HIGIENOL DH PLUS FUSI”N 30M x4/10;18915,57;3393;"";AUTOSERVICIO;Autoservicio B;15925,88;MARIANO SOSA;5650,10;$;2;SOFTYS ARGENTINA S.A;0,00000000;0,00;Contado;02-10-2026 09:52;;HIGIENOL;Softy;;SOFTY;PAPEL HIG;LAGO PUELO;PAPEL;81;;300;Bruno Centurion;AXUM;;SOFTYS;False;131478;0;Lista General;Autoservicio B - A;42464;01-10-2026;5786-GASTON ORTIZ;SOFTYS;1;0,00000000;18915,57
28006;"GADDINI - (Mayorista) 1189";TRISTAN SUAREZ;2026-09-30;01-10-2026;30-09-2026;NCR-A0002-00003839;DevoluciÛn por Canje;ELEBES;1503131;-10,00;-20628,80;-24960,85;CARLOS HINOJOSA CONDORI;DEVOLUCION;0,00 %;075;Julieta Yegros;0754;TH BABYSEC PREMIUM X45/10;2062,88;3419;"";AUTOSERVICIO;Autoservicio A;-14226,80;PEDIDOS INTERNOS;0,00;$;2;SOFTYS ARGENTINA S.A;0,00000000;0,00;Contado;30-09-2026 16:03;;BABYSEC;Softy;;SOFTY;TOALLA HUMEDA;LAGO PUELO;PAPEL;;;300;Bruno Centurion;Gescom;FAC-A0002-00011329;;True;131483;0;Lista General;Autoservicio A - A;;01-01-2000;;SOFTYS;1;0,00000000;2062,88
1142;"Calle 253 1351";BERAZATEGUI;2026-10-01;01-10-2026;29-09-2026;FAC-A0001-00342782;Venta;LAGOPUELO S.A;1502610;1,00;22904,08;27713,94;HUANCO CARLOS ARIEL††††††††;;0,00 %;051;Ezequiel Valente;0512;PH ELITE HS CLS C/ALGODON 30M X6/10;22904,08;3397;"";AUTOSERVICIO;AUTOSERVICIO;15795,92;JUAN ESCOTO;0,00;$;2;SOFTYS ARGENTINA S.A;0,00000000;0,00;Contado;02-10-2026 10:03;;ELITE;Softy;;SOFTY;PAPEL HIG;LAGO PUELO;PAPEL;;;300;Bruno Centurion;AXUM;;SOFTYS;False;130484;0;Lista General;AUTOSERVICIO - A;42316;30-09-2026;509-LUCAS GODOY;SOFTYS;1;0,00000000;22904,08
1142;"Calle 253 1351";BERAZATEGUI;2026-10-01;01-10-2026;29-09-2026;FAC-A0001-00342782;Venta;LAGOPUELO S.A;1502607;1,00;25677,44;31069,70;HUANCO CARLOS ARIEL††††††††;;0,00 %;051;Ezequiel Valente;0512;PH ELITE ULTRA DH SOFT T C/ALG 30Mx4;25677,44;3397;"";AUTOSERVICIO;AUTOSERVICIO;17177,84;JUAN ESCOTO;0,00;$;2;SOFTYS ARGENTINA S.A;0,00000000;0,00;Contado;02-10-2026 10:03;;ELITE;Softy;;SOFTY;PAPEL HIG;LAGO PUELO;PAPEL;;;300;Bruno Centurion;AXUM;;SOFTYS;False;130484;0;Lista General;AUTOSERVICIO - A;42316;30-09-2026;509-LUCAS GODOY;SOFTYS;1;0,00000000;25677,44
1142;"Calle 253 1351";BERAZATEGUI;2026-10-01;01-10-2026;29-09-2026;FAC-A0001-00342782;Venta;LAGOPUELO S.A;1505688;2,00;30085,11;36402,99;HUANCO CARLOS ARIEL††††††††;;5,00 %;051;Ezequiel Valente;0512;RC Sussex clasico mas blanco 50px3/10;15042,56;3397;"";AUTOSERVICIO;AUTOSERVICIO;23458,18;JUAN ESCOTO;791,71;$;2;SOFTYS ARGENTINA S.A;0,00000000;0,00;Contado;02-10-2026 10:03;;SUSSEX;Softy;;SOFTY;ROLLO DE COCINA;LAGO PUELO;PAPEL;83;;300;Bruno Centurion;AXUM;;SOFTYS;False;130484;0;Lista General;AUTOSERVICIO - A;42316;30-09-2026;509-LUCAS GODOY;SOFTYS;1;0,00000000;15042,56
1142;"Calle 253 1351";BERAZATEGUI;2026-10-01;01-10-2026;29-09-2026;FAC-A0001-00342782;Venta;LAGOPUELO S.A;1505708;1,00;20733,71;25087,79;HUANCO CARLOS ARIEL††††††††;;0,00 %;051;Ezequiel Valente;0512;RC SUSEEX CLS MEGARROLO ALTO 200X1;20733,71;3397;"";AUTOSERVICIO;AUTOSERVICIO;15358,30;JUAN ESCOTO;0,00;$;2;SOFTYS ARGENTINA S.A;0,00000000;0,00;Contado;02-10-2026 10:03;;SUSSEX;Softy;;SOFTY;ROLLO DE COCINA;LAGO PUELO;PAPEL;;;300;Bruno Centurion;AXUM;;SOFTYS;False;130484;0;Lista General;AUTOSERVICIO - A;42316;30-09-2026;509-LUCAS GODOY;SOFTYS;1;0,00000000;20733,71
1142;"Calle 253 1351";BERAZATEGUI;2026-10-01;01-10-2026;29-09-2026;FAC-A0001-00342782;Venta;LAGOPUELO S.A;1501585;1,00;33261,99;40247,01;HUANCO CARLOS ARIEL††††††††;;0,00 %;051;Ezequiel Valente;0512;PH HIGIENOL HS MAX ALOE PANAL 80M X4;33261,99;3397;"";AUTOSERVICIO;AUTOSERVICIO;22480,39;JUAN ESCOTO;0,00;$;2;SOFTYS ARGENTINA S.A;0,00000000;0,00;Contado;02-10-2026 10:03;;HIGIENOL;Softy;;SOFTY;PAPEL HIG;LAGO PUELO;PAPEL;;;300;Bruno Centurion;AXUM;;SOFTYS;False;130484;0;Lista General;AUTOSERVICIO - A;42316;30-09-2026;509-LUCAS GODOY;SOFTYS;1;0,00000000;33261,99
1142;"Calle 253 1351";BERAZATEGUI;2026-10-01;01-10-2026;29-09-2026;FAC-A0001-00342782;Venta;LAGOPUELO S.A;1501584;1,00;42849,97;51848,46;HUANCO CARLOS ARIEL††††††††;;0,00 %;051;Ezequiel Valente;0512;PH HIGIENOL HS MAX ALOE PANAL 100M 4x/10;42849,97;3397;"";AUTOSERVICIO;AUTOSERVICIO;29551,70;JUAN ESCOTO;0,00;$;2;SOFTYS ARGENTINA S.A;0,00000000;0,00;Contado;02-10-2026 10:03;;HIGIENOL;Softy;;SOFTY;PAPEL HIG;LAGO PUELO;PAPEL;;;300;Bruno Centurion;AXUM;;SOFTYS;False;130484;0;Lista General;AUTOSERVICIO - A;42316;30-09-2026;509-LUCAS GODOY;SOFTYS;1;0,00000000;42849,97
1142;"Calle 253 1351";BERAZATEGUI;2026-10-01;01-10-2026;29-09-2026;FAC-A0001-00342782;Venta;LAGOPUELO S.A;1501554;1,00;26579,76;32161,51;HUANCO CARLOS ARIEL††††††††;;0,00 %;051;Ezequiel Valente;0512;PH HIGIENOL DH BALANCE 30M X4/10;26579,76;3397;"";AUTOSERVICIO;AUTOSERVICIO;18330,87;JUAN ESCOTO;0,00;$;2;SOFTYS ARGENTINA S.A;0,00000000;0,00;Contado;02-10-2026 10:03;;HIGIENOL;Softy;;SOFTY;PAPEL HIG;LAGO PUELO;PAPEL;;;300;Bruno Centurion;AXUM;;SOFTYS;False;130484;0;Lista General;AUTOSERVICIO - A;42316;30-09-2026;509-LUCAS GODOY;SOFTYS;1;0,00000000;26579,76
1142;"Calle 253 1351";BERAZATEGUI;2026-10-01;01-10-2026;29-09-2026;FAC-A0001-00342782;Venta;LAGOPUELO S.A;1501618;1,00;17868,50;21620,89;HUANCO CARLOS ARIEL††††††††;;0,00 %;051;Ezequiel Valente;0512;PH HIG  FRESH ALOE 30M X4/12;17868,50;3397;"";AUTOSERVICIO;AUTOSERVICIO;12323,10;JUAN ESCOTO;0,00;$;2;SOFTYS ARGENTINA S.A;0,00000000;0,00;Contado;02-10-2026 10:03;;HIGIENOL;Softy;;SOFTY;PAPEL HIG;LAGO PUELO;PAPEL;;;300;Bruno Centurion;AXUM;;SOFTYS;False;130484;0;Lista General;AUTOSERVICIO - A;42316;30-09-2026;509-LUCAS GODOY;SOFTYS;1;0,00000000;17868,50
2978;"AV. MILAZZO 809 ESQUINA CNO GRAL BELGRANO 0";Berazategui;2026-10-01;01-10-2026;29-09-2026;FAC-A0001-00342784;Venta;LAGOPUELO S.A;1501585;1,00;33261,99;40247,01;MONTERO JORGE MARCELO;;0,00 %;051;Ezequiel Valente;0512;PH HIGIENOL HS MAX ALOE PANAL 80M X4;33261,99;3397;"";AUTOSERVICIO;AUTOSERVICIO;22480,39;JUAN ESCOTO;0,00;$;2;SOFTYS ARGENTINA S.A;0,00000000;0,00;Contado;02-10-2026 10:03;;HIGIENOL;Softy;;SOFTY;PAPEL HIG;LAGO PUELO;PAPEL;;;300;Bruno Centurion;AXUM;;SOFTYS;False;130523;0;Lista General;AUTOSERVICIO - A;42318;30-09-2026;509-LUCAS GODOY;SOFTYS;1;0,00000000;33261,99
2978;"AV. MILAZZO 809 ESQUINA CNO GRAL BELGRANO 0";Berazategui;2026-10-01;01-10-2026;29-09-2026;FAC-A0001-00342784;Venta;LAGOPUELO S.A;1505708;10,00;207337,10;250877,89;MONTERO JORGE MARCELO;;0,00 %;051;Ezequiel Valente;0512;RC SUSEEX CLS MEGARROLO ALTO 200X1;20733,71;3397;"";AUTOSERVICIO;AUTOSERVICIO;153583,00;JUAN ESCOTO;0,00;$;2;SOFTYS ARGENTINA S.A;0,00000000;0,00;Contado;02-10-2026 10:03;;SUSSEX;Softy;;SOFTY;ROLLO DE COCINA;LAGO PUELO;PAPEL;;;300;Bruno Centurion;AXUM;;SOFTYS;False;130523;0;Lista General;AUTOSERVICIO - A;42318;30-09-2026;509-LUCAS GODOY;SOFTYS;1;0,00000000;20733,71
5309;"PABLO PODESTA 1629";FLORENCIO VARELA;2026-10-01;01-10-2026;30-09-2026;FAC-A0001-00342790;Venta;LAGOPUELO S.A;1501553;60,00;1017018,74;1230592,67;YANG JIANXING††††††††††††††;;31,00 %;051;Ezequiel Valente;0513;PH HIGIENOL DH PLUS FUSI”N 30M x4/10;16950,31;3397;"";AUTOSERVICIO;AUTOSERVICIO;955552,80;JUAN ESCOTO;7615,36;$;2;SOFTYS ARGENTINA S.A;0,00000000;0,00;Contado;02-10-2026 10:03;;HIGIENOL;Softy;;SOFTY;PAPEL HIG;LAGO PUELO;PAPEL;81;;300;Bruno Centurion;AXUM;;SOFTYS;False;131178;0;Lista General;AUTOSERVICIO - A;42324;30-09-2026;509-LUCAS GODOY;SOFTYS;1;0,00000000;16950,31
6432;"MANUEL DE FALLA 1570";FLORENCIO VARELA;2026-10-01;01-10-2026;30-09-2026;FAC-A0001-00342791;Venta;LAGOPUELO S.A;1501553;60,00;1017018,74;1230592,67;YAN SHIWEN;;31,00 %;051;Ezequiel Valente;0513;PH HIGIENOL DH PLUS FUSI”N 30M x4/10;16950,31;3397;"";AUTOSERVICIO;AUTOSERVICIO;955552,80;JUAN ESCOTO;7615,36;$;2;SOFTYS ARGENTINA S.A;0,00000000;0,00;Contado;02-10-2026 10:03;;HIGIENOL;Softy;;SOFTY;PAPEL HIG;LAGO PUELO;PAPEL;81;;300;Bruno Centurion;AXUM;;SOFTYS;False;131179;0;Lista General;AUTOSERVICIO - A;42325;30-09-2026;509-LUCAS GODOY;SOFTYS;1;0,00000000;16950,31
6315;"AV. HUDSON 2157";Varela ;2026-10-01;01-10-2026;30-09-2026;FAC-A0001-00342792;Venta;LAGOPUELO S.A;1501553;60,00;1017018,74;1230592,67;HE MINJUN;;31,00 %;051;Ezequiel Valente;0513;PH HIGIENOL DH PLUS FUSI”N 30M x4/10;16950,31;3397;"";AUTOSERVICIO;AUTOSERVICIO;955552,80;JUAN ESCOTO;7615,36;$;2;SOFTYS ARGENTINA S.A;0,00000000;0,00;Contado;02-10-2026 10:03;;HIGIENOL;Softy;;SOFTY;PAPEL HIG;LAGO PUELO;PAPEL;81;;300;Bruno Centurion;AXUM;;SOFTYS;False;131265;0;Lista General;AUTOSERVICIO - A;42327;30-09-2026;509-LUCAS GODOY;SOFTYS;1;0,00000000;16950,31
5301;"LUJAN 1407";FLORENCIO VARELA;2026-10-01;01-10-2026;30-09-2026;FAC-A0001-00342794;Venta;LAGOPUELO S.A;1501584;2,00;85699,94;103696,93;JIANG MEIYUN†††††††††††††††;;0,00 %;051;Ezequiel Valente;0513;PH HIGIENOL HS MAX ALOE PANAL 100M 4x/10;42849,97;3397;"";AUTOSERVICIO;AUTOSERVICIO;59103,40;JUAN ESCOTO;0,00;$;2;SOFTYS ARGENTINA S.A;0,00000000;0,00;Contado;02-10-2026 10:03;;HIGIENOL;Softy;;SOFTY;PAPEL HIG;LAGO PUELO;PAPEL;;;300;Bruno Centurion;AXUM;;SOFTYS;False;131375;0;Lista General;AUTOSERVICIO - A;42329;30-09-2026;509-LUCAS GODOY;SOFTYS;1;0,00000000;42849,97
6256;"AV CALCHAQUI 5756";Florencio Varela;2026-10-01;01-10-2026;30-09-2026;FAC-A0001-00342795;Venta;LAGOPUELO S.A;1509763;16,00;34512,48;41760,10;GAO XIANGYING;;0,00 %;051;Ezequiel Valente;0513;TF Nocturna EXT ALGODON 16X16;2157,03;3397;"";AUTOSERVICIO;AUTOSERVICIO;23801,60;JUAN ESCOTO;0,00;$;2;SOFTYS ARGENTINA S.A;0,00000000;0,00;Contado;02-10-2026 10:03;;LADYSOFT;Softy;;SOFTY;TOALLA FEMENINA;LAGO PUELO;PAPEL;;;300;Bruno Centurion;AXUM;;SOFTYS;False;131390;0;Lista General;AUTOSERVICIO - A;42330;30-09-2026;509-LUCAS GODOY;SOFTYS;1;0,00000000;2157,03
6256;"AV CALCHAQUI 5756";Florencio Varela;2026-10-01;01-10-2026;30-09-2026;FAC-A0001-00342795;Venta;LAGOPUELO S.A;1509755;40,00;45242,00;54742,82;GAO XIANGYING;;0,00 %;051;Ezequiel Valente;0513;TF UD T/SECA LADYSOFT ULTRA PROTECT 8;1131,05;3397;"";AUTOSERVICIO;AUTOSERVICIO;31201,60;JUAN ESCOTO;0,00;$;2;SOFTYS ARGENTINA S.A;0,00000000;0,00;Contado;02-10-2026 10:03;;LADYSOFT;Softy;;SOFTY;TOALLA FEMENINA;LAGO PUELO;PAPEL;;;300;Bruno Centurion;AXUM;;SOFTYS;False;131390;0;Lista General;AUTOSERVICIO - A;42330;30-09-2026;509-LUCAS GODOY;SOFTYS;1;0,00000000;1131,05
27660;"TUYUTI - (TRADICIONAL) 1098";EZEIZA;2026-10-01;01-10-2026;29-09-2026;FAC-A0001-00342798;Venta;LAGOPUELO S.A;1509764;6,00;4707,12;5695,62;FABRICIO ESCURRA ILJUSZYK;;0,00 %;075;Julieta Yegros;0752;TF NORMAL T/SUAVE EXT ALGODON 8x54;784,52;3395;"";AUTOSERVICIO;Autoservicio B;3246,30;LEONARDO SANTA CRUZ;0,00;$;2;SOFTYS ARGENTINA S.A;0,00000000;0,00;Contado;06-10-2026 09:26;;LADYSOFT;Softy;;SOFTY;TOALLA FEMENINA;LAGO PUELO;PAPEL;;;300;Bruno Centurion;AXUM;;SOFTYS;False;130300;0;Lista General;Autoservicio B - A;42055;30-09-2026;5553-JORGE MONZON;SOFTYS;1;0,00000000;784,52
23664;"TOMAS A EDISON - (AUTOSERVICIOS) 555";EL JAGUEL;2026-10-01;01-10-2026;29-09-2026;FAC-A0001-00342799;Venta;LAGOPUELO S.A;1509762;32,00;35693,12;43188,68;YAN SHIYUMEI;;0,00 %;064;Karina Fernandez;0642;TF NOCTUR EXT A 8x32;1115,41;3395;"";AUTOSERVICIO;Autoservicio A;24616,00;LEONARDO SANTA CRUZ;0,00;$;2;SOFTYS ARGENTINA S.A;0,00000000;0,00;Contado;06-10-2026 09:26;;LADYSOFT;Softy;;SOFTY;TOALLA FEMENINA;LAGO PUELO;PAPEL;;;300;Bruno Centurion;AXUM;;SOFTYS;False;130325;0;Lista General;Autoservicio A - A;42056;30-09-2026;5553-JORGE MONZON;SOFTYS;1;0,00000000;1115,41
23664;"TOMAS A EDISON - (AUTOSERVICIOS) 555";EL JAGUEL;2026-10-01;01-10-2026;29-09-2026;FAC-A0001-00342799;Venta;LAGOPUELO S.A;1509763;16,00;34512,48;41760,10;YAN SHIYUMEI;;0,00 %;064;Karina Fernandez;0642;TF Nocturna EXT ALGODON 16X16;2157,03;3395;"";AUTOSERVICIO;Autoservicio A;23801,60;LEONARDO SANTA CRUZ;0,00;$;2;SOFTYS ARGENTINA S.A;0,00000000;0,00;Contado;06-10-2026 09:26;;LADYSOFT;Softy;;SOFTY;TOALLA FEMENINA;LAGO PUELO;PAPEL;;;300;Bruno Centurion;AXUM;;SOFTYS;False;130325;0;Lista General;Autoservicio A - A;42056;30-09-2026;5553-JORGE MONZON;SOFTYS;1;0,00000000;2157,03
23664;"TOMAS A EDISON - (AUTOSERVICIOS) 555";EL JAGUEL;2026-10-01;01-10-2026;29-09-2026;FAC-A0001-00342799;Venta;LAGOPUELO S.A;1509755;20,00;22621,00;27371,41;YAN SHIYUMEI;;0,00 %;064;Karina Fernandez;0642;TF UD T/SECA LADYSOFT ULTRA PROTECT 8;1131,05;3395;"";AUTOSERVICIO;Autoservicio A;15600,80;LEONARDO SANTA CRUZ;0,00;$;2;SOFTYS ARGENTINA S.A;0,00000000;0,00;Contado;06-10-2026 09:26;;LADYSOFT;Softy;;SOFTY;TOALLA FEMENINA;LAGO PUELO;PAPEL;;;300;Bruno Centurion;AXUM;;SOFTYS;False;130325;0;Lista General;Autoservicio A - A;42056;30-09-2026;5553-JORGE MONZON;SOFTYS;1;0,00000000;1131,05
23664;"TOMAS A EDISON - (AUTOSERVICIOS) 555";EL JAGUEL;2026-10-01;01-10-2026;29-09-2026;FAC-A0001-00342799;Venta;LAGOPUELO S.A;1509756;20,00;44012,80;53255,49;YAN SHIYUMEI;;0,00 %;064;Karina Fernandez;0642;TF UD T/SECA LADYSOFT UL PRT 16u;2200,64;3395;"";AUTOSERVICIO;Autoservicio A;30353,60;LEONARDO SANTA CRUZ;0,00;$;2;SOFTYS ARGENTINA S.A;0,00000000;0,00;Contado;06-10-2026 09:26;;LADYSOFT;Softy;;SOFTY;TOALLA FEMENINA;LAGO PUELO;PAPEL;;;300;Bruno Centurion;AXUM;;SOFTYS;False;130325;0;Lista General;Autoservicio A - A;42056;30-09-2026;5553-JORGE MONZON;SOFTYS;1;0,00000000;2200,64
27459;"Ramos Mejia - (TRADICIONAL) 646";EZEIZA;2026-10-01;01-10-2026;29-09-2026;FAC-A0001-00342803;Venta;LAGOPUELO S.A;1509764;1,00;0,00;0,00;Bertola Emiliano Damian;;100,00 %;075;Julieta Yegros;0752;TF NORMAL T/SUAVE EXT ALGODON 8x54;0,00;3395;"";ALMACEN;ALMACEN;541,05;LEONARDO SANTA CRUZ;784,52;$;2;SOFTYS ARGENTINA S.A;0,00000000;0,00;Contado;06-10-2026 09:26;;LADYSOFT;Softy;;SOFTY;TOALLA FEMENINA;LAGO PUELO;PAPEL;65;;300;Bruno Centurion;AXUM;;SOFTYS;False;130536;0;Lista General;ALMACEN - A;42063;30-09-2026;5553-JORGE MONZON;SOFTYS;1;0,00000000;0,00
27459;"Ramos Mejia - (TRADICIONAL) 646";EZEIZA;2026-10-01;01-10-2026;29-09-2026;FAC-A0001-00342803;Venta;LAGOPUELO S.A;1501553;2,00;37831,13;45775,67;Bertola Emiliano Damian;;23,00 %;075;Julieta Yegros;0752;PH HIGIENOL DH PLUS FUSI”N 30M x4/10;18915,57;3395;"";ALMACEN;ALMACEN;31851,76;LEONARDO SANTA CRUZ;5650,10;$;2;SOFTYS ARGENTINA S.A;0,00000000;0,00;Contado;06-10-2026 09:26;;HIGIENOL;Softy;;SOFTY;PAPEL HIG;LAGO PUELO;PAPEL;81;;300;Bruno Centurion;AXUM;;SOFTYS;False;130536;0;Lista General;ALMACEN - A;42063;30-09-2026;5553-JORGE MONZON;SOFTYS;1;0,00000000;18915,57
27459;"Ramos Mejia - (TRADICIONAL) 646";EZEIZA;2026-10-01;01-10-2026;29-09-2026;FAC-A0001-00342803;Venta;LAGOPUELO S.A;1501618;2,00;35737,00;43241,77;Bertola Emiliano Damian;;0,00 %;075;Julieta Yegros;0752;PH HIG  FRESH ALOE 30M X4/12;17868,50;3395;"";ALMACEN;ALMACEN;24646,20;LEONARDO SANTA CRUZ;0,00;$;2;SOFTYS ARGENTINA S.A;0,00000000;0,00;Contado;06-10-2026 09:26;;HIGIENOL;Softy;;SOFTY;PAPEL HIG;LAGO PUELO;PAPEL;;;300;Bruno Centurion;AXUM;;SOFTYS;False;130536;0;Lista General;ALMACEN - A;42063;30-09-2026;5553-JORGE MONZON;SOFTYS;1;0,00000000;17868,50
27459;"Ramos Mejia - (TRADICIONAL) 646";EZEIZA;2026-10-01;01-10-2026;29-09-2026;FAC-A0001-00342803;Venta;LAGOPUELO S.A;1501585;1,00;33261,99;40247,01;Bertola Emiliano Damian;;0,00 %;075;Julieta Yegros;0752;PH HIGIENOL HS MAX ALOE PANAL 80M X4;33261,99;3395;"";ALMACEN;ALMACEN;22480,39;LEONARDO SANTA CRUZ;0,00;$;2;SOFTYS ARGENTINA S.A;0,00000000;0,00;Contado;06-10-2026 09:26;;HIGIENOL;Softy;;SOFTY;PAPEL HIG;LAGO PUELO;PAPEL;;;300;Bruno Centurion;AXUM;;SOFTYS;False;130536;0;Lista General;ALMACEN - A;42063;30-09-2026;5553-JORGE MONZON;SOFTYS;1;0,00000000;33261,99
27459;"Ramos Mejia - (TRADICIONAL) 646";EZEIZA;2026-10-01;01-10-2026;29-09-2026;FAC-A0001-00342803;Venta;LAGOPUELO S.A;1505688;2,00;30085,11;36402,99;Bertola Emiliano Damian;;5,00 %;075;Julieta Yegros;0752;RC Sussex clasico mas blanco 50px3/10;15042,56;3395;"";ALMACEN;ALMACEN;23458,18;LEONARDO SANTA CRUZ;791,71;$;2;SOFTYS ARGENTINA S.A;0,00000000;0,00;Contado;06-10-2026 09:26;;SUSSEX;Softy;;SOFTY;ROLLO DE COCINA;LAGO PUELO;PAPEL;83;;300;Bruno Centurion;AXUM;;SOFTYS;False;130536;0;Lista General;ALMACEN - A;42063;30-09-2026;5553-JORGE MONZON;SOFTYS;1;0,00000000;15042,56
27459;"Ramos Mejia - (TRADICIONAL) 646";EZEIZA;2026-10-01;01-10-2026;29-09-2026;FAC-A0001-00342803;Venta;LAGOPUELO S.A;1509755;10,00;11310,50;13685,71;Bertola Emiliano Damian;;0,00 %;075;Julieta Yegros;0752;TF UD T/SECA LADYSOFT ULTRA PROTECT 8;1131,05;3395;"";ALMACEN;ALMACEN;7800,40;LEONARDO SANTA CRUZ;0,00;$;2;SOFTYS ARGENTINA S.A;0,00000000;0,00;Contado;06-10-2026 09:26;;LADYSOFT;Softy;;SOFTY;TOALLA FEMENINA;LAGO PUELO;PAPEL;;;300;Bruno Centurion;AXUM;;SOFTYS;False;130536;0;Lista General;ALMACEN - A;42063;30-09-2026;5553-JORGE MONZON;SOFTYS;1;0,00000000;1131,05
27459;"Ramos Mejia - (TRADICIONAL) 646";EZEIZA;2026-10-01;01-10-2026;29-09-2026;FAC-A0001-00342803;Venta;LAGOPUELO S.A;1509764;10,00;7845,20;9492,69;Bertola Emiliano Damian;;0,00 %;075;Julieta Yegros;0752;TF NORMAL T/SUAVE EXT ALGODON 8x54;784,52;3395;"";ALMACEN;ALMACEN;5410,50;LEONARDO SANTA CRUZ;0,00;$;2;SOFTYS ARGENTINA S.A;0,00000000;0,00;Contado;06-10-2026 09:26;;LADYSOFT;Softy;;SOFTY;TOALLA FEMENINA;LAGO PUELO;PAPEL;;;300;Bruno Centurion;AXUM;;SOFTYS;False;130536;0;Lista General;ALMACEN - A;42063;30-09-2026;5553-JORGE MONZON;SOFTYS;1;0,00000000;784,52
27459;"Ramos Mejia - (TRADICIONAL) 646";EZEIZA;2026-10-01;01-10-2026;29-09-2026;FAC-A0001-00342803;Venta;LAGOPUELO S.A;1509766;10,00;8477,80;10258,14;Bertola Emiliano Damian;;0,00 %;075;Julieta Yegros;0752;TF T/SECA NORMAL MAS PROTECC 8x54;847,78;3395;"";ALMACEN;ALMACEN;5846,80;LEONARDO SANTA CRUZ;0,00;$;2;SOFTYS ARGENTINA S.A;0,00000000;0,00;Contado;06-10-2026 09:26;;LADYSOFT;Softy;;SOFTY;TOALLA FEMENINA;LAGO PUELO;PAPEL;;;300;Bruno Centurion;AXUM;;SOFTYS;False;130536;0;Lista General;ALMACEN - A;42063;30-09-2026;5553-JORGE MONZON;SOFTYS;1;0,00000000;847,78
27459;"Ramos Mejia - (TRADICIONAL) 646";EZEIZA;2026-10-01;01-10-2026;29-09-2026;FAC-A0001-00342803;Venta;LAGOPUELO S.A;1509761;10,00;7357,50;8902,58;Bertola Emiliano Damian;;0,00 %;075;Julieta Yegros;0752;TF LADYSOFT COMFORT EXT ALGODON 8x54;735,75;3395;"";ALMACEN;ALMACEN;5074,10;LEONARDO SANTA CRUZ;0,00;$;2;SOFTYS ARGENTINA S.A;0,00000000;0,00;Contado;06-10-2026 09:26;;LADYSOFT;Softy;;SOFTY;TOALLA FEMENINA;LAGO PUELO;PAPEL;;;300;Bruno Centurion;AXUM;;SOFTYS;False;130536;0;Lista General;ALMACEN - A;42063;30-09-2026;5553-JORGE MONZON;SOFTYS;1;0,00000000;735,75
27459;"Ramos Mejia - (TRADICIONAL) 646";EZEIZA;2026-10-01;01-10-2026;29-09-2026;FAC-A0001-00342803;Venta;LAGOPUELO S.A;1509762;10,00;11154,10;13496,46;Bertola Emiliano Damian;;0,00 %;075;Julieta Yegros;0752;TF NOCTUR EXT A 8x32;1115,41;3395;"";ALMACEN;ALMACEN;7692,50;LEONARDO SANTA CRUZ;0,00;$;2;SOFTYS ARGENTINA S.A;0,00000000;0,00;Contado;06-10-2026 09:26;;LADYSOFT;Softy;;SOFTY;TOALLA FEMENINA;LAGO PUELO;PAPEL;;;300;Bruno Centurion;AXUM;;SOFTYS;False;130536;0;Lista General;ALMACEN - A;42063;30-09-2026;5553-JORGE MONZON;SOFTYS;1;0,00000000;1115,41
27459;"Ramos Mejia - (TRADICIONAL) 646";EZEIZA;2026-10-01;01-10-2026;29-09-2026;FAC-A0001-00342803;Venta;LAGOPUELO S.A;1509749;10,00;12371,60;14969,64;Bertola Emiliano Damian;;0,00 %;075;Julieta Yegros;0752;PD ladysoft clasicos 20x30;1237,16;3395;"";ALMACEN;ALMACEN;8532,10;LEONARDO SANTA CRUZ;0,00;$;2;SOFTYS ARGENTINA S.A;0,00000000;0,00;Contado;06-10-2026 09:26;;LADYSOFT;Softy;;SOFTY;PROTECTOR DIARIO;LAGO PUELO;PAPEL;;;300;Bruno Centurion;AXUM;;SOFTYS;False;130536;0;Lista General;ALMACEN - A;42063;30-09-2026;5553-JORGE MONZON;SOFTYS;1;0,00000000;1237,16
27455;"Racedo - (AUTOSERVICIOS) 205";EZEIZA;2026-10-01;01-10-2026;29-09-2026;FAC-A0001-00342805;Venta;LAGOPUELO S.A;1501553;60,00;1017018,74;1230592,67;He Danhong;;31,00 %;075;Julieta Yegros;0752;PH HIGIENOL DH PLUS FUSI”N 30M x4/10;16950,31;3395;"";AUTOSERVICIO;Autoservicio A;955552,80;LEONARDO SANTA CRUZ;7615,36;$;2;SOFTYS ARGENTINA S.A;0,00000000;0,00;Contado;06-10-2026 09:26;;HIGIENOL;Softy;;SOFTY;PAPEL HIG;LAGO PUELO;PAPEL;81;;300;Bruno Centurion;AXUM;;SOFTYS;False;130547;0;Lista General;Autoservicio A - A;42068;30-09-2026;5553-JORGE MONZON;SOFTYS;1;0,00000000;16950,31
27455;"Racedo - (AUTOSERVICIOS) 205";EZEIZA;2026-10-01;01-10-2026;29-09-2026;FAC-A0001-00342805;Venta;LAGOPUELO S.A;1503131;10,00;20628,80;24960,85;He Danhong;;0,00 %;075;Julieta Yegros;0752;TH BABYSEC PREMIUM X45/10;2062,88;3395;"";AUTOSERVICIO;Autoservicio A;14226,80;LEONARDO SANTA CRUZ;0,00;$;2;SOFTYS ARGENTINA S.A;0,00000000;0,00;Contado;06-10-2026 09:26;;BABYSEC;Softy;;SOFTY;TOALLA HUMEDA;LAGO PUELO;PAPEL;;;300;Bruno Centurion;AXUM;;SOFTYS;False;130547;0;Lista General;Autoservicio A - A;42068;30-09-2026;5553-JORGE MONZON;SOFTYS;1;0,00000000;2062,88
23841;"Evita - (PA√‚ÄòALERA) 883";EL JAGUEL;2026-10-01;01-10-2026;29-09-2026;FAC-A0001-00342808;Venta;LAGOPUELO S.A;1509756;20,00;44012,80;53255,49;Gonzalez Fernando;;0,00 %;064;Karina Fernandez;0642;TF UD T/SECA LADYSOFT UL PRT 16u;2200,64;3395;"";Otros;PaÒalera;30353,60;LEONARDO SANTA CRUZ;0,00;$;2;SOFTYS ARGENTINA S.A;0,00000000;0,00;Contado;06-10-2026 09:26;;LADYSOFT;Softy;;SOFTY;TOALLA FEMENINA;LAGO PUELO;PAPEL;;;300;Bruno Centurion;AXUM;;SOFTYS;False;130703;0;Lista General;PaÒalera - A;42073;30-09-2026;5553-JORGE MONZON;SOFTYS;1;0,00000000;2200,64
23728;"PIZZURNO - (AUTOSERVICIOS) 2201";ESTEBAN ECHEVERR√¬çA;2026-10-01;01-10-2026;30-09-2026;FAC-A0001-00342809;Venta;LAGOPUELO S.A;1501627;15,00;180610,56;218538,78;HUANG FANG;;10,00 %;064;Karina Fernandez;0642;PH Higienol HS Balanced 20mx4/12;12040,70;3395;"";AUTOSERVICIO;Autoservicio A;142325,10;LEONARDO SANTA CRUZ;1337,86;$;2;SOFTYS ARGENTINA S.A;0,00000000;0,00;Contado;06-10-2026 09:26;;HIGIENOL;Softy;;SOFTY;PAPEL HIG;LAGO PUELO;PAPEL;103;;300;Bruno Centurion;AXUM;;SOFTYS;False;131052;0;Lista General;Autoservicio A - A;42074;30-09-2026;5553-JORGE MONZON;SOFTYS;1;0,00000000;12040,70
23728;"PIZZURNO - (AUTOSERVICIOS) 2201";ESTEBAN ECHEVERR√¬çA;2026-10-01;01-10-2026;30-09-2026;FAC-A0001-00342809;Venta;LAGOPUELO S.A;1509765;27,00;41533,56;50255,61;HUANG FANG;;0,00 %;064;Karina Fernandez;0642;TF NORMALT/SUAVE EXT ALG 16x27;1538,28;3395;"";AUTOSERVICIO;Autoservicio A;28643,76;LEONARDO SANTA CRUZ;0,00;$;2;SOFTYS ARGENTINA S.A;0,00000000;0,00;Contado;06-10-2026 09:26;;LADYSOFT;Softy;;SOFTY;TOALLA FEMENINA;LAGO PUELO;PAPEL;;;300;Bruno Centurion;AXUM;;SOFTYS;False;131052;0;Lista General;Autoservicio A - A;42074;30-09-2026;5553-JORGE MONZON;SOFTYS;1;0,00000000;1538,28
5586;"REPUBLICA DE LA INDIA - (PERFUMERIA) 540";CLAYPOLE;2026-10-01;01-10-2026;30-09-2026;FAC-A0001-00342810;Venta;LAGOPUELO S.A;1505688;1,00;15042,56;18201,49;KARINA MABEL MARINI;;5,00 %;056;Ezequiel Ferreira;0563;RC Sussex clasico mas blanco 50px3/10;15042,56;3398;"";Otros;SIN SUB;11729,09;NAHUEL MONTOYA;791,71;$;2;SOFTYS ARGENTINA S.A;0,00000000;0,00;Contado;02-10-2026 09:39;;SUSSEX;Softy;;SOFTY;ROLLO DE COCINA;LAGO PUELO;PAPEL;83;;300;Bruno Centurion;AXUM;;SOFTYS;False;130934;0;Lista General;SIN SUB - A;42409;30-09-2026;509-LUCAS GODOY;SOFTYS;1;0,00000000;15042,56
5586;"REPUBLICA DE LA INDIA - (PERFUMERIA) 540";CLAYPOLE;2026-10-01;01-10-2026;30-09-2026;FAC-A0001-00342810;Venta;LAGOPUELO S.A;1504207;2,00;16149,94;19541,43;KARINA MABEL MARINI;;10,00 %;056;Ezequiel Ferreira;0563;PL BABYSEC ULTRASOFT XG 32/4;8074,97;3398;"";Otros;SIN SUB;13292,12;NAHUEL MONTOYA;897,22;$;2;SOFTYS ARGENTINA S.A;0,00000000;0,00;Contado;02-10-2026 09:39;;BABYSEC;Softy;;SOFTY;PAÒAL;LAGO PUELO;PAPEL;;;300;Bruno Centurion;AXUM;;SOFTYS;False;130934;0;Lista General;SIN SUB - A;42409;30-09-2026;509-LUCAS GODOY;SOFTYS;1;0,00000000;8074,97
5586;"REPUBLICA DE LA INDIA - (PERFUMERIA) 540";CLAYPOLE;2026-10-01;01-10-2026;30-09-2026;FAC-A0001-00342810;Venta;LAGOPUELO S.A;1504208;2,00;16149,94;19541,43;KARINA MABEL MARINI;;10,00 %;056;Ezequiel Ferreira;0563;BABYSEC ULTSOFT XX6 30/4;8074,97;3398;"";Otros;SIN SUB;13292,12;NAHUEL MONTOYA;897,22;$;2;SOFTYS ARGENTINA S.A;0,00000000;0,00;Contado;02-10-2026 09:39;;BABYSEC;Softy;;SOFTY;PAÒAL;LAGO PUELO;PAPEL;;;300;Bruno Centurion;AXUM;;SOFTYS;False;130934;0;Lista General;SIN SUB - A;42409;30-09-2026;509-LUCAS GODOY;SOFTYS;1;0,00000000;8074,97
23137;"A ALSINA 4276";CLAYPOLE;2026-10-01;01-10-2026;30-09-2026;FAC-A0001-00342811;Venta;LAGOPUELO S.A;1509764;1,00;0,00;0,00;YANG BIN;;100,00 %;061;Nailah Guzman;0613;TF NORMAL T/SUAVE EXT ALGODON 8x54;0,00;3398;"";AUTOSERVICIO;Autoservicio B;541,05;NAHUEL MONTOYA;784,52;$;2;SOFTYS ARGENTINA S.A;0,00000000;0,00;Contado;02-10-2026 09:39;;LADYSOFT;Softy;;SOFTY;TOALLA FEMENINA;LAGO PUELO;PAPEL;65;;300;Bruno Centurion;AXUM;;SOFTYS;False;131088;0;Lista General;Autoservicio B - A;42411;30-09-2026;509-LUCAS GODOY;SOFTYS;1;0,00000000;0,00
23137;"A ALSINA 4276";CLAYPOLE;2026-10-01;01-10-2026;30-09-2026;FAC-A0001-00342811;Venta;LAGOPUELO S.A;1509764;12,00;9414,24;11391,23;YANG BIN;;0,00 %;061;Nailah Guzman;0613;TF NORMAL T/SUAVE EXT ALGODON 8x54;784,52;3398;"";AUTOSERVICIO;Autoservicio B;6492,60;NAHUEL MONTOYA;0,00;$;2;SOFTYS ARGENTINA S.A;0,00000000;0,00;Contado;02-10-2026 09:39;;LADYSOFT;Softy;;SOFTY;TOALLA FEMENINA;LAGO PUELO;PAPEL;;;300;Bruno Centurion;AXUM;;SOFTYS;False;131088;0;Lista General;Autoservicio B - A;42411;30-09-2026;509-LUCAS GODOY;SOFTYS;1;0,00000000;784,52
23137;"A ALSINA 4276";CLAYPOLE;2026-10-01;01-10-2026;30-09-2026;FAC-A0001-00342811;Venta;LAGOPUELO S.A;1509759;6,00;12057,54;14589,62;YANG BIN;;0,00 %;061;Nailah Guzman;0613;TF UD T/SUAVE EXT ALG 16x20;2009,59;3398;"";AUTOSERVICIO;Autoservicio B;8315,58;NAHUEL MONTOYA;0,00;$;2;SOFTYS ARGENTINA S.A;0,00000000;0,00;Contado;02-10-2026 09:39;;LADYSOFT;Softy;;SOFTY;TOALLA FEMENINA;LAGO PUELO;PAPEL;;;300;Bruno Centurion;AXUM;;SOFTYS;False;131088;0;Lista General;Autoservicio B - A;42411;30-09-2026;509-LUCAS GODOY;SOFTYS;1;0,00000000;2009,59
23137;"A ALSINA 4276";CLAYPOLE;2026-10-01;01-10-2026;30-09-2026;FAC-A0001-00342811;Venta;LAGOPUELO S.A;1505434;9,00;12192,39;14752,79;YANG BIN;;0,00 %;061;Nailah Guzman;0613;PO FACIALES ELITE BOX SOFT TOUCH x90;1354,71;3398;"";AUTOSERVICIO;Autoservicio B;8408,52;NAHUEL MONTOYA;0,00;$;2;SOFTYS ARGENTINA S.A;0,00000000;0,00;Contado;02-10-2026 09:39;;ELITE;Softy;;SOFTY;PAÒUELOS;LAGO PUELO;PAPEL;;;300;Bruno Centurion;AXUM;;SOFTYS;False;131088;0;Lista General;Autoservicio B - A;42411;30-09-2026;509-LUCAS GODOY;SOFTYS;1;0,00000000;1354,71
25068;"Falucho - (TRADICIONAL) 4466";RAFAEL CALZADA;2026-10-01;01-10-2026;30-09-2026;FAC-A0001-00342814;Venta;LAGOPUELO S.A;1504279;12,00;118696,10;143622,29;MAXIMO BERNABE ZAPATA;;10,00 %;056;Ezequiel Ferreira;0563;PL BABYSEC PREM SOFT Mx48/4;9891,34;3398;"";AUTOSERVICIO;Autoservicio A;97692,24;NAHUEL MONTOYA;1099,04;$;2;SOFTYS ARGENTINA S.A;0,00000000;0,00;Contado;02-10-2026 09:39;;BABYSEC;Softy;;SOFTY;PAÒAL;LAGO PUELO;PAPEL;;;300;Bruno Centurion;AXUM;;SOFTYS;False;131106;0;Lista General;Autoservicio A - A;42414;30-09-2026;509-LUCAS GODOY;SOFTYS;1;0,00000000;9891,34
25068;"Falucho - (TRADICIONAL) 4466";RAFAEL CALZADA;2026-10-01;01-10-2026;30-09-2026;FAC-A0001-00342814;Venta;LAGOPUELO S.A;1504282;1,00;9891,34;11968,52;MAXIMO BERNABE ZAPATA;;10,00 %;056;Ezequiel Ferreira;0563;PL BABYSEC PREMIUM SOFT Gx 40/4;9891,34;3398;"";AUTOSERVICIO;Autoservicio A;8141,02;NAHUEL MONTOYA;1099,04;$;2;SOFTYS ARGENTINA S.A;0,00000000;0,00;Contado;02-10-2026 09:39;;BABYSEC;Softy;;SOFTY;PAÒAL;LAGO PUELO;PAPEL;;;300;Bruno Centurion;AXUM;;SOFTYS;False;131106;0;Lista General;Autoservicio A - A;42414;30-09-2026;509-LUCAS GODOY;SOFTYS;1;0,00000000;9891,34
25068;"Falucho - (TRADICIONAL) 4466";RAFAEL CALZADA;2026-10-01;01-10-2026;30-09-2026;FAC-A0001-00342814;Venta;LAGOPUELO S.A;1504290;30,00;77185,17;93394,06;MAXIMO BERNABE ZAPATA;;10,00 %;056;Ezequiel Ferreira;0563;PL BABYSEC PREMIUM SOFT XXG X8/15;2572,84;3398;"";AUTOSERVICIO;Autoservicio A;63526,80;NAHUEL MONTOYA;285,87;$;2;SOFTYS ARGENTINA S.A;0,00000000;0,00;Contado;02-10-2026 09:39;;BABYSEC;Softy;;SOFTY;PAÒAL;LAGO PUELO;PAPEL;;;300;Bruno Centurion;AXUM;;SOFTYS;False;131106;0;Lista General;Autoservicio A - A;42414;30-09-2026;509-LUCAS GODOY;SOFTYS;1;0,00000000;2572,84
25068;"Falucho - (TRADICIONAL) 4466";RAFAEL CALZADA;2026-10-01;01-10-2026;30-09-2026;FAC-A0001-00342814;Venta;LAGOPUELO S.A;1503131;40,00;82515,20;99843,39;MAXIMO BERNABE ZAPATA;;0,00 %;056;Ezequiel Ferreira;0563;TH BABYSEC PREMIUM X45/10;2062,88;3398;"";AUTOSERVICIO;Autoservicio A;56907,20;NAHUEL MONTOYA;0,00;$;2;SOFTYS ARGENTINA S.A;0,00000000;0,00;Contado;02-10-2026 09:39;;BABYSEC;Softy;;SOFTY;TOALLA HUMEDA;LAGO PUELO;PAPEL;;;300;Bruno Centurion;AXUM;;SOFTYS;False;131106;0;Lista General;Autoservicio A - A;42414;30-09-2026;509-LUCAS GODOY;SOFTYS;1;0,00000000;2062,88
22957;"FALUCHO 5416";Almirante Brown;2026-10-01;01-10-2026;30-09-2026;FAC-A0001-00342815;Venta;LAGOPUELO S.A;1509764;1,00;0,00;0,00;CORRADO DANIEL;;100,00 %;056;Ezequiel Ferreira;0563;TF NORMAL T/SUAVE EXT ALGODON 8x54;0,00;3398;"";ALMACEN;ALMACEN;541,05;NAHUEL MONTOYA;784,52;$;2;SOFTYS ARGENTINA S.A;0,00000000;0,00;Contado;02-10-2026 09:39;;LADYSOFT;Softy;;SOFTY;TOALLA FEMENINA;LAGO PUELO;PAPEL;65;;300;Bruno Centurion;AXUM;;SOFTYS;False;131141;0;Lista General;ALMACEN - C;42415;30-09-2026;509-LUCAS GODOY;SOFTYS;1;0,00000000;0,00
22957;"FALUCHO 5416";Almirante Brown;2026-10-01;01-10-2026;30-09-2026;FAC-A0001-00342815;Venta;LAGOPUELO S.A;1509764;12,00;9414,24;11391,23;CORRADO DANIEL;;0,00 %;056;Ezequiel Ferreira;0563;TF NORMAL T/SUAVE EXT ALGODON 8x54;784,52;3398;"";ALMACEN;ALMACEN;6492,60;NAHUEL MONTOYA;0,00;$;2;SOFTYS ARGENTINA S.A;0,00000000;0,00;Contado;02-10-2026 09:39;;LADYSOFT;Softy;;SOFTY;TOALLA FEMENINA;LAGO PUELO;PAPEL;;;300;Bruno Centurion;AXUM;;SOFTYS;False;131141;0;Lista General;ALMACEN - C;42415;30-09-2026;509-LUCAS GODOY;SOFTYS;1;0,00000000;784,52
22957;"FALUCHO 5416";Almirante Brown;2026-10-01;01-10-2026;30-09-2026;FAC-A0001-00342815;Venta;LAGOPUELO S.A;1509761;12,00;8829,00;10683,09;CORRADO DANIEL;;0,00 %;056;Ezequiel Ferreira;0563;TF LADYSOFT COMFORT EXT ALGODON 8x54;735,75;3398;"";ALMACEN;ALMACEN;6088,92;NAHUEL MONTOYA;0,00;$;2;SOFTYS ARGENTINA S.A;0,00000000;0,00;Contado;02-10-2026 09:39;;LADYSOFT;Softy;;SOFTY;TOALLA FEMENINA;LAGO PUELO;PAPEL;;;300;Bruno Centurion;AXUM;;SOFTYS;False;131141;0;Lista General;ALMACEN - C;42415;30-09-2026;509-LUCAS GODOY;SOFTYS;1;0,00000000;735,75
23130;"Adolfo Alsina - (AUTOSERVICIOS) 3751";RAFAEL CALZADA;2026-10-01;01-10-2026;30-09-2026;FAC-A0001-00342817;Venta;LAGOPUELO S.A;1509756;20,00;44012,80;53255,49;Weng meiying;;0,00 %;061;Nailah Guzman;0613;TF UD T/SECA LADYSOFT UL PRT 16u;2200,64;3398;"";AUTOSERVICIO;Autoservicio A;30353,60;NAHUEL MONTOYA;0,00;$;2;SOFTYS ARGENTINA S.A;0,00000000;0,00;Contado;02-10-2026 09:39;;LADYSOFT;Softy;;SOFTY;TOALLA FEMENINA;LAGO PUELO;PAPEL;;;300;Bruno Centurion;AXUM;;SOFTYS;False;131182;0;Lista General;Autoservicio A - A;42418;30-09-2026;509-LUCAS GODOY;SOFTYS;1;0,00000000;2200,64
22958;"El Picaflor - (AUTOSERVICIOS) 3150";ALTE BROWN;2026-10-01;01-10-2026;30-09-2026;FAC-A0001-00342819;Venta;LAGOPUELO S.A;1504079;15,00;30187,49;36526,86;WENG YAN HONG;;10,00 %;056;Ezequiel Ferreira;0563;PL BABYSEC ULTRASOFT XXG 8/15;2012,50;3398;"";AUTOSERVICIO;Autoservicio A;24845,70;NAHUEL MONTOYA;223,61;$;2;SOFTYS ARGENTINA S.A;0,00000000;0,00;Contado;02-10-2026 09:39;;BABYSEC;Softy;;SOFTY;PAÒAL;LAGO PUELO;PAPEL;;;300;Bruno Centurion;AXUM;;SOFTYS;False;131185;0;Lista General;Autoservicio A - A;42420;30-09-2026;509-LUCAS GODOY;SOFTYS;1;0,00000000;2012,50
22958;"El Picaflor - (AUTOSERVICIOS) 3150";ALTE BROWN;2026-10-01;01-10-2026;30-09-2026;FAC-A0001-00342819;Venta;LAGOPUELO S.A;1503131;10,00;20628,80;24960,85;WENG YAN HONG;;0,00 %;056;Ezequiel Ferreira;0563;TH BABYSEC PREMIUM X45/10;2062,88;3398;"";AUTOSERVICIO;Autoservicio A;14226,80;NAHUEL MONTOYA;0,00;$;2;SOFTYS ARGENTINA S.A;0,00000000;0,00;Contado;02-10-2026 09:39;;BABYSEC;Softy;;SOFTY;TOALLA HUMEDA;LAGO PUELO;PAPEL;;;300;Bruno Centurion;AXUM;;SOFTYS;False;131185;0;Lista General;Autoservicio A - A;42420;30-09-2026;509-LUCAS GODOY;SOFTYS;1;0,00000000;2062,88
22958;"El Picaflor - (AUTOSERVICIOS) 3150";ALTE BROWN;2026-10-01;01-10-2026;30-09-2026;FAC-A0001-00342819;Venta;LAGOPUELO S.A;1509765;27,00;41533,56;50255,61;WENG YAN HONG;;0,00 %;056;Ezequiel Ferreira;0563;TF NORMALT/SUAVE EXT ALG 16x27;1538,28;3398;"";AUTOSERVICIO;Autoservicio A;28643,76;NAHUEL MONTOYA;0,00;$;2;SOFTYS ARGENTINA S.A;0,00000000;0,00;Contado;02-10-2026 09:39;;LADYSOFT;Softy;;SOFTY;TOALLA FEMENINA;LAGO PUELO;PAPEL;;;300;Bruno Centurion;AXUM;;SOFTYS;False;131185;0;Lista General;Autoservicio A - A;42420;30-09-2026;509-LUCAS GODOY;SOFTYS;1;0,00000000;1538,28
22958;"El Picaflor - (AUTOSERVICIOS) 3150";ALTE BROWN;2026-10-01;01-10-2026;30-09-2026;FAC-A0001-00342819;Venta;LAGOPUELO S.A;1509757;15,00;47160,00;57063,60;WENG YAN HONG;;0,00 %;056;Ezequiel Ferreira;0563;TF UD T/SECA LADYSOFT UL PTEC 24u;3144,00;3398;"";AUTOSERVICIO;Autoservicio A;32524,05;NAHUEL MONTOYA;0,00;$;2;SOFTYS ARGENTINA S.A;0,00000000;0,00;Contado;02-10-2026 09:39;;LADYSOFT;Softy;;SOFTY;TOALLA FEMENINA;LAGO PUELO;PAPEL;;;300;Bruno Centurion;AXUM;;SOFTYS;False;131185;0;Lista General;Autoservicio A - A;42420;30-09-2026;509-LUCAS GODOY;SOFTYS;1;0,00000000;3144,00
22958;"El Picaflor - (AUTOSERVICIOS) 3150";ALTE BROWN;2026-10-01;01-10-2026;30-09-2026;FAC-A0001-00342819;Venta;LAGOPUELO S.A;1509755;40,00;45242,00;54742,82;WENG YAN HONG;;0,00 %;056;Ezequiel Ferreira;0563;TF UD T/SECA LADYSOFT ULTRA PROTECT 8;1131,05;3398;"";AUTOSERVICIO;Autoservicio A;31201,60;NAHUEL MONTOYA;0,00;$;2;SOFTYS ARGENTINA S.A;0,00000000;0,00;Contado;02-10-2026 09:39;;LADYSOFT;Softy;;SOFTY;TOALLA FEMENINA;LAGO PUELO;PAPEL;;;300;Bruno Centurion;AXUM;;SOFTYS;False;131185;0;Lista General;Autoservicio A - A;42420;30-09-2026;509-LUCAS GODOY;SOFTYS;1;0,00000000;1131,05
22958;"El Picaflor - (AUTOSERVICIOS) 3150";ALTE BROWN;2026-10-01;01-10-2026;30-09-2026;FAC-A0001-00342819;Venta;LAGOPUELO S.A;1509756;20,00;44012,80;53255,49;WENG YAN HONG;;0,00 %;056;Ezequiel Ferreira;0563;TF UD T/SECA LADYSOFT UL PRT 16u;2200,64;3398;"";AUTOSERVICIO;Autoservicio A;30353,60;NAHUEL MONTOYA;0,00;$;2;SOFTYS ARGENTINA S.A;0,00000000;0,00;Contado;02-10-2026 09:39;;LADYSOFT;Softy;;SOFTY;TOALLA FEMENINA;LAGO PUELO;PAPEL;;;300;Bruno Centurion;AXUM;;SOFTYS;False;131185;0;Lista General;Autoservicio A - A;42420;30-09-2026;509-LUCAS GODOY;SOFTYS;1;0,00000000;2200,64
22958;"El Picaflor - (AUTOSERVICIOS) 3150";ALTE BROWN;2026-10-01;01-10-2026;30-09-2026;FAC-A0001-00342819;Venta;LAGOPUELO S.A;1509766;54,00;45780,12;55393,95;WENG YAN HONG;;0,00 %;056;Ezequiel Ferreira;0563;TF T/SECA NORMAL MAS PROTECC 8x54;847,78;3398;"";AUTOSERVICIO;Autoservicio A;31572,72;NAHUEL MONTOYA;0,00;$;2;SOFTYS ARGENTINA S.A;0,00000000;0,00;Contado;02-10-2026 09:39;;LADYSOFT;Softy;;SOFTY;TOALLA FEMENINA;LAGO PUELO;PAPEL;;;300;Bruno Centurion;AXUM;;SOFTYS;False;131185;0;Lista General;Autoservicio A - A;42420;30-09-2026;509-LUCAS GODOY;SOFTYS;1;0,00000000;847,78
25068;"Falucho - (TRADICIONAL) 4466";RAFAEL CALZADA;2026-10-01;01-10-2026;30-09-2026;FAC-A0001-00342821;Venta;LAGOPUELO S.A;1504289;40,00;395653,68;478740,95;MAXIMO BERNABE ZAPATA;;10,00 %;056;Ezequiel Ferreira;0563;PLBABYSEC PREM SOFTXXG x30/4;9891,34;3398;"";AUTOSERVICIO;Autoservicio A;325640,80;NAHUEL MONTOYA;1099,04;$;2;SOFTYS ARGENTINA S.A;0,00000000;0,00;Contado;02-10-2026 09:39;;BABYSEC;Softy;;SOFTY;PAÒAL;LAGO PUELO;PAPEL;;;300;Bruno Centurion;AXUM;;SOFTYS;False;131196;0;Lista General;Autoservicio A - A;42422;30-09-2026;509-LUCAS GODOY;SOFTYS;1;0,00000000;9891,34
3850;"JULIAN AG√≈ìERO - (AUTOSERVICIOS) 2485";RAFAEL CALZADA;2026-10-01;01-10-2026;30-09-2026;FAC-A0001-00342822;Venta;LAGOPUELO S.A;1509765;15,00;23074,20;27919,78;Chen xuefeng;;0,00 %;061;Nailah Guzman;0613;TF NORMALT/SUAVE EXT ALG 16x27;1538,28;3398;"";AUTOSERVICIO;Autoservicio A;15913,20;NAHUEL MONTOYA;0,00;$;2;SOFTYS ARGENTINA S.A;0,00000000;0,00;Contado;02-10-2026 09:39;;LADYSOFT;Softy;;SOFTY;TOALLA FEMENINA;LAGO PUELO;PAPEL;;;300;Bruno Centurion;AXUM;;SOFTYS;False;131245;0;Lista General;Autoservicio A - A;42424;30-09-2026;509-LUCAS GODOY;SOFTYS;1;0,00000000;1538,28
3850;"JULIAN AG√≈ìERO - (AUTOSERVICIOS) 2485";RAFAEL CALZADA;2026-10-01;01-10-2026;30-09-2026;FAC-A0001-00342822;Venta;LAGOPUELO S.A;1504208;4,00;32299,88;39082,86;Chen xuefeng;;10,00 %;061;Nailah Guzman;0613;BABYSEC ULTSOFT XX6 30/4;8074,97;3398;"";AUTOSERVICIO;Autoservicio A;26584,24;NAHUEL MONTOYA;897,22;$;2;SOFTYS ARGENTINA S.A;0,00000000;0,00;Contado;02-10-2026 09:39;;BABYSEC;Softy;;SOFTY;PAÒAL;LAGO PUELO;PAPEL;;;300;Bruno Centurion;AXUM;;SOFTYS;False;131245;0;Lista General;Autoservicio A - A;42424;30-09-2026;509-LUCAS GODOY;SOFTYS;1;0,00000000;8074,97
3850;"JULIAN AG√≈ìERO - (AUTOSERVICIOS) 2485";RAFAEL CALZADA;2026-10-01;01-10-2026;30-09-2026;FAC-A0001-00342822;Venta;LAGOPUELO S.A;1504206;4,00;32299,88;39082,86;Chen xuefeng;;10,00 %;061;Nailah Guzman;0613;PL BABYSEC ULTRASOFT G 40/4;8074,97;3398;"";AUTOSERVICIO;Autoservicio A;26584,24;NAHUEL MONTOYA;897,22;$;2;SOFTYS ARGENTINA S.A;0,00000000;0,00;Contado;02-10-2026 09:39;;BABYSEC;Softy;;SOFTY;PAÒAL;LAGO PUELO;PAPEL;;;300;Bruno Centurion;AXUM;;SOFTYS;False;131245;0;Lista General;Autoservicio A - A;42424;30-09-2026;509-LUCAS GODOY;SOFTYS;1;0,00000000;8074,97
3850;"JULIAN AG√≈ìERO - (AUTOSERVICIOS) 2485";RAFAEL CALZADA;2026-10-01;01-10-2026;30-09-2026;FAC-A0001-00342822;Venta;LAGOPUELO S.A;1504289;4,00;39565,37;47874,10;Chen xuefeng;;10,00 %;061;Nailah Guzman;0613;PLBABYSEC PREM SOFTXXG x30/4;9891,34;3398;"";AUTOSERVICIO;Autoservicio A;32564,08;NAHUEL MONTOYA;1099,04;$;2;SOFTYS ARGENTINA S.A;0,00000000;0,00;Contado;02-10-2026 09:39;;BABYSEC;Softy;;SOFTY;PAÒAL;LAGO PUELO;PAPEL;;;300;Bruno Centurion;AXUM;;SOFTYS;False;131245;0;Lista General;Autoservicio A - A;42424;30-09-2026;509-LUCAS GODOY;SOFTYS;1;0,00000000;9891,34
23833;"SALABERRY - (AUTOSERVICIOS) 123";CLAYPOLE;2026-10-01;01-10-2026;30-09-2026;FAC-A0001-00342826;Venta;LAGOPUELO S.A;1509755;20,00;22621,00;27371,41;DAI LIHUI;;0,00 %;056;Ezequiel Ferreira;0563;TF UD T/SECA LADYSOFT ULTRA PROTECT 8;1131,05;3398;"";AUTOSERVICIO;Autoservicio A;15600,80;NAHUEL MONTOYA;0,00;$;2;SOFTYS ARGENTINA S.A;0,00000000;0,00;Contado;02-10-2026 09:39;;LADYSOFT;Softy;;SOFTY;TOALLA FEMENINA;LAGO PUELO;PAPEL;;;300;Bruno Centurion;AXUM;;SOFTYS;False;131260;0;Lista General;Autoservicio A - A;42428;30-09-2026;509-LUCAS GODOY;SOFTYS;1;0,00000000;1131,05
23833;"SALABERRY - (AUTOSERVICIOS) 123";CLAYPOLE;2026-10-01;01-10-2026;30-09-2026;FAC-A0001-00342826;Venta;LAGOPUELO S.A;1509766;20,00;16955,60;20516,28;DAI LIHUI;;0,00 %;056;Ezequiel Ferreira;0563;TF T/SECA NORMAL MAS PROTECC 8x54;847,78;3398;"";AUTOSERVICIO;Autoservicio A;11693,60;NAHUEL MONTOYA;0,00;$;2;SOFTYS ARGENTINA S.A;0,00000000;0,00;Contado;02-10-2026 09:39;;LADYSOFT;Softy;;SOFTY;TOALLA FEMENINA;LAGO PUELO;PAPEL;;;300;Bruno Centurion;AXUM;;SOFTYS;False;131260;0;Lista General;Autoservicio A - A;42428;30-09-2026;509-LUCAS GODOY;SOFTYS;1;0,00000000;847,78
23833;"SALABERRY - (AUTOSERVICIOS) 123";CLAYPOLE;2026-10-01;01-10-2026;30-09-2026;FAC-A0001-00342826;Venta;LAGOPUELO S.A;1509761;20,00;14715,00;17805,15;DAI LIHUI;;0,00 %;056;Ezequiel Ferreira;0563;TF LADYSOFT COMFORT EXT ALGODON 8x54;735,75;3398;"";AUTOSERVICIO;Autoservicio A;10148,20;NAHUEL MONTOYA;0,00;$;2;SOFTYS ARGENTINA S.A;0,00000000;0,00;Contado;02-10-2026 09:39;;LADYSOFT;Softy;;SOFTY;TOALLA FEMENINA;LAGO PUELO;PAPEL;;;300;Bruno Centurion;AXUM;;SOFTYS;False;131260;0;Lista General;Autoservicio A - A;42428;30-09-2026;509-LUCAS GODOY;SOFTYS;1;0,00000000;735,75
22944;"Domingo Salaberry - (AUTOSERVICIOS) 215";ALTE BROWN;2026-10-01;01-10-2026;30-09-2026;FAC-A0001-00342828;Venta;LAGOPUELO S.A;1509768;12,00;10821,72;13094,28;LIN WENBING;;0,00 %;056;Ezequiel Ferreira;0563;TF NORMAL T/SUAVE PIEL SENSIBLE 8x54;901,81;3398;"";AUTOSERVICIO;Autoservicio B;7463,28;NAHUEL MONTOYA;0,00;$;2;SOFTYS ARGENTINA S.A;0,00000000;0,00;Contado;02-10-2026 09:39;;LADYSOFT;Softy;;SOFTY;TOALLA FEMENINA;LAGO PUELO;PAPEL;;;300;Bruno Centurion;AXUM;;SOFTYS;False;131280;0;Lista General;Autoservicio B - A;42430;30-09-2026;509-LUCAS GODOY;SOFTYS;1;0,00000000;901,81
22944;"Domingo Salaberry - (AUTOSERVICIOS) 215";ALTE BROWN;2026-10-01;01-10-2026;30-09-2026;FAC-A0001-00342828;Venta;LAGOPUELO S.A;1509762;16,00;17846,56;21594,34;LIN WENBING;;0,00 %;056;Ezequiel Ferreira;0563;TF NOCTUR EXT A 8x32;1115,41;3398;"";AUTOSERVICIO;Autoservicio B;12308,00;NAHUEL MONTOYA;0,00;$;2;SOFTYS ARGENTINA S.A;0,00000000;0,00;Contado;02-10-2026 09:39;;LADYSOFT;Softy;;SOFTY;TOALLA FEMENINA;LAGO PUELO;PAPEL;;;300;Bruno Centurion;AXUM;;SOFTYS;False;131280;0;Lista General;Autoservicio B - A;42430;30-09-2026;509-LUCAS GODOY;SOFTYS;1;0,00000000;1115,41
22944;"Domingo Salaberry - (AUTOSERVICIOS) 215";ALTE BROWN;2026-10-01;01-10-2026;30-09-2026;FAC-A0001-00342828;Venta;LAGOPUELO S.A;1509758;20,00;21026,20;25441,70;LIN WENBING;;0,00 %;056;Ezequiel Ferreira;0563;TF UD T/SUAVE EXT ALGO 8X40;1051,31;3398;"";AUTOSERVICIO;Autoservicio B;14500,80;NAHUEL MONTOYA;0,00;$;2;SOFTYS ARGENTINA S.A;0,00000000;0,00;Contado;02-10-2026 09:39;;LADYSOFT;Softy;;SOFTY;TOALLA FEMENINA;LAGO PUELO;PAPEL;;;300;Bruno Centurion;AXUM;;SOFTYS;False;131280;0;Lista General;Autoservicio B - A;42430;30-09-2026;509-LUCAS GODOY;SOFTYS;1;0,00000000;1051,31
22944;"Domingo Salaberry - (AUTOSERVICIOS) 215";ALTE BROWN;2026-10-01;01-10-2026;30-09-2026;FAC-A0001-00342828;Venta;LAGOPUELO S.A;1509755;20,00;22621,00;27371,41;LIN WENBING;;0,00 %;056;Ezequiel Ferreira;0563;TF UD T/SECA LADYSOFT ULTRA PROTECT 8;1131,05;3398;"";AUTOSERVICIO;Autoservicio B;15600,80;NAHUEL MONTOYA;0,00;$;2;SOFTYS ARGENTINA S.A;0,00000000;0,00;Contado;02-10-2026 09:39;;LADYSOFT;Softy;;SOFTY;TOALLA FEMENINA;LAGO PUELO;PAPEL;;;300;Bruno Centurion;AXUM;;SOFTYS;False;131280;0;Lista General;Autoservicio B - A;42430;30-09-2026;509-LUCAS GODOY;SOFTYS;1;0,00000000;1131,05
22944;"Domingo Salaberry - (AUTOSERVICIOS) 215";ALTE BROWN;2026-10-01;01-10-2026;30-09-2026;FAC-A0001-00342828;Venta;LAGOPUELO S.A;1509749;20,00;24743,20;29939,27;LIN WENBING;;0,00 %;056;Ezequiel Ferreira;0563;PD ladysoft clasicos 20x30;1237,16;3398;"";AUTOSERVICIO;Autoservicio B;17064,20;NAHUEL MONTOYA;0,00;$;2;SOFTYS ARGENTINA S.A;0,00000000;0,00;Contado;02-10-2026 09:39;;LADYSOFT;Softy;;SOFTY;PROTECTOR DIARIO;LAGO PUELO;PAPEL;;;300;Bruno Centurion;AXUM;;SOFTYS;False;131280;0;Lista General;Autoservicio B - A;42430;30-09-2026;509-LUCAS GODOY;SOFTYS;1;0,00000000;1237,16
22944;"Domingo Salaberry - (AUTOSERVICIOS) 215";ALTE BROWN;2026-10-01;01-10-2026;30-09-2026;FAC-A0001-00342828;Venta;LAGOPUELO S.A;1509756;16,00;35210,24;42604,39;LIN WENBING;;0,00 %;056;Ezequiel Ferreira;0563;TF UD T/SECA LADYSOFT UL PRT 16u;2200,64;3398;"";AUTOSERVICIO;Autoservicio B;24282,88;NAHUEL MONTOYA;0,00;$;2;SOFTYS ARGENTINA S.A;0,00000000;0,00;Contado;02-10-2026 09:39;;LADYSOFT;Softy;;SOFTY;TOALLA FEMENINA;LAGO PUELO;PAPEL;;;300;Bruno Centurion;AXUM;;SOFTYS;False;131280;0;Lista General;Autoservicio B - A;42430;30-09-2026;509-LUCAS GODOY;SOFTYS;1;0,00000000;2200,64
22944;"Domingo Salaberry - (AUTOSERVICIOS) 215";ALTE BROWN;2026-10-01;01-10-2026;30-09-2026;FAC-A0001-00342828;Venta;LAGOPUELO S.A;1509763;16,00;34512,48;41760,10;LIN WENBING;;0,00 %;056;Ezequiel Ferreira;0563;TF Nocturna EXT ALGODON 16X16;2157,03;3398;"";AUTOSERVICIO;Autoservicio B;23801,60;NAHUEL MONTOYA;0,00;$;2;SOFTYS ARGENTINA S.A;0,00000000;0,00;Contado;02-10-2026 09:39;;LADYSOFT;Softy;;SOFTY;TOALLA FEMENINA;LAGO PUELO;PAPEL;;;300;Bruno Centurion;AXUM;;SOFTYS;False;131280;0;Lista General;Autoservicio B - A;42430;30-09-2026;509-LUCAS GODOY;SOFTYS;1;0,00000000;2157,03
22944;"Domingo Salaberry - (AUTOSERVICIOS) 215";ALTE BROWN;2026-10-01;01-10-2026;30-09-2026;FAC-A0001-00342828;Venta;LAGOPUELO S.A;1509766;12,00;10173,36;12309,77;LIN WENBING;;0,00 %;056;Ezequiel Ferreira;0563;TF T/SECA NORMAL MAS PROTECC 8x54;847,78;3398;"";AUTOSERVICIO;Autoservicio B;7016,16;NAHUEL MONTOYA;0,00;$;2;SOFTYS ARGENTINA S.A;0,00000000;0,00;Contado;02-10-2026 09:39;;LADYSOFT;Softy;;SOFTY;TOALLA FEMENINA;LAGO PUELO;PAPEL;;;300;Bruno Centurion;AXUM;;SOFTYS;False;131280;0;Lista General;Autoservicio B - A;42430;30-09-2026;509-LUCAS GODOY;SOFTYS;1;0,00000000;847,78
23142;"Falucho - (AUTOSERVICIOS) 3035";RAFAEL CALZADA;2026-10-01;01-10-2026;30-09-2026;FAC-A0001-00342829;Venta;LAGOPUELO S.A;1509768;10,00;9018,10;10911,90;WENG XIUYU;;0,00 %;061;Nailah Guzman;0613;TF NORMAL T/SUAVE PIEL SENSIBLE 8x54;901,81;3398;"";AUTOSERVICIO;Autoservicio A;6219,40;NAHUEL MONTOYA;0,00;$;2;SOFTYS ARGENTINA S.A;0,00000000;0,00;Contado;02-10-2026 09:39;;LADYSOFT;Softy;;SOFTY;TOALLA FEMENINA;LAGO PUELO;PAPEL;;;300;Bruno Centurion;AXUM;;SOFTYS;False;131285;0;Lista General;Autoservicio A - A;42431;30-09-2026;509-LUCAS GODOY;SOFTYS;1;0,00000000;901,81
23142;"Falucho - (AUTOSERVICIOS) 3035";RAFAEL CALZADA;2026-10-01;01-10-2026;30-09-2026;FAC-A0001-00342829;Venta;LAGOPUELO S.A;1509755;10,00;11310,50;13685,71;WENG XIUYU;;0,00 %;061;Nailah Guzman;0613;TF UD T/SECA LADYSOFT ULTRA PROTECT 8;1131,05;3398;"";AUTOSERVICIO;Autoservicio A;7800,40;NAHUEL MONTOYA;0,00;$;2;SOFTYS ARGENTINA S.A;0,00000000;0,00;Contado;02-10-2026 09:39;;LADYSOFT;Softy;;SOFTY;TOALLA FEMENINA;LAGO PUELO;PAPEL;;;300;Bruno Centurion;AXUM;;SOFTYS;False;131285;0;Lista General;Autoservicio A - A;42431;30-09-2026;509-LUCAS GODOY;SOFTYS;1;0,00000000;1131,05
23142;"Falucho - (AUTOSERVICIOS) 3035";RAFAEL CALZADA;2026-10-01;01-10-2026;30-09-2026;FAC-A0001-00342829;Venta;LAGOPUELO S.A;1504289;20,00;197826,84;239370,48;WENG XIUYU;;10,00 %;061;Nailah Guzman;0613;PLBABYSEC PREM SOFTXXG x30/4;9891,34;3398;"";AUTOSERVICIO;Autoservicio A;162820,40;NAHUEL MONTOYA;1099,04;$;2;SOFTYS ARGENTINA S.A;0,00000000;0,00;Contado;02-10-2026 09:39;;BABYSEC;Softy;;SOFTY;PAÒAL;LAGO PUELO;PAPEL;;;300;Bruno Centurion;AXUM;;SOFTYS;False;131285;0;Lista General;Autoservicio A - A;42431;30-09-2026;509-LUCAS GODOY;SOFTYS;1;0,00000000;9891,34
25044;"CALLE 844 2660";SAN FRANCISCO SOLANO;2026-10-01;01-10-2026;30-09-2026;FAC-A0001-00342833;Venta;LAGOPUELO S.A;1509764;5,00;0,00;0,00;MELISA VICTORIA DI LUCA;;100,00 %;056;Ezequiel Ferreira;0563;TF NORMAL T/SUAVE EXT ALGODON 8x54;0,00;3398;"";Farmacias y PerfumerÌas;Perfumeria;2705,25;NAHUEL MONTOYA;784,52;$;2;SOFTYS ARGENTINA S.A;0,00000000;0,00;Contado;02-10-2026 09:39;;LADYSOFT;Softy;;SOFTY;TOALLA FEMENINA;LAGO PUELO;PAPEL;65;;300;Bruno Centurion;AXUM;;SOFTYS;False;131340;0;Lista General;Perfumeria - A;42437;30-09-2026;509-LUCAS GODOY;SOFTYS;1;0,00000000;0,00
25044;"CALLE 844 2660";SAN FRANCISCO SOLANO;2026-10-01;01-10-2026;30-09-2026;FAC-A0001-00342833;Venta;LAGOPUELO S.A;1509764;54,00;42364,08;51260,54;MELISA VICTORIA DI LUCA;;0,00 %;056;Ezequiel Ferreira;0563;TF NORMAL T/SUAVE EXT ALGODON 8x54;784,52;3398;"";Farmacias y PerfumerÌas;Perfumeria;29216,70;NAHUEL MONTOYA;0,00;$;2;SOFTYS ARGENTINA S.A;0,00000000;0,00;Contado;02-10-2026 09:39;;LADYSOFT;Softy;;SOFTY;TOALLA FEMENINA;LAGO PUELO;PAPEL;;;300;Bruno Centurion;AXUM;;SOFTYS;False;131340;0;Lista General;Perfumeria - A;42437;30-09-2026;509-LUCAS GODOY;SOFTYS;1;0,00000000;784,52
25044;"CALLE 844 2660";SAN FRANCISCO SOLANO;2026-10-01;01-10-2026;30-09-2026;FAC-A0001-00342833;Venta;LAGOPUELO S.A;1509765;27,00;41533,56;50255,61;MELISA VICTORIA DI LUCA;;0,00 %;056;Ezequiel Ferreira;0563;TF NORMALT/SUAVE EXT ALG 16x27;1538,28;3398;"";Farmacias y PerfumerÌas;Perfumeria;28643,76;NAHUEL MONTOYA;0,00;$;2;SOFTYS ARGENTINA S.A;0,00000000;0,00;Contado;02-10-2026 09:39;;LADYSOFT;Softy;;SOFTY;TOALLA FEMENINA;LAGO PUELO;PAPEL;;;300;Bruno Centurion;AXUM;;SOFTYS;False;131340;0;Lista General;Perfumeria - A;42437;30-09-2026;509-LUCAS GODOY;SOFTYS;1;0,00000000;1538,28
25044;"CALLE 844 2660";SAN FRANCISCO SOLANO;2026-10-01;01-10-2026;30-09-2026;FAC-A0001-00342833;Venta;LAGOPUELO S.A;1509762;32,00;35693,12;43188,68;MELISA VICTORIA DI LUCA;;0,00 %;056;Ezequiel Ferreira;0563;TF NOCTUR EXT A 8x32;1115,41;3398;"";Farmacias y PerfumerÌas;Perfumeria;24616,00;NAHUEL MONTOYA;0,00;$;2;SOFTYS ARGENTINA S.A;0,00000000;0,00;Contado;02-10-2026 09:39;;LADYSOFT;Softy;;SOFTY;TOALLA FEMENINA;LAGO PUELO;PAPEL;;;300;Bruno Centurion;AXUM;;SOFTYS;False;131340;0;Lista General;Perfumeria - A;42437;30-09-2026;509-LUCAS GODOY;SOFTYS;1;0,00000000;1115,41
25044;"CALLE 844 2660";SAN FRANCISCO SOLANO;2026-10-01;01-10-2026;30-09-2026;FAC-A0001-00342833;Venta;LAGOPUELO S.A;1505411;36,00;50360,76;60936,52;MELISA VICTORIA DI LUCA;;0,00 %;056;Ezequiel Ferreira;0563;P— ELITE FACIALES DISNEY x90/36;1398,91;3398;"";Farmacias y PerfumerÌas;Perfumeria;34731,72;NAHUEL MONTOYA;0,00;$;2;SOFTYS ARGENTINA S.A;0,00000000;0,00;Contado;02-10-2026 09:39;;ELITE;Softy;;SOFTY;PAÒUELOS;LAGO PUELO;PAPEL;;;300;Bruno Centurion;AXUM;;SOFTYS;False;131340;0;Lista General;Perfumeria - A;42437;30-09-2026;509-LUCAS GODOY;SOFTYS;1;0,00000000;1398,91
22947;"AV. LACAZE - (AUTOSERVICIOS) 6559";ALTE BROWN;2026-10-01;01-10-2026;30-09-2026;FAC-A0001-00342834;Venta;LAGOPUELO S.A;1509766;54,00;45780,12;55393,95;He Youting;;0,00 %;056;Ezequiel Ferreira;0563;TF T/SECA NORMAL MAS PROTECC 8x54;847,78;3398;"";AUTOSERVICIO;Autoservicio A;31572,72;NAHUEL MONTOYA;0,00;$;2;SOFTYS ARGENTINA S.A;0,00000000;0,00;Contado;02-10-2026 09:39;;LADYSOFT;Softy;;SOFTY;TOALLA FEMENINA;LAGO PUELO;PAPEL;;;300;Bruno Centurion;AXUM;;SOFTYS;False;131362;0;Lista General;Autoservicio A - A;42441;30-09-2026;509-LUCAS GODOY;SOFTYS;1;0,00000000;847,78
22947;"AV. LACAZE - (AUTOSERVICIOS) 6559";ALTE BROWN;2026-10-01;01-10-2026;30-09-2026;FAC-A0001-00342834;Venta;LAGOPUELO S.A;1509756;20,00;44012,80;53255,49;He Youting;;0,00 %;056;Ezequiel Ferreira;0563;TF UD T/SECA LADYSOFT UL PRT 16u;2200,64;3398;"";AUTOSERVICIO;Autoservicio A;30353,60;NAHUEL MONTOYA;0,00;$;2;SOFTYS ARGENTINA S.A;0,00000000;0,00;Contado;02-10-2026 09:39;;LADYSOFT;Softy;;SOFTY;TOALLA FEMENINA;LAGO PUELO;PAPEL;;;300;Bruno Centurion;AXUM;;SOFTYS;False;131362;0;Lista General;Autoservicio A - A;42441;30-09-2026;509-LUCAS GODOY;SOFTYS;1;0,00000000;2200,64
22947;"AV. LACAZE - (AUTOSERVICIOS) 6559";ALTE BROWN;2026-10-01;01-10-2026;30-09-2026;FAC-A0001-00342834;Venta;LAGOPUELO S.A;1509765;27,00;41533,56;50255,61;He Youting;;0,00 %;056;Ezequiel Ferreira;0563;TF NORMALT/SUAVE EXT ALG 16x27;1538,28;3398;"";AUTOSERVICIO;Autoservicio A;28643,76;NAHUEL MONTOYA;0,00;$;2;SOFTYS ARGENTINA S.A;0,00000000;0,00;Contado;02-10-2026 09:39;;LADYSOFT;Softy;;SOFTY;TOALLA FEMENINA;LAGO PUELO;PAPEL;;;300;Bruno Centurion;AXUM;;SOFTYS;False;131362;0;Lista General;Autoservicio A - A;42441;30-09-2026;509-LUCAS GODOY;SOFTYS;1;0,00000000;1538,28
22947;"AV. LACAZE - (AUTOSERVICIOS) 6559";ALTE BROWN;2026-10-01;01-10-2026;30-09-2026;FAC-A0001-00342834;Venta;LAGOPUELO S.A;1509762;32,00;35693,12;43188,68;He Youting;;0,00 %;056;Ezequiel Ferreira;0563;TF NOCTUR EXT A 8x32;1115,41;3398;"";AUTOSERVICIO;Autoservicio A;24616,00;NAHUEL MONTOYA;0,00;$;2;SOFTYS ARGENTINA S.A;0,00000000;0,00;Contado;02-10-2026 09:39;;LADYSOFT;Softy;;SOFTY;TOALLA FEMENINA;LAGO PUELO;PAPEL;;;300;Bruno Centurion;AXUM;;SOFTYS;False;131362;0;Lista General;Autoservicio A - A;42441;30-09-2026;509-LUCAS GODOY;SOFTYS;1;0,00000000;1115,41
22947;"AV. LACAZE - (AUTOSERVICIOS) 6559";ALTE BROWN;2026-10-01;01-10-2026;30-09-2026;FAC-A0001-00342834;Venta;LAGOPUELO S.A;1509763;16,00;34512,48;41760,10;He Youting;;0,00 %;056;Ezequiel Ferreira;0563;TF Nocturna EXT ALGODON 16X16;2157,03;3398;"";AUTOSERVICIO;Autoservicio A;23801,60;NAHUEL MONTOYA;0,00;$;2;SOFTYS ARGENTINA S.A;0,00000000;0,00;Contado;02-10-2026 09:39;;LADYSOFT;Softy;;SOFTY;TOALLA FEMENINA;LAGO PUELO;PAPEL;;;300;Bruno Centurion;AXUM;;SOFTYS;False;131362;0;Lista General;Autoservicio A - A;42441;30-09-2026;509-LUCAS GODOY;SOFTYS;1;0,00000000;2157,03
22947;"AV. LACAZE - (AUTOSERVICIOS) 6559";ALTE BROWN;2026-10-01;01-10-2026;30-09-2026;FAC-A0001-00342834;Venta;LAGOPUELO S.A;1509765;27,00;41533,56;50255,61;He Youting;;0,00 %;056;Ezequiel Ferreira;0563;TF NORMALT/SUAVE EXT ALG 16x27;1538,28;3398;"";AUTOSERVICIO;Autoservicio A;28643,76;NAHUEL MONTOYA;0,00;$;2;SOFTYS ARGENTINA S.A;0,00000000;0,00;Contado;02-10-2026 09:39;;LADYSOFT;Softy;;SOFTY;TOALLA FEMENINA;LAGO PUELO;PAPEL;;;300;Bruno Centurion;AXUM;;SOFTYS;False;131362;0;Lista General;Autoservicio A - A;42441;30-09-2026;509-LUCAS GODOY;SOFTYS;1;0,00000000;1538,28
22947;"AV. LACAZE - (AUTOSERVICIOS) 6559";ALTE BROWN;2026-10-01;01-10-2026;30-09-2026;FAC-A0001-00342834;Venta;LAGOPUELO S.A;1509749;30,00;37114,80;44908,91;He Youting;;0,00 %;056;Ezequiel Ferreira;0563;PD ladysoft clasicos 20x30;1237,16;3398;"";AUTOSERVICIO;Autoservicio A;25596,30;NAHUEL MONTOYA;0,00;$;2;SOFTYS ARGENTINA S.A;0,00000000;0,00;Contado;02-10-2026 09:39;;LADYSOFT;Softy;;SOFTY;PROTECTOR DIARIO;LAGO PUELO;PAPEL;;;300;Bruno Centurion;AXUM;;SOFTYS;False;131362;0;Lista General;Autoservicio A - A;42441;30-09-2026;509-LUCAS GODOY;SOFTYS;1;0,00000000;1237,16
3199;"AV JUAN DOMINGO PERON 4906";SAN FRANCISCO SOLANO (QUILMES);2026-10-01;01-10-2026;30-09-2026;FAC-A0001-00342836;Venta;LAGOPUELO S.A;1509764;1,00;0,00;0,00;HUANG QICHANG;;100,00 %;056;Ezequiel Ferreira;0563;TF NORMAL T/SUAVE EXT ALGODON 8x54;0,00;3398;"";AUTOSERVICIO;AUTOSERVICIO;541,05;NAHUEL MONTOYA;784,52;$;2;SOFTYS ARGENTINA S.A;0,00000000;0,00;Contado;02-10-2026 09:39;;LADYSOFT;Softy;;SOFTY;TOALLA FEMENINA;LAGO PUELO;PAPEL;65;;300;Bruno Centurion;AXUM;;SOFTYS;False;131413;0;Lista General;AUTOSERVICIO - A;42443;30-09-2026;509-LUCAS GODOY;SOFTYS;1;0,00000000;0,00
3199;"AV JUAN DOMINGO PERON 4906";SAN FRANCISCO SOLANO (QUILMES);2026-10-01;01-10-2026;30-09-2026;FAC-A0001-00342836;Venta;LAGOPUELO S.A;1509768;12,00;10821,72;13094,28;HUANG QICHANG;;0,00 %;056;Ezequiel Ferreira;0563;TF NORMAL T/SUAVE PIEL SENSIBLE 8x54;901,81;3398;"";AUTOSERVICIO;AUTOSERVICIO;7463,28;NAHUEL MONTOYA;0,00;$;2;SOFTYS ARGENTINA S.A;0,00000000;0,00;Contado;02-10-2026 09:39;;LADYSOFT;Softy;;SOFTY;TOALLA FEMENINA;LAGO PUELO;PAPEL;;;300;Bruno Centurion;AXUM;;SOFTYS;False;131413;0;Lista General;AUTOSERVICIO - A;42443;30-09-2026;509-LUCAS GODOY;SOFTYS;1;0,00000000;901,81
3199;"AV JUAN DOMINGO PERON 4906";SAN FRANCISCO SOLANO (QUILMES);2026-10-01;01-10-2026;30-09-2026;FAC-A0001-00342836;Venta;LAGOPUELO S.A;1509766;12,00;10173,36;12309,77;HUANG QICHANG;;0,00 %;056;Ezequiel Ferreira;0563;TF T/SECA NORMAL MAS PROTECC 8x54;847,78;3398;"";AUTOSERVICIO;AUTOSERVICIO;7016,16;NAHUEL MONTOYA;0,00;$;2;SOFTYS ARGENTINA S.A;0,00000000;0,00;Contado;02-10-2026 09:39;;LADYSOFT;Softy;;SOFTY;TOALLA FEMENINA;LAGO PUELO;PAPEL;;;300;Bruno Centurion;AXUM;;SOFTYS;False;131413;0;Lista General;AUTOSERVICIO - A;42443;30-09-2026;509-LUCAS GODOY;SOFTYS;1;0,00000000;847,78
3199;"AV JUAN DOMINGO PERON 4906";SAN FRANCISCO SOLANO (QUILMES);2026-10-01;01-10-2026;30-09-2026;FAC-A0001-00342836;Venta;LAGOPUELO S.A;1509764;12,00;9414,24;11391,23;HUANG QICHANG;;0,00 %;056;Ezequiel Ferreira;0563;TF NORMAL T/SUAVE EXT ALGODON 8x54;784,52;3398;"";AUTOSERVICIO;AUTOSERVICIO;6492,60;NAHUEL MONTOYA;0,00;$;2;SOFTYS ARGENTINA S.A;0,00000000;0,00;Contado;02-10-2026 09:39;;LADYSOFT;Softy;;SOFTY;TOALLA FEMENINA;LAGO PUELO;PAPEL;;;300;Bruno Centurion;AXUM;;SOFTYS;False;131413;0;Lista General;AUTOSERVICIO - A;42443;30-09-2026;509-LUCAS GODOY;SOFTYS;1;0,00000000;784,52
3199;"AV JUAN DOMINGO PERON 4906";SAN FRANCISCO SOLANO (QUILMES);2026-10-01;01-10-2026;30-09-2026;FAC-A0001-00342836;Venta;LAGOPUELO S.A;1509755;12,00;13572,60;16422,85;HUANG QICHANG;;0,00 %;056;Ezequiel Ferreira;0563;TF UD T/SECA LADYSOFT ULTRA PROTECT 8;1131,05;3398;"";AUTOSERVICIO;AUTOSERVICIO;9360,48;NAHUEL MONTOYA;0,00;$;2;SOFTYS ARGENTINA S.A;0,00000000;0,00;Contado;02-10-2026 09:39;;LADYSOFT;Softy;;SOFTY;TOALLA FEMENINA;LAGO PUELO;PAPEL;;;300;Bruno Centurion;AXUM;;SOFTYS;False;131413;0;Lista General;AUTOSERVICIO - A;42443;30-09-2026;509-LUCAS GODOY;SOFTYS;1;0,00000000;1131,05
3199;"AV JUAN DOMINGO PERON 4906";SAN FRANCISCO SOLANO (QUILMES);2026-10-01;01-10-2026;30-09-2026;FAC-A0001-00342836;Venta;LAGOPUELO S.A;1509756;6,00;13203,84;15976,65;HUANG QICHANG;;0,00 %;056;Ezequiel Ferreira;0563;TF UD T/SECA LADYSOFT UL PRT 16u;2200,64;3398;"";AUTOSERVICIO;AUTOSERVICIO;9106,08;NAHUEL MONTOYA;0,00;$;2;SOFTYS ARGENTINA S.A;0,00000000;0,00;Contado;02-10-2026 09:39;;LADYSOFT;Softy;;SOFTY;TOALLA FEMENINA;LAGO PUELO;PAPEL;;;300;Bruno Centurion;AXUM;;SOFTYS;False;131413;0;Lista General;AUTOSERVICIO - A;42443;30-09-2026;509-LUCAS GODOY;SOFTYS;1;0,00000000;2200,64
3199;"AV JUAN DOMINGO PERON 4906";SAN FRANCISCO SOLANO (QUILMES);2026-10-01;01-10-2026;30-09-2026;FAC-A0001-00342836;Venta;LAGOPUELO S.A;1509759;6,00;12057,54;14589,62;HUANG QICHANG;;0,00 %;056;Ezequiel Ferreira;0563;TF UD T/SUAVE EXT ALG 16x20;2009,59;3398;"";AUTOSERVICIO;AUTOSERVICIO;8315,58;NAHUEL MONTOYA;0,00;$;2;SOFTYS ARGENTINA S.A;0,00000000;0,00;Contado;02-10-2026 09:39;;LADYSOFT;Softy;;SOFTY;TOALLA FEMENINA;LAGO PUELO;PAPEL;;;300;Bruno Centurion;AXUM;;SOFTYS;False;131413;0;Lista General;AUTOSERVICIO - A;42443;30-09-2026;509-LUCAS GODOY;SOFTYS;1;0,00000000;2009,59
3199;"AV JUAN DOMINGO PERON 4906";SAN FRANCISCO SOLANO (QUILMES);2026-10-01;01-10-2026;30-09-2026;FAC-A0001-00342836;Venta;LAGOPUELO S.A;1509763;6,00;12942,18;15660,04;HUANG QICHANG;;0,00 %;056;Ezequiel Ferreira;0563;TF Nocturna EXT ALGODON 16X16;2157,03;3398;"";AUTOSERVICIO;AUTOSERVICIO;8925,60;NAHUEL MONTOYA;0,00;$;2;SOFTYS ARGENTINA S.A;0,00000000;0,00;Contado;02-10-2026 09:39;;LADYSOFT;Softy;;SOFTY;TOALLA FEMENINA;LAGO PUELO;PAPEL;;;300;Bruno Centurion;AXUM;;SOFTYS;False;131413;0;Lista General;AUTOSERVICIO - A;42443;30-09-2026;509-LUCAS GODOY;SOFTYS;1;0,00000000;2157,03
23138;"AV. JUAN DOMINGO PERON - (AUTOSERVICIOS) 2348";RAFAEL CALZADA;2026-10-01;01-10-2026;30-09-2026;FAC-A0001-00342837;Venta;LAGOPUELO S.A;1509756;6,00;13203,84;15976,65;LIN SONG;;0,00 %;061;Nailah Guzman;0613;TF UD T/SECA LADYSOFT UL PRT 16u;2200,64;3398;"";AUTOSERVICIO;Autoservicio A;9106,08;NAHUEL MONTOYA;0,00;$;2;SOFTYS ARGENTINA S.A;0,00000000;0,00;Contado;02-10-2026 09:39;;LADYSOFT;Softy;;SOFTY;TOALLA FEMENINA;LAGO PUELO;PAPEL;;;300;Bruno Centurion;AXUM;;SOFTYS;False;131433;0;Lista General;Autoservicio A - A;42444;30-09-2026;509-LUCAS GODOY;SOFTYS;1;0,00000000;2200,64
23138;"AV. JUAN DOMINGO PERON - (AUTOSERVICIOS) 2348";RAFAEL CALZADA;2026-10-01;01-10-2026;30-09-2026;FAC-A0001-00342837;Venta;LAGOPUELO S.A;1509762;12,00;13384,92;16195,75;LIN SONG;;0,00 %;061;Nailah Guzman;0613;TF NOCTUR EXT A 8x32;1115,41;3398;"";AUTOSERVICIO;Autoservicio A;9231,00;NAHUEL MONTOYA;0,00;$;2;SOFTYS ARGENTINA S.A;0,00000000;0,00;Contado;02-10-2026 09:39;;LADYSOFT;Softy;;SOFTY;TOALLA FEMENINA;LAGO PUELO;PAPEL;;;300;Bruno Centurion;AXUM;;SOFTYS;False;131433;0;Lista General;Autoservicio A - A;42444;30-09-2026;509-LUCAS GODOY;SOFTYS;1;0,00000000;1115,41
23538;"Frias - (AUTOSERVICIOS) 5488";SAN JOSE;2026-10-01;01-10-2026;29-09-2026;FAC-A0001-00342843;Venta;LAGOPUELO S.A;1503131;10,00;20628,80;24960,85;XUE JIANGCAIMEI;;0,00 %;063;Daniel Martin;0632;TH BABYSEC PREMIUM X45/10;2062,88;3399;"";AUTOSERVICIO;Autoservicio A;14226,80;SIMON OLIVERA;0,00;$;2;SOFTYS ARGENTINA S.A;0,00000000;0,00;Contado;02-10-2026 10:25;;BABYSEC;Softy;;SOFTY;TOALLA HUMEDA;LAGO PUELO;PAPEL;;;300;Bruno Centurion;AXUM;;SOFTYS;False;130517;0;Lista General;Autoservicio A - A;42224;30-09-2026;757-JUAN PABLO JUAREZ;SOFTYS;1;0,00000000;2062,88
23532;"Santa Ana 1595";SAN JOSE;2026-10-01;01-10-2026;29-09-2026;FAC-A0001-00342845;Venta;LAGOPUELO S.A;1505434;36,00;48769,56;59011,17;CHEN XIALIANG;;0,00 %;063;Daniel Martin;0632;PO FACIALES ELITE BOX SOFT TOUCH x90;1354,71;3399;"";AUTOSERVICIO;Autoservicio A;33634,08;SIMON OLIVERA;0,00;$;2;SOFTYS ARGENTINA S.A;0,00000000;0,00;Contado;02-10-2026 10:25;;ELITE;Softy;;SOFTY;PAÒUELOS;LAGO PUELO;PAPEL;;;300;Bruno Centurion;AXUM;;SOFTYS;False;130549;0;Lista General;Autoservicio A - A;42226;30-09-2026;757-JUAN PABLO JUAREZ;SOFTYS;1;0,00000000;1354,71
23520;"Frias - (AUTOSERVICIOS) 4168";SAN JOSE;2026-10-01;01-10-2026;29-09-2026;FAC-A0001-00342846;Venta;LAGOPUELO S.A;1501553;5,00;94577,83;114439,17;LIN JINSEN;;23,00 %;063;Daniel Martin;0632;PH HIGIENOL DH PLUS FUSI”N 30M x4/10;18915,57;3399;"";AUTOSERVICIO;Autoservicio A;79629,40;SIMON OLIVERA;5650,10;$;2;SOFTYS ARGENTINA S.A;0,00000000;0,00;Contado;02-10-2026 10:25;;HIGIENOL;Softy;;SOFTY;PAPEL HIG;LAGO PUELO;PAPEL;81;;300;Bruno Centurion;AXUM;;SOFTYS;False;130708;0;Lista General;Autoservicio A - A;42229;30-09-2026;757-JUAN PABLO JUAREZ;SOFTYS;1;0,00000000;18915,57
23520;"Frias - (AUTOSERVICIOS) 4168";SAN JOSE;2026-10-01;01-10-2026;29-09-2026;FAC-A0001-00342846;Venta;LAGOPUELO S.A;1501586;1,00;28416,82;34384,35;LIN JINSEN;;0,00 %;063;Daniel Martin;0632;PH HIGIENOL HS MAX 50x4;28416,82;3399;"";AUTOSERVICIO;Autoservicio A;19597,81;SIMON OLIVERA;0,00;$;2;SOFTYS ARGENTINA S.A;0,00000000;0,00;Contado;02-10-2026 10:25;;HIGIENOL;Softy;;SOFTY;PAPEL HIG;LAGO PUELO;PAPEL;;;300;Bruno Centurion;AXUM;;SOFTYS;False;130708;0;Lista General;Autoservicio A - A;42229;30-09-2026;757-JUAN PABLO JUAREZ;SOFTYS;1;0,00000000;28416,82
23520;"Frias - (AUTOSERVICIOS) 4168";SAN JOSE;2026-10-01;01-10-2026;29-09-2026;FAC-A0001-00342846;Venta;LAGOPUELO S.A;1509755;10,00;11310,50;13685,71;LIN JINSEN;;0,00 %;063;Daniel Martin;0632;TF UD T/SECA LADYSOFT ULTRA PROTECT 8;1131,05;3399;"";AUTOSERVICIO;Autoservicio A;7800,40;SIMON OLIVERA;0,00;$;2;SOFTYS ARGENTINA S.A;0,00000000;0,00;Contado;02-10-2026 10:25;;LADYSOFT;Softy;;SOFTY;TOALLA FEMENINA;LAGO PUELO;PAPEL;;;300;Bruno Centurion;AXUM;;SOFTYS;False;130708;0;Lista General;Autoservicio A - A;42229;30-09-2026;757-JUAN PABLO JUAREZ;SOFTYS;1;0,00000000;1131,05
23520;"Frias - (AUTOSERVICIOS) 4168";SAN JOSE;2026-10-01;01-10-2026;29-09-2026;FAC-A0001-00342846;Venta;LAGOPUELO S.A;1509756;10,00;22006,40;26627,74;LIN JINSEN;;0,00 %;063;Daniel Martin;0632;TF UD T/SECA LADYSOFT UL PRT 16u;2200,64;3399;"";AUTOSERVICIO;Autoservicio A;15176,80;SIMON OLIVERA;0,00;$;2;SOFTYS ARGENTINA S.A;0,00000000;0,00;Contado;02-10-2026 10:25;;LADYSOFT;Softy;;SOFTY;TOALLA FEMENINA;LAGO PUELO;PAPEL;;;300;Bruno Centurion;AXUM;;SOFTYS;False;130708;0;Lista General;Autoservicio A - A;42229;30-09-2026;757-JUAN PABLO JUAREZ;SOFTYS;1;0,00000000;2200,64
23520;"Frias - (AUTOSERVICIOS) 4168";SAN JOSE;2026-10-01;01-10-2026;29-09-2026;FAC-A0001-00342846;Venta;LAGOPUELO S.A;1509766;10,00;8477,80;10258,14;LIN JINSEN;;0,00 %;063;Daniel Martin;0632;TF T/SECA NORMAL MAS PROTECC 8x54;847,78;3399;"";AUTOSERVICIO;Autoservicio A;5846,80;SIMON OLIVERA;0,00;$;2;SOFTYS ARGENTINA S.A;0,00000000;0,00;Contado;02-10-2026 10:25;;LADYSOFT;Softy;;SOFTY;TOALLA FEMENINA;LAGO PUELO;PAPEL;;;300;Bruno Centurion;AXUM;;SOFTYS;False;130708;0;Lista General;Autoservicio A - A;42229;30-09-2026;757-JUAN PABLO JUAREZ;SOFTYS;1;0,00000000;847,78
23520;"Frias - (AUTOSERVICIOS) 4168";SAN JOSE;2026-10-01;01-10-2026;29-09-2026;FAC-A0001-00342846;Venta;LAGOPUELO S.A;1509759;10,00;20095,90;24316,04;LIN JINSEN;;0,00 %;063;Daniel Martin;0632;TF UD T/SUAVE EXT ALG 16x20;2009,59;3399;"";AUTOSERVICIO;Autoservicio A;13859,30;SIMON OLIVERA;0,00;$;2;SOFTYS ARGENTINA S.A;0,00000000;0,00;Contado;02-10-2026 10:25;;LADYSOFT;Softy;;SOFTY;TOALLA FEMENINA;LAGO PUELO;PAPEL;;;300;Bruno Centurion;AXUM;;SOFTYS;False;130708;0;Lista General;Autoservicio A - A;42229;30-09-2026;757-JUAN PABLO JUAREZ;SOFTYS;1;0,00000000;2009,59
23520;"Frias - (AUTOSERVICIOS) 4168";SAN JOSE;2026-10-01;01-10-2026;29-09-2026;FAC-A0001-00342846;Venta;LAGOPUELO S.A;1504078;15,00;30187,49;36526,86;LIN JINSEN;;10,00 %;063;Daniel Martin;0632;PL BABYSEC ULTRASOFT XG X8/15;2012,50;3399;"";AUTOSERVICIO;Autoservicio A;24845,70;SIMON OLIVERA;223,61;$;2;SOFTYS ARGENTINA S.A;0,00000000;0,00;Contado;02-10-2026 10:25;;BABYSEC;Softy;;SOFTY;PAÒAL;LAGO PUELO;PAPEL;;;300;Bruno Centurion;AXUM;;SOFTYS;False;130708;0;Lista General;Autoservicio A - A;42229;30-09-2026;757-JUAN PABLO JUAREZ;SOFTYS;1;0,00000000;2012,50
23520;"Frias - (AUTOSERVICIOS) 4168";SAN JOSE;2026-10-01;01-10-2026;29-09-2026;FAC-A0001-00342846;Venta;LAGOPUELO S.A;1504077;20,00;40251,60;48704,44;LIN JINSEN;;10,00 %;063;Daniel Martin;0632;PL BABYSEC ULTRASOFT G 8/20;2012,58;3399;"";AUTOSERVICIO;Autoservicio A;33128,80;SIMON OLIVERA;223,62;$;2;SOFTYS ARGENTINA S.A;0,00000000;0,00;Contado;02-10-2026 10:25;;BABYSEC;Softy;;SOFTY;PAÒAL;LAGO PUELO;PAPEL;;;300;Bruno Centurion;AXUM;;SOFTYS;False;130708;0;Lista General;Autoservicio A - A;42229;30-09-2026;757-JUAN PABLO JUAREZ;SOFTYS;1;0,00000000;2012,58
23500;"REPUBLICA ARGENTINA - (AUTOSERVICIOS) 1123";RAFAEL CALZADA;2026-10-01;01-10-2026;30-09-2026;FAC-A0001-00342850;Venta;LAGOPUELO S.A;1501553;60,00;1017018,74;1230592,67;LIN CHUNYING;;31,00 %;063;Daniel Martin;0633;PH HIGIENOL DH PLUS FUSI”N 30M x4/10;16950,31;3399;"";AUTOSERVICIO;Autoservicio A;955552,80;SIMON OLIVERA;7615,36;$;2;SOFTYS ARGENTINA S.A;0,00000000;0,00;Contado;02-10-2026 10:25;;HIGIENOL;Softy;;SOFTY;PAPEL HIG;LAGO PUELO;PAPEL;81;;300;Bruno Centurion;AXUM;;SOFTYS;False;130896;0;Lista General;Autoservicio A - A;42235;30-09-2026;757-JUAN PABLO JUAREZ;SOFTYS;1;0,00000000;16950,31
5649;"GABOTO 4436";Almirante Brown;2026-10-01;01-10-2026;30-09-2026;FAC-A0001-00342851;Venta;LAGOPUELO S.A;1501553;15,00;272678,94;329941,51;shi zhangmei;;26,00 %;063;Daniel Martin;0633;PH HIGIENOL DH PLUS FUSI”N 30M x4/10;18178,60;3399;"";AUTOSERVICIO;Autoservicio B;238888,20;SIMON OLIVERA;6387,07;$;2;SOFTYS ARGENTINA S.A;0,00000000;0,00;Contado;02-10-2026 10:25;;HIGIENOL;Softy;;SOFTY;PAPEL HIG;LAGO PUELO;PAPEL;81;;300;Bruno Centurion;AXUM;;SOFTYS;False;130943;0;Lista General;Autoservicio B - C;42236;30-09-2026;757-JUAN PABLO JUAREZ;SOFTYS;1;0,00000000;18178,60
5649;"GABOTO 4436";Almirante Brown;2026-10-01;01-10-2026;30-09-2026;FAC-A0001-00342851;Venta;LAGOPUELO S.A;1509756;20,00;44012,80;53255,49;shi zhangmei;;0,00 %;063;Daniel Martin;0633;TF UD T/SECA LADYSOFT UL PRT 16u;2200,64;3399;"";AUTOSERVICIO;Autoservicio B;30353,60;SIMON OLIVERA;0,00;$;2;SOFTYS ARGENTINA S.A;0,00000000;0,00;Contado;02-10-2026 10:25;;LADYSOFT;Softy;;SOFTY;TOALLA FEMENINA;LAGO PUELO;PAPEL;;;300;Bruno Centurion;AXUM;;SOFTYS;False;130943;0;Lista General;Autoservicio B - C;42236;30-09-2026;757-JUAN PABLO JUAREZ;SOFTYS;1;0,00000000;2200,64
5649;"GABOTO 4436";Almirante Brown;2026-10-01;01-10-2026;30-09-2026;FAC-A0001-00342851;Venta;LAGOPUELO S.A;1509757;15,00;47160,00;57063,60;shi zhangmei;;0,00 %;063;Daniel Martin;0633;TF UD T/SECA LADYSOFT UL PTEC 24u;3144,00;3399;"";AUTOSERVICIO;Autoservicio B;32524,05;SIMON OLIVERA;0,00;$;2;SOFTYS ARGENTINA S.A;0,00000000;0,00;Contado;02-10-2026 10:25;;LADYSOFT;Softy;;SOFTY;TOALLA FEMENINA;LAGO PUELO;PAPEL;;;300;Bruno Centurion;AXUM;;SOFTYS;False;130943;0;Lista General;Autoservicio B - C;42236;30-09-2026;757-JUAN PABLO JUAREZ;SOFTYS;1;0,00000000;3144,00
23516;"FRIAS 3453";JOSE MARMOL;2026-10-01;01-10-2026;30-09-2026;FAC-A0001-00342854;Venta;LAGOPUELO S.A;1509756;20,00;44012,80;53255,49;LIN HAIYING;;0,00 %;063;Daniel Martin;0633;TF UD T/SECA LADYSOFT UL PRT 16u;2200,64;3399;"";AUTOSERVICIO;Autoservicio A;30353,60;SIMON OLIVERA;0,00;$;2;SOFTYS ARGENTINA S.A;0,00000000;0,00;Contado;02-10-2026 10:25;;LADYSOFT;Softy;;SOFTY;TOALLA FEMENINA;LAGO PUELO;PAPEL;;;300;Bruno Centurion;AXUM;;SOFTYS;False;131049;0;Lista General;Autoservicio A - A;42238;30-09-2026;757-JUAN PABLO JUAREZ;SOFTYS;1;0,00000000;2200,64
23516;"FRIAS 3453";JOSE MARMOL;2026-10-01;01-10-2026;30-09-2026;FAC-A0001-00342854;Venta;LAGOPUELO S.A;1509758;15,00;15769,65;19081,28;LIN HAIYING;;0,00 %;063;Daniel Martin;0633;TF UD T/SUAVE EXT ALGO 8X40;1051,31;3399;"";AUTOSERVICIO;Autoservicio A;10875,60;SIMON OLIVERA;0,00;$;2;SOFTYS ARGENTINA S.A;0,00000000;0,00;Contado;02-10-2026 10:25;;LADYSOFT;Softy;;SOFTY;TOALLA FEMENINA;LAGO PUELO;PAPEL;;;300;Bruno Centurion;AXUM;;SOFTYS;False;131049;0;Lista General;Autoservicio A - A;42238;30-09-2026;757-JUAN PABLO JUAREZ;SOFTYS;1;0,00000000;1051,31
23508;"Bernardo de Irigoyen - (AUTOSERVICIOS) 292";JOSE MARMOL;2026-10-01;01-10-2026;30-09-2026;FAC-A0001-00342859;Venta;LAGOPUELO S.A;1501553;15,00;272678,94;329941,51;GUAN LIXIAN;;26,00 %;063;Daniel Martin;0633;PH HIGIENOL DH PLUS FUSI”N 30M x4/10;18178,60;3399;"";AUTOSERVICIO;Autoservicio A;238888,20;SIMON OLIVERA;6387,07;$;2;SOFTYS ARGENTINA S.A;0,00000000;0,00;Contado;02-10-2026 10:25;;HIGIENOL;Softy;;SOFTY;PAPEL HIG;LAGO PUELO;PAPEL;81;;300;Bruno Centurion;AXUM;;SOFTYS;False;131187;0;Lista General;Autoservicio A - A;42247;30-09-2026;757-JUAN PABLO JUAREZ;SOFTYS;1;0,00000000;18178,60
23503;"MITRE - (AUTOSERVICIOS) 2650";JOSE MARMOL;2026-10-01;01-10-2026;30-09-2026;FAC-A0001-00342861;Venta;LAGOPUELO S.A;1509756;20,00;44012,80;53255,49;GUAN GUAN DING;;0,00 %;063;Daniel Martin;0633;TF UD T/SECA LADYSOFT UL PRT 16u;2200,64;3399;"";AUTOSERVICIO;Autoservicio A;30353,60;SIMON OLIVERA;0,00;$;2;SOFTYS ARGENTINA S.A;0,00000000;0,00;Contado;02-10-2026 10:25;;LADYSOFT;Softy;;SOFTY;TOALLA FEMENINA;LAGO PUELO;PAPEL;;;300;Bruno Centurion;AXUM;;SOFTYS;False;131223;0;Lista General;Autoservicio A - A;42249;30-09-2026;757-JUAN PABLO JUAREZ;SOFTYS;1;0,00000000;2200,64
23503;"MITRE - (AUTOSERVICIOS) 2650";JOSE MARMOL;2026-10-01;01-10-2026;30-09-2026;FAC-A0001-00342861;Venta;LAGOPUELO S.A;1509762;6,00;6692,46;8097,88;GUAN GUAN DING;;0,00 %;063;Daniel Martin;0633;TF NOCTUR EXT A 8x32;1115,41;3399;"";AUTOSERVICIO;Autoservicio A;4615,50;SIMON OLIVERA;0,00;$;2;SOFTYS ARGENTINA S.A;0,00000000;0,00;Contado;02-10-2026 10:25;;LADYSOFT;Softy;;SOFTY;TOALLA FEMENINA;LAGO PUELO;PAPEL;;;300;Bruno Centurion;AXUM;;SOFTYS;False;131223;0;Lista General;Autoservicio A - A;42249;30-09-2026;757-JUAN PABLO JUAREZ;SOFTYS;1;0,00000000;1115,41
23503;"MITRE - (AUTOSERVICIOS) 2650";JOSE MARMOL;2026-10-01;01-10-2026;30-09-2026;FAC-A0001-00342861;Venta;LAGOPUELO S.A;1509757;6,00;18864,00;22825,44;GUAN GUAN DING;;0,00 %;063;Daniel Martin;0633;TF UD T/SECA LADYSOFT UL PTEC 24u;3144,00;3399;"";AUTOSERVICIO;Autoservicio A;13009,62;SIMON OLIVERA;0,00;$;2;SOFTYS ARGENTINA S.A;0,00000000;0,00;Contado;02-10-2026 10:25;;LADYSOFT;Softy;;SOFTY;TOALLA FEMENINA;LAGO PUELO;PAPEL;;;300;Bruno Centurion;AXUM;;SOFTYS;False;131223;0;Lista General;Autoservicio A - A;42249;30-09-2026;757-JUAN PABLO JUAREZ;SOFTYS;1;0,00000000;3144,00
23503;"MITRE - (AUTOSERVICIOS) 2650";JOSE MARMOL;2026-10-01;01-10-2026;30-09-2026;FAC-A0001-00342861;Venta;LAGOPUELO S.A;1509749;6,00;7422,96;8981,78;GUAN GUAN DING;;0,00 %;063;Daniel Martin;0633;PD ladysoft clasicos 20x30;1237,16;3399;"";AUTOSERVICIO;Autoservicio A;5119,26;SIMON OLIVERA;0,00;$;2;SOFTYS ARGENTINA S.A;0,00000000;0,00;Contado;02-10-2026 10:25;;LADYSOFT;Softy;;SOFTY;PROTECTOR DIARIO;LAGO PUELO;PAPEL;;;300;Bruno Centurion;AXUM;;SOFTYS;False;131223;0;Lista General;Autoservicio A - A;42249;30-09-2026;757-JUAN PABLO JUAREZ;SOFTYS;1;0,00000000;1237,16
794;"JORGE BYNNON 2350";Jose Marmol;2026-10-01;01-10-2026;30-09-2026;FAC-A0001-00342863;Venta;LAGOPUELO S.A;1509756;12,00;26407,68;31953,29;Zhuang liqiang;;0,00 %;063;Daniel Martin;0633;TF UD T/SECA LADYSOFT UL PRT 16u;2200,64;3399;"";AUTOSERVICIO;AUTOSERVICIO;18212,16;SIMON OLIVERA;0,00;$;2;SOFTYS ARGENTINA S.A;0,00000000;0,00;Contado;02-10-2026 10:25;;LADYSOFT;Softy;;SOFTY;TOALLA FEMENINA;LAGO PUELO;PAPEL;;;300;Bruno Centurion;AXUM;;SOFTYS;False;131262;0;Lista General;AUTOSERVICIO - A;42251;30-09-2026;757-JUAN PABLO JUAREZ;SOFTYS;1;0,00000000;2200,64
23488;"ferre 981";Rafael Calzada;2026-10-01;01-10-2026;30-09-2026;FAC-A0001-00342867;Venta;LAGOPUELO S.A;1509749;6,00;7422,96;8981,78;ZHENG HUADI;;0,00 %;063;Daniel Martin;0633;PD ladysoft clasicos 20x30;1237,16;3399;"";AUTOSERVICIO;Autoservicio B;5119,26;SIMON OLIVERA;0,00;$;2;SOFTYS ARGENTINA S.A;0,00000000;0,00;Contado;02-10-2026 10:25;;LADYSOFT;Softy;;SOFTY;PROTECTOR DIARIO;LAGO PUELO;PAPEL;;;300;Bruno Centurion;AXUM;;SOFTYS;False;131328;0;Lista General;Autoservicio B - A;42256;30-09-2026;757-JUAN PABLO JUAREZ;SOFTYS;1;0,00000000;1237,16
23488;"ferre 981";Rafael Calzada;2026-10-01;01-10-2026;30-09-2026;FAC-A0001-00342867;Venta;LAGOPUELO S.A;1509756;6,00;13203,84;15976,65;ZHENG HUADI;;0,00 %;063;Daniel Martin;0633;TF UD T/SECA LADYSOFT UL PRT 16u;2200,64;3399;"";AUTOSERVICIO;Autoservicio B;9106,08;SIMON OLIVERA;0,00;$;2;SOFTYS ARGENTINA S.A;0,00000000;0,00;Contado;02-10-2026 10:25;;LADYSOFT;Softy;;SOFTY;TOALLA FEMENINA;LAGO PUELO;PAPEL;;;300;Bruno Centurion;AXUM;;SOFTYS;False;131328;0;Lista General;Autoservicio B - A;42256;30-09-2026;757-JUAN PABLO JUAREZ;SOFTYS;1;0,00000000;2200,64
23500;"REPUBLICA ARGENTINA - (AUTOSERVICIOS) 1123";RAFAEL CALZADA;2026-10-01;01-10-2026;30-09-2026;FAC-A0001-00342869;Venta;LAGOPUELO S.A;1509756;20,00;44012,80;53255,49;LIN CHUNYING;;0,00 %;063;Daniel Martin;0633;TF UD T/SECA LADYSOFT UL PRT 16u;2200,64;3399;"";AUTOSERVICIO;Autoservicio A;30353,60;SIMON OLIVERA;0,00;$;2;SOFTYS ARGENTINA S.A;0,00000000;0,00;Contado;02-10-2026 10:25;;LADYSOFT;Softy;;SOFTY;TOALLA FEMENINA;LAGO PUELO;PAPEL;;;300;Bruno Centurion;AXUM;;SOFTYS;False;131450;0;Lista General;Autoservicio A - A;42260;30-09-2026;757-JUAN PABLO JUAREZ;SOFTYS;1;0,00000000;2200,64
106448;"Moreno 116 0";Lanus;2026-10-01;01-10-2026;29-09-2026;FAC-A0001-00342870;Venta;LAGOPUELO S.A;1509762;8,00;8923,28;10797,17;Fernando Daniel Isabella;;0,00 %;30;Oriana Songini;302;TF NOCTUR EXT A 8x32;1115,41;3391;"";Tradicionales;Almacen;6154,00;CLAUDIO GARCIA;0,00;$;2;SOFTYS ARGENTINA S.A;0,00000000;0,00;Efectivo;02-10-2026 09:01;;LADYSOFT;Softy;;SOFTY;TOALLA FEMENINA;LAGO PUELO;PAPEL;;;25;JOHANA VIGIL;AXUM;;SOFTYS;False;130655;0;Lista General;Almacen - A;42332;30-09-2026;757-JUAN PABLO JUAREZ;SOFTYS;1;0,00000000;1115,41
106448;"Moreno 116 0";Lanus;2026-10-01;01-10-2026;29-09-2026;FAC-A0001-00342870;Venta;LAGOPUELO S.A;1509749;8,00;9897,28;11975,71;Fernando Daniel Isabella;;0,00 %;30;Oriana Songini;302;PD ladysoft clasicos 20x30;1237,16;3391;"";Tradicionales;Almacen;6825,68;CLAUDIO GARCIA;0,00;$;2;SOFTYS ARGENTINA S.A;0,00000000;0,00;Efectivo;02-10-2026 09:01;;LADYSOFT;Softy;;SOFTY;PROTECTOR DIARIO;LAGO PUELO;PAPEL;;;25;JOHANA VIGIL;AXUM;;SOFTYS;False;130655;0;Lista General;Almacen - A;42332;30-09-2026;757-JUAN PABLO JUAREZ;SOFTYS;1;0,00000000;1237,16
106182;"Margarita Weild 1467 0";LANUS;2026-10-01;01-10-2026;30-09-2026;FAC-A0001-00342874;Venta;LAGOPUELO S.A;1501553;60,00;1017018,74;1230592,67;Lin li;;31,00 %;27;Samanta Dogliotti;273;PH HIGIENOL DH PLUS FUSI”N 30M x4/10;16950,31;3391;"";AUTOSERVICIO;AUTOSERVICIO;955552,80;CLAUDIO GARCIA;7615,36;$;2;SOFTYS ARGENTINA S.A;0,00000000;0,00;Efectivo;02-10-2026 09:01;;HIGIENOL;Softy;;SOFTY;PAPEL HIG;LAGO PUELO;PAPEL;81;;25;JOHANA VIGIL;AXUM;;SOFTYS;False;130925;0;Lista General;AUTOSERVICIO - A;42339;30-09-2026;757-JUAN PABLO JUAREZ;SOFTYS;1;0,00000000;16950,31
101377;"C.uruguayo 2539 1 0";REMEDIOS DE ESCALADA;2026-10-01;01-10-2026;30-09-2026;FAC-A0001-00342875;Venta;LAGOPUELO S.A;1501553;2,00;37831,13;45775,67;Zheng Caihua;;23,00 %;29;Camila Navarrete;293;PH HIGIENOL DH PLUS FUSI”N 30M x4/10;18915,57;3391;"";AUTOSERVICIO;AUTOSERVICIO;31851,76;CLAUDIO GARCIA;5650,10;$;2;SOFTYS ARGENTINA S.A;0,00000000;0,00;Efectivo;02-10-2026 09:01;;HIGIENOL;Softy;;SOFTY;PAPEL HIG;LAGO PUELO;PAPEL;81;;25;JOHANA VIGIL;AXUM;;SOFTYS;False;130927;0;Lista General;AUTOSERVICIO - A;42340;30-09-2026;757-JUAN PABLO JUAREZ;SOFTYS;1;0,00000000;18915,57
105324;"RamÛn Cabrero 3315";REMEDIOS DE ESCALADA;2026-10-01;01-10-2026;30-09-2026;FAC-A0001-00342877;Venta;LAGOPUELO S.A;1505434;4,00;5418,84;6556,80;Bulla Walter Fabian;;0,00 %;29;Camila Navarrete;293;PO FACIALES ELITE BOX SOFT TOUCH x90;1354,71;3391;"";KIOSCO;KIOSCO;3737,12;CLAUDIO GARCIA;0,00;$;2;SOFTYS ARGENTINA S.A;0,00000000;0,00;Efectivo;02-10-2026 09:01;;ELITE;Softy;;SOFTY;PAÒUELOS;LAGO PUELO;PAPEL;;;25;JOHANA VIGIL;AXUM;;SOFTYS;False;130982;0;Lista General;KIOSCO - A;42343;30-09-2026;757-JUAN PABLO JUAREZ;SOFTYS;1;0,00000000;1354,71
105324;"RamÛn Cabrero 3315";REMEDIOS DE ESCALADA;2026-10-01;01-10-2026;30-09-2026;FAC-A0001-00342877;Venta;LAGOPUELO S.A;1509755;6,00;6786,30;8211,42;Bulla Walter Fabian;;0,00 %;29;Camila Navarrete;293;TF UD T/SECA LADYSOFT ULTRA PROTECT 8;1131,05;3391;"";KIOSCO;KIOSCO;4680,24;CLAUDIO GARCIA;0,00;$;2;SOFTYS ARGENTINA S.A;0,00000000;0,00;Efectivo;02-10-2026 09:01;;LADYSOFT;Softy;;SOFTY;TOALLA FEMENINA;LAGO PUELO;PAPEL;;;25;JOHANA VIGIL;AXUM;;SOFTYS;False;130982;0;Lista General;KIOSCO - A;42343;30-09-2026;757-JUAN PABLO JUAREZ;SOFTYS;1;0,00000000;1131,05
103472;"C Uruguayo 2149 0";LANUS;2026-10-01;01-10-2026;30-09-2026;FAC-A0001-00342879;Venta;LAGOPUELO S.A;1509762;12,00;13384,92;16195,75;Yang Rongzhu;;0,00 %;29;Camila Navarrete;293;TF NOCTUR EXT A 8x32;1115,41;3391;"";AUTOSERVICIO;AUTOSERVICIO;9231,00;CLAUDIO GARCIA;0,00;$;2;SOFTYS ARGENTINA S.A;0,00000000;0,00;Efectivo;02-10-2026 09:01;;LADYSOFT;Softy;;SOFTY;TOALLA FEMENINA;LAGO PUELO;PAPEL;;;25;JOHANA VIGIL;AXUM;;SOFTYS;False;131021;0;Lista General;AUTOSERVICIO - A;42344;30-09-2026;757-JUAN PABLO JUAREZ;SOFTYS;1;0,00000000;1115,41
103472;"C Uruguayo 2149 0";LANUS;2026-10-01;01-10-2026;30-09-2026;FAC-A0001-00342879;Venta;LAGOPUELO S.A;1509766;12,00;10173,36;12309,77;Yang Rongzhu;;0,00 %;29;Camila Navarrete;293;TF T/SECA NORMAL MAS PROTECC 8x54;847,78;3391;"";AUTOSERVICIO;AUTOSERVICIO;7016,16;CLAUDIO GARCIA;0,00;$;2;SOFTYS ARGENTINA S.A;0,00000000;0,00;Efectivo;02-10-2026 09:01;;LADYSOFT;Softy;;SOFTY;TOALLA FEMENINA;LAGO PUELO;PAPEL;;;25;JOHANA VIGIL;AXUM;;SOFTYS;False;131021;0;Lista General;AUTOSERVICIO - A;42344;30-09-2026;757-JUAN PABLO JUAREZ;SOFTYS;1;0,00000000;847,78
103472;"C Uruguayo 2149 0";LANUS;2026-10-01;01-10-2026;30-09-2026;FAC-A0001-00342879;Venta;LAGOPUELO S.A;1509768;12,00;10821,72;13094,28;Yang Rongzhu;;0,00 %;29;Camila Navarrete;293;TF NORMAL T/SUAVE PIEL SENSIBLE 8x54;901,81;3391;"";AUTOSERVICIO;AUTOSERVICIO;7463,28;CLAUDIO GARCIA;0,00;$;2;SOFTYS ARGENTINA S.A;0,00000000;0,00;Efectivo;02-10-2026 09:01;;LADYSOFT;Softy;;SOFTY;TOALLA FEMENINA;LAGO PUELO;PAPEL;;;25;JOHANA VIGIL;AXUM;;SOFTYS;False;131021;0;Lista General;AUTOSERVICIO - A;42344;30-09-2026;757-JUAN PABLO JUAREZ;SOFTYS;1;0,00000000;901,81
100835;"Andrade 482 0";REMEDIOS DE ESCALADA;2026-10-01;01-10-2026;30-09-2026;FAC-A0001-00342883;Venta;LAGOPUELO S.A;1509768;54,00;48697,74;58924,27;Super Moli S.r.l.;;0,00 %;24;Cecilia Gauchez;243;TF NORMAL T/SUAVE PIEL SENSIBLE 8x54;901,81;3391;"";AUTOSERVICIO;AUTOSERVICIO;33584,76;CLAUDIO GARCIA;0,00;$;2;SOFTYS ARGENTINA S.A;0,00000000;0,00;Efectivo;02-10-2026 09:01;;LADYSOFT;Softy;;SOFTY;TOALLA FEMENINA;LAGO PUELO;PAPEL;;;25;JOHANA VIGIL;AXUM;;SOFTYS;False;131091;0;Lista General;AUTOSERVICIO - A;42352;30-09-2026;757-JUAN PABLO JUAREZ;SOFTYS;1;0,00000000;901,81
107375;"Heroes De Malvinas 1944 0";Lanus;2026-10-01;01-10-2026;30-09-2026;FAC-A0001-00342884;Venta;LAGOPUELO S.A;1509758;6,00;6307,86;7632,51;Lasetz Matias Nazareno;;0,00 %;29;Camila Navarrete;293;TF UD T/SUAVE EXT ALGO 8X40;1051,31;3391;"";Tradicionales;Almacen;4350,24;CLAUDIO GARCIA;0,00;$;2;SOFTYS ARGENTINA S.A;0,00000000;0,00;Efectivo;02-10-2026 09:01;;LADYSOFT;Softy;;SOFTY;TOALLA FEMENINA;LAGO PUELO;PAPEL;;;25;JOHANA VIGIL;AXUM;;SOFTYS;False;131111;0;Lista General;Almacen - A;42353;30-09-2026;757-JUAN PABLO JUAREZ;SOFTYS;1;0,00000000;1051,31
103282;"9 De Julio 1812 0";LANUS;2026-10-01;01-10-2026;30-09-2026;FAC-A0001-00342885;Venta;LAGOPUELO S.A;1509758;15,00;15769,65;19081,28;Chen Liming;;0,00 %;27;Samanta Dogliotti;273;TF UD T/SUAVE EXT ALGO 8X40;1051,31;3391;"";AUTOSERVICIO;AUTOSERVICIO;10875,60;CLAUDIO GARCIA;0,00;$;2;SOFTYS ARGENTINA S.A;0,00000000;0,00;Efectivo;02-10-2026 09:01;;LADYSOFT;Softy;;SOFTY;TOALLA FEMENINA;LAGO PUELO;PAPEL;;;25;JOHANA VIGIL;AXUM;;SOFTYS;False;131155;0;Lista General;AUTOSERVICIO - A;42355;30-09-2026;757-JUAN PABLO JUAREZ;SOFTYS;1;0,00000000;1051,31
103282;"9 De Julio 1812 0";LANUS;2026-10-01;01-10-2026;30-09-2026;FAC-A0001-00342885;Venta;LAGOPUELO S.A;1509765;8,00;12306,24;14890,55;Chen Liming;;0,00 %;27;Samanta Dogliotti;273;TF NORMALT/SUAVE EXT ALG 16x27;1538,28;3391;"";AUTOSERVICIO;AUTOSERVICIO;8487,04;CLAUDIO GARCIA;0,00;$;2;SOFTYS ARGENTINA S.A;0,00000000;0,00;Efectivo;02-10-2026 09:01;;LADYSOFT;Softy;;SOFTY;TOALLA FEMENINA;LAGO PUELO;PAPEL;;;25;JOHANA VIGIL;AXUM;;SOFTYS;False;131155;0;Lista General;AUTOSERVICIO - A;42355;30-09-2026;757-JUAN PABLO JUAREZ;SOFTYS;1;0,00000000;1538,28
103282;"9 De Julio 1812 0";LANUS;2026-10-01;01-10-2026;30-09-2026;FAC-A0001-00342885;Venta;LAGOPUELO S.A;1503118;24,00;35247,84;42649,89;Chen Liming;;0,00 %;27;Samanta Dogliotti;273;TH BABYSEC ULTRA 50/24;1468,66;3391;"";AUTOSERVICIO;AUTOSERVICIO;24308,88;CLAUDIO GARCIA;0,00;$;2;SOFTYS ARGENTINA S.A;0,00000000;0,00;Efectivo;02-10-2026 09:01;;BABYSEC;;;;;;PAPEL;;;25;JOHANA VIGIL;AXUM;;SOFTYS;False;131155;0;Lista General;AUTOSERVICIO - A;42355;30-09-2026;757-JUAN PABLO JUAREZ;SOFTYS;1;0,00000000;1468,66
107439;"Beron De Estrada 2508 0";LANUS;2026-10-01;01-10-2026;30-09-2026;FAC-A0001-00342888;Venta;LAGOPUELO S.A;1503131;10,00;20628,80;24960,85;Lin Xiamei;;0,00 %;29;Camila Navarrete;293;TH BABYSEC PREMIUM X45/10;2062,88;3391;"";AUTOSERVICIO;AUTOSERVICIO;14226,80;CLAUDIO GARCIA;0,00;$;2;SOFTYS ARGENTINA S.A;0,00000000;0,00;Efectivo;02-10-2026 09:01;;BABYSEC;Softy;;SOFTY;TOALLA HUMEDA;LAGO PUELO;PAPEL;;;25;JOHANA VIGIL;AXUM;;SOFTYS;False;131249;0;Lista General;AUTOSERVICIO - A;42360;30-09-2026;757-JUAN PABLO JUAREZ;SOFTYS;1;0,00000000;2062,88
107439;"Beron De Estrada 2508 0";LANUS;2026-10-01;01-10-2026;30-09-2026;FAC-A0001-00342888;Venta;LAGOPUELO S.A;1503118;10,00;14686,60;17770,79;Lin Xiamei;;0,00 %;29;Camila Navarrete;293;TH BABYSEC ULTRA 50/24;1468,66;3391;"";AUTOSERVICIO;AUTOSERVICIO;10128,70;CLAUDIO GARCIA;0,00;$;2;SOFTYS ARGENTINA S.A;0,00000000;0,00;Efectivo;02-10-2026 09:01;;BABYSEC;;;;;;PAPEL;;;25;JOHANA VIGIL;AXUM;;SOFTYS;False;131249;0;Lista General;AUTOSERVICIO - A;42360;30-09-2026;757-JUAN PABLO JUAREZ;SOFTYS;1;0,00000000;1468,66
105543;"Ituzaingo 1175 0";LANUS;2026-10-01;01-10-2026;30-09-2026;FAC-A0001-00342889;Venta;LAGOPUELO S.A;1509764;1,00;0,00;0,00;Jianxiong Lin;;100,00 %;27;Samanta Dogliotti;273;TF NORMAL T/SUAVE EXT ALGODON 8x54;0,00;3391;"";AUTOSERVICIO;AUTOSERVICIO;541,05;CLAUDIO GARCIA;784,52;$;2;SOFTYS ARGENTINA S.A;0,00000000;0,00;Efectivo;02-10-2026 09:01;;LADYSOFT;Softy;;SOFTY;TOALLA FEMENINA;LAGO PUELO;PAPEL;65;;25;JOHANA VIGIL;AXUM;;SOFTYS;False;131283;0;Lista General;AUTOSERVICIO - A;42361;30-09-2026;757-JUAN PABLO JUAREZ;SOFTYS;1;0,00000000;0,00
105543;"Ituzaingo 1175 0";LANUS;2026-10-01;01-10-2026;30-09-2026;FAC-A0001-00342889;Venta;LAGOPUELO S.A;1509764;12,00;9414,24;11391,23;Jianxiong Lin;;0,00 %;27;Samanta Dogliotti;273;TF NORMAL T/SUAVE EXT ALGODON 8x54;784,52;3391;"";AUTOSERVICIO;AUTOSERVICIO;6492,60;CLAUDIO GARCIA;0,00;$;2;SOFTYS ARGENTINA S.A;0,00000000;0,00;Efectivo;02-10-2026 09:01;;LADYSOFT;Softy;;SOFTY;TOALLA FEMENINA;LAGO PUELO;PAPEL;;;25;JOHANA VIGIL;AXUM;;SOFTYS;False;131283;0;Lista General;AUTOSERVICIO - A;42361;30-09-2026;757-JUAN PABLO JUAREZ;SOFTYS;1;0,00000000;784,52
105543;"Ituzaingo 1175 0";LANUS;2026-10-01;01-10-2026;30-09-2026;FAC-A0001-00342889;Venta;LAGOPUELO S.A;1509755;12,00;13572,60;16422,85;Jianxiong Lin;;0,00 %;27;Samanta Dogliotti;273;TF UD T/SECA LADYSOFT ULTRA PROTECT 8;1131,05;3391;"";AUTOSERVICIO;AUTOSERVICIO;9360,48;CLAUDIO GARCIA;0,00;$;2;SOFTYS ARGENTINA S.A;0,00000000;0,00;Efectivo;02-10-2026 09:01;;LADYSOFT;Softy;;SOFTY;TOALLA FEMENINA;LAGO PUELO;PAPEL;;;25;JOHANA VIGIL;AXUM;;SOFTYS;False;131283;0;Lista General;AUTOSERVICIO - A;42361;30-09-2026;757-JUAN PABLO JUAREZ;SOFTYS;1;0,00000000;1131,05
101042;"Juan B Justo 3042 1 0";REMEDIOS DE ESCALADA;2026-10-01;01-10-2026;30-09-2026;FAC-A0001-00342891;Venta;LAGOPUELO S.A;1503118;12,00;17623,92;21324,94;Yan Nengsheng;;0,00 %;29;Camila Navarrete;293;TH BABYSEC ULTRA 50/24;1468,66;3391;"";AUTOSERVICIO;AUTOSERVICIO;12154,44;CLAUDIO GARCIA;0,00;$;2;SOFTYS ARGENTINA S.A;0,00000000;0,00;Efectivo;02-10-2026 09:01;;BABYSEC;;;;;;PAPEL;;;25;JOHANA VIGIL;AXUM;;SOFTYS;False;131312;0;Lista General;AUTOSERVICIO - A;42363;30-09-2026;757-JUAN PABLO JUAREZ;SOFTYS;1;0,00000000;1468,66
101042;"Juan B Justo 3042 1 0";REMEDIOS DE ESCALADA;2026-10-01;01-10-2026;30-09-2026;FAC-A0001-00342893;Venta;LAGOPUELO S.A;1501553;2,00;37831,13;45775,67;Yan Nengsheng;;23,00 %;29;Camila Navarrete;293;PH HIGIENOL DH PLUS FUSI”N 30M x4/10;18915,57;3391;"";AUTOSERVICIO;AUTOSERVICIO;31851,76;CLAUDIO GARCIA;5650,10;$;2;SOFTYS ARGENTINA S.A;0,00000000;0,00;Efectivo;02-10-2026 09:01;;HIGIENOL;Softy;;SOFTY;PAPEL HIG;LAGO PUELO;PAPEL;81;;25;JOHANA VIGIL;AXUM;;SOFTYS;False;131330;0;Lista General;AUTOSERVICIO - A;42365;30-09-2026;757-JUAN PABLO JUAREZ;SOFTYS;1;0,00000000;18915,57
100788;"Achaval 2501 0";REMEDIOS DE ESCALADA;2026-10-01;01-10-2026;30-09-2026;FAC-A0001-00342896;Venta;LAGOPUELO S.A;1509759;12,00;24115,08;29179,25;Lin Xiamei;;0,00 %;29;Camila Navarrete;293;TF UD T/SUAVE EXT ALG 16x20;2009,59;3391;"";AUTOSERVICIO;AUTOSERVICIO;16631,16;CLAUDIO GARCIA;0,00;$;2;SOFTYS ARGENTINA S.A;0,00000000;0,00;Efectivo;02-10-2026 09:01;;LADYSOFT;Softy;;SOFTY;TOALLA FEMENINA;LAGO PUELO;PAPEL;;;25;JOHANA VIGIL;AXUM;;SOFTYS;False;131367;0;Lista General;AUTOSERVICIO - A;42368;30-09-2026;757-JUAN PABLO JUAREZ;SOFTYS;1;0,00000000;2009,59
100788;"Achaval 2501 0";REMEDIOS DE ESCALADA;2026-10-01;01-10-2026;30-09-2026;FAC-A0001-00342896;Venta;LAGOPUELO S.A;1509757;6,00;18864,00;22825,44;Lin Xiamei;;0,00 %;29;Camila Navarrete;293;TF UD T/SECA LADYSOFT UL PTEC 24u;3144,00;3391;"";AUTOSERVICIO;AUTOSERVICIO;13009,62;CLAUDIO GARCIA;0,00;$;2;SOFTYS ARGENTINA S.A;0,00000000;0,00;Efectivo;02-10-2026 09:01;;LADYSOFT;Softy;;SOFTY;TOALLA FEMENINA;LAGO PUELO;PAPEL;;;25;JOHANA VIGIL;AXUM;;SOFTYS;False;131367;0;Lista General;AUTOSERVICIO - A;42368;30-09-2026;757-JUAN PABLO JUAREZ;SOFTYS;1;0,00000000;3144,00
100788;"Achaval 2501 0";REMEDIOS DE ESCALADA;2026-10-01;01-10-2026;30-09-2026;FAC-A0001-00342896;Venta;LAGOPUELO S.A;1509755;6,00;6786,30;8211,42;Lin Xiamei;;0,00 %;29;Camila Navarrete;293;TF UD T/SECA LADYSOFT ULTRA PROTECT 8;1131,05;3391;"";AUTOSERVICIO;AUTOSERVICIO;4680,24;CLAUDIO GARCIA;0,00;$;2;SOFTYS ARGENTINA S.A;0,00000000;0,00;Efectivo;02-10-2026 09:01;;LADYSOFT;Softy;;SOFTY;TOALLA FEMENINA;LAGO PUELO;PAPEL;;;25;JOHANA VIGIL;AXUM;;SOFTYS;False;131367;0;Lista General;AUTOSERVICIO - A;42368;30-09-2026;757-JUAN PABLO JUAREZ;SOFTYS;1;0,00000000;1131,05
100788;"Achaval 2501 0";REMEDIOS DE ESCALADA;2026-10-01;01-10-2026;30-09-2026;FAC-A0001-00342896;Venta;LAGOPUELO S.A;1501553;5,00;94577,83;114439,17;Lin Xiamei;;23,00 %;29;Camila Navarrete;293;PH HIGIENOL DH PLUS FUSI”N 30M x4/10;18915,57;3391;"";AUTOSERVICIO;AUTOSERVICIO;79629,40;CLAUDIO GARCIA;5650,10;$;2;SOFTYS ARGENTINA S.A;0,00000000;0,00;Efectivo;02-10-2026 09:01;;HIGIENOL;Softy;;SOFTY;PAPEL HIG;LAGO PUELO;PAPEL;81;;25;JOHANA VIGIL;AXUM;;SOFTYS;False;131367;0;Lista General;AUTOSERVICIO - A;42368;30-09-2026;757-JUAN PABLO JUAREZ;SOFTYS;1;0,00000000;18915,57
103530;"Achaval 2754 1 0";REMEDIOS DE ESCALADA;2026-10-01;01-10-2026;30-09-2026;FAC-A0001-00342897;Venta;LAGOPUELO S.A;1509768;12,00;10821,72;13094,28;Weng Weiqiang;;0,00 %;29;Camila Navarrete;293;TF NORMAL T/SUAVE PIEL SENSIBLE 8x54;901,81;3391;"";AUTOSERVICIO;AUTOSERVICIO;7463,28;CLAUDIO GARCIA;0,00;$;2;SOFTYS ARGENTINA S.A;0,00000000;0,00;Efectivo;02-10-2026 09:01;;LADYSOFT;Softy;;SOFTY;TOALLA FEMENINA;LAGO PUELO;PAPEL;;;25;JOHANA VIGIL;AXUM;;SOFTYS;False;131426;0;Lista General;AUTOSERVICIO - A;42370;30-09-2026;757-JUAN PABLO JUAREZ;SOFTYS;1;0,00000000;901,81
6034;"Calle 131 N 5261";Berazategui;2026-10-01;01-10-2026;30-09-2026;FAC-A0001-00342900;Venta;LAGOPUELO S.A;1501618;5,00;89342,50;108104,43;Staniscia Claudio Roque;;0,00 %;052;Nicole Sosa;0523;PH HIG  FRESH ALOE 30M X4/12;17868,50;3394;"";AUTOSERVICIO;AUTOSERVICIO;61615,50;IVAN MONTOYA;0,00;$;2;SOFTYS ARGENTINA S.A;0,00000000;0,00;Contado;02-10-2026 09:59;;HIGIENOL;Softy;;SOFTY;PAPEL HIG;LAGO PUELO;PAPEL;;;300;Bruno Centurion;AXUM;;SOFTYS;False;131136;0;Lista General;AUTOSERVICIO - A;42302;30-09-2026;1638-JAVIER LINARES;SOFTYS;1;0,00000000;17868,50
6034;"Calle 131 N 5261";Berazategui;2026-10-01;01-10-2026;30-09-2026;FAC-A0001-00342900;Venta;LAGOPUELO S.A;1501590;5,00;98760,90;119500,69;Staniscia Claudio Roque;;0,00 %;052;Nicole Sosa;0523;PH HIGIENOL HS  MAX 80X6;19752,18;3394;"";AUTOSERVICIO;AUTOSERVICIO;68110,95;IVAN MONTOYA;0,00;$;2;SOFTYS ARGENTINA S.A;0,00000000;0,00;Contado;02-10-2026 09:59;;HIGIENOL;Softy;;SOFTY;PAPEL HIG;LAGO PUELO;PAPEL;;;300;Bruno Centurion;AXUM;;SOFTYS;False;131136;0;Lista General;AUTOSERVICIO - A;42302;30-09-2026;1638-JAVIER LINARES;SOFTYS;1;0,00000000;19752,18
6034;"Calle 131 N 5261";Berazategui;2026-10-01;01-10-2026;30-09-2026;FAC-A0001-00342900;Venta;LAGOPUELO S.A;1505688;5,00;75212,78;91007,47;Staniscia Claudio Roque;;5,00 %;052;Nicole Sosa;0523;RC Sussex clasico mas blanco 50px3/10;15042,56;3394;"";AUTOSERVICIO;AUTOSERVICIO;58645,45;IVAN MONTOYA;791,71;$;2;SOFTYS ARGENTINA S.A;0,00000000;0,00;Contado;02-10-2026 09:59;;SUSSEX;Softy;;SOFTY;ROLLO DE COCINA;LAGO PUELO;PAPEL;83;;300;Bruno Centurion;AXUM;;SOFTYS;False;131136;0;Lista General;AUTOSERVICIO - A;42302;30-09-2026;1638-JAVIER LINARES;SOFTYS;1;0,00000000;15042,56
6034;"Calle 131 N 5261";Berazategui;2026-10-01;01-10-2026;30-09-2026;FAC-A0001-00342900;Venta;LAGOPUELO S.A;1501553;5,00;94577,83;114439,17;Staniscia Claudio Roque;;23,00 %;052;Nicole Sosa;0523;PH HIGIENOL DH PLUS FUSI”N 30M x4/10;18915,57;3394;"";AUTOSERVICIO;AUTOSERVICIO;79629,40;IVAN MONTOYA;5650,10;$;2;SOFTYS ARGENTINA S.A;0,00000000;0,00;Contado;02-10-2026 09:59;;HIGIENOL;Softy;;SOFTY;PAPEL HIG;LAGO PUELO;PAPEL;81;;300;Bruno Centurion;AXUM;;SOFTYS;False;131136;0;Lista General;AUTOSERVICIO - A;42302;30-09-2026;1638-JAVIER LINARES;SOFTYS;1;0,00000000;18915,57
13023;"Calle 128 N 5070";Berazategui;2026-10-01;01-10-2026;30-09-2026;FAC-A0001-00342907;Venta;LAGOPUELO S.A;1509755;40,00;45242,00;54742,82;MAXIMILIANO MADERO;;0,00 %;052;Nicole Sosa;0523;TF UD T/SECA LADYSOFT ULTRA PROTECT 8;1131,05;3394;"";ALMACEN;ALMACEN;31201,60;IVAN MONTOYA;0,00;$;2;SOFTYS ARGENTINA S.A;0,00000000;0,00;Contado;02-10-2026 09:59;;LADYSOFT;Softy;;SOFTY;TOALLA FEMENINA;LAGO PUELO;PAPEL;;;300;Bruno Centurion;AXUM;;SOFTYS;False;131417;0;Lista General;ALMACEN - A;42312;30-09-2026;1638-JAVIER LINARES;SOFTYS;1;0,00000000;1131,05
5261;"Calle 519 2140";FLORENCIO VARELA;2026-10-01;01-10-2026;30-09-2026;FAC-A0001-00342908;Venta;LAGOPUELO S.A;1509755;80,00;90484,00;109485,64;LIN HONG†††††††††††††††††††;;0,00 %;7;Myrian Lertora;73;TF UD T/SECA LADYSOFT ULTRA PROTECT 8;1131,05;3392;"";AUTOSERVICIO;AUTOSERVICIO;62403,20;WALTER JANIUK;0,00;$;2;SOFTYS ARGENTINA S.A;0,00000000;0,00;Contado;05-10-2026 13:39;;LADYSOFT;Softy;;SOFTY;TOALLA FEMENINA;LAGO PUELO;PAPEL;;;25;JOHANA VIGIL;AXUM;;SOFTYS;False;130941;0;Lista General;AUTOSERVICIO - A;42374;30-09-2026;759-GABRIEL PEREZ;SOFTYS;1;0,00000000;1131,05
5261;"Calle 519 2140";FLORENCIO VARELA;2026-10-01;01-10-2026;30-09-2026;FAC-A0001-00342908;Venta;LAGOPUELO S.A;1509758;80,00;84104,80;101766,81;LIN HONG†††††††††††††††††††;;0,00 %;7;Myrian Lertora;73;TF UD T/SUAVE EXT ALGO 8X40;1051,31;3392;"";AUTOSERVICIO;AUTOSERVICIO;58003,20;WALTER JANIUK;0,00;$;2;SOFTYS ARGENTINA S.A;0,00000000;0,00;Contado;05-10-2026 13:39;;LADYSOFT;Softy;;SOFTY;TOALLA FEMENINA;LAGO PUELO;PAPEL;;;25;JOHANA VIGIL;AXUM;;SOFTYS;False;130941;0;Lista General;AUTOSERVICIO - A;42374;30-09-2026;759-GABRIEL PEREZ;SOFTYS;1;0,00000000;1051,31
6286;"SALLARES 1546";Varela ;2026-10-01;01-10-2026;30-09-2026;FAC-A0001-00342909;Venta;LAGOPUELO S.A;1505688;1,00;15042,56;18201,49;GUO XIU PING;;5,00 %;6;Nieves Alegre;63;RC Sussex clasico mas blanco 50px3/10;15042,56;3392;"";AUTOSERVICIO;AUTOSERVICIO;11729,09;WALTER JANIUK;791,71;$;2;SOFTYS ARGENTINA S.A;0,00000000;0,00;Contado;05-10-2026 13:39;;SUSSEX;Softy;;SOFTY;ROLLO DE COCINA;LAGO PUELO;PAPEL;83;;25;JOHANA VIGIL;AXUM;;SOFTYS;False;130967;0;Lista General;AUTOSERVICIO - A;42375;30-09-2026;759-GABRIEL PEREZ;SOFTYS;1;0,00000000;15042,56
6286;"SALLARES 1546";Varela ;2026-10-01;01-10-2026;30-09-2026;FAC-A0001-00342909;Venta;LAGOPUELO S.A;1505496;35,00;40287,10;48747,39;GUO XIU PING;;0,00 %;6;Nieves Alegre;63;PO ELITE ST CON ALGODON X10 PACK 6;1151,06;3392;"";AUTOSERVICIO;AUTOSERVICIO;27784,40;WALTER JANIUK;0,00;$;2;SOFTYS ARGENTINA S.A;0,00000000;0,00;Contado;05-10-2026 13:39;;ELITE;Softy;;SOFTY;PAÒUELOS;LAGO PUELO;PAPEL;;;25;JOHANA VIGIL;AXUM;;SOFTYS;False;130967;0;Lista General;AUTOSERVICIO - A;42375;30-09-2026;759-GABRIEL PEREZ;SOFTYS;1;0,00000000;1151,06
6286;"SALLARES 1546";Varela ;2026-10-01;01-10-2026;30-09-2026;FAC-A0001-00342909;Venta;LAGOPUELO S.A;1509756;10,00;22006,40;26627,74;GUO XIU PING;;0,00 %;6;Nieves Alegre;63;TF UD T/SECA LADYSOFT UL PRT 16u;2200,64;3392;"";AUTOSERVICIO;AUTOSERVICIO;15176,80;WALTER JANIUK;0,00;$;2;SOFTYS ARGENTINA S.A;0,00000000;0,00;Contado;05-10-2026 13:39;;LADYSOFT;Softy;;SOFTY;TOALLA FEMENINA;LAGO PUELO;PAPEL;;;25;JOHANA VIGIL;AXUM;;SOFTYS;False;130967;0;Lista General;AUTOSERVICIO - A;42375;30-09-2026;759-GABRIEL PEREZ;SOFTYS;1;0,00000000;2200,64
6286;"SALLARES 1546";Varela ;2026-10-01;01-10-2026;30-09-2026;FAC-A0001-00342909;Venta;LAGOPUELO S.A;1509765;10,00;15382,80;18613,19;GUO XIU PING;;0,00 %;6;Nieves Alegre;63;TF NORMALT/SUAVE EXT ALG 16x27;1538,28;3392;"";AUTOSERVICIO;AUTOSERVICIO;10608,80;WALTER JANIUK;0,00;$;2;SOFTYS ARGENTINA S.A;0,00000000;0,00;Contado;05-10-2026 13:39;;LADYSOFT;Softy;;SOFTY;TOALLA FEMENINA;LAGO PUELO;PAPEL;;;25;JOHANA VIGIL;AXUM;;SOFTYS;False;130967;0;Lista General;AUTOSERVICIO - A;42375;30-09-2026;759-GABRIEL PEREZ;SOFTYS;1;0,00000000;1538,28
6297;"12 DE OCTUBRE 1445";Varela ;2026-10-01;01-10-2026;30-09-2026;FAC-A0001-00342913;Venta;LAGOPUELO S.A;1503131;20,00;41257,60;49921,70;CAI YUTING;;0,00 %;6;Nieves Alegre;63;TH BABYSEC PREMIUM X45/10;2062,88;3392;"";AUTOSERVICIO;AUTOSERVICIO;28453,60;WALTER JANIUK;0,00;$;2;SOFTYS ARGENTINA S.A;0,00000000;0,00;Contado;05-10-2026 13:39;;BABYSEC;Softy;;SOFTY;TOALLA HUMEDA;LAGO PUELO;PAPEL;;;25;JOHANA VIGIL;AXUM;;SOFTYS;False;131129;0;Lista General;AUTOSERVICIO - A;42379;30-09-2026;759-GABRIEL PEREZ;SOFTYS;1;0,00000000;2062,88
6297;"12 DE OCTUBRE 1445";Varela ;2026-10-01;01-10-2026;30-09-2026;FAC-A0001-00342913;Venta;LAGOPUELO S.A;1503118;24,00;35247,84;42649,89;CAI YUTING;;0,00 %;6;Nieves Alegre;63;TH BABYSEC ULTRA 50/24;1468,66;3392;"";AUTOSERVICIO;AUTOSERVICIO;24308,88;WALTER JANIUK;0,00;$;2;SOFTYS ARGENTINA S.A;0,00000000;0,00;Contado;05-10-2026 13:39;;BABYSEC;;;;;;PAPEL;;;25;JOHANA VIGIL;AXUM;;SOFTYS;False;131129;0;Lista General;AUTOSERVICIO - A;42379;30-09-2026;759-GABRIEL PEREZ;SOFTYS;1;0,00000000;1468,66
6297;"12 DE OCTUBRE 1445";Varela ;2026-10-01;01-10-2026;30-09-2026;FAC-A0001-00342913;Venta;LAGOPUELO S.A;1509761;54,00;39730,50;48073,91;CAI YUTING;;0,00 %;6;Nieves Alegre;63;TF LADYSOFT COMFORT EXT ALGODON 8x54;735,75;3392;"";AUTOSERVICIO;AUTOSERVICIO;27400,14;WALTER JANIUK;0,00;$;2;SOFTYS ARGENTINA S.A;0,00000000;0,00;Contado;05-10-2026 13:39;;LADYSOFT;Softy;;SOFTY;TOALLA FEMENINA;LAGO PUELO;PAPEL;;;25;JOHANA VIGIL;AXUM;;SOFTYS;False;131129;0;Lista General;AUTOSERVICIO - A;42379;30-09-2026;759-GABRIEL PEREZ;SOFTYS;1;0,00000000;735,75
6297;"12 DE OCTUBRE 1445";Varela ;2026-10-01;01-10-2026;30-09-2026;FAC-A0001-00342913;Venta;LAGOPUELO S.A;1509755;40,00;45242,00;54742,82;CAI YUTING;;0,00 %;6;Nieves Alegre;63;TF UD T/SECA LADYSOFT ULTRA PROTECT 8;1131,05;3392;"";AUTOSERVICIO;AUTOSERVICIO;31201,60;WALTER JANIUK;0,00;$;2;SOFTYS ARGENTINA S.A;0,00000000;0,00;Contado;05-10-2026 13:39;;LADYSOFT;Softy;;SOFTY;TOALLA FEMENINA;LAGO PUELO;PAPEL;;;25;JOHANA VIGIL;AXUM;;SOFTYS;False;131129;0;Lista General;AUTOSERVICIO - A;42379;30-09-2026;759-GABRIEL PEREZ;SOFTYS;1;0,00000000;1131,05
6297;"12 DE OCTUBRE 1445";Varela ;2026-10-01;01-10-2026;30-09-2026;FAC-A0001-00342913;Venta;LAGOPUELO S.A;1509756;20,00;44012,80;53255,49;CAI YUTING;;0,00 %;6;Nieves Alegre;63;TF UD T/SECA LADYSOFT UL PRT 16u;2200,64;3392;"";AUTOSERVICIO;AUTOSERVICIO;30353,60;WALTER JANIUK;0,00;$;2;SOFTYS ARGENTINA S.A;0,00000000;0,00;Contado;05-10-2026 13:39;;LADYSOFT;Softy;;SOFTY;TOALLA FEMENINA;LAGO PUELO;PAPEL;;;25;JOHANA VIGIL;AXUM;;SOFTYS;False;131129;0;Lista General;AUTOSERVICIO - A;42379;30-09-2026;759-GABRIEL PEREZ;SOFTYS;1;0,00000000;2200,64
22843;"EVA PERON - (TRADITIONAL TRADE) 4060";FLORENCIO VARELA;2026-10-01;01-10-2026;30-09-2026;FAC-A0001-00342914;Venta;LAGOPUELO S.A;1501553;60,00;1017018,74;1230592,67;WU JINLAN;;31,00 %;6;Nieves Alegre;63;PH HIGIENOL DH PLUS FUSI”N 30M x4/10;16950,31;3392;"";AUTOSERVICIO;Autoservicio A;955552,80;WALTER JANIUK;7615,36;$;2;SOFTYS ARGENTINA S.A;0,00000000;0,00;Contado;05-10-2026 13:39;;HIGIENOL;Softy;;SOFTY;PAPEL HIG;LAGO PUELO;PAPEL;81;;25;JOHANA VIGIL;AXUM;;SOFTYS;False;131183;0;Lista General;Autoservicio A - A;42381;30-09-2026;759-GABRIEL PEREZ;SOFTYS;1;0,00000000;16950,31
6118;"12 DE OCTUBRE 577";Varela ;2026-10-01;01-10-2026;30-09-2026;FAC-A0001-00342915;Venta;LAGOPUELO S.A;1509764;1,00;0,00;0,00;GAO YANG YONG;;100,00 %;6;Nieves Alegre;63;TF NORMAL T/SUAVE EXT ALGODON 8x54;0,00;3392;"Venta modificada el 2026-09-30 17:52:37";AUTOSERVICIO;AUTOSERVICIO;541,05;WALTER JANIUK;784,52;$;2;SOFTYS ARGENTINA S.A;0,00000000;0,00;Contado;05-10-2026 13:39;;LADYSOFT;Softy;;SOFTY;TOALLA FEMENINA;LAGO PUELO;PAPEL;65;;25;JOHANA VIGIL;AXUM;;SOFTYS;False;131208;0;Lista General;AUTOSERVICIO - A;42382;30-09-2026;759-GABRIEL PEREZ;SOFTYS;1;0,00000000;0,00
6118;"12 DE OCTUBRE 577";Varela ;2026-10-01;01-10-2026;30-09-2026;FAC-A0001-00342915;Venta;LAGOPUELO S.A;1509764;12,00;9414,24;11391,23;GAO YANG YONG;;0,00 %;6;Nieves Alegre;63;TF NORMAL T/SUAVE EXT ALGODON 8x54;784,52;3392;"Venta modificada el 2026-09-30 17:52:37";AUTOSERVICIO;AUTOSERVICIO;6492,60;WALTER JANIUK;0,00;$;2;SOFTYS ARGENTINA S.A;0,00000000;0,00;Contado;05-10-2026 13:39;;LADYSOFT;Softy;;SOFTY;TOALLA FEMENINA;LAGO PUELO;PAPEL;;;25;JOHANA VIGIL;AXUM;;SOFTYS;False;131208;0;Lista General;AUTOSERVICIO - A;42382;30-09-2026;759-GABRIEL PEREZ;SOFTYS;1;0,00000000;784,52
6118;"12 DE OCTUBRE 577";Varela ;2026-10-01;01-10-2026;30-09-2026;FAC-A0001-00342915;Venta;LAGOPUELO S.A;1509763;12,00;25884,36;31320,08;GAO YANG YONG;;0,00 %;6;Nieves Alegre;63;TF Nocturna EXT ALGODON 16X16;2157,03;3392;"Venta modificada el 2026-09-30 17:52:37";AUTOSERVICIO;AUTOSERVICIO;17851,20;WALTER JANIUK;0,00;$;2;SOFTYS ARGENTINA S.A;0,00000000;0,00;Contado;05-10-2026 13:39;;LADYSOFT;Softy;;SOFTY;TOALLA FEMENINA;LAGO PUELO;PAPEL;;;25;JOHANA VIGIL;AXUM;;SOFTYS;False;131208;0;Lista General;AUTOSERVICIO - A;42382;30-09-2026;759-GABRIEL PEREZ;SOFTYS;1;0,00000000;2157,03
6118;"12 DE OCTUBRE 577";Varela ;2026-10-01;01-10-2026;30-09-2026;FAC-A0001-00342915;Venta;LAGOPUELO S.A;1509762;10,00;11154,10;13496,46;GAO YANG YONG;;0,00 %;6;Nieves Alegre;63;TF NOCTUR EXT A 8x32;1115,41;3392;"Venta modificada el 2026-09-30 17:52:37";AUTOSERVICIO;AUTOSERVICIO;7692,50;WALTER JANIUK;0,00;$;2;SOFTYS ARGENTINA S.A;0,00000000;0,00;Contado;05-10-2026 13:39;;LADYSOFT;Softy;;SOFTY;TOALLA FEMENINA;LAGO PUELO;PAPEL;;;25;JOHANA VIGIL;AXUM;;SOFTYS;False;131208;0;Lista General;AUTOSERVICIO - A;42382;30-09-2026;759-GABRIEL PEREZ;SOFTYS;1;0,00000000;1115,41
6118;"12 DE OCTUBRE 577";Varela ;2026-10-01;01-10-2026;30-09-2026;FAC-A0001-00342915;Venta;LAGOPUELO S.A;1509756;12,00;26407,68;31953,29;GAO YANG YONG;;0,00 %;6;Nieves Alegre;63;TF UD T/SECA LADYSOFT UL PRT 16u;2200,64;3392;"Venta modificada el 2026-09-30 17:52:37";AUTOSERVICIO;AUTOSERVICIO;18212,16;WALTER JANIUK;0,00;$;2;SOFTYS ARGENTINA S.A;0,00000000;0,00;Contado;05-10-2026 13:39;;LADYSOFT;Softy;;SOFTY;TOALLA FEMENINA;LAGO PUELO;PAPEL;;;25;JOHANA VIGIL;AXUM;;SOFTYS;False;131208;0;Lista General;AUTOSERVICIO - A;42382;30-09-2026;759-GABRIEL PEREZ;SOFTYS;1;0,00000000;2200,64
6118;"12 DE OCTUBRE 577";Varela ;2026-10-01;01-10-2026;30-09-2026;FAC-A0001-00342915;Venta;LAGOPUELO S.A;1505496;10,00;11510,60;13927,83;GAO YANG YONG;;0,00 %;6;Nieves Alegre;63;PO ELITE ST CON ALGODON X10 PACK 6;1151,06;3392;"Venta modificada el 2026-09-30 17:52:37";AUTOSERVICIO;AUTOSERVICIO;7938,40;WALTER JANIUK;0,00;$;2;SOFTYS ARGENTINA S.A;0,00000000;0,00;Contado;05-10-2026 13:39;;ELITE;Softy;;SOFTY;PAÒUELOS;LAGO PUELO;PAPEL;;;25;JOHANA VIGIL;AXUM;;SOFTYS;False;131208;0;Lista General;AUTOSERVICIO - A;42382;30-09-2026;759-GABRIEL PEREZ;SOFTYS;1;0,00000000;1151,06
6118;"12 DE OCTUBRE 577";Varela ;2026-10-01;01-10-2026;30-09-2026;FAC-A0001-00342915;Venta;LAGOPUELO S.A;1505434;12,00;16256,52;19670,39;GAO YANG YONG;;0,00 %;6;Nieves Alegre;63;PO FACIALES ELITE BOX SOFT TOUCH x90;1354,71;3392;"Venta modificada el 2026-09-30 17:52:37";AUTOSERVICIO;AUTOSERVICIO;11211,36;WALTER JANIUK;0,00;$;2;SOFTYS ARGENTINA S.A;0,00000000;0,00;Contado;05-10-2026 13:39;;ELITE;Softy;;SOFTY;PAÒUELOS;LAGO PUELO;PAPEL;;;25;JOHANA VIGIL;AXUM;;SOFTYS;False;131208;0;Lista General;AUTOSERVICIO - A;42382;30-09-2026;759-GABRIEL PEREZ;SOFTYS;1;0,00000000;1354,71
6118;"12 DE OCTUBRE 577";Varela ;2026-10-01;01-10-2026;30-09-2026;FAC-A0001-00342915;Venta;LAGOPUELO S.A;1505411;12,00;16786,92;20312,17;GAO YANG YONG;;0,00 %;6;Nieves Alegre;63;P— ELITE FACIALES DISNEY x90/36;1398,91;3392;"Venta modificada el 2026-09-30 17:52:37";AUTOSERVICIO;AUTOSERVICIO;11577,24;WALTER JANIUK;0,00;$;2;SOFTYS ARGENTINA S.A;0,00000000;0,00;Contado;05-10-2026 13:39;;ELITE;Softy;;SOFTY;PAÒUELOS;LAGO PUELO;PAPEL;;;25;JOHANA VIGIL;AXUM;;SOFTYS;False;131208;0;Lista General;AUTOSERVICIO - A;42382;30-09-2026;759-GABRIEL PEREZ;SOFTYS;1;0,00000000;1398,91
22843;"EVA PERON - (TRADITIONAL TRADE) 4060";FLORENCIO VARELA;2026-10-01;01-10-2026;30-09-2026;FAC-A0001-00342917;Venta;LAGOPUELO S.A;1503118;24,00;35247,84;42649,89;WU JINLAN;;0,00 %;6;Nieves Alegre;63;TH BABYSEC ULTRA 50/24;1468,66;3392;"";AUTOSERVICIO;Autoservicio A;24308,88;WALTER JANIUK;0,00;$;2;SOFTYS ARGENTINA S.A;0,00000000;0,00;Contado;05-10-2026 13:39;;BABYSEC;;;;;;PAPEL;;;25;JOHANA VIGIL;AXUM;;SOFTYS;False;131228;0;Lista General;Autoservicio A - A;42384;30-09-2026;759-GABRIEL PEREZ;SOFTYS;1;0,00000000;1468,66
5333;"EVA PERON 4112";FLORENCIO VARELA;2026-10-01;01-10-2026;30-09-2026;FAC-A0001-00342920;Venta;LAGOPUELO S.A;1505776;90,00;117033,30;141610,29;ALBERTO CRAVINO††††††††††††;;0,00 %;6;Nieves Alegre;63;SE SUSSEX HS 30X30 BLANCA X80;1300,37;3392;"";AUTOSERVICIO;AUTOSERVICIO;86691,60;WALTER JANIUK;0,00;$;2;SOFTYS ARGENTINA S.A;0,00000000;0,00;Contado;05-10-2026 13:39;;SUSSEX;Softy;;SOFTY;SERVILLETA;LAGO PUELO;PAPEL;;;25;JOHANA VIGIL;AXUM;;SOFTYS;False;131252;0;Lista General;AUTOSERVICIO - A;42388;30-09-2026;759-GABRIEL PEREZ;SOFTYS;1;0,00000000;1300,37
5333;"EVA PERON 4112";FLORENCIO VARELA;2026-10-01;01-10-2026;30-09-2026;FAC-A0001-00342920;Venta;LAGOPUELO S.A;1505774;42,00;86886,24;105132,35;ALBERTO CRAVINO††††††††††††;;0,00 %;6;Nieves Alegre;63;SE SUSSEX HS 30x30 BLANCA x140/21;2068,72;3392;"";AUTOSERVICIO;AUTOSERVICIO;64359,96;WALTER JANIUK;0,00;$;2;SOFTYS ARGENTINA S.A;0,00000000;0,00;Contado;05-10-2026 13:39;;SUSSEX;Softy;;SOFTY;SERVILLETA;LAGO PUELO;PAPEL;;;25;JOHANA VIGIL;AXUM;;SOFTYS;False;131252;0;Lista General;AUTOSERVICIO - A;42388;30-09-2026;759-GABRIEL PEREZ;SOFTYS;1;0,00000000;2068,72
5333;"EVA PERON 4112";FLORENCIO VARELA;2026-10-01;01-10-2026;30-09-2026;FAC-A0001-00342920;Venta;LAGOPUELO S.A;1503118;24,00;35247,84;42649,89;ALBERTO CRAVINO††††††††††††;;0,00 %;6;Nieves Alegre;63;TH BABYSEC ULTRA 50/24;1468,66;3392;"";AUTOSERVICIO;AUTOSERVICIO;24308,88;WALTER JANIUK;0,00;$;2;SOFTYS ARGENTINA S.A;0,00000000;0,00;Contado;05-10-2026 13:39;;BABYSEC;;;;;;PAPEL;;;25;JOHANA VIGIL;AXUM;;SOFTYS;False;131252;0;Lista General;AUTOSERVICIO - A;42388;30-09-2026;759-GABRIEL PEREZ;SOFTYS;1;0,00000000;1468,66
5192;"PTE. PERON 347";FLORENCIO VARELA;2026-10-01;01-10-2026;30-09-2026;FAC-A0001-00342922;Venta;LAGOPUELO S.A;1509763;12,00;25884,36;31320,08;LATITUD 3502 SRL†††††††††††;;0,00 %;6;Nieves Alegre;63;TF Nocturna EXT ALGODON 16X16;2157,03;3392;"";AUTOSERVICIO;AUTOSERVICIO;17851,20;WALTER JANIUK;0,00;$;2;SOFTYS ARGENTINA S.A;0,00000000;0,00;Contado;05-10-2026 13:39;;LADYSOFT;Softy;;SOFTY;TOALLA FEMENINA;LAGO PUELO;PAPEL;;;25;JOHANA VIGIL;AXUM;;SOFTYS;False;131325;0;Lista General;AUTOSERVICIO - A;42392;30-09-2026;759-GABRIEL PEREZ;SOFTYS;1;0,00000000;2157,03
5192;"PTE. PERON 347";FLORENCIO VARELA;2026-10-01;01-10-2026;30-09-2026;FAC-A0001-00342922;Venta;LAGOPUELO S.A;1509762;12,00;13384,92;16195,75;LATITUD 3502 SRL†††††††††††;;0,00 %;6;Nieves Alegre;63;TF NOCTUR EXT A 8x32;1115,41;3392;"";AUTOSERVICIO;AUTOSERVICIO;9231,00;WALTER JANIUK;0,00;$;2;SOFTYS ARGENTINA S.A;0,00000000;0,00;Contado;05-10-2026 13:39;;LADYSOFT;Softy;;SOFTY;TOALLA FEMENINA;LAGO PUELO;PAPEL;;;25;JOHANA VIGIL;AXUM;;SOFTYS;False;131325;0;Lista General;AUTOSERVICIO - A;42392;30-09-2026;759-GABRIEL PEREZ;SOFTYS;1;0,00000000;1115,41
5192;"PTE. PERON 347";FLORENCIO VARELA;2026-10-01;01-10-2026;30-09-2026;FAC-A0001-00342922;Venta;LAGOPUELO S.A;1504289;8,00;79130,74;95748,19;LATITUD 3502 SRL†††††††††††;;10,00 %;6;Nieves Alegre;63;PLBABYSEC PREM SOFTXXG x30/4;9891,34;3392;"";AUTOSERVICIO;AUTOSERVICIO;65128,16;WALTER JANIUK;1099,04;$;2;SOFTYS ARGENTINA S.A;0,00000000;0,00;Contado;05-10-2026 13:39;;BABYSEC;Softy;;SOFTY;PAÒAL;LAGO PUELO;PAPEL;;;25;JOHANA VIGIL;AXUM;;SOFTYS;False;131325;0;Lista General;AUTOSERVICIO - A;42392;30-09-2026;759-GABRIEL PEREZ;SOFTYS;1;0,00000000;9891,34
5069;"LA PULPERIA 1120";Florencio Varela;2026-10-01;01-10-2026;30-09-2026;FAC-A0001-00342924;Venta;LAGOPUELO S.A;1509764;1,00;0,00;0,00;YU PAULA;;100,00 %;7;Myrian Lertora;73;TF NORMAL T/SUAVE EXT ALGODON 8x54;0,00;3392;"";AUTOSERVICIO;AUTOSERVICIO;541,05;WALTER JANIUK;784,52;$;2;SOFTYS ARGENTINA S.A;0,00000000;0,00;Contado;05-10-2026 13:39;;LADYSOFT;Softy;;SOFTY;TOALLA FEMENINA;LAGO PUELO;PAPEL;65;;25;JOHANA VIGIL;AXUM;;SOFTYS;False;131364;0;Lista General;AUTOSERVICIO - A;42394;30-09-2026;759-GABRIEL PEREZ;SOFTYS;1;0,00000000;0,00
5069;"LA PULPERIA 1120";Florencio Varela;2026-10-01;01-10-2026;30-09-2026;FAC-A0001-00342924;Venta;LAGOPUELO S.A;1501554;1,00;26579,76;32161,51;YU PAULA;;0,00 %;7;Myrian Lertora;73;PH HIGIENOL DH BALANCE 30M X4/10;26579,76;3392;"";AUTOSERVICIO;AUTOSERVICIO;18330,87;WALTER JANIUK;0,00;$;2;SOFTYS ARGENTINA S.A;0,00000000;0,00;Contado;05-10-2026 13:39;;HIGIENOL;Softy;;SOFTY;PAPEL HIG;LAGO PUELO;PAPEL;;;25;JOHANA VIGIL;AXUM;;SOFTYS;False;131364;0;Lista General;AUTOSERVICIO - A;42394;30-09-2026;759-GABRIEL PEREZ;SOFTYS;1;0,00000000;26579,76
5069;"LA PULPERIA 1120";Florencio Varela;2026-10-01;01-10-2026;30-09-2026;FAC-A0001-00342924;Venta;LAGOPUELO S.A;1501553;60,00;1017018,74;1230592,67;YU PAULA;;31,00 %;7;Myrian Lertora;73;PH HIGIENOL DH PLUS FUSI”N 30M x4/10;16950,31;3392;"";AUTOSERVICIO;AUTOSERVICIO;955552,80;WALTER JANIUK;7615,36;$;2;SOFTYS ARGENTINA S.A;0,00000000;0,00;Contado;05-10-2026 13:39;;HIGIENOL;Softy;;SOFTY;PAPEL HIG;LAGO PUELO;PAPEL;81;;25;JOHANA VIGIL;AXUM;;SOFTYS;False;131364;0;Lista General;AUTOSERVICIO - A;42394;30-09-2026;759-GABRIEL PEREZ;SOFTYS;1;0,00000000;16950,31
5069;"LA PULPERIA 1120";Florencio Varela;2026-10-01;01-10-2026;30-09-2026;FAC-A0001-00342924;Venta;LAGOPUELO S.A;1509764;12,00;9414,24;11391,23;YU PAULA;;0,00 %;7;Myrian Lertora;73;TF NORMAL T/SUAVE EXT ALGODON 8x54;784,52;3392;"";AUTOSERVICIO;AUTOSERVICIO;6492,60;WALTER JANIUK;0,00;$;2;SOFTYS ARGENTINA S.A;0,00000000;0,00;Contado;05-10-2026 13:39;;LADYSOFT;Softy;;SOFTY;TOALLA FEMENINA;LAGO PUELO;PAPEL;;;25;JOHANA VIGIL;AXUM;;SOFTYS;False;131364;0;Lista General;AUTOSERVICIO - A;42394;30-09-2026;759-GABRIEL PEREZ;SOFTYS;1;0,00000000;784,52
5069;"LA PULPERIA 1120";Florencio Varela;2026-10-01;01-10-2026;30-09-2026;FAC-A0001-00342924;Venta;LAGOPUELO S.A;1509765;12,00;18459,36;22335,83;YU PAULA;;0,00 %;7;Myrian Lertora;73;TF NORMALT/SUAVE EXT ALG 16x27;1538,28;3392;"";AUTOSERVICIO;AUTOSERVICIO;12730,56;WALTER JANIUK;0,00;$;2;SOFTYS ARGENTINA S.A;0,00000000;0,00;Contado;05-10-2026 13:39;;LADYSOFT;Softy;;SOFTY;TOALLA FEMENINA;LAGO PUELO;PAPEL;;;25;JOHANA VIGIL;AXUM;;SOFTYS;False;131364;0;Lista General;AUTOSERVICIO - A;42394;30-09-2026;759-GABRIEL PEREZ;SOFTYS;1;0,00000000;1538,28
5069;"LA PULPERIA 1120";Florencio Varela;2026-10-01;01-10-2026;30-09-2026;FAC-A0001-00342924;Venta;LAGOPUELO S.A;1509766;12,00;10173,36;12309,77;YU PAULA;;0,00 %;7;Myrian Lertora;73;TF T/SECA NORMAL MAS PROTECC 8x54;847,78;3392;"";AUTOSERVICIO;AUTOSERVICIO;7016,16;WALTER JANIUK;0,00;$;2;SOFTYS ARGENTINA S.A;0,00000000;0,00;Contado;05-10-2026 13:39;;LADYSOFT;Softy;;SOFTY;TOALLA FEMENINA;LAGO PUELO;PAPEL;;;25;JOHANA VIGIL;AXUM;;SOFTYS;False;131364;0;Lista General;AUTOSERVICIO - A;42394;30-09-2026;759-GABRIEL PEREZ;SOFTYS;1;0,00000000;847,78
5069;"LA PULPERIA 1120";Florencio Varela;2026-10-01;01-10-2026;30-09-2026;FAC-A0001-00342924;Venta;LAGOPUELO S.A;1509762;12,00;13384,92;16195,75;YU PAULA;;0,00 %;7;Myrian Lertora;73;TF NOCTUR EXT A 8x32;1115,41;3392;"";AUTOSERVICIO;AUTOSERVICIO;9231,00;WALTER JANIUK;0,00;$;2;SOFTYS ARGENTINA S.A;0,00000000;0,00;Contado;05-10-2026 13:39;;LADYSOFT;Softy;;SOFTY;TOALLA FEMENINA;LAGO PUELO;PAPEL;;;25;JOHANA VIGIL;AXUM;;SOFTYS;False;131364;0;Lista General;AUTOSERVICIO - A;42394;30-09-2026;759-GABRIEL PEREZ;SOFTYS;1;0,00000000;1115,41
5069;"LA PULPERIA 1120";Florencio Varela;2026-10-01;01-10-2026;30-09-2026;FAC-A0001-00342924;Venta;LAGOPUELO S.A;1509763;12,00;25884,36;31320,08;YU PAULA;;0,00 %;7;Myrian Lertora;73;TF Nocturna EXT ALGODON 16X16;2157,03;3392;"";AUTOSERVICIO;AUTOSERVICIO;17851,20;WALTER JANIUK;0,00;$;2;SOFTYS ARGENTINA S.A;0,00000000;0,00;Contado;05-10-2026 13:39;;LADYSOFT;Softy;;SOFTY;TOALLA FEMENINA;LAGO PUELO;PAPEL;;;25;JOHANA VIGIL;AXUM;;SOFTYS;False;131364;0;Lista General;AUTOSERVICIO - A;42394;30-09-2026;759-GABRIEL PEREZ;SOFTYS;1;0,00000000;2157,03
5069;"LA PULPERIA 1120";Florencio Varela;2026-10-01;01-10-2026;30-09-2026;FAC-A0001-00342924;Venta;LAGOPUELO S.A;1509755;12,00;13572,60;16422,85;YU PAULA;;0,00 %;7;Myrian Lertora;73;TF UD T/SECA LADYSOFT ULTRA PROTECT 8;1131,05;3392;"";AUTOSERVICIO;AUTOSERVICIO;9360,48;WALTER JANIUK;0,00;$;2;SOFTYS ARGENTINA S.A;0,00000000;0,00;Contado;05-10-2026 13:39;;LADYSOFT;Softy;;SOFTY;TOALLA FEMENINA;LAGO PUELO;PAPEL;;;25;JOHANA VIGIL;AXUM;;SOFTYS;False;131364;0;Lista General;AUTOSERVICIO - A;42394;30-09-2026;759-GABRIEL PEREZ;SOFTYS;1;0,00000000;1131,05
5069;"LA PULPERIA 1120";Florencio Varela;2026-10-01;01-10-2026;30-09-2026;FAC-A0001-00342924;Venta;LAGOPUELO S.A;1509756;12,00;26407,68;31953,29;YU PAULA;;0,00 %;7;Myrian Lertora;73;TF UD T/SECA LADYSOFT UL PRT 16u;2200,64;3392;"";AUTOSERVICIO;AUTOSERVICIO;18212,16;WALTER JANIUK;0,00;$;2;SOFTYS ARGENTINA S.A;0,00000000;0,00;Contado;05-10-2026 13:39;;LADYSOFT;Softy;;SOFTY;TOALLA FEMENINA;LAGO PUELO;PAPEL;;;25;JOHANA VIGIL;AXUM;;SOFTYS;False;131364;0;Lista General;AUTOSERVICIO - A;42394;30-09-2026;759-GABRIEL PEREZ;SOFTYS;1;0,00000000;2200,64
5069;"LA PULPERIA 1120";Florencio Varela;2026-10-01;01-10-2026;30-09-2026;FAC-A0001-00342924;Venta;LAGOPUELO S.A;1509749;12,00;14845,92;17963,56;YU PAULA;;0,00 %;7;Myrian Lertora;73;PD ladysoft clasicos 20x30;1237,16;3392;"";AUTOSERVICIO;AUTOSERVICIO;10238,52;WALTER JANIUK;0,00;$;2;SOFTYS ARGENTINA S.A;0,00000000;0,00;Contado;05-10-2026 13:39;;LADYSOFT;Softy;;SOFTY;PROTECTOR DIARIO;LAGO PUELO;PAPEL;;;25;JOHANA VIGIL;AXUM;;SOFTYS;False;131364;0;Lista General;AUTOSERVICIO - A;42394;30-09-2026;759-GABRIEL PEREZ;SOFTYS;1;0,00000000;1237,16
5069;"LA PULPERIA 1120";Florencio Varela;2026-10-01;01-10-2026;30-09-2026;FAC-A0001-00342924;Venta;LAGOPUELO S.A;1509750;12,00;39072,48;47277,70;YU PAULA;;0,00 %;7;Myrian Lertora;73;PD LADYSOFT CLASICOS 56x10;3256,04;3392;"";AUTOSERVICIO;AUTOSERVICIO;26946,60;WALTER JANIUK;0,00;$;2;SOFTYS ARGENTINA S.A;0,00000000;0,00;Contado;05-10-2026 13:39;;LADYSOFT;Softy;;SOFTY;PROTECTOR DIARIO;LAGO PUELO;PAPEL;;;25;JOHANA VIGIL;AXUM;;SOFTYS;False;131364;0;Lista General;AUTOSERVICIO - A;42394;30-09-2026;759-GABRIEL PEREZ;SOFTYS;1;0,00000000;3256,04
323025;"BARTOLOME MITRE 654";FLORENCIO VARELA;2026-10-01;01-10-2026;30-09-2026;FAC-A0001-00342926;Venta;LAGOPUELO S.A;1503118;12,00;17623,92;21324,94;WENG FENGMEI;;0,00 %;6;Nieves Alegre;63;TH BABYSEC ULTRA 50/24;1468,66;3392;"";AUTOSERVICIO;AUTOSERVICIO;12154,44;WALTER JANIUK;0,00;$;2;SOFTYS ARGENTINA S.A;0,00000000;0,00;Contado;05-10-2026 13:39;;BABYSEC;;;;;;PAPEL;;;25;JOHANA VIGIL;AXUM;;SOFTYS;False;131376;0;Lista General;AUTOSERVICIO - A;42396;30-09-2026;759-GABRIEL PEREZ;SOFTYS;1;0,00000000;1468,66
323025;"BARTOLOME MITRE 654";FLORENCIO VARELA;2026-10-01;01-10-2026;30-09-2026;FAC-A0001-00342926;Venta;LAGOPUELO S.A;1509768;12,00;10821,72;13094,28;WENG FENGMEI;;0,00 %;6;Nieves Alegre;63;TF NORMAL T/SUAVE PIEL SENSIBLE 8x54;901,81;3392;"";AUTOSERVICIO;AUTOSERVICIO;7463,28;WALTER JANIUK;0,00;$;2;SOFTYS ARGENTINA S.A;0,00000000;0,00;Contado;05-10-2026 13:39;;LADYSOFT;Softy;;SOFTY;TOALLA FEMENINA;LAGO PUELO;PAPEL;;;25;JOHANA VIGIL;AXUM;;SOFTYS;False;131376;0;Lista General;AUTOSERVICIO - A;42396;30-09-2026;759-GABRIEL PEREZ;SOFTYS;1;0,00000000;901,81
5444;"EL ALJIBE 729";FLORENCIO VARELA;2026-10-01;01-10-2026;30-09-2026;FAC-A0001-00342928;Venta;LAGOPUELO S.A;1509764;8,00;6276,16;7594,15;LI JING††††††††††††††;;0,00 %;7;Myrian Lertora;73;TF NORMAL T/SUAVE EXT ALGODON 8x54;784,52;3392;"";AUTOSERVICIO;AUTOSERVICIO;4328,40;WALTER JANIUK;0,00;$;2;SOFTYS ARGENTINA S.A;0,00000000;0,00;Contado;05-10-2026 13:39;;LADYSOFT;Softy;;SOFTY;TOALLA FEMENINA;LAGO PUELO;PAPEL;;;25;JOHANA VIGIL;AXUM;;SOFTYS;False;131432;0;Lista General;AUTOSERVICIO - A;42401;30-09-2026;759-GABRIEL PEREZ;SOFTYS;1;0,00000000;784,52
5444;"EL ALJIBE 729";FLORENCIO VARELA;2026-10-01;01-10-2026;30-09-2026;FAC-A0001-00342928;Venta;LAGOPUELO S.A;1509766;8,00;6782,24;8206,51;LI JING††††††††††††††;;0,00 %;7;Myrian Lertora;73;TF T/SECA NORMAL MAS PROTECC 8x54;847,78;3392;"";AUTOSERVICIO;AUTOSERVICIO;4677,44;WALTER JANIUK;0,00;$;2;SOFTYS ARGENTINA S.A;0,00000000;0,00;Contado;05-10-2026 13:39;;LADYSOFT;Softy;;SOFTY;TOALLA FEMENINA;LAGO PUELO;PAPEL;;;25;JOHANA VIGIL;AXUM;;SOFTYS;False;131432;0;Lista General;AUTOSERVICIO - A;42401;30-09-2026;759-GABRIEL PEREZ;SOFTYS;1;0,00000000;847,78
5444;"EL ALJIBE 729";FLORENCIO VARELA;2026-10-01;01-10-2026;30-09-2026;FAC-A0001-00342928;Venta;LAGOPUELO S.A;1509761;8,00;5886,00;7122,06;LI JING††††††††††††††;;0,00 %;7;Myrian Lertora;73;TF LADYSOFT COMFORT EXT ALGODON 8x54;735,75;3392;"";AUTOSERVICIO;AUTOSERVICIO;4059,28;WALTER JANIUK;0,00;$;2;SOFTYS ARGENTINA S.A;0,00000000;0,00;Contado;05-10-2026 13:39;;LADYSOFT;Softy;;SOFTY;TOALLA FEMENINA;LAGO PUELO;PAPEL;;;25;JOHANA VIGIL;AXUM;;SOFTYS;False;131432;0;Lista General;AUTOSERVICIO - A;42401;30-09-2026;759-GABRIEL PEREZ;SOFTYS;1;0,00000000;735,75
5444;"EL ALJIBE 729";FLORENCIO VARELA;2026-10-01;01-10-2026;30-09-2026;FAC-A0001-00342928;Venta;LAGOPUELO S.A;1509762;8,00;8923,28;10797,17;LI JING††††††††††††††;;0,00 %;7;Myrian Lertora;73;TF NOCTUR EXT A 8x32;1115,41;3392;"";AUTOSERVICIO;AUTOSERVICIO;6154,00;WALTER JANIUK;0,00;$;2;SOFTYS ARGENTINA S.A;0,00000000;0,00;Contado;05-10-2026 13:39;;LADYSOFT;Softy;;SOFTY;TOALLA FEMENINA;LAGO PUELO;PAPEL;;;25;JOHANA VIGIL;AXUM;;SOFTYS;False;131432;0;Lista General;AUTOSERVICIO - A;42401;30-09-2026;759-GABRIEL PEREZ;SOFTYS;1;0,00000000;1115,41
5444;"EL ALJIBE 729";FLORENCIO VARELA;2026-10-01;01-10-2026;30-09-2026;FAC-A0001-00342928;Venta;LAGOPUELO S.A;1509755;8,00;9048,40;10948,56;LI JING††††††††††††††;;0,00 %;7;Myrian Lertora;73;TF UD T/SECA LADYSOFT ULTRA PROTECT 8;1131,05;3392;"";AUTOSERVICIO;AUTOSERVICIO;6240,32;WALTER JANIUK;0,00;$;2;SOFTYS ARGENTINA S.A;0,00000000;0,00;Contado;05-10-2026 13:39;;LADYSOFT;Softy;;SOFTY;TOALLA FEMENINA;LAGO PUELO;PAPEL;;;25;JOHANA VIGIL;AXUM;;SOFTYS;False;131432;0;Lista General;AUTOSERVICIO - A;42401;30-09-2026;759-GABRIEL PEREZ;SOFTYS;1;0,00000000;1131,05
5444;"EL ALJIBE 729";FLORENCIO VARELA;2026-10-01;01-10-2026;30-09-2026;FAC-A0001-00342928;Venta;LAGOPUELO S.A;1509756;8,00;17605,12;21302,20;LI JING††††††††††††††;;0,00 %;7;Myrian Lertora;73;TF UD T/SECA LADYSOFT UL PRT 16u;2200,64;3392;"";AUTOSERVICIO;AUTOSERVICIO;12141,44;WALTER JANIUK;0,00;$;2;SOFTYS ARGENTINA S.A;0,00000000;0,00;Contado;05-10-2026 13:39;;LADYSOFT;Softy;;SOFTY;TOALLA FEMENINA;LAGO PUELO;PAPEL;;;25;JOHANA VIGIL;AXUM;;SOFTYS;False;131432;0;Lista General;AUTOSERVICIO - A;42401;30-09-2026;759-GABRIEL PEREZ;SOFTYS;1;0,00000000;2200,64
5444;"EL ALJIBE 729";FLORENCIO VARELA;2026-10-01;01-10-2026;30-09-2026;FAC-A0001-00342928;Venta;LAGOPUELO S.A;1509758;8,00;8410,48;10176,68;LI JING††††††††††††††;;0,00 %;7;Myrian Lertora;73;TF UD T/SUAVE EXT ALGO 8X40;1051,31;3392;"";AUTOSERVICIO;AUTOSERVICIO;5800,32;WALTER JANIUK;0,00;$;2;SOFTYS ARGENTINA S.A;0,00000000;0,00;Contado;05-10-2026 13:39;;LADYSOFT;Softy;;SOFTY;TOALLA FEMENINA;LAGO PUELO;PAPEL;;;25;JOHANA VIGIL;AXUM;;SOFTYS;False;131432;0;Lista General;AUTOSERVICIO - A;42401;30-09-2026;759-GABRIEL PEREZ;SOFTYS;1;0,00000000;1051,31
5444;"EL ALJIBE 729";FLORENCIO VARELA;2026-10-01;01-10-2026;30-09-2026;FAC-A0001-00342928;Venta;LAGOPUELO S.A;1509759;8,00;16076,72;19452,83;LI JING††††††††††††††;;0,00 %;7;Myrian Lertora;73;TF UD T/SUAVE EXT ALG 16x20;2009,59;3392;"";AUTOSERVICIO;AUTOSERVICIO;11087,44;WALTER JANIUK;0,00;$;2;SOFTYS ARGENTINA S.A;0,00000000;0,00;Contado;05-10-2026 13:39;;LADYSOFT;Softy;;SOFTY;TOALLA FEMENINA;LAGO PUELO;PAPEL;;;25;JOHANA VIGIL;AXUM;;SOFTYS;False;131432;0;Lista General;AUTOSERVICIO - A;42401;30-09-2026;759-GABRIEL PEREZ;SOFTYS;1;0,00000000;2009,59
5146;"ARISTOBULO DEL VALLE - (TRADITIONAL TRADE) 1740";FLORENCIO VARELA;2026-10-01;01-10-2026;30-09-2026;FAC-A0001-00342929;Venta;LAGOPUELO S.A;1509766;4,00;3391,12;4103,26;DUARTE LEONA CONCEPCION††††;;0,00 %;6;Nieves Alegre;63;TF T/SECA NORMAL MAS PROTECC 8x54;847,78;3392;"";AUTOSERVICIO;Autoservicio B;2338,72;WALTER JANIUK;0,00;$;2;SOFTYS ARGENTINA S.A;0,00000000;0,00;Contado;05-10-2026 13:39;;LADYSOFT;Softy;;SOFTY;TOALLA FEMENINA;LAGO PUELO;PAPEL;;;25;JOHANA VIGIL;AXUM;;SOFTYS;False;131443;0;Lista General;Autoservicio B - A;42402;30-09-2026;759-GABRIEL PEREZ;SOFTYS;1;0,00000000;847,78
5146;"ARISTOBULO DEL VALLE - (TRADITIONAL TRADE) 1740";FLORENCIO VARELA;2026-10-01;01-10-2026;30-09-2026;FAC-A0001-00342929;Venta;LAGOPUELO S.A;1509761;4,00;2943,00;3561,03;DUARTE LEONA CONCEPCION††††;;0,00 %;6;Nieves Alegre;63;TF LADYSOFT COMFORT EXT ALGODON 8x54;735,75;3392;"";AUTOSERVICIO;Autoservicio B;2029,64;WALTER JANIUK;0,00;$;2;SOFTYS ARGENTINA S.A;0,00000000;0,00;Contado;05-10-2026 13:39;;LADYSOFT;Softy;;SOFTY;TOALLA FEMENINA;LAGO PUELO;PAPEL;;;25;JOHANA VIGIL;AXUM;;SOFTYS;False;131443;0;Lista General;Autoservicio B - A;42402;30-09-2026;759-GABRIEL PEREZ;SOFTYS;1;0,00000000;735,75
5146;"ARISTOBULO DEL VALLE - (TRADITIONAL TRADE) 1740";FLORENCIO VARELA;2026-10-01;01-10-2026;30-09-2026;FAC-A0001-00342929;Venta;LAGOPUELO S.A;1509764;4,00;3138,08;3797,08;DUARTE LEONA CONCEPCION††††;;0,00 %;6;Nieves Alegre;63;TF NORMAL T/SUAVE EXT ALGODON 8x54;784,52;3392;"";AUTOSERVICIO;Autoservicio B;2164,20;WALTER JANIUK;0,00;$;2;SOFTYS ARGENTINA S.A;0,00000000;0,00;Contado;05-10-2026 13:39;;LADYSOFT;Softy;;SOFTY;TOALLA FEMENINA;LAGO PUELO;PAPEL;;;25;JOHANA VIGIL;AXUM;;SOFTYS;False;131443;0;Lista General;Autoservicio B - A;42402;30-09-2026;759-GABRIEL PEREZ;SOFTYS;1;0,00000000;784,52
23984;"EL ALJIBE - (TRADITIONAL TRADE) 560";FLORENCIO VARELA;2026-10-01;01-10-2026;30-09-2026;FAC-A0001-00342931;Venta;LAGOPUELO S.A;1509764;1,00;0,00;0,00;NORMA BEATRIZ BENITEZ;;100,00 %;7;Myrian Lertora;73;TF NORMAL T/SUAVE EXT ALGODON 8x54;0,00;3392;"";Farmacias y PerfumerÌas;Perfumeria;541,05;WALTER JANIUK;784,52;$;2;SOFTYS ARGENTINA S.A;0,00000000;0,00;Contado;05-10-2026 13:39;;LADYSOFT;Softy;;SOFTY;TOALLA FEMENINA;LAGO PUELO;PAPEL;65;;25;JOHANA VIGIL;AXUM;;SOFTYS;False;131451;0;Lista General;Perfumeria - A;42404;30-09-2026;759-GABRIEL PEREZ;SOFTYS;1;0,00000000;0,00
23984;"EL ALJIBE - (TRADITIONAL TRADE) 560";FLORENCIO VARELA;2026-10-01;01-10-2026;30-09-2026;FAC-A0001-00342931;Venta;LAGOPUELO S.A;1505688;1,00;15042,56;18201,49;NORMA BEATRIZ BENITEZ;;5,00 %;7;Myrian Lertora;73;RC Sussex clasico mas blanco 50px3/10;15042,56;3392;"";Farmacias y PerfumerÌas;Perfumeria;11729,09;WALTER JANIUK;791,71;$;2;SOFTYS ARGENTINA S.A;0,00000000;0,00;Contado;05-10-2026 13:39;;SUSSEX;Softy;;SOFTY;ROLLO DE COCINA;LAGO PUELO;PAPEL;83;;25;JOHANA VIGIL;AXUM;;SOFTYS;False;131451;0;Lista General;Perfumeria - A;42404;30-09-2026;759-GABRIEL PEREZ;SOFTYS;1;0,00000000;15042,56
23984;"EL ALJIBE - (TRADITIONAL TRADE) 560";FLORENCIO VARELA;2026-10-01;01-10-2026;30-09-2026;FAC-A0001-00342931;Venta;LAGOPUELO S.A;1509755;15,00;16965,75;20528,56;NORMA BEATRIZ BENITEZ;;0,00 %;7;Myrian Lertora;73;TF UD T/SECA LADYSOFT ULTRA PROTECT 8;1131,05;3392;"";Farmacias y PerfumerÌas;Perfumeria;11700,60;WALTER JANIUK;0,00;$;2;SOFTYS ARGENTINA S.A;0,00000000;0,00;Contado;05-10-2026 13:39;;LADYSOFT;Softy;;SOFTY;TOALLA FEMENINA;LAGO PUELO;PAPEL;;;25;JOHANA VIGIL;AXUM;;SOFTYS;False;131451;0;Lista General;Perfumeria - A;42404;30-09-2026;759-GABRIEL PEREZ;SOFTYS;1;0,00000000;1131,05
23984;"EL ALJIBE - (TRADITIONAL TRADE) 560";FLORENCIO VARELA;2026-10-01;01-10-2026;30-09-2026;FAC-A0001-00342931;Venta;LAGOPUELO S.A;1509764;15,00;11767,80;14239,04;NORMA BEATRIZ BENITEZ;;0,00 %;7;Myrian Lertora;73;TF NORMAL T/SUAVE EXT ALGODON 8x54;784,52;3392;"";Farmacias y PerfumerÌas;Perfumeria;8115,75;WALTER JANIUK;0,00;$;2;SOFTYS ARGENTINA S.A;0,00000000;0,00;Contado;05-10-2026 13:39;;LADYSOFT;Softy;;SOFTY;TOALLA FEMENINA;LAGO PUELO;PAPEL;;;25;JOHANA VIGIL;AXUM;;SOFTYS;False;131451;0;Lista General;Perfumeria - A;42404;30-09-2026;759-GABRIEL PEREZ;SOFTYS;1;0,00000000;784,52
5949;"MAIPU 1667";9 de abril;2026-10-01;01-10-2026;30-09-2026;FAC-A0001-00342933;Venta;LAGOPUELO S.A;1501627;240,00;2550055,62;3085567,30;MIGUEL GOMEZ;;5,10 %;076;Martin Di Giorno;0761;PH Higienol HS Balanced 20mx4/12;10625,23;3418;"";MAYORISTA;MAYORISTA;2277201,60;HERNAN RIVERO;571,01;$;2;SOFTYS ARGENTINA S.A;0,00000000;0,00;Contado;01-10-2026 10:30;;HIGIENOL;Softy;;SOFTY;PAPEL HIG;LAGO PUELO;PAPEL;;;300;Bruno Centurion;AXUM;;SOFTYS;False;131470;0;Mayorista;MAYORISTA - C;42028;30-09-2026;1638-JAVIER LINARES;SOFTYS;1;0,00000000;10625,23
5949;"MAIPU 1667";9 de abril;2026-10-01;01-10-2026;30-09-2026;FAC-A0001-00342933;Venta;LAGOPUELO S.A;1501553;120,00;1983502,46;2400037,98;MIGUEL GOMEZ;;17,32 %;076;Martin Di Giorno;0761;PH HIGIENOL DH PLUS FUSI”N 30M x4/10;16529,19;3418;"";MAYORISTA;MAYORISTA;1911105,60;HERNAN RIVERO;3462,57;$;2;SOFTYS ARGENTINA S.A;0,00000000;0,00;Contado;01-10-2026 10:30;;HIGIENOL;Softy;;SOFTY;PAPEL HIG;LAGO PUELO;PAPEL;;;300;Bruno Centurion;AXUM;;SOFTYS;False;131470;0;Mayorista;MAYORISTA - C;42028;30-09-2026;1638-JAVIER LINARES;SOFTYS;1;0,00000000;16529,19
23774;"LA CALANDRIA - (KIOSCOS/MAXI) 50";ESTEBAN ECHEVERR√¬çA;2026-10-01;01-10-2026;29-09-2026;FAC-B0001-00018616;Venta;LAGOPUELO S.A;1509762;10,00;11154,10;13496,46;BENITEZ TERESA;;0,00 %;064;Karina Fernandez;0642;TF NOCTUR EXT A 8x32;1115,41;3395;"";ALMACEN;ALMACEN;7692,50;LEONARDO SANTA CRUZ;0,00;$;2;SOFTYS ARGENTINA S.A;0,00000000;0,00;Contado;06-10-2026 09:26;;LADYSOFT;Softy;;SOFTY;TOALLA FEMENINA;LAGO PUELO;PAPEL;;;300;Bruno Centurion;AXUM;;SOFTYS;False;130520;0;Lista General;ALMACEN - A;42062;30-09-2026;5553-JORGE MONZON;SOFTYS;1;0,00000000;1115,41
23773;"EL CEIBO - (TRADICIONAL) 189";ESTEBAN ECHEVERR√¬çA;2026-10-01;01-10-2026;29-09-2026;FAC-B0001-00018617;Venta;LAGOPUELO S.A;1501553;1,00;18915,57;22887,83;CLERI FRANCISCO;;23,00 %;064;Karina Fernandez;0642;PH HIGIENOL DH PLUS FUSI”N 30M x4/10;18915,57;3395;"";Otros;SIN SUB;15925,88;LEONARDO SANTA CRUZ;5650,10;$;2;SOFTYS ARGENTINA S.A;0,00000000;0,00;Contado;06-10-2026 09:26;;HIGIENOL;Softy;;SOFTY;PAPEL HIG;LAGO PUELO;PAPEL;81;;300;Bruno Centurion;AXUM;;SOFTYS;False;130543;0;Lista General;SIN SUB - A;42066;30-09-2026;5553-JORGE MONZON;SOFTYS;1;0,00000000;18915,57
23773;"EL CEIBO - (TRADICIONAL) 189";ESTEBAN ECHEVERR√¬çA;2026-10-01;01-10-2026;29-09-2026;FAC-B0001-00018617;Venta;LAGOPUELO S.A;1509232;1,00;13167,71;15932,93;CLERI FRANCISCO;;0,00 %;064;Karina Fernandez;0642;RC NOBLE 40P x3/10;13167,71;3395;"";Otros;SIN SUB;9753,86;LEONARDO SANTA CRUZ;0,00;$;2;SOFTYS ARGENTINA S.A;0,00000000;0,00;Contado;06-10-2026 09:26;;NOBLE;Softy;;SOFTY;ROLLO DE COCINA;LAGO PUELO;PAPEL;;;300;Bruno Centurion;AXUM;;SOFTYS;False;130543;0;Lista General;SIN SUB - A;42066;30-09-2026;5553-JORGE MONZON;SOFTYS;1;0,00000000;13167,71
23662;"EVITA - (PERFUMERIA) 633";EL JAGUEL;2026-10-01;01-10-2026;29-09-2026;FAC-B0001-00018620;Venta;LAGOPUELO S.A;1501553;4,00;75662,26;91551,34;ELIZABETH BUSTAMANTE;;23,00 %;064;Karina Fernandez;0642;PH HIGIENOL DH PLUS FUSI”N 30M x4/10;18915,57;3395;"";Farmacias y PerfumerÌas;Perfumeria;63703,52;LEONARDO SANTA CRUZ;5650,10;$;2;SOFTYS ARGENTINA S.A;0,00000000;0,00;Contado;06-10-2026 09:26;;HIGIENOL;Softy;;SOFTY;PAPEL HIG;LAGO PUELO;PAPEL;81;;300;Bruno Centurion;AXUM;;SOFTYS;False;130646;0;Lista General;Perfumeria - A;42071;30-09-2026;5553-JORGE MONZON;SOFTYS;1;0,00000000;18915,57
22942;"roman bravo 477";ALTE BROWN;2026-10-01;01-10-2026;30-09-2026;FAC-B0001-00018623;Venta;LAGOPUELO S.A;1509764;1,00;0,00;0,00;CALLEJAS PAULINA;;100,00 %;056;Ezequiel Ferreira;0563;TF NORMAL T/SUAVE EXT ALGODON 8x54;0,00;3398;"";ALMACEN;ALMACEN;541,05;NAHUEL MONTOYA;784,52;$;2;SOFTYS ARGENTINA S.A;0,00000000;0,00;Contado;02-10-2026 09:39;;LADYSOFT;Softy;;SOFTY;TOALLA FEMENINA;LAGO PUELO;PAPEL;65;;300;Bruno Centurion;AXUM;;SOFTYS;False;131042;0;Lista General;ALMACEN - A;42408;30-09-2026;509-LUCAS GODOY;SOFTYS;1;0,00000000;0,00
22942;"roman bravo 477";ALTE BROWN;2026-10-01;01-10-2026;30-09-2026;FAC-B0001-00018623;Venta;LAGOPUELO S.A;1504079;6,00;13416,66;16234,16;CALLEJAS PAULINA;;0,00 %;056;Ezequiel Ferreira;0563;PL BABYSEC ULTRASOFT XXG 8/15;2236,11;3398;"";ALMACEN;ALMACEN;9938,28;NAHUEL MONTOYA;0,00;$;2;SOFTYS ARGENTINA S.A;0,00000000;0,00;Contado;02-10-2026 09:39;;BABYSEC;Softy;;SOFTY;PAÒAL;LAGO PUELO;PAPEL;;;300;Bruno Centurion;AXUM;;SOFTYS;False;131042;0;Lista General;ALMACEN - A;42408;30-09-2026;509-LUCAS GODOY;SOFTYS;1;0,00000000;2236,11
22942;"roman bravo 477";ALTE BROWN;2026-10-01;01-10-2026;30-09-2026;FAC-B0001-00018623;Venta;LAGOPUELO S.A;1505496;6,00;6906,36;8356,70;CALLEJAS PAULINA;;0,00 %;056;Ezequiel Ferreira;0563;PO ELITE ST CON ALGODON X10 PACK 6;1151,06;3398;"";ALMACEN;ALMACEN;4763,04;NAHUEL MONTOYA;0,00;$;2;SOFTYS ARGENTINA S.A;0,00000000;0,00;Contado;02-10-2026 09:39;;ELITE;Softy;;SOFTY;PAÒUELOS;LAGO PUELO;PAPEL;;;300;Bruno Centurion;AXUM;;SOFTYS;False;131042;0;Lista General;ALMACEN - A;42408;30-09-2026;509-LUCAS GODOY;SOFTYS;1;0,00000000;1151,06
22942;"roman bravo 477";ALTE BROWN;2026-10-01;01-10-2026;30-09-2026;FAC-B0001-00018623;Venta;LAGOPUELO S.A;1509764;10,00;7845,20;9492,69;CALLEJAS PAULINA;;0,00 %;056;Ezequiel Ferreira;0563;TF NORMAL T/SUAVE EXT ALGODON 8x54;784,52;3398;"";ALMACEN;ALMACEN;5410,50;NAHUEL MONTOYA;0,00;$;2;SOFTYS ARGENTINA S.A;0,00000000;0,00;Contado;02-10-2026 09:39;;LADYSOFT;Softy;;SOFTY;TOALLA FEMENINA;LAGO PUELO;PAPEL;;;300;Bruno Centurion;AXUM;;SOFTYS;False;131042;0;Lista General;ALMACEN - A;42408;30-09-2026;509-LUCAS GODOY;SOFTYS;1;0,00000000;784,52
22942;"roman bravo 477";ALTE BROWN;2026-10-01;01-10-2026;30-09-2026;FAC-B0001-00018623;Venta;LAGOPUELO S.A;1509749;6,00;7422,96;8981,78;CALLEJAS PAULINA;;0,00 %;056;Ezequiel Ferreira;0563;PD ladysoft clasicos 20x30;1237,16;3398;"";ALMACEN;ALMACEN;5119,26;NAHUEL MONTOYA;0,00;$;2;SOFTYS ARGENTINA S.A;0,00000000;0,00;Contado;02-10-2026 09:39;;LADYSOFT;Softy;;SOFTY;PROTECTOR DIARIO;LAGO PUELO;PAPEL;;;300;Bruno Centurion;AXUM;;SOFTYS;False;131042;0;Lista General;ALMACEN - A;42408;30-09-2026;509-LUCAS GODOY;SOFTYS;1;0,00000000;1237,16
22942;"roman bravo 477";ALTE BROWN;2026-10-01;01-10-2026;30-09-2026;FAC-B0001-00018623;Venta;LAGOPUELO S.A;1501627;1,00;12977,20;15702,42;CALLEJAS PAULINA;;3,00 %;056;Ezequiel Ferreira;0563;PH Higienol HS Balanced 20mx4/12;12977,20;3398;"";ALMACEN;ALMACEN;9488,34;NAHUEL MONTOYA;401,36;$;2;SOFTYS ARGENTINA S.A;0,00000000;0,00;Contado;02-10-2026 09:39;;HIGIENOL;Softy;;SOFTY;PAPEL HIG;LAGO PUELO;PAPEL;103;;300;Bruno Centurion;AXUM;;SOFTYS;False;131042;0;Lista General;ALMACEN - A;42408;30-09-2026;509-LUCAS GODOY;SOFTYS;1;0,00000000;12977,20
22940;"Balboa - (TRADICIONAL) 597";CLAYPOLE;2026-10-01;01-10-2026;30-09-2026;FAC-B0001-00018624;Venta;LAGOPUELO S.A;1509764;1,00;0,00;0,00;MARA GOMEZ;;100,00 %;056;Ezequiel Ferreira;0563;TF NORMAL T/SUAVE EXT ALGODON 8x54;0,00;3398;"";KIOSCO;KIOSCO;541,05;NAHUEL MONTOYA;784,52;$;2;SOFTYS ARGENTINA S.A;0,00000000;0,00;Contado;02-10-2026 09:39;;LADYSOFT;Softy;;SOFTY;TOALLA FEMENINA;LAGO PUELO;PAPEL;65;;300;Bruno Centurion;AXUM;;SOFTYS;False;131307;0;Lista General;KIOSCO - A;42433;30-09-2026;509-LUCAS GODOY;SOFTYS;1;0,00000000;0,00
22940;"Balboa - (TRADICIONAL) 597";CLAYPOLE;2026-10-01;01-10-2026;30-09-2026;FAC-B0001-00018624;Venta;LAGOPUELO S.A;1509764;10,00;7845,20;9492,69;MARA GOMEZ;;0,00 %;056;Ezequiel Ferreira;0563;TF NORMAL T/SUAVE EXT ALGODON 8x54;784,52;3398;"";KIOSCO;KIOSCO;5410,50;NAHUEL MONTOYA;0,00;$;2;SOFTYS ARGENTINA S.A;0,00000000;0,00;Contado;02-10-2026 09:39;;LADYSOFT;Softy;;SOFTY;TOALLA FEMENINA;LAGO PUELO;PAPEL;;;300;Bruno Centurion;AXUM;;SOFTYS;False;131307;0;Lista General;KIOSCO - A;42433;30-09-2026;509-LUCAS GODOY;SOFTYS;1;0,00000000;784,52
22940;"Balboa - (TRADICIONAL) 597";CLAYPOLE;2026-10-01;01-10-2026;30-09-2026;FAC-B0001-00018624;Venta;LAGOPUELO S.A;1509758;10,00;10513,10;12720,85;MARA GOMEZ;;0,00 %;056;Ezequiel Ferreira;0563;TF UD T/SUAVE EXT ALGO 8X40;1051,31;3398;"";KIOSCO;KIOSCO;7250,40;NAHUEL MONTOYA;0,00;$;2;SOFTYS ARGENTINA S.A;0,00000000;0,00;Contado;02-10-2026 09:39;;LADYSOFT;Softy;;SOFTY;TOALLA FEMENINA;LAGO PUELO;PAPEL;;;300;Bruno Centurion;AXUM;;SOFTYS;False;131307;0;Lista General;KIOSCO - A;42433;30-09-2026;509-LUCAS GODOY;SOFTYS;1;0,00000000;1051,31
22940;"Balboa - (TRADICIONAL) 597";CLAYPOLE;2026-10-01;01-10-2026;30-09-2026;FAC-B0001-00018624;Venta;LAGOPUELO S.A;1501553;1,00;18915,57;22887,83;MARA GOMEZ;;23,00 %;056;Ezequiel Ferreira;0563;PH HIGIENOL DH PLUS FUSI”N 30M x4/10;18915,57;3398;"";KIOSCO;KIOSCO;15925,88;NAHUEL MONTOYA;5650,10;$;2;SOFTYS ARGENTINA S.A;0,00000000;0,00;Contado;02-10-2026 09:39;;HIGIENOL;Softy;;SOFTY;PAPEL HIG;LAGO PUELO;PAPEL;81;;300;Bruno Centurion;AXUM;;SOFTYS;False;131307;0;Lista General;KIOSCO - A;42433;30-09-2026;509-LUCAS GODOY;SOFTYS;1;0,00000000;18915,57
22940;"Balboa - (TRADICIONAL) 597";CLAYPOLE;2026-10-01;01-10-2026;30-09-2026;FAC-B0001-00018624;Venta;LAGOPUELO S.A;1505688;1,00;15042,56;18201,49;MARA GOMEZ;;5,00 %;056;Ezequiel Ferreira;0563;RC Sussex clasico mas blanco 50px3/10;15042,56;3398;"";KIOSCO;KIOSCO;11729,09;NAHUEL MONTOYA;791,71;$;2;SOFTYS ARGENTINA S.A;0,00000000;0,00;Contado;02-10-2026 09:39;;SUSSEX;Softy;;SOFTY;ROLLO DE COCINA;LAGO PUELO;PAPEL;83;;300;Bruno Centurion;AXUM;;SOFTYS;False;131307;0;Lista General;KIOSCO - A;42433;30-09-2026;509-LUCAS GODOY;SOFTYS;1;0,00000000;15042,56
22940;"Balboa - (TRADICIONAL) 597";CLAYPOLE;2026-10-01;01-10-2026;30-09-2026;FAC-B0001-00018624;Venta;LAGOPUELO S.A;1501585;1,00;33261,99;40247,01;MARA GOMEZ;;0,00 %;056;Ezequiel Ferreira;0563;PH HIGIENOL HS MAX ALOE PANAL 80M X4;33261,99;3398;"";KIOSCO;KIOSCO;22480,39;NAHUEL MONTOYA;0,00;$;2;SOFTYS ARGENTINA S.A;0,00000000;0,00;Contado;02-10-2026 09:39;;HIGIENOL;Softy;;SOFTY;PAPEL HIG;LAGO PUELO;PAPEL;;;300;Bruno Centurion;AXUM;;SOFTYS;False;131307;0;Lista General;KIOSCO - A;42433;30-09-2026;509-LUCAS GODOY;SOFTYS;1;0,00000000;33261,99
22940;"Balboa - (TRADICIONAL) 597";CLAYPOLE;2026-10-01;01-10-2026;30-09-2026;FAC-B0001-00018624;Venta;LAGOPUELO S.A;1501627;1,00;12977,20;15702,42;MARA GOMEZ;;3,00 %;056;Ezequiel Ferreira;0563;PH Higienol HS Balanced 20mx4/12;12977,20;3398;"";KIOSCO;KIOSCO;9488,34;NAHUEL MONTOYA;401,36;$;2;SOFTYS ARGENTINA S.A;0,00000000;0,00;Contado;02-10-2026 09:39;;HIGIENOL;Softy;;SOFTY;PAPEL HIG;LAGO PUELO;PAPEL;103;;300;Bruno Centurion;AXUM;;SOFTYS;False;131307;0;Lista General;KIOSCO - A;42433;30-09-2026;509-LUCAS GODOY;SOFTYS;1;0,00000000;12977,20
22945;"MARGARITA - (TRADICIONAL) 315";ALTE BROWN;2026-10-01;01-10-2026;30-09-2026;FAC-B0001-00018627;Venta;LAGOPUELO S.A;1504088;4,00;47473,38;57442,79;ARANDA GERARDO;;10,00 %;056;Ezequiel Ferreira;0563;PL BABYSEC ULTRSOFT XXG x50/4;11868,35;3398;"";ALMACEN;ALMACEN;39072,72;NAHUEL MONTOYA;1318,71;$;2;SOFTYS ARGENTINA S.A;0,00000000;0,00;Contado;02-10-2026 09:39;;BABYSEC;Softy;;SOFTY;PAÒAL;LAGO PUELO;PAPEL;;;300;Bruno Centurion;AXUM;;SOFTYS;False;131354;0;Lista General;ALMACEN - A;42439;30-09-2026;509-LUCAS GODOY;SOFTYS;1;0,00000000;11868,35
22924;"DONATO ALVAREZ 4319";SAN FRANCISCO SOLANO;2026-10-01;01-10-2026;30-09-2026;FAC-B0001-00018629;Venta;LAGOPUELO S.A;1509768;54,00;48697,74;58924,27;MAXIMILIANO OJEDA;;0,00 %;056;Ezequiel Ferreira;0563;TF NORMAL T/SUAVE PIEL SENSIBLE 8x54;901,81;3398;"";Farmacias y PerfumerÌas;Perfumeria;33584,76;NAHUEL MONTOYA;0,00;$;2;SOFTYS ARGENTINA S.A;0,00000000;0,00;Contado;02-10-2026 09:39;;LADYSOFT;Softy;;SOFTY;TOALLA FEMENINA;LAGO PUELO;PAPEL;;;300;Bruno Centurion;AXUM;;SOFTYS;False;131463;0;Lista General;Perfumeria - A;42447;30-09-2026;509-LUCAS GODOY;SOFTYS;1;0,00000000;901,81
22924;"DONATO ALVAREZ 4319";SAN FRANCISCO SOLANO;2026-10-01;01-10-2026;30-09-2026;FAC-B0001-00018629;Venta;LAGOPUELO S.A;1509755;40,00;45242,00;54742,82;MAXIMILIANO OJEDA;;0,00 %;056;Ezequiel Ferreira;0563;TF UD T/SECA LADYSOFT ULTRA PROTECT 8;1131,05;3398;"";Farmacias y PerfumerÌas;Perfumeria;31201,60;NAHUEL MONTOYA;0,00;$;2;SOFTYS ARGENTINA S.A;0,00000000;0,00;Contado;02-10-2026 09:39;;LADYSOFT;Softy;;SOFTY;TOALLA FEMENINA;LAGO PUELO;PAPEL;;;300;Bruno Centurion;AXUM;;SOFTYS;False;131463;0;Lista General;Perfumeria - A;42447;30-09-2026;509-LUCAS GODOY;SOFTYS;1;0,00000000;1131,05
22924;"DONATO ALVAREZ 4319";SAN FRANCISCO SOLANO;2026-10-01;01-10-2026;30-09-2026;FAC-B0001-00018629;Venta;LAGOPUELO S.A;1509762;32,00;35693,12;43188,68;MAXIMILIANO OJEDA;;0,00 %;056;Ezequiel Ferreira;0563;TF NOCTUR EXT A 8x32;1115,41;3398;"";Farmacias y PerfumerÌas;Perfumeria;24616,00;NAHUEL MONTOYA;0,00;$;2;SOFTYS ARGENTINA S.A;0,00000000;0,00;Contado;02-10-2026 09:39;;LADYSOFT;Softy;;SOFTY;TOALLA FEMENINA;LAGO PUELO;PAPEL;;;300;Bruno Centurion;AXUM;;SOFTYS;False;131463;0;Lista General;Perfumeria - A;42447;30-09-2026;509-LUCAS GODOY;SOFTYS;1;0,00000000;1115,41
670;"JUNCAL 2738";Lan˙s Oeste;2026-10-01;01-10-2026;30-09-2026;FAC-B0001-00018634;Venta;LAGOPUELO S.A;1505688;1,00;15042,56;18201,49;Cristian Ariel locuratolo;;5,00 %;28;Nadia Diaz;283;RC Sussex clasico mas blanco 50px3/10;15042,56;3391;"";ALMACEN;ALMACEN;11729,09;CLAUDIO GARCIA;791,71;$;2;SOFTYS ARGENTINA S.A;0,00000000;0,00;Efectivo;02-10-2026 09:01;;SUSSEX;Softy;;SOFTY;ROLLO DE COCINA;LAGO PUELO;PAPEL;83;;25;JOHANA VIGIL;AXUM;;SOFTYS;False;131029;0;Lista General;ALMACEN - A;42346;30-09-2026;757-JUAN PABLO JUAREZ;SOFTYS;1;0,00000000;15042,56
6228;"NOVAK 1703";Varela ;2026-10-01;01-10-2026;30-09-2026;FAC-B0001-00018637;Venta;LAGOPUELO S.A;1501553;1,00;18915,57;22887,83;MARIA MOLINA ;;23,00 %;7;Myrian Lertora;73;PH HIGIENOL DH PLUS FUSI”N 30M x4/10;18915,57;3392;"";ALMACEN;ALMACEN;15925,88;WALTER JANIUK;5650,10;$;2;SOFTYS ARGENTINA S.A;0,00000000;0,00;Contado;05-10-2026 13:39;;HIGIENOL;Softy;;SOFTY;PAPEL HIG;LAGO PUELO;PAPEL;81;;25;JOHANA VIGIL;AXUM;;SOFTYS;False;131235;0;Lista General;ALMACEN - A;42387;30-09-2026;759-GABRIEL PEREZ;SOFTYS;1;0,00000000;18915,57
31637;"GRISNTEIN 3049";FLORENCIO VARELA;2026-10-01;01-10-2026;30-09-2026;FAC-B0001-00018638;Venta;LAGOPUELO S.A;1501553;16,00;290857,53;351937,61;FILIBERTO BALTAZAR;;26,00 %;6;Nieves Alegre;63;PH HIGIENOL DH PLUS FUSI”N 30M x4/10;18178,60;3392;"";AUTOSERVICIO;AUTOSERVICIO;254814,08;WALTER JANIUK;6387,07;$;2;SOFTYS ARGENTINA S.A;0,00000000;0,00;Contado;05-10-2026 13:39;;HIGIENOL;Softy;;SOFTY;PAPEL HIG;LAGO PUELO;PAPEL;81;;25;JOHANA VIGIL;AXUM;;SOFTYS;False;131422;0;Lista General;AUTOSERVICIO - A;42399;30-09-2026;759-GABRIEL PEREZ;SOFTYS;1;0,00000000;18178,60
5949;"MAIPU 1667";9 de abril;2026-10-01;01-10-2026;01-10-2026;NCR-A0001-00048810;DevoluciÛn por Rechazo;LAGOPUELO S.A;1501627;-240,00;-2550055,62;-3085567,30;MIGUEL GOMEZ;NO QUIERE EL CLIENTE;5,10 %;076;Martin Di Giorno;0761;PH Higienol HS Balanced 20mx4/12;10625,23;3418;"";MAYORISTA;MAYORISTA;-2277201,60;HERNAN RIVERO;571,01;$;2;SOFTYS ARGENTINA S.A;0,00000000;0,00;Contado;01-10-2026 10:30;;HIGIENOL;Softy;;SOFTY;PAPEL HIG;LAGO PUELO;PAPEL;;;300;Bruno Centurion;Gescom;FAC-A0001-00342933;;True;131693;0;Mayorista;MAYORISTA - C;;01-01-2000;;SOFTYS;1;0,00000000;10625,23
5949;"MAIPU 1667";9 de abril;2026-10-01;01-10-2026;01-10-2026;NCR-A0001-00048810;DevoluciÛn por Rechazo;LAGOPUELO S.A;1501553;-120,00;-1983502,46;-2400037,98;MIGUEL GOMEZ;NO QUIERE EL CLIENTE;17,32 %;076;Martin Di Giorno;0761;PH HIGIENOL DH PLUS FUSI”N 30M x4/10;16529,19;3418;"";MAYORISTA;MAYORISTA;-2063990,40;HERNAN RIVERO;3462,57;$;2;SOFTYS ARGENTINA S.A;0,00000000;0,00;Contado;01-10-2026 10:30;;HIGIENOL;Softy;;SOFTY;PAPEL HIG;LAGO PUELO;PAPEL;;;300;Bruno Centurion;Gescom;FAC-A0001-00342933;;True;131693;0;Mayorista;MAYORISTA - C;;01-01-2000;;SOFTYS;1;0,00000000;16529,19
27832;"MADRE SELVA ESQ DEFENSA 3610";TEMPERLEY;2026-10-01;01-10-2026;29-09-2026;FAC-A0002-00011474;Venta;ELEBES;1505434;6,00;8128,26;9835,19;ISABEL CARMEN SANTUCHO;;0,00 %;063;Daniel Martin;0632;PO FACIALES ELITE BOX SOFT TOUCH x90;1354,71;3399;"";ALMACEN;ALMACEN;5605,68;SIMON OLIVERA;0,00;$;2;SOFTYS ARGENTINA S.A;0,00000000;0,00;Contado;02-10-2026 10:25;;ELITE;Softy;;SOFTY;PAÒUELOS;LAGO PUELO;PAPEL;;;300;Bruno Centurion;AXUM;;SOFTYS;False;130304;0;Lista General;ALMACEN - A;42214;30-09-2026;757-JUAN PABLO JUAREZ;SOFTYS;1;0,00000000;1354,71
27832;"MADRE SELVA ESQ DEFENSA 3610";TEMPERLEY;2026-10-01;01-10-2026;29-09-2026;FAC-A0002-00011474;Venta;ELEBES;1501553;1,00;18915,57;22887,83;ISABEL CARMEN SANTUCHO;;23,00 %;063;Daniel Martin;0632;PH HIGIENOL DH PLUS FUSI”N 30M x4/10;18915,57;3399;"";ALMACEN;ALMACEN;15925,88;SIMON OLIVERA;5650,10;$;2;SOFTYS ARGENTINA S.A;0,00000000;0,00;Contado;02-10-2026 10:25;;HIGIENOL;Softy;;SOFTY;PAPEL HIG;LAGO PUELO;PAPEL;81;;300;Bruno Centurion;AXUM;;SOFTYS;False;130304;0;Lista General;ALMACEN - A;42214;30-09-2026;757-JUAN PABLO JUAREZ;SOFTYS;1;0,00000000;18915,57
23530;"JORGE BYNNON 5543";Rafael Calzada;2026-10-01;01-10-2026;29-09-2026;FAC-B0002-00016638;Venta;ELEBES;1504207;8,00;64599,77;78165,72;TONY;;10,00 %;063;Daniel Martin;0632;PL BABYSEC ULTRASOFT XG 32/4;8074,97;3399;"";ALMACEN;ALMACEN;53168,48;SIMON OLIVERA;897,22;$;2;SOFTYS ARGENTINA S.A;0,00000000;0,00;Contado;02-10-2026 10:25;;BABYSEC;Softy;;SOFTY;PAÒAL;LAGO PUELO;PAPEL;;;300;Bruno Centurion;AXUM;;SOFTYS;False;130582;0;Lista General;ALMACEN - C;42227;30-09-2026;757-JUAN PABLO JUAREZ;SOFTYS;1;0,00000000;8074,97
23486;"CERVANTES SAAVEDRA - (TRADICIONAL) 3499";RAFAEL CALZADA;2026-10-01;01-10-2026;30-09-2026;FAC-B0002-00016641;Venta;ELEBES;1501553;1,00;18915,57;22887,83;SILVIA SOLIS;;23,00 %;063;Daniel Martin;0633;PH HIGIENOL DH PLUS FUSI”N 30M x4/10;18915,57;3399;"";ALMACEN;ALMACEN;15925,88;SIMON OLIVERA;5650,10;$;2;SOFTYS ARGENTINA S.A;0,00000000;0,00;Contado;02-10-2026 10:25;;HIGIENOL;Softy;;SOFTY;PAPEL HIG;LAGO PUELO;PAPEL;81;;300;Bruno Centurion;AXUM;;SOFTYS;False;131448;0;Lista General;ALMACEN - A;42257;30-09-2026;757-JUAN PABLO JUAREZ;SOFTYS;1;0,00000000;18915,57
23486;"CERVANTES SAAVEDRA - (TRADICIONAL) 3499";RAFAEL CALZADA;2026-10-01;01-10-2026;30-09-2026;FAC-B0002-00016641;Venta;ELEBES;1505708;2,00;41467,42;50175,58;SILVIA SOLIS;;0,00 %;063;Daniel Martin;0633;RC SUSEEX CLS MEGARROLO ALTO 200X1;20733,71;3399;"";ALMACEN;ALMACEN;30716,60;SIMON OLIVERA;0,00;$;2;SOFTYS ARGENTINA S.A;0,00000000;0,00;Contado;02-10-2026 10:25;;SUSSEX;Softy;;SOFTY;ROLLO DE COCINA;LAGO PUELO;PAPEL;;;300;Bruno Centurion;AXUM;;SOFTYS;False;131448;0;Lista General;ALMACEN - A;42257;30-09-2026;757-JUAN PABLO JUAREZ;SOFTYS;1;0,00000000;20733,71
23486;"CERVANTES SAAVEDRA - (TRADICIONAL) 3499";RAFAEL CALZADA;2026-10-01;01-10-2026;30-09-2026;FAC-B0002-00016641;Venta;ELEBES;1501627;1,00;12977,20;15702,42;SILVIA SOLIS;;3,00 %;063;Daniel Martin;0633;PH Higienol HS Balanced 20mx4/12;12977,20;3399;"";ALMACEN;ALMACEN;9488,34;SIMON OLIVERA;401,36;$;2;SOFTYS ARGENTINA S.A;0,00000000;0,00;Contado;02-10-2026 10:25;;HIGIENOL;Softy;;SOFTY;PAPEL HIG;LAGO PUELO;PAPEL;103;;300;Bruno Centurion;AXUM;;SOFTYS;False;131448;0;Lista General;ALMACEN - A;42257;30-09-2026;757-JUAN PABLO JUAREZ;SOFTYS;1;0,00000000;12977,20
29397;"RAUL ALFONSIN ESQ.PERGAMINO - (TRADICIONAL) 2407";LANUS ESTE;2026-10-01;01-10-2026;30-09-2026;FAC-B0002-00016643;Venta;ELEBES;1509762;10,00;11154,10;13496,46;CRISTINA;;0,00 %;28;Nadia Diaz;283;TF NOCTUR EXT A 8x32;1115,41;3391;"";ALMACEN;ALMACEN;7692,50;CLAUDIO GARCIA;0,00;$;2;SOFTYS ARGENTINA S.A;0,00000000;0,00;Contado;02-10-2026 09:01;;LADYSOFT;Softy;;SOFTY;TOALLA FEMENINA;LAGO PUELO;PAPEL;;;25;JOHANA VIGIL;AXUM;;SOFTYS;False;130978;0;Lista General;ALMACEN - A;42342;30-09-2026;757-JUAN PABLO JUAREZ;SOFTYS;1;0,00000000;1115,41
6605;"HIPOLITO YRIGOYEN 5171 5171";LANUS;2026-10-01;01-10-2026;30-09-2026;FAC-A0002-00011481;Venta;ELEBES;1509764;1,00;0,00;0,00;JULIAN MAXIMILIANO IGLESIAS;;100,00 %;24;Cecilia Gauchez;243;TF NORMAL T/SUAVE EXT ALGODON 8x54;0,00;3391;"";KIOSCO;KIOSCO;541,05;CLAUDIO GARCIA;784,52;$;2;SOFTYS ARGENTINA S.A;0,00000000;0,00;Efectivo;02-10-2026 09:01;;LADYSOFT;Softy;;SOFTY;TOALLA FEMENINA;LAGO PUELO;PAPEL;65;;25;JOHANA VIGIL;AXUM;;SOFTYS;False;131396;0;Lista General;KIOSCO - A;42369;30-09-2026;757-JUAN PABLO JUAREZ;SOFTYS;1;0,00000000;0,00
6605;"HIPOLITO YRIGOYEN 5171 5171";LANUS;2026-10-01;01-10-2026;30-09-2026;FAC-A0002-00011481;Venta;ELEBES;1509764;10,00;7845,20;9492,69;JULIAN MAXIMILIANO IGLESIAS;;0,00 %;24;Cecilia Gauchez;243;TF NORMAL T/SUAVE EXT ALGODON 8x54;784,52;3391;"";KIOSCO;KIOSCO;5410,50;CLAUDIO GARCIA;0,00;$;2;SOFTYS ARGENTINA S.A;0,00000000;0,00;Efectivo;02-10-2026 09:01;;LADYSOFT;Softy;;SOFTY;TOALLA FEMENINA;LAGO PUELO;PAPEL;;;25;JOHANA VIGIL;AXUM;;SOFTYS;False;131396;0;Lista General;KIOSCO - A;42369;30-09-2026;757-JUAN PABLO JUAREZ;SOFTYS;1;0,00000000;784,52
6605;"HIPOLITO YRIGOYEN 5171 5171";LANUS;2026-10-01;01-10-2026;30-09-2026;FAC-A0002-00011481;Venta;ELEBES;1503131;2,00;4125,76;4992,17;JULIAN MAXIMILIANO IGLESIAS;;0,00 %;24;Cecilia Gauchez;243;TH BABYSEC PREMIUM X45/10;2062,88;3391;"";KIOSCO;KIOSCO;2845,36;CLAUDIO GARCIA;0,00;$;2;SOFTYS ARGENTINA S.A;0,00000000;0,00;Efectivo;02-10-2026 09:01;;BABYSEC;Softy;;SOFTY;TOALLA HUMEDA;LAGO PUELO;PAPEL;;;25;JOHANA VIGIL;AXUM;;SOFTYS;False;131396;0;Lista General;KIOSCO - A;42369;30-09-2026;757-JUAN PABLO JUAREZ;SOFTYS;1;0,00000000;2062,88
2291;"Calle 58 N 2750";Berazategui;2026-10-01;01-10-2026;30-09-2026;FAC-B0002-00016647;Venta;ELEBES;1509762;32,00;35693,12;43188,68;FERNANDEZ LUCILA;;0,00 %;052;Nicole Sosa;0523;TF NOCTUR EXT A 8x32;1115,41;3394;"";ALMACEN;ALMACEN;24616,00;IVAN MONTOYA;0,00;$;2;SOFTYS ARGENTINA S.A;0,00000000;0,00;Contado;02-10-2026 09:59;;LADYSOFT;Softy;;SOFTY;TOALLA FEMENINA;LAGO PUELO;PAPEL;;;300;Bruno Centurion;AXUM;;SOFTYS;False;131272;0;Lista General;ALMACEN - A;42308;30-09-2026;1638-JAVIER LINARES;SOFTYS;1;0,00000000;1115,41
5194;"PRINGLES 3396";FLORENCIO VARELA;2026-10-01;01-10-2026;30-09-2026;FAC-B0002-00016652;Venta;ELEBES;1501618;1,00;17868,50;21620,89;RAMIREZ GRACIELA GRISELDA††;;0,00 %;6;Nieves Alegre;63;PH HIG  FRESH ALOE 30M X4/12;17868,50;3392;"";ALMACEN;ALMACEN;12323,10;WALTER JANIUK;0,00;$;2;SOFTYS ARGENTINA S.A;0,00000000;0,00;Contado;05-10-2026 13:39;;HIGIENOL;Softy;;SOFTY;PAPEL HIG;LAGO PUELO;PAPEL;;;25;JOHANA VIGIL;AXUM;;SOFTYS;False;131295;0;Lista General;ALMACEN - A;42391;30-09-2026;759-GABRIEL PEREZ;SOFTYS;1;0,00000000;17868,50
5194;"PRINGLES 3396";FLORENCIO VARELA;2026-10-01;01-10-2026;30-09-2026;FAC-B0002-00016652;Venta;ELEBES;1505688;1,00;15042,56;18201,49;RAMIREZ GRACIELA GRISELDA††;;5,00 %;6;Nieves Alegre;63;RC Sussex clasico mas blanco 50px3/10;15042,56;3392;"";ALMACEN;ALMACEN;11729,09;WALTER JANIUK;791,71;$;2;SOFTYS ARGENTINA S.A;0,00000000;0,00;Contado;05-10-2026 13:39;;SUSSEX;Softy;;SOFTY;ROLLO DE COCINA;LAGO PUELO;PAPEL;83;;25;JOHANA VIGIL;AXUM;;SOFTYS;False;131295;0;Lista General;ALMACEN - A;42391;30-09-2026;759-GABRIEL PEREZ;SOFTYS;1;0,00000000;15042,56
5337;"ITALIA 2927";FLORENCIO VARELA;2026-10-01;01-10-2026;30-09-2026;FAC-B0002-00016653;Venta;ELEBES;1503118;24,00;35247,84;42649,89;R S JIANKAI CAI;;0,00 %;6;Nieves Alegre;63;TH BABYSEC ULTRA 50/24;1468,66;3392;"";AUTOSERVICIO;AUTOSERVICIO;24308,88;WALTER JANIUK;0,00;$;2;SOFTYS ARGENTINA S.A;0,00000000;0,00;Contado;05-10-2026 13:39;;BABYSEC;;;;;;PAPEL;;;25;JOHANA VIGIL;AXUM;;SOFTYS;False;131398;0;Lista General;AUTOSERVICIO - A;42398;30-09-2026;759-GABRIEL PEREZ;SOFTYS;1;0,00000000;1468,66
623;"LULES 80";Lomas de Zamora;2026-10-01;01-10-2026;01-10-2026;FAC-A0006-00000230;Venta;Empresa LAGOPUELO;1501627;20,00;199255,20;241098,79;EL CHIRLO;;0,00 %;16;VENDEDOR DEPOSITO;201;PH Higienol HS Balanced 20mx4/12;9962,76;3434;"";MAYORISTA;MAYORISTA;189766,80;PEDIDOS INTERNOS;0,00;$;2;SOFTYS ARGENTINA S.A;0,00000000;0,00;Efectivo;;;HIGIENOL;Softy;;SOFTY;PAPEL HIG;LAGO PUELO;PAPEL;;;;;Gescom;;;False;132147;1;LISTA 4;MAYORISTA - A;42479;01-10-2026;561-Adrian Brites;SOFTYS;1;0,00000000;9962,76
827;"CALLE 145 844";Berazategui;2026-10-01;01-10-2026;01-10-2026;FAC-B0002-00016677;Venta;ELEBES;1504289;5,00;53911,67;65233,11;VERONA ABATI;;10,00 %;16;VENDEDOR DEPOSITO;201;PLBABYSEC PREM SOFTXXG x30/4;10782,33;3396;"";Empleados;Empleados;44371,75;PEDIDOS INTERNOS;1198,04;$;2;SOFTYS ARGENTINA S.A;0,00000000;0,00;1 dÌa fecha de factura;;;BABYSEC;Softy;;SOFTY;PAÒAL;LAGO PUELO;PAPEL;;;;;Gescom;;;False;131709;1;Lista General;Empleados - A;42465;01-10-2026;58-ARON BOLLINI;SOFTYS;1;0,00000000;10782,33
29162;"BRANDSEN - (TRADICIONAL) 359";QUILMES;2026-10-02;02-10-2026;30-09-2026;FAC-A0001-00342939;Venta;LAGOPUELO S.A;1505708;1,00;20733,71;25087,79;FLORENCIA MARIA MEDINA;;0,00 %;2;Fernanda Cejas;23;RC SUSEEX CLS MEGARROLO ALTO 200X1;20733,71;3413;"";ALMACEN;ALMACEN;15358,30;HERNAN RIVERO;0,00;$;2;SOFTYS ARGENTINA S.A;0,00000000;0,00;Contado;05-10-2026 09:30;;SUSSEX;Softy;;SOFTY;ROLLO DE COCINA;LAGO PUELO;PAPEL;;;25;JOHANA VIGIL;AXUM;;SOFTYS;False;130893;0;Lista General;ALMACEN - A;42721;01-10-2026;757-JUAN PABLO JUAREZ;SOFTYS;1;0,00000000;20733,71
29162;"BRANDSEN - (TRADICIONAL) 359";QUILMES;2026-10-02;02-10-2026;30-09-2026;FAC-A0001-00342939;Venta;LAGOPUELO S.A;1505688;1,00;15042,56;18201,49;FLORENCIA MARIA MEDINA;;5,00 %;2;Fernanda Cejas;23;RC Sussex clasico mas blanco 50px3/10;15042,56;3413;"";ALMACEN;ALMACEN;11729,09;HERNAN RIVERO;791,71;$;2;SOFTYS ARGENTINA S.A;0,00000000;0,00;Contado;05-10-2026 09:30;;SUSSEX;Softy;;SOFTY;ROLLO DE COCINA;LAGO PUELO;PAPEL;83;;25;JOHANA VIGIL;AXUM;;SOFTYS;False;130893;0;Lista General;ALMACEN - A;42721;01-10-2026;757-JUAN PABLO JUAREZ;SOFTYS;1;0,00000000;15042,56
29162;"BRANDSEN - (TRADICIONAL) 359";QUILMES;2026-10-02;02-10-2026;30-09-2026;FAC-A0001-00342939;Venta;LAGOPUELO S.A;1501553;1,00;18915,57;22887,83;FLORENCIA MARIA MEDINA;;23,00 %;2;Fernanda Cejas;23;PH HIGIENOL DH PLUS FUSI”N 30M x4/10;18915,57;3413;"";ALMACEN;ALMACEN;15925,88;HERNAN RIVERO;5650,10;$;2;SOFTYS ARGENTINA S.A;0,00000000;0,00;Contado;05-10-2026 09:30;;HIGIENOL;Softy;;SOFTY;PAPEL HIG;LAGO PUELO;PAPEL;81;;25;JOHANA VIGIL;AXUM;;SOFTYS;False;130893;0;Lista General;ALMACEN - A;42721;01-10-2026;757-JUAN PABLO JUAREZ;SOFTYS;1;0,00000000;18915,57
3124;"C. PELLEGRINI 1024";Quilmes;2026-10-02;02-10-2026;30-09-2026;FAC-A0001-00342941;Venta;LAGOPUELO S.A;1501553;15,00;272678,94;329941,51;CHEN LIJIAN ;;26,00 %;054;Leonel Caruso;0543;PH HIGIENOL DH PLUS FUSI”N 30M x4/10;18178,60;3413;"";AUTOSERVICIO;AUTOSERVICIO;238888,20;HERNAN RIVERO;6387,07;$;2;SOFTYS ARGENTINA S.A;0,00000000;0,00;Contado;05-10-2026 09:30;;HIGIENOL;Softy;;SOFTY;PAPEL HIG;LAGO PUELO;PAPEL;81;;300;Bruno Centurion;AXUM;;SOFTYS;False;130921;0;Lista General;AUTOSERVICIO - A;42723;01-10-2026;757-JUAN PABLO JUAREZ;SOFTYS;1;0,00000000;18178,60
4734;"JUJUY 999";Quilmes;2026-10-02;02-10-2026;30-09-2026;FAC-A0001-00342945;Venta;LAGOPUELO S.A;1501553;15,00;272678,94;329941,51;CHEN SHENGXUAN;;26,00 %;054;Leonel Caruso;0543;PH HIGIENOL DH PLUS FUSI”N 30M x4/10;18178,60;3413;"";AUTOSERVICIO;AUTOSERVICIO;238888,20;HERNAN RIVERO;6387,07;$;2;SOFTYS ARGENTINA S.A;0,00000000;0,00;Contado;05-10-2026 09:30;;HIGIENOL;Softy;;SOFTY;PAPEL HIG;LAGO PUELO;PAPEL;81;;300;Bruno Centurion;AXUM;;SOFTYS;False;130992;0;Lista General;AUTOSERVICIO - A;42727;01-10-2026;757-JUAN PABLO JUAREZ;SOFTYS;1;0,00000000;18178,60
4669;"CALLE 808 2227";Quilmes;2026-10-02;02-10-2026;30-09-2026;FAC-A0001-00342948;Venta;LAGOPUELO S.A;1501627;2,00;25954,41;31404,83;LOISOTTO ANTONIA;;3,00 %;053;Verona Abati;0533;PH Higienol HS Balanced 20mx4/12;12977,20;3413;"";ALMACEN;ALMACEN;18976,68;HERNAN RIVERO;401,36;$;2;SOFTYS ARGENTINA S.A;0,00000000;0,00;Contado;05-10-2026 09:30;;HIGIENOL;Softy;;SOFTY;PAPEL HIG;LAGO PUELO;PAPEL;103;;300;Bruno Centurion;AXUM;;SOFTYS;False;131003;0;Lista General;ALMACEN - A;42730;01-10-2026;757-JUAN PABLO JUAREZ;SOFTYS;1;0,00000000;12977,20
4669;"CALLE 808 2227";Quilmes;2026-10-02;02-10-2026;30-09-2026;FAC-A0001-00342948;Venta;LAGOPUELO S.A;1505688;2,00;30085,11;36402,99;LOISOTTO ANTONIA;;5,00 %;053;Verona Abati;0533;RC Sussex clasico mas blanco 50px3/10;15042,56;3413;"";ALMACEN;ALMACEN;23458,18;HERNAN RIVERO;791,71;$;2;SOFTYS ARGENTINA S.A;0,00000000;0,00;Contado;05-10-2026 09:30;;SUSSEX;Softy;;SOFTY;ROLLO DE COCINA;LAGO PUELO;PAPEL;83;;300;Bruno Centurion;AXUM;;SOFTYS;False;131003;0;Lista General;ALMACEN - A;42730;01-10-2026;757-JUAN PABLO JUAREZ;SOFTYS;1;0,00000000;15042,56
4669;"CALLE 808 2227";Quilmes;2026-10-02;02-10-2026;30-09-2026;FAC-A0001-00342948;Venta;LAGOPUELO S.A;1505434;12,00;16256,52;19670,39;LOISOTTO ANTONIA;;0,00 %;053;Verona Abati;0533;PO FACIALES ELITE BOX SOFT TOUCH x90;1354,71;3413;"";ALMACEN;ALMACEN;11211,36;HERNAN RIVERO;0,00;$;2;SOFTYS ARGENTINA S.A;0,00000000;0,00;Contado;05-10-2026 09:30;;ELITE;Softy;;SOFTY;PAÒUELOS;LAGO PUELO;PAPEL;;;300;Bruno Centurion;AXUM;;SOFTYS;False;131003;0;Lista General;ALMACEN - A;42730;01-10-2026;757-JUAN PABLO JUAREZ;SOFTYS;1;0,00000000;1354,71
41;"12 DE OCTUBRE 4778";Quilmes;2026-10-02;02-10-2026;30-09-2026;FAC-A0001-00342950;Venta;LAGOPUELO S.A;1501618;1,00;17868,50;21620,89;Maria Elsa ayala MartÌnez;;0,00 %;053;Verona Abati;0533;PH HIG  FRESH ALOE 30M X4/12;17868,50;3413;"";ALMACEN;ALMACEN;12323,10;HERNAN RIVERO;0,00;$;2;SOFTYS ARGENTINA S.A;0,00000000;0,00;Efectivo;05-10-2026 09:30;;HIGIENOL;Softy;;SOFTY;PAPEL HIG;LAGO PUELO;PAPEL;;;300;Bruno Centurion;AXUM;;SOFTYS;False;131074;0;Lista General;ALMACEN - A;42733;01-10-2026;757-JUAN PABLO JUAREZ;SOFTYS;1;0,00000000;17868,50
41;"12 DE OCTUBRE 4778";Quilmes;2026-10-02;02-10-2026;30-09-2026;FAC-A0001-00342950;Venta;LAGOPUELO S.A;1501553;1,00;18915,57;22887,83;Maria Elsa ayala MartÌnez;;23,00 %;053;Verona Abati;0533;PH HIGIENOL DH PLUS FUSI”N 30M x4/10;18915,57;3413;"";ALMACEN;ALMACEN;15925,88;HERNAN RIVERO;5650,10;$;2;SOFTYS ARGENTINA S.A;0,00000000;0,00;Efectivo;05-10-2026 09:30;;HIGIENOL;Softy;;SOFTY;PAPEL HIG;LAGO PUELO;PAPEL;81;;300;Bruno Centurion;AXUM;;SOFTYS;False;131074;0;Lista General;ALMACEN - A;42733;01-10-2026;757-JUAN PABLO JUAREZ;SOFTYS;1;0,00000000;18915,57
41;"12 DE OCTUBRE 4778";Quilmes;2026-10-02;02-10-2026;30-09-2026;FAC-A0001-00342950;Venta;LAGOPUELO S.A;1501627;1,00;12977,20;15702,42;Maria Elsa ayala MartÌnez;;3,00 %;053;Verona Abati;0533;PH Higienol HS Balanced 20mx4/12;12977,20;3413;"";ALMACEN;ALMACEN;9488,34;HERNAN RIVERO;401,36;$;2;SOFTYS ARGENTINA S.A;0,00000000;0,00;Efectivo;05-10-2026 09:30;;HIGIENOL;Softy;;SOFTY;PAPEL HIG;LAGO PUELO;PAPEL;103;;300;Bruno Centurion;AXUM;;SOFTYS;False;131074;0;Lista General;ALMACEN - A;42733;01-10-2026;757-JUAN PABLO JUAREZ;SOFTYS;1;0,00000000;12977,20
41;"12 DE OCTUBRE 4778";Quilmes;2026-10-02;02-10-2026;30-09-2026;FAC-A0001-00342950;Venta;LAGOPUELO S.A;1502607;1,00;25677,44;31069,70;Maria Elsa ayala MartÌnez;;0,00 %;053;Verona Abati;0533;PH ELITE ULTRA DH SOFT T C/ALG 30Mx4;25677,44;3413;"";ALMACEN;ALMACEN;17177,84;HERNAN RIVERO;0,00;$;2;SOFTYS ARGENTINA S.A;0,00000000;0,00;Efectivo;05-10-2026 09:30;;ELITE;Softy;;SOFTY;PAPEL HIG;LAGO PUELO;PAPEL;;;300;Bruno Centurion;AXUM;;SOFTYS;False;131074;0;Lista General;ALMACEN - A;42733;01-10-2026;757-JUAN PABLO JUAREZ;SOFTYS;1;0,00000000;25677,44
41;"12 DE OCTUBRE 4778";Quilmes;2026-10-02;02-10-2026;30-09-2026;FAC-A0001-00342950;Venta;LAGOPUELO S.A;1505688;1,00;15042,56;18201,49;Maria Elsa ayala MartÌnez;;5,00 %;053;Verona Abati;0533;RC Sussex clasico mas blanco 50px3/10;15042,56;3413;"";ALMACEN;ALMACEN;11729,09;HERNAN RIVERO;791,71;$;2;SOFTYS ARGENTINA S.A;0,00000000;0,00;Efectivo;05-10-2026 09:30;;SUSSEX;Softy;;SOFTY;ROLLO DE COCINA;LAGO PUELO;PAPEL;83;;300;Bruno Centurion;AXUM;;SOFTYS;False;131074;0;Lista General;ALMACEN - A;42733;01-10-2026;757-JUAN PABLO JUAREZ;SOFTYS;1;0,00000000;15042,56
3650;"VELEZ SARSFIELD 445";QUILMES;2026-10-02;02-10-2026;30-09-2026;FAC-A0001-00342952;Venta;LAGOPUELO S.A;1509762;15,00;16731,15;20244,69;DONG ZHAZHA ;;0,00 %;054;Leonel Caruso;0543;TF NOCTUR EXT A 8x32;1115,41;3413;"";AUTOSERVICIO;AUTOSERVICIO;11538,75;HERNAN RIVERO;0,00;$;2;SOFTYS ARGENTINA S.A;0,00000000;0,00;Contado;05-10-2026 09:30;;LADYSOFT;Softy;;SOFTY;TOALLA FEMENINA;LAGO PUELO;PAPEL;;;300;Bruno Centurion;AXUM;;SOFTYS;False;131099;0;Lista General;AUTOSERVICIO - A;42735;01-10-2026;757-JUAN PABLO JUAREZ;SOFTYS;1;0,00000000;1115,41
3669;"RODOLFO LOPEZ 1335";Quilmes;2026-10-02;02-10-2026;30-09-2026;FAC-A0001-00342955;Venta;LAGOPUELO S.A;1509756;6,00;13203,84;15976,65;CHEN ZHIXIA;;0,00 %;054;Leonel Caruso;0543;TF UD T/SECA LADYSOFT UL PRT 16u;2200,64;3413;"";AUTOSERVICIO;AUTOSERVICIO;9106,08;HERNAN RIVERO;0,00;$;2;SOFTYS ARGENTINA S.A;0,00000000;0,00;Contado;05-10-2026 09:30;;LADYSOFT;Softy;;SOFTY;TOALLA FEMENINA;LAGO PUELO;PAPEL;;;300;Bruno Centurion;AXUM;;SOFTYS;False;131190;0;Lista General;AUTOSERVICIO - A;42738;01-10-2026;757-JUAN PABLO JUAREZ;SOFTYS;1;0,00000000;2200,64
3669;"RODOLFO LOPEZ 1335";Quilmes;2026-10-02;02-10-2026;30-09-2026;FAC-A0001-00342955;Venta;LAGOPUELO S.A;1509766;12,00;10173,36;12309,77;CHEN ZHIXIA;;0,00 %;054;Leonel Caruso;0543;TF T/SECA NORMAL MAS PROTECC 8x54;847,78;3413;"";AUTOSERVICIO;AUTOSERVICIO;7016,16;HERNAN RIVERO;0,00;$;2;SOFTYS ARGENTINA S.A;0,00000000;0,00;Contado;05-10-2026 09:30;;LADYSOFT;Softy;;SOFTY;TOALLA FEMENINA;LAGO PUELO;PAPEL;;;300;Bruno Centurion;AXUM;;SOFTYS;False;131190;0;Lista General;AUTOSERVICIO - A;42738;01-10-2026;757-JUAN PABLO JUAREZ;SOFTYS;1;0,00000000;847,78
3669;"RODOLFO LOPEZ 1335";Quilmes;2026-10-02;02-10-2026;30-09-2026;FAC-A0001-00342955;Venta;LAGOPUELO S.A;1505689;2,00;44214,22;53499,21;CHEN ZHIXIA;;0,00 %;054;Leonel Caruso;0543;RC SUSSEX ULTRA 60P x 3/10;22107,11;3413;"";AUTOSERVICIO;AUTOSERVICIO;32751,28;HERNAN RIVERO;0,00;$;2;SOFTYS ARGENTINA S.A;0,00000000;0,00;Contado;05-10-2026 09:30;;SUSSEX;Softy;;SOFTY;ROLLO DE COCINA;LAGO PUELO;PAPEL;;;300;Bruno Centurion;AXUM;;SOFTYS;False;131190;0;Lista General;AUTOSERVICIO - A;42738;01-10-2026;757-JUAN PABLO JUAREZ;SOFTYS;1;0,00000000;22107,11
3669;"RODOLFO LOPEZ 1335";Quilmes;2026-10-02;02-10-2026;30-09-2026;FAC-A0001-00342955;Venta;LAGOPUELO S.A;1505708;1,00;20733,71;25087,79;CHEN ZHIXIA;;0,00 %;054;Leonel Caruso;0543;RC SUSEEX CLS MEGARROLO ALTO 200X1;20733,71;3413;"";AUTOSERVICIO;AUTOSERVICIO;15358,30;HERNAN RIVERO;0,00;$;2;SOFTYS ARGENTINA S.A;0,00000000;0,00;Contado;05-10-2026 09:30;;SUSSEX;Softy;;SOFTY;ROLLO DE COCINA;LAGO PUELO;PAPEL;;;300;Bruno Centurion;AXUM;;SOFTYS;False;131190;0;Lista General;AUTOSERVICIO - A;42738;01-10-2026;757-JUAN PABLO JUAREZ;SOFTYS;1;0,00000000;20733,71
3669;"RODOLFO LOPEZ 1335";Quilmes;2026-10-02;02-10-2026;30-09-2026;FAC-A0001-00342955;Venta;LAGOPUELO S.A;1505774;6,00;12412,32;15018,91;CHEN ZHIXIA;;0,00 %;054;Leonel Caruso;0543;SE SUSSEX HS 30x30 BLANCA x140/21;2068,72;3413;"";AUTOSERVICIO;AUTOSERVICIO;9194,28;HERNAN RIVERO;0,00;$;2;SOFTYS ARGENTINA S.A;0,00000000;0,00;Contado;05-10-2026 09:30;;SUSSEX;Softy;;SOFTY;SERVILLETA;LAGO PUELO;PAPEL;;;300;Bruno Centurion;AXUM;;SOFTYS;False;131190;0;Lista General;AUTOSERVICIO - A;42738;01-10-2026;757-JUAN PABLO JUAREZ;SOFTYS;1;0,00000000;2068,72
3669;"RODOLFO LOPEZ 1335";Quilmes;2026-10-02;02-10-2026;30-09-2026;FAC-A0001-00342955;Venta;LAGOPUELO S.A;1505776;12,00;15604,44;18881,37;CHEN ZHIXIA;;0,00 %;054;Leonel Caruso;0543;SE SUSSEX HS 30X30 BLANCA X80;1300,37;3413;"";AUTOSERVICIO;AUTOSERVICIO;11558,88;HERNAN RIVERO;0,00;$;2;SOFTYS ARGENTINA S.A;0,00000000;0,00;Contado;05-10-2026 09:30;;SUSSEX;Softy;;SOFTY;SERVILLETA;LAGO PUELO;PAPEL;;;300;Bruno Centurion;AXUM;;SOFTYS;False;131190;0;Lista General;AUTOSERVICIO - A;42738;01-10-2026;757-JUAN PABLO JUAREZ;SOFTYS;1;0,00000000;1300,37
3693;"GARIBALDI 420";QUILMES;2026-10-02;02-10-2026;30-09-2026;FAC-A0001-00342958;Venta;LAGOPUELO S.A;1502206;2,00;48377,52;58536,80;ZHAN SAIYING;;0,00 %;2;Fernanda Cejas;23;RC ELITE ULTRA CON ALGODON 120p x2/10;24188,76;3413;"";AUTOSERVICIO;AUTOSERVICIO;35835,20;HERNAN RIVERO;0,00;$;2;SOFTYS ARGENTINA S.A;0,00000000;0,00;Contado;05-10-2026 09:30;;ELITE;Softy;;SOFTY;ROLLO DE COCINA;LAGO PUELO;PAPEL;;;25;JOHANA VIGIL;AXUM;;SOFTYS;False;131212;0;Lista General;AUTOSERVICIO - A;42741;01-10-2026;757-JUAN PABLO JUAREZ;SOFTYS;1;0,00000000;24188,76
3693;"GARIBALDI 420";QUILMES;2026-10-02;02-10-2026;30-09-2026;FAC-A0001-00342958;Venta;LAGOPUELO S.A;1505708;1,00;20733,71;25087,79;ZHAN SAIYING;;0,00 %;2;Fernanda Cejas;23;RC SUSEEX CLS MEGARROLO ALTO 200X1;20733,71;3413;"";AUTOSERVICIO;AUTOSERVICIO;15358,30;HERNAN RIVERO;0,00;$;2;SOFTYS ARGENTINA S.A;0,00000000;0,00;Contado;05-10-2026 09:30;;SUSSEX;Softy;;SOFTY;ROLLO DE COCINA;LAGO PUELO;PAPEL;;;25;JOHANA VIGIL;AXUM;;SOFTYS;False;131212;0;Lista General;AUTOSERVICIO - A;42741;01-10-2026;757-JUAN PABLO JUAREZ;SOFTYS;1;0,00000000;20733,71
3693;"GARIBALDI 420";QUILMES;2026-10-02;02-10-2026;30-09-2026;FAC-A0001-00342958;Venta;LAGOPUELO S.A;1509765;6,00;9229,68;11167,91;ZHAN SAIYING;;0,00 %;2;Fernanda Cejas;23;TF NORMALT/SUAVE EXT ALG 16x27;1538,28;3413;"";AUTOSERVICIO;AUTOSERVICIO;6365,28;HERNAN RIVERO;0,00;$;2;SOFTYS ARGENTINA S.A;0,00000000;0,00;Contado;05-10-2026 09:30;;LADYSOFT;Softy;;SOFTY;TOALLA FEMENINA;LAGO PUELO;PAPEL;;;25;JOHANA VIGIL;AXUM;;SOFTYS;False;131212;0;Lista General;AUTOSERVICIO - A;42741;01-10-2026;757-JUAN PABLO JUAREZ;SOFTYS;1;0,00000000;1538,28
3693;"GARIBALDI 420";QUILMES;2026-10-02;02-10-2026;30-09-2026;FAC-A0001-00342958;Venta;LAGOPUELO S.A;1509756;6,00;13203,84;15976,65;ZHAN SAIYING;;0,00 %;2;Fernanda Cejas;23;TF UD T/SECA LADYSOFT UL PRT 16u;2200,64;3413;"";AUTOSERVICIO;AUTOSERVICIO;9106,08;HERNAN RIVERO;0,00;$;2;SOFTYS ARGENTINA S.A;0,00000000;0,00;Contado;05-10-2026 09:30;;LADYSOFT;Softy;;SOFTY;TOALLA FEMENINA;LAGO PUELO;PAPEL;;;25;JOHANA VIGIL;AXUM;;SOFTYS;False;131212;0;Lista General;AUTOSERVICIO - A;42741;01-10-2026;757-JUAN PABLO JUAREZ;SOFTYS;1;0,00000000;2200,64
3693;"GARIBALDI 420";QUILMES;2026-10-02;02-10-2026;30-09-2026;FAC-A0001-00342958;Venta;LAGOPUELO S.A;1509762;6,00;6692,46;8097,88;ZHAN SAIYING;;0,00 %;2;Fernanda Cejas;23;TF NOCTUR EXT A 8x32;1115,41;3413;"";AUTOSERVICIO;AUTOSERVICIO;4615,50;HERNAN RIVERO;0,00;$;2;SOFTYS ARGENTINA S.A;0,00000000;0,00;Contado;05-10-2026 09:30;;LADYSOFT;Softy;;SOFTY;TOALLA FEMENINA;LAGO PUELO;PAPEL;;;25;JOHANA VIGIL;AXUM;;SOFTYS;False;131212;0;Lista General;AUTOSERVICIO - A;42741;01-10-2026;757-JUAN PABLO JUAREZ;SOFTYS;1;0,00000000;1115,41
3796;"LA PLATA 708";Quilmes;2026-10-02;02-10-2026;30-09-2026;FAC-A0001-00342961;Venta;LAGOPUELO S.A;1509758;12,00;12615,72;15265,02;LIN XIAO YUAN.;;0,00 %;054;Leonel Caruso;0543;TF UD T/SUAVE EXT ALGO 8X40;1051,31;3413;"";AUTOSERVICIO;AUTOSERVICIO;8700,48;HERNAN RIVERO;0,00;$;2;SOFTYS ARGENTINA S.A;0,00000000;0,00;Contado;05-10-2026 09:30;;LADYSOFT;Softy;;SOFTY;TOALLA FEMENINA;LAGO PUELO;PAPEL;;;300;Bruno Centurion;AXUM;;SOFTYS;False;131240;0;Lista General;AUTOSERVICIO - A;42744;01-10-2026;757-JUAN PABLO JUAREZ;SOFTYS;1;0,00000000;1051,31
3796;"LA PLATA 708";Quilmes;2026-10-02;02-10-2026;30-09-2026;FAC-A0001-00342961;Venta;LAGOPUELO S.A;1509749;6,00;7422,96;8981,78;LIN XIAO YUAN.;;0,00 %;054;Leonel Caruso;0543;PD ladysoft clasicos 20x30;1237,16;3413;"";AUTOSERVICIO;AUTOSERVICIO;5119,26;HERNAN RIVERO;0,00;$;2;SOFTYS ARGENTINA S.A;0,00000000;0,00;Contado;05-10-2026 09:30;;LADYSOFT;Softy;;SOFTY;PROTECTOR DIARIO;LAGO PUELO;PAPEL;;;300;Bruno Centurion;AXUM;;SOFTYS;False;131240;0;Lista General;AUTOSERVICIO - A;42744;01-10-2026;757-JUAN PABLO JUAREZ;SOFTYS;1;0,00000000;1237,16
3796;"LA PLATA 708";Quilmes;2026-10-02;02-10-2026;30-09-2026;FAC-A0001-00342961;Venta;LAGOPUELO S.A;1509768;12,00;10821,72;13094,28;LIN XIAO YUAN.;;0,00 %;054;Leonel Caruso;0543;TF NORMAL T/SUAVE PIEL SENSIBLE 8x54;901,81;3413;"";AUTOSERVICIO;AUTOSERVICIO;7463,28;HERNAN RIVERO;0,00;$;2;SOFTYS ARGENTINA S.A;0,00000000;0,00;Contado;05-10-2026 09:30;;LADYSOFT;Softy;;SOFTY;TOALLA FEMENINA;LAGO PUELO;PAPEL;;;300;Bruno Centurion;AXUM;;SOFTYS;False;131240;0;Lista General;AUTOSERVICIO - A;42744;01-10-2026;757-JUAN PABLO JUAREZ;SOFTYS;1;0,00000000;901,81
3796;"LA PLATA 708";Quilmes;2026-10-02;02-10-2026;30-09-2026;FAC-A0001-00342961;Venta;LAGOPUELO S.A;1509761;12,00;8829,00;10683,09;LIN XIAO YUAN.;;0,00 %;054;Leonel Caruso;0543;TF LADYSOFT COMFORT EXT ALGODON 8x54;735,75;3413;"";AUTOSERVICIO;AUTOSERVICIO;6088,92;HERNAN RIVERO;0,00;$;2;SOFTYS ARGENTINA S.A;0,00000000;0,00;Contado;05-10-2026 09:30;;LADYSOFT;Softy;;SOFTY;TOALLA FEMENINA;LAGO PUELO;PAPEL;;;300;Bruno Centurion;AXUM;;SOFTYS;False;131240;0;Lista General;AUTOSERVICIO - A;42744;01-10-2026;757-JUAN PABLO JUAREZ;SOFTYS;1;0,00000000;735,75
3033;"CARLOS PELLEGRINI 2654";QUILMES;2026-10-02;02-10-2026;30-09-2026;FAC-A0001-00342966;Venta;LAGOPUELO S.A;1504208;8,00;64599,77;78165,72;HUANG XIWEI ;;10,00 %;054;Leonel Caruso;0543;BABYSEC ULTSOFT XX6 30/4;8074,97;3413;"";AUTOSERVICIO;AUTOSERVICIO;53168,48;HERNAN RIVERO;897,22;$;2;SOFTYS ARGENTINA S.A;0,00000000;0,00;Contado;05-10-2026 09:30;;BABYSEC;Softy;;SOFTY;PAÒAL;LAGO PUELO;PAPEL;;;300;Bruno Centurion;AXUM;;SOFTYS;False;131343;0;Lista General;AUTOSERVICIO - A;42750;01-10-2026;757-JUAN PABLO JUAREZ;SOFTYS;1;0,00000000;8074,97
3140;"CARLOS PELLEGRINI 2053";QUILMES;2026-10-02;02-10-2026;30-09-2026;FAC-A0001-00342967;Venta;LAGOPUELO S.A;1501553;3,00;56746,70;68663,50;SCHIRO JUAN JOSE;;23,00 %;054;Leonel Caruso;0543;PH HIGIENOL DH PLUS FUSI”N 30M x4/10;18915,57;3413;"";ALMACEN;ALMACEN;47777,64;HERNAN RIVERO;5650,10;$;2;SOFTYS ARGENTINA S.A;0,00000000;0,00;Contado;05-10-2026 09:30;;HIGIENOL;Softy;;SOFTY;PAPEL HIG;LAGO PUELO;PAPEL;81;;300;Bruno Centurion;AXUM;;SOFTYS;False;131349;0;Lista General;ALMACEN - A;42751;01-10-2026;757-JUAN PABLO JUAREZ;SOFTYS;1;0,00000000;18915,57
3981;"AV 12 DE OCTUBRE 2777";QUILMES OESTE;2026-10-02;02-10-2026;30-09-2026;FAC-A0001-00342968;Venta;LAGOPUELO S.A;1501553;2,00;37831,13;45775,67;ARIEL HUMBERTO CRUZ;;23,00 %;053;Verona Abati;0533;PH HIGIENOL DH PLUS FUSI”N 30M x4/10;18915,57;3413;"";AUTOSERVICIO;AUTOSERVICIO;31851,76;HERNAN RIVERO;5650,10;$;2;SOFTYS ARGENTINA S.A;0,00000000;0,00;Contado;05-10-2026 09:30;;HIGIENOL;Softy;;SOFTY;PAPEL HIG;LAGO PUELO;PAPEL;81;;300;Bruno Centurion;AXUM;;SOFTYS;False;131387;0;Lista General;AUTOSERVICIO - A;42754;01-10-2026;757-JUAN PABLO JUAREZ;SOFTYS;1;0,00000000;18915,57
3981;"AV 12 DE OCTUBRE 2777";QUILMES OESTE;2026-10-02;02-10-2026;30-09-2026;FAC-A0001-00342968;Venta;LAGOPUELO S.A;1501618;3,00;53605,50;64862,66;ARIEL HUMBERTO CRUZ;;0,00 %;053;Verona Abati;0533;PH HIG  FRESH ALOE 30M X4/12;17868,50;3413;"";AUTOSERVICIO;AUTOSERVICIO;36969,30;HERNAN RIVERO;0,00;$;2;SOFTYS ARGENTINA S.A;0,00000000;0,00;Contado;05-10-2026 09:30;;HIGIENOL;Softy;;SOFTY;PAPEL HIG;LAGO PUELO;PAPEL;;;300;Bruno Centurion;AXUM;;SOFTYS;False;131387;0;Lista General;AUTOSERVICIO - A;42754;01-10-2026;757-JUAN PABLO JUAREZ;SOFTYS;1;0,00000000;17868,50
3981;"AV 12 DE OCTUBRE 2777";QUILMES OESTE;2026-10-02;02-10-2026;30-09-2026;FAC-A0001-00342968;Venta;LAGOPUELO S.A;1501586;2,00;56833,64;68768,70;ARIEL HUMBERTO CRUZ;;0,00 %;053;Verona Abati;0533;PH HIGIENOL HS MAX 50x4;28416,82;3413;"";AUTOSERVICIO;AUTOSERVICIO;39195,62;HERNAN RIVERO;0,00;$;2;SOFTYS ARGENTINA S.A;0,00000000;0,00;Contado;05-10-2026 09:30;;HIGIENOL;Softy;;SOFTY;PAPEL HIG;LAGO PUELO;PAPEL;;;300;Bruno Centurion;AXUM;;SOFTYS;False;131387;0;Lista General;AUTOSERVICIO - A;42754;01-10-2026;757-JUAN PABLO JUAREZ;SOFTYS;1;0,00000000;28416,82
3981;"AV 12 DE OCTUBRE 2777";QUILMES OESTE;2026-10-02;02-10-2026;30-09-2026;FAC-A0001-00342968;Venta;LAGOPUELO S.A;1501585;2,00;66523,98;80494,02;ARIEL HUMBERTO CRUZ;;0,00 %;053;Verona Abati;0533;PH HIGIENOL HS MAX ALOE PANAL 80M X4;33261,99;3413;"";AUTOSERVICIO;AUTOSERVICIO;44960,78;HERNAN RIVERO;0,00;$;2;SOFTYS ARGENTINA S.A;0,00000000;0,00;Contado;05-10-2026 09:30;;HIGIENOL;Softy;;SOFTY;PAPEL HIG;LAGO PUELO;PAPEL;;;300;Bruno Centurion;AXUM;;SOFTYS;False;131387;0;Lista General;AUTOSERVICIO - A;42754;01-10-2026;757-JUAN PABLO JUAREZ;SOFTYS;1;0,00000000;33261,99
3981;"AV 12 DE OCTUBRE 2777";QUILMES OESTE;2026-10-02;02-10-2026;30-09-2026;FAC-A0001-00342968;Venta;LAGOPUELO S.A;1505688;2,00;30085,11;36402,99;ARIEL HUMBERTO CRUZ;;5,00 %;053;Verona Abati;0533;RC Sussex clasico mas blanco 50px3/10;15042,56;3413;"";AUTOSERVICIO;AUTOSERVICIO;23458,18;HERNAN RIVERO;791,71;$;2;SOFTYS ARGENTINA S.A;0,00000000;0,00;Contado;05-10-2026 09:30;;SUSSEX;Softy;;SOFTY;ROLLO DE COCINA;LAGO PUELO;PAPEL;83;;300;Bruno Centurion;AXUM;;SOFTYS;False;131387;0;Lista General;AUTOSERVICIO - A;42754;01-10-2026;757-JUAN PABLO JUAREZ;SOFTYS;1;0,00000000;15042,56
3981;"AV 12 DE OCTUBRE 2777";QUILMES OESTE;2026-10-02;02-10-2026;30-09-2026;FAC-A0001-00342968;Venta;LAGOPUELO S.A;1503131;8,00;16503,04;19968,68;ARIEL HUMBERTO CRUZ;;0,00 %;053;Verona Abati;0533;TH BABYSEC PREMIUM X45/10;2062,88;3413;"";AUTOSERVICIO;AUTOSERVICIO;11381,44;HERNAN RIVERO;0,00;$;2;SOFTYS ARGENTINA S.A;0,00000000;0,00;Contado;05-10-2026 09:30;;BABYSEC;Softy;;SOFTY;TOALLA HUMEDA;LAGO PUELO;PAPEL;;;300;Bruno Centurion;AXUM;;SOFTYS;False;131387;0;Lista General;AUTOSERVICIO - A;42754;01-10-2026;757-JUAN PABLO JUAREZ;SOFTYS;1;0,00000000;2062,88
41;"12 DE OCTUBRE 4778";Quilmes;2026-10-02;02-10-2026;30-09-2026;FAC-A0001-00342970;Venta;LAGOPUELO S.A;1509749;12,00;14845,92;17963,56;Maria Elsa ayala MartÌnez;;0,00 %;053;Verona Abati;0533;PD ladysoft clasicos 20x30;1237,16;3413;"";ALMACEN;ALMACEN;10238,52;HERNAN RIVERO;0,00;$;2;SOFTYS ARGENTINA S.A;0,00000000;0,00;Efectivo;05-10-2026 09:30;;LADYSOFT;Softy;;SOFTY;PROTECTOR DIARIO;LAGO PUELO;PAPEL;;;300;Bruno Centurion;AXUM;;SOFTYS;False;131461;0;Lista General;ALMACEN - A;42756;01-10-2026;757-JUAN PABLO JUAREZ;SOFTYS;1;0,00000000;1237,16
3084;"12 DE OCTUBRE 1156";Quilmes;2026-10-02;02-10-2026;01-10-2026;FAC-A0001-00342971;Venta;LAGOPUELO S.A;1509755;10,00;11996,70;14516,01;WANG GUOYI;;0,00 %;054;Leonel Caruso;0544;TF UD T/SECA LADYSOFT ULTRA PROTECT 8;1199,67;3413;"";AUTOSERVICIO;AUTOSERVICIO;8273,60;HERNAN RIVERO;0,00;$;2;SOFTYS ARGENTINA S.A;0,00000000;0,00;Contado;05-10-2026 09:30;;LADYSOFT;Softy;;SOFTY;TOALLA FEMENINA;LAGO PUELO;PAPEL;;;300;Bruno Centurion;AXUM;;SOFTYS;False;131554;0;Lista General;AUTOSERVICIO - A;42757;01-10-2026;757-JUAN PABLO JUAREZ;SOFTYS;1;0,00000000;1199,67
3084;"12 DE OCTUBRE 1156";Quilmes;2026-10-02;02-10-2026;01-10-2026;FAC-A0001-00342971;Venta;LAGOPUELO S.A;1509762;10,00;11721,90;14183,50;WANG GUOYI;;0,00 %;054;Leonel Caruso;0544;TF NOCTUR EXT A 8x32;1172,19;3413;"";AUTOSERVICIO;AUTOSERVICIO;8084,10;HERNAN RIVERO;0,00;$;2;SOFTYS ARGENTINA S.A;0,00000000;0,00;Contado;05-10-2026 09:30;;LADYSOFT;Softy;;SOFTY;TOALLA FEMENINA;LAGO PUELO;PAPEL;;;300;Bruno Centurion;AXUM;;SOFTYS;False;131554;0;Lista General;AUTOSERVICIO - A;42757;01-10-2026;757-JUAN PABLO JUAREZ;SOFTYS;1;0,00000000;1172,19
3084;"12 DE OCTUBRE 1156";Quilmes;2026-10-02;02-10-2026;01-10-2026;FAC-A0001-00342971;Venta;LAGOPUELO S.A;1509766;5,00;4579,00;5540,59;WANG GUOYI;;0,00 %;054;Leonel Caruso;0544;TF T/SECA NORMAL MAS PROTECC 8x54;915,80;3413;"";AUTOSERVICIO;AUTOSERVICIO;3157,95;HERNAN RIVERO;0,00;$;2;SOFTYS ARGENTINA S.A;0,00000000;0,00;Contado;05-10-2026 09:30;;LADYSOFT;Softy;;SOFTY;TOALLA FEMENINA;LAGO PUELO;PAPEL;;;300;Bruno Centurion;AXUM;;SOFTYS;False;131554;0;Lista General;AUTOSERVICIO - A;42757;01-10-2026;757-JUAN PABLO JUAREZ;SOFTYS;1;0,00000000;915,80
3084;"12 DE OCTUBRE 1156";Quilmes;2026-10-02;02-10-2026;01-10-2026;FAC-A0001-00342971;Venta;LAGOPUELO S.A;1509755;5,00;5998,35;7258,00;WANG GUOYI;;0,00 %;054;Leonel Caruso;0544;TF UD T/SECA LADYSOFT ULTRA PROTECT 8;1199,67;3413;"";AUTOSERVICIO;AUTOSERVICIO;4136,80;HERNAN RIVERO;0,00;$;2;SOFTYS ARGENTINA S.A;0,00000000;0,00;Contado;05-10-2026 09:30;;LADYSOFT;Softy;;SOFTY;TOALLA FEMENINA;LAGO PUELO;PAPEL;;;300;Bruno Centurion;AXUM;;SOFTYS;False;131554;0;Lista General;AUTOSERVICIO - A;42757;01-10-2026;757-JUAN PABLO JUAREZ;SOFTYS;1;0,00000000;1199,67
3084;"12 DE OCTUBRE 1156";Quilmes;2026-10-02;02-10-2026;01-10-2026;FAC-A0001-00342971;Venta;LAGOPUELO S.A;1509756;6,00;14002,26;16942,73;WANG GUOYI;;0,00 %;054;Leonel Caruso;0544;TF UD T/SECA LADYSOFT UL PRT 16u;2333,71;3413;"";AUTOSERVICIO;AUTOSERVICIO;9656,76;HERNAN RIVERO;0,00;$;2;SOFTYS ARGENTINA S.A;0,00000000;0,00;Contado;05-10-2026 09:30;;LADYSOFT;Softy;;SOFTY;TOALLA FEMENINA;LAGO PUELO;PAPEL;;;300;Bruno Centurion;AXUM;;SOFTYS;False;131554;0;Lista General;AUTOSERVICIO - A;42757;01-10-2026;757-JUAN PABLO JUAREZ;SOFTYS;1;0,00000000;2333,71
3084;"12 DE OCTUBRE 1156";Quilmes;2026-10-02;02-10-2026;01-10-2026;FAC-A0001-00342971;Venta;LAGOPUELO S.A;1509759;6,00;12784,26;15468,95;WANG GUOYI;;0,00 %;054;Leonel Caruso;0544;TF UD T/SUAVE EXT ALG 16x20;2130,71;3413;"";AUTOSERVICIO;AUTOSERVICIO;8816,70;HERNAN RIVERO;0,00;$;2;SOFTYS ARGENTINA S.A;0,00000000;0,00;Contado;05-10-2026 09:30;;LADYSOFT;Softy;;SOFTY;TOALLA FEMENINA;LAGO PUELO;PAPEL;;;300;Bruno Centurion;AXUM;;SOFTYS;False;131554;0;Lista General;AUTOSERVICIO - A;42757;01-10-2026;757-JUAN PABLO JUAREZ;SOFTYS;1;0,00000000;2130,71
3084;"12 DE OCTUBRE 1156";Quilmes;2026-10-02;02-10-2026;01-10-2026;FAC-A0001-00342971;Venta;LAGOPUELO S.A;1509765;6,00;9973,08;12067,43;WANG GUOYI;;0,00 %;054;Leonel Caruso;0544;TF NORMALT/SUAVE EXT ALG 16x27;1662,18;3413;"";AUTOSERVICIO;AUTOSERVICIO;6877,98;HERNAN RIVERO;0,00;$;2;SOFTYS ARGENTINA S.A;0,00000000;0,00;Contado;05-10-2026 09:30;;LADYSOFT;Softy;;SOFTY;TOALLA FEMENINA;LAGO PUELO;PAPEL;;;300;Bruno Centurion;AXUM;;SOFTYS;False;131554;0;Lista General;AUTOSERVICIO - A;42757;01-10-2026;757-JUAN PABLO JUAREZ;SOFTYS;1;0,00000000;1662,18
3653;"FELIPE AMOEDO 641";Quilmes;2026-10-02;02-10-2026;01-10-2026;FAC-A0001-00342977;Venta;LAGOPUELO S.A;1509755;6,00;7198,02;8709,60;COCO MART S.R.L;;0,00 %;054;Leonel Caruso;0544;TF UD T/SECA LADYSOFT ULTRA PROTECT 8;1199,67;3413;"";AUTOSERVICIO;AUTOSERVICIO;4964,16;HERNAN RIVERO;0,00;$;2;SOFTYS ARGENTINA S.A;0,00000000;0,00;Contado;05-10-2026 09:30;;LADYSOFT;Softy;;SOFTY;TOALLA FEMENINA;LAGO PUELO;PAPEL;;;300;Bruno Centurion;AXUM;;SOFTYS;False;131615;0;Lista General;AUTOSERVICIO - A;42763;01-10-2026;757-JUAN PABLO JUAREZ;SOFTYS;1;0,00000000;1199,67
3653;"FELIPE AMOEDO 641";Quilmes;2026-10-02;02-10-2026;01-10-2026;FAC-A0001-00342977;Venta;LAGOPUELO S.A;1509758;6,00;6694,44;8100,27;COCO MART S.R.L;;0,00 %;054;Leonel Caruso;0544;TF UD T/SUAVE EXT ALGO 8X40;1115,74;3413;"";AUTOSERVICIO;AUTOSERVICIO;4616,88;HERNAN RIVERO;0,00;$;2;SOFTYS ARGENTINA S.A;0,00000000;0,00;Contado;05-10-2026 09:30;;LADYSOFT;Softy;;SOFTY;TOALLA FEMENINA;LAGO PUELO;PAPEL;;;300;Bruno Centurion;AXUM;;SOFTYS;False;131615;0;Lista General;AUTOSERVICIO - A;42763;01-10-2026;757-JUAN PABLO JUAREZ;SOFTYS;1;0,00000000;1115,74
3063;"ANDRES BARANDA 1570";QUILMES;2026-10-02;02-10-2026;01-10-2026;FAC-A0001-00342981;Venta;LAGOPUELO S.A;1509765;6,00;9973,08;12067,43;YAN FENG;;0,00 %;054;Leonel Caruso;0544;TF NORMALT/SUAVE EXT ALG 16x27;1662,18;3413;"";AUTOSERVICIO;AUTOSERVICIO;6877,98;HERNAN RIVERO;0,00;$;2;SOFTYS ARGENTINA S.A;0,00000000;0,00;Contado;05-10-2026 09:30;;LADYSOFT;Softy;;SOFTY;TOALLA FEMENINA;LAGO PUELO;PAPEL;;;300;Bruno Centurion;AXUM;;SOFTYS;False;131691;0;Lista General;AUTOSERVICIO - A;42767;01-10-2026;757-JUAN PABLO JUAREZ;SOFTYS;1;0,00000000;1662,18
3063;"ANDRES BARANDA 1570";QUILMES;2026-10-02;02-10-2026;01-10-2026;FAC-A0001-00342981;Venta;LAGOPUELO S.A;1509766;6,00;5494,80;6648,71;YAN FENG;;0,00 %;054;Leonel Caruso;0544;TF T/SECA NORMAL MAS PROTECC 8x54;915,80;3413;"";AUTOSERVICIO;AUTOSERVICIO;3789,54;HERNAN RIVERO;0,00;$;2;SOFTYS ARGENTINA S.A;0,00000000;0,00;Contado;05-10-2026 09:30;;LADYSOFT;Softy;;SOFTY;TOALLA FEMENINA;LAGO PUELO;PAPEL;;;300;Bruno Centurion;AXUM;;SOFTYS;False;131691;0;Lista General;AUTOSERVICIO - A;42767;01-10-2026;757-JUAN PABLO JUAREZ;SOFTYS;1;0,00000000;915,80
3320;"ESTANISLAO DEL CAMPO 2174";Quilmes;2026-10-02;02-10-2026;01-10-2026;FAC-A0001-00342984;Venta;LAGOPUELO S.A;1509762;12,00;14066,28;17020,20;GUAN XIONG ;;0,00 %;054;Leonel Caruso;0544;TF NOCTUR EXT A 8x32;1172,19;3413;"";AUTOSERVICIO;AUTOSERVICIO;9700,92;HERNAN RIVERO;0,00;$;2;SOFTYS ARGENTINA S.A;0,00000000;0,00;Contado;05-10-2026 09:30;;LADYSOFT;Softy;;SOFTY;TOALLA FEMENINA;LAGO PUELO;PAPEL;;;300;Bruno Centurion;AXUM;;SOFTYS;False;131878;0;Lista General;AUTOSERVICIO - A;42769;01-10-2026;757-JUAN PABLO JUAREZ;SOFTYS;1;0,00000000;1172,19
3320;"ESTANISLAO DEL CAMPO 2174";Quilmes;2026-10-02;02-10-2026;01-10-2026;FAC-A0001-00342984;Venta;LAGOPUELO S.A;1509755;12,00;14396,04;17419,21;GUAN XIONG ;;0,00 %;054;Leonel Caruso;0544;TF UD T/SECA LADYSOFT ULTRA PROTECT 8;1199,67;3413;"";AUTOSERVICIO;AUTOSERVICIO;9928,32;HERNAN RIVERO;0,00;$;2;SOFTYS ARGENTINA S.A;0,00000000;0,00;Contado;05-10-2026 09:30;;LADYSOFT;Softy;;SOFTY;TOALLA FEMENINA;LAGO PUELO;PAPEL;;;300;Bruno Centurion;AXUM;;SOFTYS;False;131878;0;Lista General;AUTOSERVICIO - A;42769;01-10-2026;757-JUAN PABLO JUAREZ;SOFTYS;1;0,00000000;1199,67
3320;"ESTANISLAO DEL CAMPO 2174";Quilmes;2026-10-02;02-10-2026;01-10-2026;FAC-A0001-00342984;Venta;LAGOPUELO S.A;1509768;12,00;11703,72;14161,50;GUAN XIONG ;;0,00 %;054;Leonel Caruso;0544;TF NORMAL T/SUAVE PIEL SENSIBLE 8x54;975,31;3413;"";AUTOSERVICIO;AUTOSERVICIO;8071,56;HERNAN RIVERO;0,00;$;2;SOFTYS ARGENTINA S.A;0,00000000;0,00;Contado;05-10-2026 09:30;;LADYSOFT;Softy;;SOFTY;TOALLA FEMENINA;LAGO PUELO;PAPEL;;;300;Bruno Centurion;AXUM;;SOFTYS;False;131878;0;Lista General;AUTOSERVICIO - A;42769;01-10-2026;757-JUAN PABLO JUAREZ;SOFTYS;1;0,00000000;975,31
22073;"RUTA 2 KM 44500";Berazategui;2026-10-02;02-10-2026;01-10-2026;FAC-A0001-00342989;Venta;LAGOPUELO S.A;1504079;15,00;32917,59;39830,28;JACINTO HECTOR OMAR;;10,00 %;051;Ezequiel Valente;0514;PL BABYSEC ULTRASOFT XXG 8/15;2194,51;3411;"";AUTOSERVICIO;Autoservicio B;27092,70;JUAN ESCOTO;243,83;$;2;SOFTYS ARGENTINA S.A;0,00000000;0,00;Contado;05-10-2026 09:15;;BABYSEC;Softy;;SOFTY;PAÒAL;LAGO PUELO;PAPEL;;;300;Bruno Centurion;AXUM;;SOFTYS;False;131575;0;Lista General;Autoservicio B - A;42956;01-10-2026;58-ARON BOLLINI;SOFTYS;1;0,00000000;2194,51
22073;"RUTA 2 KM 44500";Berazategui;2026-10-02;02-10-2026;01-10-2026;FAC-A0001-00342989;Venta;LAGOPUELO S.A;1509763;10,00;22650,50;27407,11;JACINTO HECTOR OMAR;;0,00 %;051;Ezequiel Valente;0514;TF Nocturna EXT ALGODON 16X16;2265,05;3411;"";AUTOSERVICIO;Autoservicio B;15621,10;JUAN ESCOTO;0,00;$;2;SOFTYS ARGENTINA S.A;0,00000000;0,00;Contado;05-10-2026 09:15;;LADYSOFT;Softy;;SOFTY;TOALLA FEMENINA;LAGO PUELO;PAPEL;;;300;Bruno Centurion;AXUM;;SOFTYS;False;131575;0;Lista General;Autoservicio B - A;42956;01-10-2026;58-ARON BOLLINI;SOFTYS;1;0,00000000;2265,05
6028;"AV. LA ROTONDA 1218";Varela ;2026-10-02;02-10-2026;01-10-2026;FAC-A0001-00342991;Venta;LAGOPUELO S.A;1504279;4,00;43129,33;52186,49;HUANG JIANXIN;;10,00 %;052;Nicole Sosa;0524;PL BABYSEC PREM SOFT Mx48/4;10782,33;3411;"";AUTOSERVICIO;AUTOSERVICIO;35497,40;JUAN ESCOTO;1198,04;$;2;SOFTYS ARGENTINA S.A;0,00000000;0,00;Contado;05-10-2026 09:15;;BABYSEC;Softy;;SOFTY;PAÒAL;LAGO PUELO;PAPEL;;;300;Bruno Centurion;AXUM;;SOFTYS;False;131626;0;Lista General;AUTOSERVICIO - A;42958;01-10-2026;58-ARON BOLLINI;SOFTYS;1;0,00000000;10782,33
6028;"AV. LA ROTONDA 1218";Varela ;2026-10-02;02-10-2026;01-10-2026;FAC-A0001-00342991;Venta;LAGOPUELO S.A;1504289;8,00;86258,66;104372,98;HUANG JIANXIN;;10,00 %;052;Nicole Sosa;0524;PLBABYSEC PREM SOFTXXG x30/4;10782,33;3411;"";AUTOSERVICIO;AUTOSERVICIO;70994,80;JUAN ESCOTO;1198,04;$;2;SOFTYS ARGENTINA S.A;0,00000000;0,00;Contado;05-10-2026 09:15;;BABYSEC;Softy;;SOFTY;PAÒAL;LAGO PUELO;PAPEL;;;300;Bruno Centurion;AXUM;;SOFTYS;False;131626;0;Lista General;AUTOSERVICIO - A;42958;01-10-2026;58-ARON BOLLINI;SOFTYS;1;0,00000000;10782,33
6028;"AV. LA ROTONDA 1218";Varela ;2026-10-02;02-10-2026;01-10-2026;FAC-A0001-00342991;Venta;LAGOPUELO S.A;1504206;2,00;17606,12;21303,41;HUANG JIANXIN;;10,00 %;052;Nicole Sosa;0524;PL BABYSEC ULTRASOFT G 40/4;8803,06;3411;"";AUTOSERVICIO;AUTOSERVICIO;14490,64;JUAN ESCOTO;978,12;$;2;SOFTYS ARGENTINA S.A;0,00000000;0,00;Contado;05-10-2026 09:15;;BABYSEC;Softy;;SOFTY;PAÒAL;LAGO PUELO;PAPEL;;;300;Bruno Centurion;AXUM;;SOFTYS;False;131626;0;Lista General;AUTOSERVICIO - A;42958;01-10-2026;58-ARON BOLLINI;SOFTYS;1;0,00000000;8803,06
6028;"AV. LA ROTONDA 1218";Varela ;2026-10-02;02-10-2026;01-10-2026;FAC-A0001-00342991;Venta;LAGOPUELO S.A;1504205;2,00;17606,12;21303,41;HUANG JIANXIN;;10,00 %;052;Nicole Sosa;0524;PL BABYSEC ULTRASOFT M 48/4;8803,06;3411;"";AUTOSERVICIO;AUTOSERVICIO;14490,64;JUAN ESCOTO;978,12;$;2;SOFTYS ARGENTINA S.A;0,00000000;0,00;Contado;05-10-2026 09:15;;BABYSEC;Softy;;SOFTY;PAÒAL;LAGO PUELO;PAPEL;;;300;Bruno Centurion;AXUM;;SOFTYS;False;131626;0;Lista General;AUTOSERVICIO - A;42958;01-10-2026;58-ARON BOLLINI;SOFTYS;1;0,00000000;8803,06
6028;"AV. LA ROTONDA 1218";Varela ;2026-10-02;02-10-2026;01-10-2026;FAC-A0001-00342991;Venta;LAGOPUELO S.A;1509768;12,00;11703,72;14161,50;HUANG JIANXIN;;0,00 %;052;Nicole Sosa;0524;TF NORMAL T/SUAVE PIEL SENSIBLE 8x54;975,31;3411;"";AUTOSERVICIO;AUTOSERVICIO;8071,56;JUAN ESCOTO;0,00;$;2;SOFTYS ARGENTINA S.A;0,00000000;0,00;Contado;05-10-2026 09:15;;LADYSOFT;Softy;;SOFTY;TOALLA FEMENINA;LAGO PUELO;PAPEL;;;300;Bruno Centurion;AXUM;;SOFTYS;False;131626;0;Lista General;AUTOSERVICIO - A;42958;01-10-2026;58-ARON BOLLINI;SOFTYS;1;0,00000000;975,31
1446;"514 N 1167";BERAZATEGUI;2026-10-02;02-10-2026;01-10-2026;FAC-A0001-00342993;Venta;LAGOPUELO S.A;1509764;5,00;0,00;0,00;RUBEN VICOS;;100,00 %;051;Ezequiel Valente;0514;TF NORMAL T/SUAVE EXT ALGODON 8x54;0,00;3411;"";ALMACEN;ALMACEN;2926,35;JUAN ESCOTO;848,64;$;2;SOFTYS ARGENTINA S.A;0,00000000;0,00;Contado;05-10-2026 09:15;;LADYSOFT;Softy;;SOFTY;TOALLA FEMENINA;LAGO PUELO;PAPEL;65;;300;Bruno Centurion;AXUM;;SOFTYS;False;131637;0;Lista General;ALMACEN - A;42961;01-10-2026;58-ARON BOLLINI;SOFTYS;1;0,00000000;0,00
1446;"514 N 1167";BERAZATEGUI;2026-10-02;02-10-2026;01-10-2026;FAC-A0001-00342993;Venta;LAGOPUELO S.A;1509765;27,00;44878,86;54303,42;RUBEN VICOS;;0,00 %;051;Ezequiel Valente;0514;TF NORMALT/SUAVE EXT ALG 16x27;1662,18;3411;"";ALMACEN;ALMACEN;30950,91;JUAN ESCOTO;0,00;$;2;SOFTYS ARGENTINA S.A;0,00000000;0,00;Contado;05-10-2026 09:15;;LADYSOFT;Softy;;SOFTY;TOALLA FEMENINA;LAGO PUELO;PAPEL;;;300;Bruno Centurion;AXUM;;SOFTYS;False;131637;0;Lista General;ALMACEN - A;42961;01-10-2026;58-ARON BOLLINI;SOFTYS;1;0,00000000;1662,18
1446;"514 N 1167";BERAZATEGUI;2026-10-02;02-10-2026;01-10-2026;FAC-A0001-00342993;Venta;LAGOPUELO S.A;1509764;54,00;45826,56;55450,14;RUBEN VICOS;;0,00 %;051;Ezequiel Valente;0514;TF NORMAL T/SUAVE EXT ALGODON 8x54;848,64;3411;"";ALMACEN;ALMACEN;31604,58;JUAN ESCOTO;0,00;$;2;SOFTYS ARGENTINA S.A;0,00000000;0,00;Contado;05-10-2026 09:15;;LADYSOFT;Softy;;SOFTY;TOALLA FEMENINA;LAGO PUELO;PAPEL;;;300;Bruno Centurion;AXUM;;SOFTYS;False;131637;0;Lista General;ALMACEN - A;42961;01-10-2026;58-ARON BOLLINI;SOFTYS;1;0,00000000;848,64
1446;"514 N 1167";BERAZATEGUI;2026-10-02;02-10-2026;01-10-2026;FAC-A0001-00342993;Venta;LAGOPUELO S.A;1509761;54,00;42941,88;51959,67;RUBEN VICOS;;0,00 %;051;Ezequiel Valente;0514;TF LADYSOFT COMFORT EXT ALGODON 8x54;795,22;3411;"";ALMACEN;ALMACEN;29615,22;JUAN ESCOTO;0,00;$;2;SOFTYS ARGENTINA S.A;0,00000000;0,00;Contado;05-10-2026 09:15;;LADYSOFT;Softy;;SOFTY;TOALLA FEMENINA;LAGO PUELO;PAPEL;;;300;Bruno Centurion;AXUM;;SOFTYS;False;131637;0;Lista General;ALMACEN - A;42961;01-10-2026;58-ARON BOLLINI;SOFTYS;1;0,00000000;795,22
1446;"514 N 1167";BERAZATEGUI;2026-10-02;02-10-2026;01-10-2026;FAC-A0001-00342993;Venta;LAGOPUELO S.A;1509766;54,00;49453,20;59838,37;RUBEN VICOS;;0,00 %;051;Ezequiel Valente;0514;TF T/SECA NORMAL MAS PROTECC 8x54;915,80;3411;"";ALMACEN;ALMACEN;34105,86;JUAN ESCOTO;0,00;$;2;SOFTYS ARGENTINA S.A;0,00000000;0,00;Contado;05-10-2026 09:15;;LADYSOFT;Softy;;SOFTY;TOALLA FEMENINA;LAGO PUELO;PAPEL;;;300;Bruno Centurion;AXUM;;SOFTYS;False;131637;0;Lista General;ALMACEN - A;42961;01-10-2026;58-ARON BOLLINI;SOFTYS;1;0,00000000;915,80
1446;"514 N 1167";BERAZATEGUI;2026-10-02;02-10-2026;01-10-2026;FAC-A0001-00342993;Venta;LAGOPUELO S.A;1509755;40,00;47986,80;58064,03;RUBEN VICOS;;0,00 %;051;Ezequiel Valente;0514;TF UD T/SECA LADYSOFT ULTRA PROTECT 8;1199,67;3411;"";ALMACEN;ALMACEN;33094,40;JUAN ESCOTO;0,00;$;2;SOFTYS ARGENTINA S.A;0,00000000;0,00;Contado;05-10-2026 09:15;;LADYSOFT;Softy;;SOFTY;TOALLA FEMENINA;LAGO PUELO;PAPEL;;;300;Bruno Centurion;AXUM;;SOFTYS;False;131637;0;Lista General;ALMACEN - A;42961;01-10-2026;58-ARON BOLLINI;SOFTYS;1;0,00000000;1199,67
1446;"514 N 1167";BERAZATEGUI;2026-10-02;02-10-2026;01-10-2026;FAC-A0001-00342993;Venta;LAGOPUELO S.A;1509756;20,00;46674,20;56475,78;RUBEN VICOS;;0,00 %;051;Ezequiel Valente;0514;TF UD T/SECA LADYSOFT UL PRT 16u;2333,71;3411;"";ALMACEN;ALMACEN;32189,20;JUAN ESCOTO;0,00;$;2;SOFTYS ARGENTINA S.A;0,00000000;0,00;Contado;05-10-2026 09:15;;LADYSOFT;Softy;;SOFTY;TOALLA FEMENINA;LAGO PUELO;PAPEL;;;300;Bruno Centurion;AXUM;;SOFTYS;False;131637;0;Lista General;ALMACEN - A;42961;01-10-2026;58-ARON BOLLINI;SOFTYS;1;0,00000000;2333,71
1446;"514 N 1167";BERAZATEGUI;2026-10-02;02-10-2026;01-10-2026;FAC-A0001-00342993;Venta;LAGOPUELO S.A;1509762;32,00;37510,08;45387,20;RUBEN VICOS;;0,00 %;051;Ezequiel Valente;0514;TF NOCTUR EXT A 8x32;1172,19;3411;"";ALMACEN;ALMACEN;25869,12;JUAN ESCOTO;0,00;$;2;SOFTYS ARGENTINA S.A;0,00000000;0,00;Contado;05-10-2026 09:15;;LADYSOFT;Softy;;SOFTY;TOALLA FEMENINA;LAGO PUELO;PAPEL;;;300;Bruno Centurion;AXUM;;SOFTYS;False;131637;0;Lista General;ALMACEN - A;42961;01-10-2026;58-ARON BOLLINI;SOFTYS;1;0,00000000;1172,19
1446;"514 N 1167";BERAZATEGUI;2026-10-02;02-10-2026;01-10-2026;FAC-A0001-00342993;Venta;LAGOPUELO S.A;1509763;16,00;36240,80;43851,37;RUBEN VICOS;;0,00 %;051;Ezequiel Valente;0514;TF Nocturna EXT ALGODON 16X16;2265,05;3411;"";ALMACEN;ALMACEN;24993,76;JUAN ESCOTO;0,00;$;2;SOFTYS ARGENTINA S.A;0,00000000;0,00;Contado;05-10-2026 09:15;;LADYSOFT;Softy;;SOFTY;TOALLA FEMENINA;LAGO PUELO;PAPEL;;;300;Bruno Centurion;AXUM;;SOFTYS;False;131637;0;Lista General;ALMACEN - A;42961;01-10-2026;58-ARON BOLLINI;SOFTYS;1;0,00000000;2265,05
1446;"514 N 1167";BERAZATEGUI;2026-10-02;02-10-2026;01-10-2026;FAC-A0001-00342993;Venta;LAGOPUELO S.A;1501553;2,00;45102,50;54574,02;RUBEN VICOS;;15,00 %;051;Ezequiel Valente;0514;PH HIGIENOL DH PLUS FUSI”N 30M x4/10;22551,25;3411;"";ALMACEN;ALMACEN;34399,84;JUAN ESCOTO;3979,63;$;2;SOFTYS ARGENTINA S.A;0,00000000;0,00;Contado;05-10-2026 09:15;;HIGIENOL;Softy;;SOFTY;PAPEL HIG;LAGO PUELO;PAPEL;81;;300;Bruno Centurion;AXUM;;SOFTYS;False;131637;0;Lista General;ALMACEN - A;42961;01-10-2026;58-ARON BOLLINI;SOFTYS;1;0,00000000;22551,25
2127;"Calle 514 N 1363";CENTRO AGRICOLA EL PATO;2026-10-02;02-10-2026;01-10-2026;FAC-A0001-00342995;Venta;LAGOPUELO S.A;1502384;12,00;21343,68;25825,85;PEREZ ADRIANA EUGENIA;;0,00 %;051;Ezequiel Valente;0514;SE ELITE X100/30 ULTRA SUAVE;1778,64;3411;"";AUTOSERVICIO;AUTOSERVICIO;15810,12;JUAN ESCOTO;0,00;$;2;SOFTYS ARGENTINA S.A;0,00000000;0,00;Contado;05-10-2026 09:15;;ELITE;Softy;;SOFTY;SERVILLETA;LAGO PUELO;PAPEL;;;300;Bruno Centurion;AXUM;;SOFTYS;False;131738;0;Lista General;AUTOSERVICIO - A;42965;01-10-2026;58-ARON BOLLINI;SOFTYS;1;0,00000000;1778,64
395;"Calle 514 e/613 y 614 . El Pato 1381";Berazategui;2026-10-02;02-10-2026;01-10-2026;FAC-A0001-00342998;Venta;LAGOPUELO S.A;1509755;10,00;11996,70;14516,01;MarÌa BelÈn Arguello;;0,00 %;051;Ezequiel Valente;0514;TF UD T/SECA LADYSOFT ULTRA PROTECT 8;1199,67;3411;"";MAYORISTA;MAYORISTA;8273,60;JUAN ESCOTO;0,00;$;2;SOFTYS ARGENTINA S.A;0,00000000;0,00;Efectivo;05-10-2026 09:15;;LADYSOFT;Softy;;SOFTY;TOALLA FEMENINA;LAGO PUELO;PAPEL;;;300;Bruno Centurion;AXUM;;SOFTYS;False;131754;0;Lista General;MAYORISTA - A;42969;01-10-2026;58-ARON BOLLINI;SOFTYS;1;0,00000000;1199,67
2216;"HERNANDARIAS 2709";Berazategui;2026-10-02;02-10-2026;01-10-2026;FAC-A0001-00343000;Venta;LAGOPUELO S.A;1509764;1,00;0,00;0,00;LOPEZ ANDRES;;100,00 %;052;Nicole Sosa;0524;TF NORMAL T/SUAVE EXT ALGODON 8x54;0,00;3411;"";ALMACEN;ALMACEN;585,27;JUAN ESCOTO;848,64;$;2;SOFTYS ARGENTINA S.A;0,00000000;0,00;Contado;05-10-2026 09:15;;LADYSOFT;Softy;;SOFTY;TOALLA FEMENINA;LAGO PUELO;PAPEL;65;;300;Bruno Centurion;AXUM;;SOFTYS;False;131822;0;Lista General;ALMACEN - A;42975;01-10-2026;58-ARON BOLLINI;SOFTYS;1;0,00000000;0,00
2216;"HERNANDARIAS 2709";Berazategui;2026-10-02;02-10-2026;01-10-2026;FAC-A0001-00343000;Venta;LAGOPUELO S.A;1509764;10,00;8486,40;10268,54;LOPEZ ANDRES;;0,00 %;052;Nicole Sosa;0524;TF NORMAL T/SUAVE EXT ALGODON 8x54;848,64;3411;"";ALMACEN;ALMACEN;5852,70;JUAN ESCOTO;0,00;$;2;SOFTYS ARGENTINA S.A;0,00000000;0,00;Contado;05-10-2026 09:15;;LADYSOFT;Softy;;SOFTY;TOALLA FEMENINA;LAGO PUELO;PAPEL;;;300;Bruno Centurion;AXUM;;SOFTYS;False;131822;0;Lista General;ALMACEN - A;42975;01-10-2026;58-ARON BOLLINI;SOFTYS;1;0,00000000;848,64
2216;"HERNANDARIAS 2709";Berazategui;2026-10-02;02-10-2026;01-10-2026;FAC-A0001-00343000;Venta;LAGOPUELO S.A;1509761;10,00;7952,20;9622,16;LOPEZ ANDRES;;0,00 %;052;Nicole Sosa;0524;TF LADYSOFT COMFORT EXT ALGODON 8x54;795,22;3411;"";ALMACEN;ALMACEN;5484,30;JUAN ESCOTO;0,00;$;2;SOFTYS ARGENTINA S.A;0,00000000;0,00;Contado;05-10-2026 09:15;;LADYSOFT;Softy;;SOFTY;TOALLA FEMENINA;LAGO PUELO;PAPEL;;;300;Bruno Centurion;AXUM;;SOFTYS;False;131822;0;Lista General;ALMACEN - A;42975;01-10-2026;58-ARON BOLLINI;SOFTYS;1;0,00000000;795,22
2216;"HERNANDARIAS 2709";Berazategui;2026-10-02;02-10-2026;01-10-2026;FAC-A0001-00343000;Venta;LAGOPUELO S.A;1509750;6,00;20522,40;24832,10;LOPEZ ANDRES;;0,00 %;052;Nicole Sosa;0524;PD LADYSOFT CLASICOS 56x10;3420,40;3411;"";ALMACEN;ALMACEN;14153,40;JUAN ESCOTO;0,00;$;2;SOFTYS ARGENTINA S.A;0,00000000;0,00;Contado;05-10-2026 09:15;;LADYSOFT;Softy;;SOFTY;PROTECTOR DIARIO;LAGO PUELO;PAPEL;;;300;Bruno Centurion;AXUM;;SOFTYS;False;131822;0;Lista General;ALMACEN - A;42975;01-10-2026;58-ARON BOLLINI;SOFTYS;1;0,00000000;3420,40
2216;"HERNANDARIAS 2709";Berazategui;2026-10-02;02-10-2026;01-10-2026;FAC-A0001-00343001;Venta;LAGOPUELO S.A;1505688;2,00;31067,28;37591,41;LOPEZ ANDRES;;5,00 %;052;Nicole Sosa;0524;RC Sussex clasico mas blanco 50px3/10;15533,64;3411;"";ALMACEN;ALMACEN;24224,00;JUAN ESCOTO;817,56;$;2;SOFTYS ARGENTINA S.A;0,00000000;0,00;Contado;05-10-2026 09:15;;SUSSEX;Softy;;SOFTY;ROLLO DE COCINA;LAGO PUELO;PAPEL;83;;300;Bruno Centurion;AXUM;;SOFTYS;False;131823;0;Lista General;ALMACEN - A;42976;01-10-2026;58-ARON BOLLINI;SOFTYS;1;0,00000000;15533,64
25019;"AV.SANTA SOFIA E/ ALTA GRACIA Y HACHALA 927";BOSQUES;2026-10-02;02-10-2026;01-10-2026;FAC-A0001-00343007;Venta;LAGOPUELO S.A;1504289;12,00;129388,00;156559,48;DANIEL ESTEBAN NARDI;;10,00 %;052;Nicole Sosa;0524;PLBABYSEC PREM SOFTXXG x30/4;10782,33;3411;"";MAYORISTA;MAYORISTA;106492,20;JUAN ESCOTO;1198,04;$;2;SOFTYS ARGENTINA S.A;0,00000000;0,00;Contado;05-10-2026 09:15;;BABYSEC;Softy;;SOFTY;PAÒAL;LAGO PUELO;PAPEL;;;300;Bruno Centurion;AXUM;;SOFTYS;False;131933;0;Lista General;MAYORISTA - A;42982;01-10-2026;58-ARON BOLLINI;SOFTYS;1;0,00000000;10782,33
25019;"AV.SANTA SOFIA E/ ALTA GRACIA Y HACHALA 927";BOSQUES;2026-10-02;02-10-2026;01-10-2026;FAC-A0001-00343007;Venta;LAGOPUELO S.A;1504205;8,00;70424,50;85213,64;DANIEL ESTEBAN NARDI;;10,00 %;052;Nicole Sosa;0524;PL BABYSEC ULTRASOFT M 48/4;8803,06;3411;"";MAYORISTA;MAYORISTA;57962,56;JUAN ESCOTO;978,12;$;2;SOFTYS ARGENTINA S.A;0,00000000;0,00;Contado;05-10-2026 09:15;;BABYSEC;Softy;;SOFTY;PAÒAL;LAGO PUELO;PAPEL;;;300;Bruno Centurion;AXUM;;SOFTYS;False;131933;0;Lista General;MAYORISTA - A;42982;01-10-2026;58-ARON BOLLINI;SOFTYS;1;0,00000000;8803,06
25019;"AV.SANTA SOFIA E/ ALTA GRACIA Y HACHALA 927";BOSQUES;2026-10-02;02-10-2026;01-10-2026;FAC-A0001-00343007;Venta;LAGOPUELO S.A;1504206;8,00;70424,50;85213,64;DANIEL ESTEBAN NARDI;;10,00 %;052;Nicole Sosa;0524;PL BABYSEC ULTRASOFT G 40/4;8803,06;3411;"";MAYORISTA;MAYORISTA;57962,56;JUAN ESCOTO;978,12;$;2;SOFTYS ARGENTINA S.A;0,00000000;0,00;Contado;05-10-2026 09:15;;BABYSEC;Softy;;SOFTY;PAÒAL;LAGO PUELO;PAPEL;;;300;Bruno Centurion;AXUM;;SOFTYS;False;131933;0;Lista General;MAYORISTA - A;42982;01-10-2026;58-ARON BOLLINI;SOFTYS;1;0,00000000;8803,06
2166;"RUTA 2 KM 38800 COL. 613 Y 616";Berazategui;2026-10-02;02-10-2026;01-10-2026;FAC-A0001-00343009;Venta;LAGOPUELO S.A;1505496;35,00;43426,25;52545,76;XUE XIAFENG;;0,00 %;051;Ezequiel Valente;0514;PO ELITE ST CON ALGODON X10 PACK 6;1240,75;3411;"";AUTOSERVICIO;AUTOSERVICIO;29949,15;JUAN ESCOTO;0,00;$;2;SOFTYS ARGENTINA S.A;0,00000000;0,00;Contado;05-10-2026 09:15;;ELITE;Softy;;SOFTY;PAÒUELOS;LAGO PUELO;PAPEL;;;300;Bruno Centurion;AXUM;;SOFTYS;False;131970;0;Lista General;AUTOSERVICIO - A;42984;01-10-2026;58-ARON BOLLINI;SOFTYS;1;0,00000000;1240,75
2166;"RUTA 2 KM 38800 COL. 613 Y 616";Berazategui;2026-10-02;02-10-2026;01-10-2026;FAC-A0001-00343009;Venta;LAGOPUELO S.A;1505411;36,00;54137,88;65506,83;XUE XIAFENG;;0,00 %;051;Ezequiel Valente;0514;P— ELITE FACIALES DISNEY x90/36;1503,83;3411;"";AUTOSERVICIO;AUTOSERVICIO;37336,32;JUAN ESCOTO;0,00;$;2;SOFTYS ARGENTINA S.A;0,00000000;0,00;Contado;05-10-2026 09:15;;ELITE;Softy;;SOFTY;PAÒUELOS;LAGO PUELO;PAPEL;;;300;Bruno Centurion;AXUM;;SOFTYS;False;131970;0;Lista General;AUTOSERVICIO - A;42984;01-10-2026;58-ARON BOLLINI;SOFTYS;1;0,00000000;1503,83
3860;"529 2649";CENTRO AGRICOLA EL PATO;2026-10-02;02-10-2026;01-10-2026;FAC-A0001-00343012;Venta;LAGOPUELO S.A;1501585;1,00;36501,38;44166,67;Irrazabal Giselle Magali;;0,00 %;051;Ezequiel Valente;0514;PH HIGIENOL HS MAX ALOE PANAL 80M X4;36501,38;3411;"";ALMACEN;ALMACEN;24669,76;JUAN ESCOTO;0,00;$;2;SOFTYS ARGENTINA S.A;0,00000000;0,00;Contado;05-10-2026 09:15;;HIGIENOL;Softy;;SOFTY;PAPEL HIG;LAGO PUELO;PAPEL;;;300;Bruno Centurion;AXUM;;SOFTYS;False;132120;0;Lista General;ALMACEN - A;42988;01-10-2026;58-ARON BOLLINI;SOFTYS;1;0,00000000;36501,38
3860;"529 2649";CENTRO AGRICOLA EL PATO;2026-10-02;02-10-2026;01-10-2026;FAC-A0001-00343012;Venta;LAGOPUELO S.A;1505688;1,00;15533,64;18795,70;Irrazabal Giselle Magali;;5,00 %;051;Ezequiel Valente;0514;RC Sussex clasico mas blanco 50px3/10;15533,64;3411;"";ALMACEN;ALMACEN;12112,00;JUAN ESCOTO;817,56;$;2;SOFTYS ARGENTINA S.A;0,00000000;0,00;Contado;05-10-2026 09:15;;SUSSEX;Softy;;SOFTY;ROLLO DE COCINA;LAGO PUELO;PAPEL;83;;300;Bruno Centurion;AXUM;;SOFTYS;False;132120;0;Lista General;ALMACEN - A;42988;01-10-2026;58-ARON BOLLINI;SOFTYS;1;0,00000000;15533,64
28053;"LUZURIAGA - (AUTOSERVICIOS) 490";LLAVALLOL;2026-10-02;02-10-2026;30-09-2026;FAC-A0001-00343013;Venta;LAGOPUELO S.A;1509764;1,00;0,00;0,00;SEBASTIAN COSME ROMERO;;100,00 %;074;Romina Baez;0743;TF NORMAL T/SUAVE EXT ALGODON 8x54;0,00;3410;"";ALMACEN;ALMACEN;541,05;MARIANO SOSA;784,52;$;2;SOFTYS ARGENTINA S.A;0,00000000;0,00;Contado;05-10-2026 10:12;;LADYSOFT;Softy;;SOFTY;TOALLA FEMENINA;LAGO PUELO;PAPEL;65;;300;Bruno Centurion;AXUM;;SOFTYS;False;130990;0;Lista General;ALMACEN - A;42890;01-10-2026;5553-JORGE MONZON;SOFTYS;1;0,00000000;0,00
28053;"LUZURIAGA - (AUTOSERVICIOS) 490";LLAVALLOL;2026-10-02;02-10-2026;30-09-2026;FAC-A0001-00343013;Venta;LAGOPUELO S.A;1505434;12,00;16256,52;19670,39;SEBASTIAN COSME ROMERO;;0,00 %;074;Romina Baez;0743;PO FACIALES ELITE BOX SOFT TOUCH x90;1354,71;3410;"";ALMACEN;ALMACEN;11211,36;MARIANO SOSA;0,00;$;2;SOFTYS ARGENTINA S.A;0,00000000;0,00;Contado;05-10-2026 10:12;;ELITE;Softy;;SOFTY;PAÒUELOS;LAGO PUELO;PAPEL;;;300;Bruno Centurion;AXUM;;SOFTYS;False;130990;0;Lista General;ALMACEN - A;42890;01-10-2026;5553-JORGE MONZON;SOFTYS;1;0,00000000;1354,71
28053;"LUZURIAGA - (AUTOSERVICIOS) 490";LLAVALLOL;2026-10-02;02-10-2026;30-09-2026;FAC-A0001-00343013;Venta;LAGOPUELO S.A;1503118;12,00;17623,92;21324,94;SEBASTIAN COSME ROMERO;;0,00 %;074;Romina Baez;0743;TH BABYSEC ULTRA 50/24;1468,66;3410;"";ALMACEN;ALMACEN;12154,44;MARIANO SOSA;0,00;$;2;SOFTYS ARGENTINA S.A;0,00000000;0,00;Contado;05-10-2026 10:12;;BABYSEC;;;;;;PAPEL;;;300;Bruno Centurion;AXUM;;SOFTYS;False;130990;0;Lista General;ALMACEN - A;42890;01-10-2026;5553-JORGE MONZON;SOFTYS;1;0,00000000;1468,66
28053;"LUZURIAGA - (AUTOSERVICIOS) 490";LLAVALLOL;2026-10-02;02-10-2026;30-09-2026;FAC-A0001-00343013;Venta;LAGOPUELO S.A;1509761;10,00;7357,50;8902,58;SEBASTIAN COSME ROMERO;;0,00 %;074;Romina Baez;0743;TF LADYSOFT COMFORT EXT ALGODON 8x54;735,75;3410;"";ALMACEN;ALMACEN;5074,10;MARIANO SOSA;0,00;$;2;SOFTYS ARGENTINA S.A;0,00000000;0,00;Contado;05-10-2026 10:12;;LADYSOFT;Softy;;SOFTY;TOALLA FEMENINA;LAGO PUELO;PAPEL;;;300;Bruno Centurion;AXUM;;SOFTYS;False;130990;0;Lista General;ALMACEN - A;42890;01-10-2026;5553-JORGE MONZON;SOFTYS;1;0,00000000;735,75
28053;"LUZURIAGA - (AUTOSERVICIOS) 490";LLAVALLOL;2026-10-02;02-10-2026;30-09-2026;FAC-A0001-00343013;Venta;LAGOPUELO S.A;1509762;10,00;11154,10;13496,46;SEBASTIAN COSME ROMERO;;0,00 %;074;Romina Baez;0743;TF NOCTUR EXT A 8x32;1115,41;3410;"";ALMACEN;ALMACEN;7692,50;MARIANO SOSA;0,00;$;2;SOFTYS ARGENTINA S.A;0,00000000;0,00;Contado;05-10-2026 10:12;;LADYSOFT;Softy;;SOFTY;TOALLA FEMENINA;LAGO PUELO;PAPEL;;;300;Bruno Centurion;AXUM;;SOFTYS;False;130990;0;Lista General;ALMACEN - A;42890;01-10-2026;5553-JORGE MONZON;SOFTYS;1;0,00000000;1115,41
28053;"LUZURIAGA - (AUTOSERVICIOS) 490";LLAVALLOL;2026-10-02;02-10-2026;30-09-2026;FAC-A0001-00343013;Venta;LAGOPUELO S.A;1509764;10,00;7845,20;9492,69;SEBASTIAN COSME ROMERO;;0,00 %;074;Romina Baez;0743;TF NORMAL T/SUAVE EXT ALGODON 8x54;784,52;3410;"";ALMACEN;ALMACEN;5410,50;MARIANO SOSA;0,00;$;2;SOFTYS ARGENTINA S.A;0,00000000;0,00;Contado;05-10-2026 10:12;;LADYSOFT;Softy;;SOFTY;TOALLA FEMENINA;LAGO PUELO;PAPEL;;;300;Bruno Centurion;AXUM;;SOFTYS;False;130990;0;Lista General;ALMACEN - A;42890;01-10-2026;5553-JORGE MONZON;SOFTYS;1;0,00000000;784,52
28053;"LUZURIAGA - (AUTOSERVICIOS) 490";LLAVALLOL;2026-10-02;02-10-2026;30-09-2026;FAC-A0001-00343013;Venta;LAGOPUELO S.A;1509766;10,00;8477,80;10258,14;SEBASTIAN COSME ROMERO;;0,00 %;074;Romina Baez;0743;TF T/SECA NORMAL MAS PROTECC 8x54;847,78;3410;"";ALMACEN;ALMACEN;5846,80;MARIANO SOSA;0,00;$;2;SOFTYS ARGENTINA S.A;0,00000000;0,00;Contado;05-10-2026 10:12;;LADYSOFT;Softy;;SOFTY;TOALLA FEMENINA;LAGO PUELO;PAPEL;;;300;Bruno Centurion;AXUM;;SOFTYS;False;130990;0;Lista General;ALMACEN - A;42890;01-10-2026;5553-JORGE MONZON;SOFTYS;1;0,00000000;847,78
28053;"LUZURIAGA - (AUTOSERVICIOS) 490";LLAVALLOL;2026-10-02;02-10-2026;30-09-2026;FAC-A0001-00343013;Venta;LAGOPUELO S.A;1509755;10,00;11310,50;13685,71;SEBASTIAN COSME ROMERO;;0,00 %;074;Romina Baez;0743;TF UD T/SECA LADYSOFT ULTRA PROTECT 8;1131,05;3410;"";ALMACEN;ALMACEN;7800,40;MARIANO SOSA;0,00;$;2;SOFTYS ARGENTINA S.A;0,00000000;0,00;Contado;05-10-2026 10:12;;LADYSOFT;Softy;;SOFTY;TOALLA FEMENINA;LAGO PUELO;PAPEL;;;300;Bruno Centurion;AXUM;;SOFTYS;False;130990;0;Lista General;ALMACEN - A;42890;01-10-2026;5553-JORGE MONZON;SOFTYS;1;0,00000000;1131,05
28053;"LUZURIAGA - (AUTOSERVICIOS) 490";LLAVALLOL;2026-10-02;02-10-2026;30-09-2026;FAC-A0001-00343013;Venta;LAGOPUELO S.A;1509758;10,00;10513,10;12720,85;SEBASTIAN COSME ROMERO;;0,00 %;074;Romina Baez;0743;TF UD T/SUAVE EXT ALGO 8X40;1051,31;3410;"";ALMACEN;ALMACEN;7250,40;MARIANO SOSA;0,00;$;2;SOFTYS ARGENTINA S.A;0,00000000;0,00;Contado;05-10-2026 10:12;;LADYSOFT;Softy;;SOFTY;TOALLA FEMENINA;LAGO PUELO;PAPEL;;;300;Bruno Centurion;AXUM;;SOFTYS;False;130990;0;Lista General;ALMACEN - A;42890;01-10-2026;5553-JORGE MONZON;SOFTYS;1;0,00000000;1051,31
28053;"LUZURIAGA - (AUTOSERVICIOS) 490";LLAVALLOL;2026-10-02;02-10-2026;30-09-2026;FAC-A0001-00343013;Venta;LAGOPUELO S.A;1509749;10,00;12371,60;14969,64;SEBASTIAN COSME ROMERO;;0,00 %;074;Romina Baez;0743;PD ladysoft clasicos 20x30;1237,16;3410;"";ALMACEN;ALMACEN;8532,10;MARIANO SOSA;0,00;$;2;SOFTYS ARGENTINA S.A;0,00000000;0,00;Contado;05-10-2026 10:12;;LADYSOFT;Softy;;SOFTY;PROTECTOR DIARIO;LAGO PUELO;PAPEL;;;300;Bruno Centurion;AXUM;;SOFTYS;False;130990;0;Lista General;ALMACEN - A;42890;01-10-2026;5553-JORGE MONZON;SOFTYS;1;0,00000000;1237,16
27954;"NESTOR DE LA PE√‚ÄòA ENTRE OLLEROS Y EL ROSEDAL - (TRADICIONAL) 226";LLAVALLOL;2026-10-02;02-10-2026;30-09-2026;FAC-A0001-00343015;Venta;LAGOPUELO S.A;1503118;24,00;35247,84;42649,89;GUSTAVO ARIEL CARNERO;;0,00 %;074;Romina Baez;0743;TH BABYSEC ULTRA 50/24;1468,66;3410;"";ALMACEN;ALMACEN;24308,88;MARIANO SOSA;0,00;$;2;SOFTYS ARGENTINA S.A;0,00000000;0,00;Contado;05-10-2026 10:12;;BABYSEC;;;;;;PAPEL;;;300;Bruno Centurion;AXUM;;SOFTYS;False;131054;0;Lista General;ALMACEN - A;42891;01-10-2026;5553-JORGE MONZON;SOFTYS;1;0,00000000;1468,66
27954;"NESTOR DE LA PE√‚ÄòA ENTRE OLLEROS Y EL ROSEDAL - (TRADICIONAL) 226";LLAVALLOL;2026-10-02;02-10-2026;30-09-2026;FAC-A0001-00343015;Venta;LAGOPUELO S.A;1509749;6,00;7422,96;8981,78;GUSTAVO ARIEL CARNERO;;0,00 %;074;Romina Baez;0743;PD ladysoft clasicos 20x30;1237,16;3410;"";ALMACEN;ALMACEN;5119,26;MARIANO SOSA;0,00;$;2;SOFTYS ARGENTINA S.A;0,00000000;0,00;Contado;05-10-2026 10:12;;LADYSOFT;Softy;;SOFTY;PROTECTOR DIARIO;LAGO PUELO;PAPEL;;;300;Bruno Centurion;AXUM;;SOFTYS;False;131054;0;Lista General;ALMACEN - A;42891;01-10-2026;5553-JORGE MONZON;SOFTYS;1;0,00000000;1237,16
27954;"NESTOR DE LA PE√‚ÄòA ENTRE OLLEROS Y EL ROSEDAL - (TRADICIONAL) 226";LLAVALLOL;2026-10-02;02-10-2026;30-09-2026;FAC-A0001-00343015;Venta;LAGOPUELO S.A;1509750;6,00;19536,24;23638,85;GUSTAVO ARIEL CARNERO;;0,00 %;074;Romina Baez;0743;PD LADYSOFT CLASICOS 56x10;3256,04;3410;"";ALMACEN;ALMACEN;13473,30;MARIANO SOSA;0,00;$;2;SOFTYS ARGENTINA S.A;0,00000000;0,00;Contado;05-10-2026 10:12;;LADYSOFT;Softy;;SOFTY;PROTECTOR DIARIO;LAGO PUELO;PAPEL;;;300;Bruno Centurion;AXUM;;SOFTYS;False;131054;0;Lista General;ALMACEN - A;42891;01-10-2026;5553-JORGE MONZON;SOFTYS;1;0,00000000;3256,04
27954;"NESTOR DE LA PE√‚ÄòA ENTRE OLLEROS Y EL ROSEDAL - (TRADICIONAL) 226";LLAVALLOL;2026-10-02;02-10-2026;30-09-2026;FAC-A0001-00343015;Venta;LAGOPUELO S.A;1509768;10,00;9018,10;10911,90;GUSTAVO ARIEL CARNERO;;0,00 %;074;Romina Baez;0743;TF NORMAL T/SUAVE PIEL SENSIBLE 8x54;901,81;3410;"";ALMACEN;ALMACEN;6219,40;MARIANO SOSA;0,00;$;2;SOFTYS ARGENTINA S.A;0,00000000;0,00;Contado;05-10-2026 10:12;;LADYSOFT;Softy;;SOFTY;TOALLA FEMENINA;LAGO PUELO;PAPEL;;;300;Bruno Centurion;AXUM;;SOFTYS;False;131054;0;Lista General;ALMACEN - A;42891;01-10-2026;5553-JORGE MONZON;SOFTYS;1;0,00000000;901,81
27954;"NESTOR DE LA PE√‚ÄòA ENTRE OLLEROS Y EL ROSEDAL - (TRADICIONAL) 226";LLAVALLOL;2026-10-02;02-10-2026;30-09-2026;FAC-A0001-00343015;Venta;LAGOPUELO S.A;1509762;10,00;11154,10;13496,46;GUSTAVO ARIEL CARNERO;;0,00 %;074;Romina Baez;0743;TF NOCTUR EXT A 8x32;1115,41;3410;"";ALMACEN;ALMACEN;7692,50;MARIANO SOSA;0,00;$;2;SOFTYS ARGENTINA S.A;0,00000000;0,00;Contado;05-10-2026 10:12;;LADYSOFT;Softy;;SOFTY;TOALLA FEMENINA;LAGO PUELO;PAPEL;;;300;Bruno Centurion;AXUM;;SOFTYS;False;131054;0;Lista General;ALMACEN - A;42891;01-10-2026;5553-JORGE MONZON;SOFTYS;1;0,00000000;1115,41
27954;"NESTOR DE LA PE√‚ÄòA ENTRE OLLEROS Y EL ROSEDAL - (TRADICIONAL) 226";LLAVALLOL;2026-10-02;02-10-2026;30-09-2026;FAC-A0001-00343015;Venta;LAGOPUELO S.A;1501627;1,00;12977,20;15702,42;GUSTAVO ARIEL CARNERO;;3,00 %;074;Romina Baez;0743;PH Higienol HS Balanced 20mx4/12;12977,20;3410;"";ALMACEN;ALMACEN;9488,34;MARIANO SOSA;401,36;$;2;SOFTYS ARGENTINA S.A;0,00000000;0,00;Contado;05-10-2026 10:12;;HIGIENOL;Softy;;SOFTY;PAPEL HIG;LAGO PUELO;PAPEL;103;;300;Bruno Centurion;AXUM;;SOFTYS;False;131054;0;Lista General;ALMACEN - A;42891;01-10-2026;5553-JORGE MONZON;SOFTYS;1;0,00000000;12977,20
28027;"9 DE JULIO - (TRADICIONAL) 1657";LLAVALLOL;2026-10-02;02-10-2026;30-09-2026;FAC-A0001-00343017;Venta;LAGOPUELO S.A;1505434;12,00;16256,52;19670,39;MIGUEL ANGEL CASTA—O;;0,00 %;074;Romina Baez;0743;PO FACIALES ELITE BOX SOFT TOUCH x90;1354,71;3410;"";ALMACEN;ALMACEN;11211,36;MARIANO SOSA;0,00;$;2;SOFTYS ARGENTINA S.A;0,00000000;0,00;Contado;05-10-2026 10:12;;ELITE;Softy;;SOFTY;PAÒUELOS;LAGO PUELO;PAPEL;;;300;Bruno Centurion;AXUM;;SOFTYS;False;131071;0;Lista General;ALMACEN - A;42897;01-10-2026;5553-JORGE MONZON;SOFTYS;1;0,00000000;1354,71
28027;"9 DE JULIO - (TRADICIONAL) 1657";LLAVALLOL;2026-10-02;02-10-2026;30-09-2026;FAC-A0001-00343017;Venta;LAGOPUELO S.A;1505688;1,00;15042,56;18201,49;MIGUEL ANGEL CASTA—O;;5,00 %;074;Romina Baez;0743;RC Sussex clasico mas blanco 50px3/10;15042,56;3410;"";ALMACEN;ALMACEN;11729,09;MARIANO SOSA;791,71;$;2;SOFTYS ARGENTINA S.A;0,00000000;0,00;Contado;05-10-2026 10:12;;SUSSEX;Softy;;SOFTY;ROLLO DE COCINA;LAGO PUELO;PAPEL;83;;300;Bruno Centurion;AXUM;;SOFTYS;False;131071;0;Lista General;ALMACEN - A;42897;01-10-2026;5553-JORGE MONZON;SOFTYS;1;0,00000000;15042,56
28027;"9 DE JULIO - (TRADICIONAL) 1657";LLAVALLOL;2026-10-02;02-10-2026;30-09-2026;FAC-A0001-00343017;Venta;LAGOPUELO S.A;1505708;1,00;20733,71;25087,79;MIGUEL ANGEL CASTA—O;;0,00 %;074;Romina Baez;0743;RC SUSEEX CLS MEGARROLO ALTO 200X1;20733,71;3410;"";ALMACEN;ALMACEN;15358,30;MARIANO SOSA;0,00;$;2;SOFTYS ARGENTINA S.A;0,00000000;0,00;Contado;05-10-2026 10:12;;SUSSEX;Softy;;SOFTY;ROLLO DE COCINA;LAGO PUELO;PAPEL;;;300;Bruno Centurion;AXUM;;SOFTYS;False;131071;0;Lista General;ALMACEN - A;42897;01-10-2026;5553-JORGE MONZON;SOFTYS;1;0,00000000;20733,71
27486;"La Huella - (AUTOSERVICIOS) 474";LAVALLOL;2026-10-02;02-10-2026;30-09-2026;FAC-A0001-00343020;Venta;LAGOPUELO S.A;1503118;24,00;35247,84;42649,89;Yan Xiumin;;0,00 %;074;Romina Baez;0743;TH BABYSEC ULTRA 50/24;1468,66;3410;"";AUTOSERVICIO;Autoservicio A;24308,88;MARIANO SOSA;0,00;$;2;SOFTYS ARGENTINA S.A;0,00000000;0,00;Contado;05-10-2026 10:12;;BABYSEC;;;;;;PAPEL;;;300;Bruno Centurion;AXUM;;SOFTYS;False;131094;0;Lista General;Autoservicio A - A;42900;01-10-2026;5553-JORGE MONZON;SOFTYS;1;0,00000000;1468,66
913;"LINIERS 2147";Lavallol;2026-10-02;02-10-2026;30-09-2026;FAC-A0001-00343022;Venta;LAGOPUELO S.A;1503118;12,00;17623,92;21324,94;Yan huiling;;0,00 %;074;Romina Baez;0743;TH BABYSEC ULTRA 50/24;1468,66;3410;"";AUTOSERVICIO;AUTOSERVICIO;12154,44;MARIANO SOSA;0,00;$;2;SOFTYS ARGENTINA S.A;0,00000000;0,00;Contado;05-10-2026 10:12;;BABYSEC;;;;;;PAPEL;;;300;Bruno Centurion;AXUM;;SOFTYS;False;131134;0;Lista General;AUTOSERVICIO - A;42903;01-10-2026;5553-JORGE MONZON;SOFTYS;1;0,00000000;1468,66
913;"LINIERS 2147";Lavallol;2026-10-02;02-10-2026;30-09-2026;FAC-A0001-00343022;Venta;LAGOPUELO S.A;1503131;12,00;24754,56;29953,02;Yan huiling;;0,00 %;074;Romina Baez;0743;TH BABYSEC PREMIUM X45/10;2062,88;3410;"";AUTOSERVICIO;AUTOSERVICIO;17072,16;MARIANO SOSA;0,00;$;2;SOFTYS ARGENTINA S.A;0,00000000;0,00;Contado;05-10-2026 10:12;;BABYSEC;Softy;;SOFTY;TOALLA HUMEDA;LAGO PUELO;PAPEL;;;300;Bruno Centurion;AXUM;;SOFTYS;False;131134;0;Lista General;AUTOSERVICIO - A;42903;01-10-2026;5553-JORGE MONZON;SOFTYS;1;0,00000000;2062,88
27615;"San Blas - (AUTOSERVICIOS) 342";TURDERA;2026-10-02;02-10-2026;30-09-2026;FAC-A0001-00343026;Venta;LAGOPUELO S.A;1509762;12,00;13384,92;16195,75;Yan Xinwu;;0,00 %;074;Romina Baez;0743;TF NOCTUR EXT A 8x32;1115,41;3410;"";AUTOSERVICIO;Autoservicio A;9231,00;MARIANO SOSA;0,00;$;2;SOFTYS ARGENTINA S.A;0,00000000;0,00;Contado;05-10-2026 10:12;;LADYSOFT;Softy;;SOFTY;TOALLA FEMENINA;LAGO PUELO;PAPEL;;;300;Bruno Centurion;AXUM;;SOFTYS;False;131224;0;Lista General;Autoservicio A - A;42910;01-10-2026;5553-JORGE MONZON;SOFTYS;1;0,00000000;1115,41
27620;"San Joaquin - (AUTOSERVICIOS) 321";TURDERA;2026-10-02;02-10-2026;30-09-2026;FAC-A0001-00343029;Venta;LAGOPUELO S.A;1509762;12,00;13384,92;16195,75;XIONGBIN LIN;;0,00 %;074;Romina Baez;0743;TF NOCTUR EXT A 8x32;1115,41;3410;"";AUTOSERVICIO;Autoservicio A;9231,00;MARIANO SOSA;0,00;$;2;SOFTYS ARGENTINA S.A;0,00000000;0,00;Contado;05-10-2026 10:12;;LADYSOFT;Softy;;SOFTY;TOALLA FEMENINA;LAGO PUELO;PAPEL;;;300;Bruno Centurion;AXUM;;SOFTYS;False;131356;0;Lista General;Autoservicio A - A;42913;01-10-2026;5553-JORGE MONZON;SOFTYS;1;0,00000000;1115,41
27620;"San Joaquin - (AUTOSERVICIOS) 321";TURDERA;2026-10-02;02-10-2026;30-09-2026;FAC-A0001-00343029;Venta;LAGOPUELO S.A;1509758;12,00;12615,72;15265,02;XIONGBIN LIN;;0,00 %;074;Romina Baez;0743;TF UD T/SUAVE EXT ALGO 8X40;1051,31;3410;"";AUTOSERVICIO;Autoservicio A;8700,48;MARIANO SOSA;0,00;$;2;SOFTYS ARGENTINA S.A;0,00000000;0,00;Contado;05-10-2026 10:12;;LADYSOFT;Softy;;SOFTY;TOALLA FEMENINA;LAGO PUELO;PAPEL;;;300;Bruno Centurion;AXUM;;SOFTYS;False;131356;0;Lista General;Autoservicio A - A;42913;01-10-2026;5553-JORGE MONZON;SOFTYS;1;0,00000000;1051,31
27617;"Patricios - (AUTOSERVICIOS) 360";TURDERA;2026-10-02;02-10-2026;30-09-2026;FAC-A0001-00343036;Venta;LAGOPUELO S.A;1509762;6,00;6692,46;8097,88;Zhuang Yunmei;;0,00 %;074;Romina Baez;0743;TF NOCTUR EXT A 8x32;1115,41;3410;"";AUTOSERVICIO;Autoservicio A;4615,50;MARIANO SOSA;0,00;$;2;SOFTYS ARGENTINA S.A;0,00000000;0,00;Contado;05-10-2026 10:12;;LADYSOFT;Softy;;SOFTY;TOALLA FEMENINA;LAGO PUELO;PAPEL;;;300;Bruno Centurion;AXUM;;SOFTYS;False;131419;0;Lista General;Autoservicio A - A;42920;01-10-2026;5553-JORGE MONZON;SOFTYS;1;0,00000000;1115,41
27617;"Patricios - (AUTOSERVICIOS) 360";TURDERA;2026-10-02;02-10-2026;30-09-2026;FAC-A0001-00343036;Venta;LAGOPUELO S.A;1509755;6,00;6786,30;8211,42;Zhuang Yunmei;;0,00 %;074;Romina Baez;0743;TF UD T/SECA LADYSOFT ULTRA PROTECT 8;1131,05;3410;"";AUTOSERVICIO;Autoservicio A;4680,24;MARIANO SOSA;0,00;$;2;SOFTYS ARGENTINA S.A;0,00000000;0,00;Contado;05-10-2026 10:12;;LADYSOFT;Softy;;SOFTY;TOALLA FEMENINA;LAGO PUELO;PAPEL;;;300;Bruno Centurion;AXUM;;SOFTYS;False;131419;0;Lista General;Autoservicio A - A;42920;01-10-2026;5553-JORGE MONZON;SOFTYS;1;0,00000000;1131,05
27617;"Patricios - (AUTOSERVICIOS) 360";TURDERA;2026-10-02;02-10-2026;30-09-2026;FAC-A0001-00343036;Venta;LAGOPUELO S.A;1509758;4,00;4205,24;5088,34;Zhuang Yunmei;;0,00 %;074;Romina Baez;0743;TF UD T/SUAVE EXT ALGO 8X40;1051,31;3410;"";AUTOSERVICIO;Autoservicio A;2900,16;MARIANO SOSA;0,00;$;2;SOFTYS ARGENTINA S.A;0,00000000;0,00;Contado;05-10-2026 10:12;;LADYSOFT;Softy;;SOFTY;TOALLA FEMENINA;LAGO PUELO;PAPEL;;;300;Bruno Centurion;AXUM;;SOFTYS;False;131419;0;Lista General;Autoservicio A - A;42920;01-10-2026;5553-JORGE MONZON;SOFTYS;1;0,00000000;1051,31
27890;"JUNCAL Piso:BIS - (AUTOSERVICIOS) 996";TEMPERLEY;2026-10-02;02-10-2026;01-10-2026;FAC-A0001-00343051;Venta;LAGOPUELO S.A;1501627;5,00;60203,52;72846,26;SARA ESTHER SZKARLATIUK;;10,00 %;073;Florencia Cubilla;0734;PH Higienol HS Balanced 20mx4/12;12040,70;3410;"";ALMACEN;ALMACEN;47441,70;MARIANO SOSA;1337,86;$;2;SOFTYS ARGENTINA S.A;0,00000000;0,00;Contado;05-10-2026 10:12;;HIGIENOL;Softy;;SOFTY;PAPEL HIG;LAGO PUELO;PAPEL;103;;300;Bruno Centurion;AXUM;;SOFTYS;False;131859;0;Lista General;ALMACEN - A;42935;01-10-2026;5553-JORGE MONZON;SOFTYS;1;0,00000000;12040,70
27572;"Iriarte - (AUTOSERVICIOS) 2064";TEMPERLEY;2026-10-02;02-10-2026;01-10-2026;FAC-A0001-00343052;Venta;LAGOPUELO S.A;1503118;6,00;9812,16;11872,71;Lin Yanling;;0,00 %;074;Romina Baez;0744;TH BABYSEC ULTRA 50/24;1635,36;3410;"";AUTOSERVICIO;Autoservicio A;6766,98;MARIANO SOSA;0,00;$;2;SOFTYS ARGENTINA S.A;0,00000000;0,00;Contado;05-10-2026 10:12;;BABYSEC;;;;;;PAPEL;;;300;Bruno Centurion;AXUM;;SOFTYS;False;131885;0;Lista General;Autoservicio A - A;42937;01-10-2026;5553-JORGE MONZON;SOFTYS;1;0,00000000;1635,36
27572;"Iriarte - (AUTOSERVICIOS) 2064";TEMPERLEY;2026-10-02;02-10-2026;01-10-2026;FAC-A0001-00343052;Venta;LAGOPUELO S.A;1503131;6,00;14852,76;17971,84;Lin Yanling;;0,00 %;074;Romina Baez;0744;TH BABYSEC PREMIUM X45/10;2475,46;3410;"";AUTOSERVICIO;Autoservicio A;10243,26;MARIANO SOSA;0,00;$;2;SOFTYS ARGENTINA S.A;0,00000000;0,00;Contado;05-10-2026 10:12;;BABYSEC;Softy;;SOFTY;TOALLA HUMEDA;LAGO PUELO;PAPEL;;;300;Bruno Centurion;AXUM;;SOFTYS;False;131885;0;Lista General;Autoservicio A - A;42937;01-10-2026;5553-JORGE MONZON;SOFTYS;1;0,00000000;2475,46
27572;"Iriarte - (AUTOSERVICIOS) 2064";TEMPERLEY;2026-10-02;02-10-2026;01-10-2026;FAC-A0001-00343052;Venta;LAGOPUELO S.A;1505496;35,00;43426,25;52545,76;Lin Yanling;;0,00 %;074;Romina Baez;0744;PO ELITE ST CON ALGODON X10 PACK 6;1240,75;3410;"";AUTOSERVICIO;Autoservicio A;29949,15;MARIANO SOSA;0,00;$;2;SOFTYS ARGENTINA S.A;0,00000000;0,00;Contado;05-10-2026 10:12;;ELITE;Softy;;SOFTY;PAÒUELOS;LAGO PUELO;PAPEL;;;300;Bruno Centurion;AXUM;;SOFTYS;False;131885;0;Lista General;Autoservicio A - A;42937;01-10-2026;5553-JORGE MONZON;SOFTYS;1;0,00000000;1240,75
27572;"Iriarte - (AUTOSERVICIOS) 2064";TEMPERLEY;2026-10-02;02-10-2026;01-10-2026;FAC-A0001-00343052;Venta;LAGOPUELO S.A;1505411;36,00;51430,99;62231,49;Lin Yanling;;5,00 %;074;Romina Baez;0744;P— ELITE FACIALES DISNEY x90/36;1428,64;3410;"";AUTOSERVICIO;Autoservicio A;37336,32;MARIANO SOSA;75,19;$;2;SOFTYS ARGENTINA S.A;0,00000000;0,00;Contado;05-10-2026 10:12;;ELITE;Softy;;SOFTY;PAÒUELOS;LAGO PUELO;PAPEL;;;300;Bruno Centurion;AXUM;;SOFTYS;False;131885;0;Lista General;Autoservicio A - A;42937;01-10-2026;5553-JORGE MONZON;SOFTYS;1;0,00000000;1428,64
23420;"Jorge Santiago Bynnon FRANCISCO DRUMOND-JORGE - (TRADICIONAL) 1760";ADROGUE;2026-10-02;02-10-2026;01-10-2026;FAC-A0001-00343074;Venta;LAGOPUELO S.A;1501553;1,00;22551,25;27287,01;GALLARDO HUGO DAMIAN;;15,00 %;062;Nahuel Martinez;0624;PH HIGIENOL DH PLUS FUSI”N 30M x4/10;22551,25;3416;"";ALMACEN;ALMACEN;17199,92;NAHUEL MONTOYA;3979,63;$;2;SOFTYS ARGENTINA S.A;0,00000000;0,00;Contado;05-10-2026 09:06;;HIGIENOL;Softy;;SOFTY;PAPEL HIG;LAGO PUELO;PAPEL;81;;300;Bruno Centurion;AXUM;;SOFTYS;False;131591;0;Lista General;ALMACEN - A;42832;01-10-2026;509-LUCAS GODOY;SOFTYS;1;0,00000000;22551,25
23420;"Jorge Santiago Bynnon FRANCISCO DRUMOND-JORGE - (TRADICIONAL) 1760";ADROGUE;2026-10-02;02-10-2026;01-10-2026;FAC-A0001-00343074;Venta;LAGOPUELO S.A;1505688;1,00;15533,64;18795,70;GALLARDO HUGO DAMIAN;;5,00 %;062;Nahuel Martinez;0624;RC Sussex clasico mas blanco 50px3/10;15533,64;3416;"";ALMACEN;ALMACEN;12112,00;NAHUEL MONTOYA;817,56;$;2;SOFTYS ARGENTINA S.A;0,00000000;0,00;Contado;05-10-2026 09:06;;SUSSEX;Softy;;SOFTY;ROLLO DE COCINA;LAGO PUELO;PAPEL;83;;300;Bruno Centurion;AXUM;;SOFTYS;False;131591;0;Lista General;ALMACEN - A;42832;01-10-2026;509-LUCAS GODOY;SOFTYS;1;0,00000000;15533,64
23420;"Jorge Santiago Bynnon FRANCISCO DRUMOND-JORGE - (TRADICIONAL) 1760";ADROGUE;2026-10-02;02-10-2026;01-10-2026;FAC-A0001-00343074;Venta;LAGOPUELO S.A;1501627;1,00;12040,70;14569,25;GALLARDO HUGO DAMIAN;;10,00 %;062;Nahuel Martinez;0624;PH Higienol HS Balanced 20mx4/12;12040,70;3416;"";ALMACEN;ALMACEN;9488,34;NAHUEL MONTOYA;1337,86;$;2;SOFTYS ARGENTINA S.A;0,00000000;0,00;Contado;05-10-2026 09:06;;HIGIENOL;Softy;;SOFTY;PAPEL HIG;LAGO PUELO;PAPEL;103;;300;Bruno Centurion;AXUM;;SOFTYS;False;131591;0;Lista General;ALMACEN - A;42832;01-10-2026;509-LUCAS GODOY;SOFTYS;1;0,00000000;12040,70
23420;"Jorge Santiago Bynnon FRANCISCO DRUMOND-JORGE - (TRADICIONAL) 1760";ADROGUE;2026-10-02;02-10-2026;01-10-2026;FAC-A0001-00343074;Venta;LAGOPUELO S.A;1505776;5,00;6993,65;8462,32;GALLARDO HUGO DAMIAN;;0,00 %;062;Nahuel Martinez;0624;SE SUSSEX HS 30X30 BLANCA X80;1398,73;3416;"";ALMACEN;ALMACEN;5180,50;NAHUEL MONTOYA;0,00;$;2;SOFTYS ARGENTINA S.A;0,00000000;0,00;Contado;05-10-2026 09:06;;SUSSEX;Softy;;SOFTY;SERVILLETA;LAGO PUELO;PAPEL;;;300;Bruno Centurion;AXUM;;SOFTYS;False;131591;0;Lista General;ALMACEN - A;42832;01-10-2026;509-LUCAS GODOY;SOFTYS;1;0,00000000;1398,73
23445;"plaza almirante Brown - (AUTOSERVICIOS) 387";ADROGUE;2026-10-02;02-10-2026;01-10-2026;FAC-A0001-00343075;Venta;LAGOPUELO S.A;1503118;10,00;16353,60;19787,86;GAO XIAOHUA;;0,00 %;062;Nahuel Martinez;0624;TH BABYSEC ULTRA 50/24;1635,36;3416;"";AUTOSERVICIO;Autoservicio B;11278,30;NAHUEL MONTOYA;0,00;$;2;SOFTYS ARGENTINA S.A;0,00000000;0,00;Contado;05-10-2026 09:06;;BABYSEC;;;;;;PAPEL;;;300;Bruno Centurion;AXUM;;SOFTYS;False;131620;0;Lista General;Autoservicio B - A;42834;01-10-2026;509-LUCAS GODOY;SOFTYS;1;0,00000000;1635,36
23445;"plaza almirante Brown - (AUTOSERVICIOS) 387";ADROGUE;2026-10-02;02-10-2026;01-10-2026;FAC-A0001-00343075;Venta;LAGOPUELO S.A;1505776;15,00;20980,95;25386,95;GAO XIAOHUA;;0,00 %;062;Nahuel Martinez;0624;SE SUSSEX HS 30X30 BLANCA X80;1398,73;3416;"";AUTOSERVICIO;Autoservicio B;15541,50;NAHUEL MONTOYA;0,00;$;2;SOFTYS ARGENTINA S.A;0,00000000;0,00;Contado;05-10-2026 09:06;;SUSSEX;Softy;;SOFTY;SERVILLETA;LAGO PUELO;PAPEL;;;300;Bruno Centurion;AXUM;;SOFTYS;False;131620;0;Lista General;Autoservicio B - A;42834;01-10-2026;509-LUCAS GODOY;SOFTYS;1;0,00000000;1398,73
25057;"DIAG. BROWN - (AUTOSERVICIOS) 1499";ADROGUE;2026-10-02;02-10-2026;01-10-2026;FAC-A0001-00343079;Venta;LAGOPUELO S.A;1501553;1,00;22551,25;27287,01;CHIRINO SILVANA;;15,00 %;062;Nahuel Martinez;0624;PH HIGIENOL DH PLUS FUSI”N 30M x4/10;22551,25;3416;"";AUTOSERVICIO;Autoservicio B;17199,92;NAHUEL MONTOYA;3979,63;$;2;SOFTYS ARGENTINA S.A;0,00000000;0,00;Contado;05-10-2026 09:06;;HIGIENOL;Softy;;SOFTY;PAPEL HIG;LAGO PUELO;PAPEL;81;;300;Bruno Centurion;AXUM;;SOFTYS;False;131641;0;Lista General;Autoservicio B - A;42840;01-10-2026;509-LUCAS GODOY;SOFTYS;1;0,00000000;22551,25
25057;"DIAG. BROWN - (AUTOSERVICIOS) 1499";ADROGUE;2026-10-02;02-10-2026;01-10-2026;FAC-A0001-00343079;Venta;LAGOPUELO S.A;1501627;1,00;12040,70;14569,25;CHIRINO SILVANA;;10,00 %;062;Nahuel Martinez;0624;PH Higienol HS Balanced 20mx4/12;12040,70;3416;"";AUTOSERVICIO;Autoservicio B;9488,34;NAHUEL MONTOYA;1337,86;$;2;SOFTYS ARGENTINA S.A;0,00000000;0,00;Contado;05-10-2026 09:06;;HIGIENOL;Softy;;SOFTY;PAPEL HIG;LAGO PUELO;PAPEL;103;;300;Bruno Centurion;AXUM;;SOFTYS;False;131641;0;Lista General;Autoservicio B - A;42840;01-10-2026;509-LUCAS GODOY;SOFTYS;1;0,00000000;12040,70
25057;"DIAG. BROWN - (AUTOSERVICIOS) 1499";ADROGUE;2026-10-02;02-10-2026;01-10-2026;FAC-A0001-00343079;Venta;LAGOPUELO S.A;1509749;10,00;13004,20;15735,08;CHIRINO SILVANA;;0,00 %;062;Nahuel Martinez;0624;PD ladysoft clasicos 20x30;1300,42;3416;"";AUTOSERVICIO;Autoservicio B;8968,40;NAHUEL MONTOYA;0,00;$;2;SOFTYS ARGENTINA S.A;0,00000000;0,00;Contado;05-10-2026 09:06;;LADYSOFT;Softy;;SOFTY;PROTECTOR DIARIO;LAGO PUELO;PAPEL;;;300;Bruno Centurion;AXUM;;SOFTYS;False;131641;0;Lista General;Autoservicio B - A;42840;01-10-2026;509-LUCAS GODOY;SOFTYS;1;0,00000000;1300,42
25057;"DIAG. BROWN - (AUTOSERVICIOS) 1499";ADROGUE;2026-10-02;02-10-2026;01-10-2026;FAC-A0001-00343079;Venta;LAGOPUELO S.A;1505496;2,00;2481,50;3002,62;CHIRINO SILVANA;;0,00 %;062;Nahuel Martinez;0624;PO ELITE ST CON ALGODON X10 PACK 6;1240,75;3416;"";AUTOSERVICIO;Autoservicio B;1711,38;NAHUEL MONTOYA;0,00;$;2;SOFTYS ARGENTINA S.A;0,00000000;0,00;Contado;05-10-2026 09:06;;ELITE;Softy;;SOFTY;PAÒUELOS;LAGO PUELO;PAPEL;;;300;Bruno Centurion;AXUM;;SOFTYS;False;131641;0;Lista General;Autoservicio B - A;42840;01-10-2026;509-LUCAS GODOY;SOFTYS;1;0,00000000;1240,75
23426;"Diagonal Almirante Brown EREZCANO-JORGE - (AUTOSERVICIOS) 1893";ADROGUE;2026-10-02;02-10-2026;01-10-2026;FAC-A0001-00343083;Venta;LAGOPUELO S.A;1505688;2,00;31067,28;37591,41;ANDREA BARROSO;;5,00 %;062;Nahuel Martinez;0624;RC Sussex clasico mas blanco 50px3/10;15533,64;3416;"";ALMACEN;ALMACEN;24224,00;NAHUEL MONTOYA;817,56;$;2;SOFTYS ARGENTINA S.A;0,00000000;0,00;Contado;05-10-2026 09:06;;SUSSEX;Softy;;SOFTY;ROLLO DE COCINA;LAGO PUELO;PAPEL;83;;300;Bruno Centurion;AXUM;;SOFTYS;False;131739;0;Lista General;ALMACEN - A;42845;01-10-2026;509-LUCAS GODOY;SOFTYS;1;0,00000000;15533,64
23448;"AV GRL SAN MARTIN 1765";Almirante Brown;2026-10-02;02-10-2026;01-10-2026;FAC-A0001-00343087;Venta;LAGOPUELO S.A;1505411;36,00;54137,88;65506,83;JIACHEN S.R.L.;;0,00 %;062;Nahuel Martinez;0624;P— ELITE FACIALES DISNEY x90/36;1503,83;3416;"";AUTOSERVICIO;Autoservicio A;37336,32;NAHUEL MONTOYA;0,00;$;2;SOFTYS ARGENTINA S.A;0,00000000;0,00;Contado;05-10-2026 09:06;;ELITE;Softy;;SOFTY;PAÒUELOS;LAGO PUELO;PAPEL;;;300;Bruno Centurion;AXUM;;SOFTYS;False;131743;0;Lista General;Autoservicio A - A;42849;01-10-2026;509-LUCAS GODOY;SOFTYS;1;0,00000000;1503,83
23448;"AV GRL SAN MARTIN 1765";Almirante Brown;2026-10-02;02-10-2026;01-10-2026;FAC-A0001-00343087;Venta;LAGOPUELO S.A;1509766;15,00;13737,00;16621,77;JIACHEN S.R.L.;;0,00 %;062;Nahuel Martinez;0624;TF T/SECA NORMAL MAS PROTECC 8x54;915,80;3416;"";AUTOSERVICIO;Autoservicio A;9473,85;NAHUEL MONTOYA;0,00;$;2;SOFTYS ARGENTINA S.A;0,00000000;0,00;Contado;05-10-2026 09:06;;LADYSOFT;Softy;;SOFTY;TOALLA FEMENINA;LAGO PUELO;PAPEL;;;300;Bruno Centurion;AXUM;;SOFTYS;False;131743;0;Lista General;Autoservicio A - A;42849;01-10-2026;509-LUCAS GODOY;SOFTYS;1;0,00000000;915,80
23448;"AV GRL SAN MARTIN 1765";Almirante Brown;2026-10-02;02-10-2026;01-10-2026;FAC-A0001-00343087;Venta;LAGOPUELO S.A;1509758;15,00;16736,10;20250,68;JIACHEN S.R.L.;;0,00 %;062;Nahuel Martinez;0624;TF UD T/SUAVE EXT ALGO 8X40;1115,74;3416;"";AUTOSERVICIO;Autoservicio A;11542,20;NAHUEL MONTOYA;0,00;$;2;SOFTYS ARGENTINA S.A;0,00000000;0,00;Contado;05-10-2026 09:06;;LADYSOFT;Softy;;SOFTY;TOALLA FEMENINA;LAGO PUELO;PAPEL;;;300;Bruno Centurion;AXUM;;SOFTYS;False;131743;0;Lista General;Autoservicio A - A;42849;01-10-2026;509-LUCAS GODOY;SOFTYS;1;0,00000000;1115,74
27492;"Segui - (AUTOSERVICIOS) 301";LAVALLOL;2026-10-02;02-10-2026;01-10-2026;FAC-A0001-00343088;Venta;LAGOPUELO S.A;1509756;10,00;23337,10;28237,89;Chen Qingguan;;0,00 %;063;Daniel Martin;0634;TF UD T/SECA LADYSOFT UL PRT 16u;2333,71;3416;"";AUTOSERVICIO;Autoservicio A;16094,60;NAHUEL MONTOYA;0,00;$;2;SOFTYS ARGENTINA S.A;0,00000000;0,00;Contado;05-10-2026 09:06;;LADYSOFT;Softy;;SOFTY;TOALLA FEMENINA;LAGO PUELO;PAPEL;;;300;Bruno Centurion;AXUM;;SOFTYS;False;131759;0;Lista General;Autoservicio A - A;42850;01-10-2026;509-LUCAS GODOY;SOFTYS;1;0,00000000;2333,71
27492;"Segui - (AUTOSERVICIOS) 301";LAVALLOL;2026-10-02;02-10-2026;01-10-2026;FAC-A0001-00343088;Venta;LAGOPUELO S.A;1509758;10,00;11157,40;13500,45;Chen Qingguan;;0,00 %;063;Daniel Martin;0634;TF UD T/SUAVE EXT ALGO 8X40;1115,74;3416;"";AUTOSERVICIO;Autoservicio A;7694,80;NAHUEL MONTOYA;0,00;$;2;SOFTYS ARGENTINA S.A;0,00000000;0,00;Contado;05-10-2026 09:06;;LADYSOFT;Softy;;SOFTY;TOALLA FEMENINA;LAGO PUELO;PAPEL;;;300;Bruno Centurion;AXUM;;SOFTYS;False;131759;0;Lista General;Autoservicio A - A;42850;01-10-2026;509-LUCAS GODOY;SOFTYS;1;0,00000000;1115,74
27492;"Segui - (AUTOSERVICIOS) 301";LAVALLOL;2026-10-02;02-10-2026;01-10-2026;FAC-A0001-00343088;Venta;LAGOPUELO S.A;1509759;10,00;21307,10;25781,59;Chen Qingguan;;0,00 %;063;Daniel Martin;0634;TF UD T/SUAVE EXT ALG 16x20;2130,71;3416;"";AUTOSERVICIO;Autoservicio A;14694,50;NAHUEL MONTOYA;0,00;$;2;SOFTYS ARGENTINA S.A;0,00000000;0,00;Contado;05-10-2026 09:06;;LADYSOFT;Softy;;SOFTY;TOALLA FEMENINA;LAGO PUELO;PAPEL;;;300;Bruno Centurion;AXUM;;SOFTYS;False;131759;0;Lista General;Autoservicio A - A;42850;01-10-2026;509-LUCAS GODOY;SOFTYS;1;0,00000000;2130,71
27492;"Segui - (AUTOSERVICIOS) 301";LAVALLOL;2026-10-02;02-10-2026;01-10-2026;FAC-A0001-00343088;Venta;LAGOPUELO S.A;1509765;12,00;19946,16;24134,85;Chen Qingguan;;0,00 %;063;Daniel Martin;0634;TF NORMALT/SUAVE EXT ALG 16x27;1662,18;3416;"";AUTOSERVICIO;Autoservicio A;13755,96;NAHUEL MONTOYA;0,00;$;2;SOFTYS ARGENTINA S.A;0,00000000;0,00;Contado;05-10-2026 09:06;;LADYSOFT;Softy;;SOFTY;TOALLA FEMENINA;LAGO PUELO;PAPEL;;;300;Bruno Centurion;AXUM;;SOFTYS;False;131759;0;Lista General;Autoservicio A - A;42850;01-10-2026;509-LUCAS GODOY;SOFTYS;1;0,00000000;1662,18
23228;"Av. Espora 580";ADROGUE;2026-10-02;02-10-2026;01-10-2026;FAC-A0001-00343091;Venta;LAGOPUELO S.A;1502384;30,00;53359,20;64564,63;CHEN QI;;0,00 %;062;Nahuel Martinez;0624;SE ELITE X100/30 ULTRA SUAVE;1778,64;3416;"";AUTOSERVICIO;Autoservicio B;39525,30;NAHUEL MONTOYA;0,00;$;2;SOFTYS ARGENTINA S.A;0,00000000;0,00;Contado;05-10-2026 09:06;;ELITE;Softy;;SOFTY;SERVILLETA;LAGO PUELO;PAPEL;;;300;Bruno Centurion;AXUM;;SOFTYS;False;131873;0;Lista General;Autoservicio B - A;42862;01-10-2026;509-LUCAS GODOY;SOFTYS;1;0,00000000;1778,64
23228;"Av. Espora 580";ADROGUE;2026-10-02;02-10-2026;01-10-2026;FAC-A0001-00343091;Venta;LAGOPUELO S.A;1502610;1,00;24485,25;29627,15;CHEN QI;;0,00 %;062;Nahuel Martinez;0624;PH ELITE HS CLS C/ALGODON 30M X6/10;24485,25;3416;"";AUTOSERVICIO;Autoservicio B;16886,38;NAHUEL MONTOYA;0,00;$;2;SOFTYS ARGENTINA S.A;0,00000000;0,00;Contado;05-10-2026 09:06;;ELITE;Softy;;SOFTY;PAPEL HIG;LAGO PUELO;PAPEL;;;300;Bruno Centurion;AXUM;;SOFTYS;False;131873;0;Lista General;Autoservicio B - A;42862;01-10-2026;509-LUCAS GODOY;SOFTYS;1;0,00000000;24485,25
23228;"Av. Espora 580";ADROGUE;2026-10-02;02-10-2026;01-10-2026;FAC-A0001-00343091;Venta;LAGOPUELO S.A;1509749;10,00;13004,20;15735,08;CHEN QI;;0,00 %;062;Nahuel Martinez;0624;PD ladysoft clasicos 20x30;1300,42;3416;"";AUTOSERVICIO;Autoservicio B;8968,40;NAHUEL MONTOYA;0,00;$;2;SOFTYS ARGENTINA S.A;0,00000000;0,00;Contado;05-10-2026 09:06;;LADYSOFT;Softy;;SOFTY;PROTECTOR DIARIO;LAGO PUELO;PAPEL;;;300;Bruno Centurion;AXUM;;SOFTYS;False;131873;0;Lista General;Autoservicio B - A;42862;01-10-2026;509-LUCAS GODOY;SOFTYS;1;0,00000000;1300,42
23415;"Hip√≥lito Bouchard - (AUTOSERVICIOS) 1596";ADROGUE;2026-10-02;02-10-2026;01-10-2026;FAC-A0001-00343093;Venta;LAGOPUELO S.A;1501627;10,00;113717,76;137598,49;D ONOFRIO OSCAR ALEJANDRO;;15,00 %;062;Nahuel Martinez;0624;PH Higienol HS Balanced 20mx4/12;11371,78;3416;"";AUTOSERVICIO;Autoservicio B;94883,40;NAHUEL MONTOYA;2006,78;$;2;SOFTYS ARGENTINA S.A;0,00000000;0,00;Contado;05-10-2026 09:06;;HIGIENOL;Softy;;SOFTY;PAPEL HIG;LAGO PUELO;PAPEL;103;;300;Bruno Centurion;AXUM;;SOFTYS;False;131894;0;Lista General;Autoservicio B - A;42864;01-10-2026;509-LUCAS GODOY;SOFTYS;1;0,00000000;11371,78
23415;"Hip√≥lito Bouchard - (AUTOSERVICIOS) 1596";ADROGUE;2026-10-02;02-10-2026;01-10-2026;FAC-A0001-00343093;Venta;LAGOPUELO S.A;1509762;15,00;17582,85;21275,25;D ONOFRIO OSCAR ALEJANDRO;;0,00 %;062;Nahuel Martinez;0624;TF NOCTUR EXT A 8x32;1172,19;3416;"";AUTOSERVICIO;Autoservicio B;12126,15;NAHUEL MONTOYA;0,00;$;2;SOFTYS ARGENTINA S.A;0,00000000;0,00;Contado;05-10-2026 09:06;;LADYSOFT;Softy;;SOFTY;TOALLA FEMENINA;LAGO PUELO;PAPEL;;;300;Bruno Centurion;AXUM;;SOFTYS;False;131894;0;Lista General;Autoservicio B - A;42864;01-10-2026;509-LUCAS GODOY;SOFTYS;1;0,00000000;1172,19
23415;"Hip√≥lito Bouchard - (AUTOSERVICIOS) 1596";ADROGUE;2026-10-02;02-10-2026;01-10-2026;FAC-A0001-00343093;Venta;LAGOPUELO S.A;1503118;10,00;16353,60;19787,86;D ONOFRIO OSCAR ALEJANDRO;;0,00 %;062;Nahuel Martinez;0624;TH BABYSEC ULTRA 50/24;1635,36;3416;"";AUTOSERVICIO;Autoservicio B;11278,30;NAHUEL MONTOYA;0,00;$;2;SOFTYS ARGENTINA S.A;0,00000000;0,00;Contado;05-10-2026 09:06;;BABYSEC;;;;;;PAPEL;;;300;Bruno Centurion;AXUM;;SOFTYS;False;131894;0;Lista General;Autoservicio B - A;42864;01-10-2026;509-LUCAS GODOY;SOFTYS;1;0,00000000;1635,36
23593;"Juan Carlos Castagnino 1100";BURZACO;2026-10-02;02-10-2026;01-10-2026;FAC-A0001-00343096;Venta;LAGOPUELO S.A;1509755;6,00;7198,02;8709,60;YAN RUIMING;;0,00 %;063;Daniel Martin;0634;TF UD T/SECA LADYSOFT ULTRA PROTECT 8;1199,67;3416;"";AUTOSERVICIO;Autoservicio A;4964,16;NAHUEL MONTOYA;0,00;$;2;SOFTYS ARGENTINA S.A;0,00000000;0,00;Contado;05-10-2026 09:06;;LADYSOFT;Softy;;SOFTY;TOALLA FEMENINA;LAGO PUELO;PAPEL;;;300;Bruno Centurion;AXUM;;SOFTYS;False;131920;0;Lista General;Autoservicio A - A;42870;01-10-2026;509-LUCAS GODOY;SOFTYS;1;0,00000000;1199,67
23593;"Juan Carlos Castagnino 1100";BURZACO;2026-10-02;02-10-2026;01-10-2026;FAC-A0001-00343096;Venta;LAGOPUELO S.A;1509756;6,00;14002,26;16942,73;YAN RUIMING;;0,00 %;063;Daniel Martin;0634;TF UD T/SECA LADYSOFT UL PRT 16u;2333,71;3416;"";AUTOSERVICIO;Autoservicio A;9656,76;NAHUEL MONTOYA;0,00;$;2;SOFTYS ARGENTINA S.A;0,00000000;0,00;Contado;05-10-2026 09:06;;LADYSOFT;Softy;;SOFTY;TOALLA FEMENINA;LAGO PUELO;PAPEL;;;300;Bruno Centurion;AXUM;;SOFTYS;False;131920;0;Lista General;Autoservicio A - A;42870;01-10-2026;509-LUCAS GODOY;SOFTYS;1;0,00000000;2333,71
23593;"Juan Carlos Castagnino 1100";BURZACO;2026-10-02;02-10-2026;01-10-2026;FAC-A0001-00343096;Venta;LAGOPUELO S.A;1501627;2,00;24081,41;29138,50;YAN RUIMING;;10,00 %;063;Daniel Martin;0634;PH Higienol HS Balanced 20mx4/12;12040,70;3416;"";AUTOSERVICIO;Autoservicio A;18976,68;NAHUEL MONTOYA;1337,86;$;2;SOFTYS ARGENTINA S.A;0,00000000;0,00;Contado;05-10-2026 09:06;;HIGIENOL;Softy;;SOFTY;PAPEL HIG;LAGO PUELO;PAPEL;103;;300;Bruno Centurion;AXUM;;SOFTYS;False;131920;0;Lista General;Autoservicio A - A;42870;01-10-2026;509-LUCAS GODOY;SOFTYS;1;0,00000000;12040,70
23597;"Carlos Morel - (AUTOSERVICIOS) 317";BURZACO;2026-10-02;02-10-2026;01-10-2026;FAC-A0001-00343097;Venta;LAGOPUELO S.A;1509756;20,00;46674,20;56475,78;ZHU SHAOBIN;;0,00 %;063;Daniel Martin;0634;TF UD T/SECA LADYSOFT UL PRT 16u;2333,71;3416;"";AUTOSERVICIO;Autoservicio A;32189,20;NAHUEL MONTOYA;0,00;$;2;SOFTYS ARGENTINA S.A;0,00000000;0,00;Contado;05-10-2026 09:06;;LADYSOFT;Softy;;SOFTY;TOALLA FEMENINA;LAGO PUELO;PAPEL;;;300;Bruno Centurion;AXUM;;SOFTYS;False;131921;0;Lista General;Autoservicio A - A;42871;01-10-2026;509-LUCAS GODOY;SOFTYS;1;0,00000000;2333,71
23599;"Jos√© Serrano - (AUTOSERVICIOS) 1090";BURZACO;2026-10-02;02-10-2026;01-10-2026;FAC-A0001-00343101;Venta;LAGOPUELO S.A;1509764;5,00;0,00;0,00;JIANG SHUWANG;;100,00 %;063;Daniel Martin;0634;TF NORMAL T/SUAVE EXT ALGODON 8x54;0,00;3416;"";AUTOSERVICIO;Autoservicio A;2926,35;NAHUEL MONTOYA;848,64;$;2;SOFTYS ARGENTINA S.A;0,00000000;0,00;Contado;05-10-2026 09:06;;LADYSOFT;Softy;;SOFTY;TOALLA FEMENINA;LAGO PUELO;PAPEL;65;;300;Bruno Centurion;AXUM;;SOFTYS;False;131958;0;Lista General;Autoservicio A - A;42875;01-10-2026;509-LUCAS GODOY;SOFTYS;1;0,00000000;0,00
23599;"Jos√© Serrano - (AUTOSERVICIOS) 1090";BURZACO;2026-10-02;02-10-2026;01-10-2026;FAC-A0001-00343101;Venta;LAGOPUELO S.A;1509756;20,00;46674,20;56475,78;JIANG SHUWANG;;0,00 %;063;Daniel Martin;0634;TF UD T/SECA LADYSOFT UL PRT 16u;2333,71;3416;"";AUTOSERVICIO;Autoservicio A;32189,20;NAHUEL MONTOYA;0,00;$;2;SOFTYS ARGENTINA S.A;0,00000000;0,00;Contado;05-10-2026 09:06;;LADYSOFT;Softy;;SOFTY;TOALLA FEMENINA;LAGO PUELO;PAPEL;;;300;Bruno Centurion;AXUM;;SOFTYS;False;131958;0;Lista General;Autoservicio A - A;42875;01-10-2026;509-LUCAS GODOY;SOFTYS;1;0,00000000;2333,71
23599;"Jos√© Serrano - (AUTOSERVICIOS) 1090";BURZACO;2026-10-02;02-10-2026;01-10-2026;FAC-A0001-00343101;Venta;LAGOPUELO S.A;1509764;54,00;45826,56;55450,14;JIANG SHUWANG;;0,00 %;063;Daniel Martin;0634;TF NORMAL T/SUAVE EXT ALGODON 8x54;848,64;3416;"";AUTOSERVICIO;Autoservicio A;31604,58;NAHUEL MONTOYA;0,00;$;2;SOFTYS ARGENTINA S.A;0,00000000;0,00;Contado;05-10-2026 09:06;;LADYSOFT;Softy;;SOFTY;TOALLA FEMENINA;LAGO PUELO;PAPEL;;;300;Bruno Centurion;AXUM;;SOFTYS;False;131958;0;Lista General;Autoservicio A - A;42875;01-10-2026;509-LUCAS GODOY;SOFTYS;1;0,00000000;848,64
23599;"Jos√© Serrano - (AUTOSERVICIOS) 1090";BURZACO;2026-10-02;02-10-2026;01-10-2026;FAC-A0001-00343101;Venta;LAGOPUELO S.A;1504208;4,00;35212,25;42606,82;JIANG SHUWANG;;10,00 %;063;Daniel Martin;0634;BABYSEC ULTSOFT XX6 30/4;8803,06;3416;"";AUTOSERVICIO;Autoservicio A;28981,28;NAHUEL MONTOYA;978,12;$;2;SOFTYS ARGENTINA S.A;0,00000000;0,00;Contado;05-10-2026 09:06;;BABYSEC;Softy;;SOFTY;PAÒAL;LAGO PUELO;PAPEL;;;300;Bruno Centurion;AXUM;;SOFTYS;False;131958;0;Lista General;Autoservicio A - A;42875;01-10-2026;509-LUCAS GODOY;SOFTYS;1;0,00000000;8803,06
23599;"Jos√© Serrano - (AUTOSERVICIOS) 1090";BURZACO;2026-10-02;02-10-2026;01-10-2026;FAC-A0001-00343101;Venta;LAGOPUELO S.A;1501627;1,00;12040,70;14569,25;JIANG SHUWANG;;10,00 %;063;Daniel Martin;0634;PH Higienol HS Balanced 20mx4/12;12040,70;3416;"";AUTOSERVICIO;Autoservicio A;9488,34;NAHUEL MONTOYA;1337,86;$;2;SOFTYS ARGENTINA S.A;0,00000000;0,00;Contado;05-10-2026 09:06;;HIGIENOL;Softy;;SOFTY;PAPEL HIG;LAGO PUELO;PAPEL;103;;300;Bruno Centurion;AXUM;;SOFTYS;False;131958;0;Lista General;Autoservicio A - A;42875;01-10-2026;509-LUCAS GODOY;SOFTYS;1;0,00000000;12040,70
23228;"Av. Espora 580";ADROGUE;2026-10-02;02-10-2026;01-10-2026;FAC-A0001-00343103;Venta;LAGOPUELO S.A;1505496;210,00;234501,75;283747,12;CHEN QI;;10,00 %;062;Nahuel Martinez;0624;PO ELITE ST CON ALGODON X10 PACK 6;1116,68;3416;"";AUTOSERVICIO;Autoservicio B;179694,90;NAHUEL MONTOYA;124,08;$;2;SOFTYS ARGENTINA S.A;0,00000000;0,00;Contado;05-10-2026 09:06;;ELITE;Softy;;SOFTY;PAÒUELOS;LAGO PUELO;PAPEL;;;300;Bruno Centurion;AXUM;;SOFTYS;False;131982;0;Lista General;Autoservicio B - A;42877;01-10-2026;509-LUCAS GODOY;SOFTYS;1;0,00000000;1116,68
5849;"AVENIDA SAN MARTIN E/EREZCANO Y LA ROSA - (TRADITIONAL TRADE) 1845";ADROGUE;2026-10-02;02-10-2026;01-10-2026;FAC-A0001-00343104;Venta;LAGOPUELO S.A;1503118;12,00;19624,32;23745,43;CHRISTIAN RODOLFO MARTINEZ;;0,00 %;062;Nahuel Martinez;0624;TH BABYSEC ULTRA 50/24;1635,36;3416;"";Farmacias y PerfumerÌas;Perfumeria;13533,96;NAHUEL MONTOYA;0,00;$;2;SOFTYS ARGENTINA S.A;0,00000000;0,00;Contado;05-10-2026 09:06;;BABYSEC;;;;;;PAPEL;;;300;Bruno Centurion;AXUM;;SOFTYS;False;132060;0;Lista General;Perfumeria - A;42878;01-10-2026;509-LUCAS GODOY;SOFTYS;1;0,00000000;1635,36
5849;"AVENIDA SAN MARTIN E/EREZCANO Y LA ROSA - (TRADITIONAL TRADE) 1845";ADROGUE;2026-10-02;02-10-2026;01-10-2026;FAC-A0001-00343104;Venta;LAGOPUELO S.A;1509761;12,00;9542,64;11546,59;CHRISTIAN RODOLFO MARTINEZ;;0,00 %;062;Nahuel Martinez;0624;TF LADYSOFT COMFORT EXT ALGODON 8x54;795,22;3416;"";Farmacias y PerfumerÌas;Perfumeria;6581,16;NAHUEL MONTOYA;0,00;$;2;SOFTYS ARGENTINA S.A;0,00000000;0,00;Contado;05-10-2026 09:06;;LADYSOFT;Softy;;SOFTY;TOALLA FEMENINA;LAGO PUELO;PAPEL;;;300;Bruno Centurion;AXUM;;SOFTYS;False;132060;0;Lista General;Perfumeria - A;42878;01-10-2026;509-LUCAS GODOY;SOFTYS;1;0,00000000;795,22
105998;"Donovan 1133 0";LANUS;2026-10-02;02-10-2026;30-09-2026;FAC-A0001-00343106;Venta;LAGOPUELO S.A;1501553;60,00;1017018,74;1230592,67;Weng Jiahua;;31,00 %;26;Sabrina Pereyra;263;PH HIGIENOL DH PLUS FUSI”N 30M x4/10;16950,31;3408;"Venta modificada el 2026-10-01 16:47:52";AUTOSERVICIO;AUTOSERVICIO;955552,80;CLAUDIO GARCIA;7615,36;$;2;SOFTYS ARGENTINA S.A;0,00000000;0,00;Efectivo;05-10-2026 08:47;;HIGIENOL;Softy;;SOFTY;PAPEL HIG;LAGO PUELO;PAPEL;81;;25;JOHANA VIGIL;AXUM;;SOFTYS;False;130946;0;Lista General;AUTOSERVICIO - A;42700;01-10-2026;1638-JAVIER LINARES;SOFTYS;1;0,00000000;16950,31
105998;"Donovan 1133 0";LANUS;2026-10-02;02-10-2026;30-09-2026;FAC-A0001-00343106;Venta;LAGOPUELO S.A;1505523;15,00;14575,65;17636,54;Weng Jiahua;;0,00 %;26;Sabrina Pereyra;263;PO CARILINA DOBLE HOJA X10 PACK X6/3;971,71;3408;"Venta modificada el 2026-10-01 16:47:52";AUTOSERVICIO;AUTOSERVICIO;10052,25;CLAUDIO GARCIA;0,00;$;2;SOFTYS ARGENTINA S.A;0,00000000;0,00;Efectivo;05-10-2026 08:47;;CARILINA;Softy;;SOFTY;PAÒUELOS;LAGO PUELO;PAPEL;;;25;JOHANA VIGIL;AXUM;;SOFTYS;False;130946;0;Lista General;AUTOSERVICIO - A;42700;01-10-2026;1638-JAVIER LINARES;SOFTYS;1;0,00000000;971,71
105998;"Donovan 1133 0";LANUS;2026-10-02;02-10-2026;30-09-2026;FAC-A0001-00343106;Venta;LAGOPUELO S.A;1505434;8,00;10837,68;13113,59;Weng Jiahua;;0,00 %;26;Sabrina Pereyra;263;PO FACIALES ELITE BOX SOFT TOUCH x90;1354,71;3408;"Venta modificada el 2026-10-01 16:47:52";AUTOSERVICIO;AUTOSERVICIO;7474,24;CLAUDIO GARCIA;0,00;$;2;SOFTYS ARGENTINA S.A;0,00000000;0,00;Efectivo;05-10-2026 08:47;;ELITE;Softy;;SOFTY;PAÒUELOS;LAGO PUELO;PAPEL;;;25;JOHANA VIGIL;AXUM;;SOFTYS;False;130946;0;Lista General;AUTOSERVICIO - A;42700;01-10-2026;1638-JAVIER LINARES;SOFTYS;1;0,00000000;1354,71
486;"SARMIENTO 1615";Lan˙s;2026-10-02;02-10-2026;30-09-2026;FAC-A0001-00343108;Venta;LAGOPUELO S.A;1501553;1,00;18915,57;22887,83;Alberto David Soto;;23,00 %;26;Sabrina Pereyra;263;PH HIGIENOL DH PLUS FUSI”N 30M x4/10;18915,57;3408;"";FIAMBRERIA;FIAMBRERIA;15925,88;CLAUDIO GARCIA;5650,10;$;2;SOFTYS ARGENTINA S.A;0,00000000;0,00;Efectivo;05-10-2026 08:47;;HIGIENOL;Softy;;SOFTY;PAPEL HIG;LAGO PUELO;PAPEL;81;;25;JOHANA VIGIL;AXUM;;SOFTYS;False;131380;0;Lista General;FIAMBRERIA - A;42707;01-10-2026;1638-JAVIER LINARES;SOFTYS;1;0,00000000;18915,57
5140;"GRAL. OHIGGINS 1640 1640";GERLI;2026-10-02;02-10-2026;01-10-2026;FAC-A0001-00343111;Venta;LAGOPUELO S.A;1509764;1,00;0,00;0,00;LORENA ALEJANDRA CHISCA;;100,00 %;30;Oriana Songini;304;TF NORMAL T/SUAVE EXT ALGODON 8x54;0,00;3408;"";Tradicionales;Almacen;585,27;CLAUDIO GARCIA;848,64;$;2;SOFTYS ARGENTINA S.A;0,00000000;0,00;Efectivo;05-10-2026 08:47;;LADYSOFT;Softy;;SOFTY;TOALLA FEMENINA;LAGO PUELO;PAPEL;65;;25;JOHANA VIGIL;AXUM;;SOFTYS;False;132078;0;Lista General;Almacen - A;42718;01-10-2026;1638-JAVIER LINARES;SOFTYS;1;0,00000000;0,00
5140;"GRAL. OHIGGINS 1640 1640";GERLI;2026-10-02;02-10-2026;01-10-2026;FAC-A0001-00343111;Venta;LAGOPUELO S.A;1509762;10,00;11721,90;14183,50;LORENA ALEJANDRA CHISCA;;0,00 %;30;Oriana Songini;304;TF NOCTUR EXT A 8x32;1172,19;3408;"";Tradicionales;Almacen;8084,10;CLAUDIO GARCIA;0,00;$;2;SOFTYS ARGENTINA S.A;0,00000000;0,00;Efectivo;05-10-2026 08:47;;LADYSOFT;Softy;;SOFTY;TOALLA FEMENINA;LAGO PUELO;PAPEL;;;25;JOHANA VIGIL;AXUM;;SOFTYS;False;132078;0;Lista General;Almacen - A;42718;01-10-2026;1638-JAVIER LINARES;SOFTYS;1;0,00000000;1172,19
5140;"GRAL. OHIGGINS 1640 1640";GERLI;2026-10-02;02-10-2026;01-10-2026;FAC-A0001-00343111;Venta;LAGOPUELO S.A;1509764;10,00;8486,40;10268,54;LORENA ALEJANDRA CHISCA;;0,00 %;30;Oriana Songini;304;TF NORMAL T/SUAVE EXT ALGODON 8x54;848,64;3408;"";Tradicionales;Almacen;5852,70;CLAUDIO GARCIA;0,00;$;2;SOFTYS ARGENTINA S.A;0,00000000;0,00;Efectivo;05-10-2026 08:47;;LADYSOFT;Softy;;SOFTY;TOALLA FEMENINA;LAGO PUELO;PAPEL;;;25;JOHANA VIGIL;AXUM;;SOFTYS;False;132078;0;Lista General;Almacen - A;42718;01-10-2026;1638-JAVIER LINARES;SOFTYS;1;0,00000000;848,64
104975;"O Higgins 1596 0";GERLI;2026-10-02;02-10-2026;01-10-2026;FAC-A0001-00343113;Venta;LAGOPUELO S.A;1509765;10,00;16621,80;20112,38;Sandra Nuli;;0,00 %;30;Oriana Songini;304;TF NORMALT/SUAVE EXT ALG 16x27;1662,18;3408;"";Tradicionales;Almacen;11463,30;CLAUDIO GARCIA;0,00;$;2;SOFTYS ARGENTINA S.A;0,00000000;0,00;Efectivo;05-10-2026 08:47;;LADYSOFT;Softy;;SOFTY;TOALLA FEMENINA;LAGO PUELO;PAPEL;;;25;JOHANA VIGIL;AXUM;;SOFTYS;False;132159;0;Lista General;Almacen - A;42720;01-10-2026;1638-JAVIER LINARES;SOFTYS;1;0,00000000;1662,18
104975;"O Higgins 1596 0";GERLI;2026-10-02;02-10-2026;01-10-2026;FAC-A0001-00343113;Venta;LAGOPUELO S.A;1509768;10,00;9753,10;11801,25;Sandra Nuli;;0,00 %;30;Oriana Songini;304;TF NORMAL T/SUAVE PIEL SENSIBLE 8x54;975,31;3408;"";Tradicionales;Almacen;6726,30;CLAUDIO GARCIA;0,00;$;2;SOFTYS ARGENTINA S.A;0,00000000;0,00;Efectivo;05-10-2026 08:47;;LADYSOFT;Softy;;SOFTY;TOALLA FEMENINA;LAGO PUELO;PAPEL;;;25;JOHANA VIGIL;AXUM;;SOFTYS;False;132159;0;Lista General;Almacen - A;42720;01-10-2026;1638-JAVIER LINARES;SOFTYS;1;0,00000000;975,31
104975;"O Higgins 1596 0";GERLI;2026-10-02;02-10-2026;01-10-2026;FAC-A0001-00343113;Venta;LAGOPUELO S.A;1509755;10,00;11996,70;14516,01;Sandra Nuli;;0,00 %;30;Oriana Songini;304;TF UD T/SECA LADYSOFT ULTRA PROTECT 8;1199,67;3408;"";Tradicionales;Almacen;8273,60;CLAUDIO GARCIA;0,00;$;2;SOFTYS ARGENTINA S.A;0,00000000;0,00;Efectivo;05-10-2026 08:47;;LADYSOFT;Softy;;SOFTY;TOALLA FEMENINA;LAGO PUELO;PAPEL;;;25;JOHANA VIGIL;AXUM;;SOFTYS;False;132159;0;Lista General;Almacen - A;42720;01-10-2026;1638-JAVIER LINARES;SOFTYS;1;0,00000000;1199,67
27773;"LAS FLORES 454";WILDE;2026-10-02;02-10-2026;28-09-2026;FAC-A0001-00343115;Venta;LAGOPUELO S.A;1501553;15,00;272678,94;329941,51;GABRIEL GERMAN ROSSO;;26,00 %;30;Oriana Songini;305;PH HIGIENOL DH PLUS FUSI”N 30M x4/10;18178,60;3409;"";Farmacias y PerfumerÌas;Perfumeria;238888,20;SIMON OLIVERA;6387,07;$;2;SOFTYS ARGENTINA S.A;0,00000000;0,00;Contado;05-10-2026 09:33;;HIGIENOL;Softy;;SOFTY;PAPEL HIG;LAGO PUELO;PAPEL;81;;25;JOHANA VIGIL;AXUM;;SOFTYS;False;130126;0;Lista General;Perfumeria - A;42774;01-10-2026;759-GABRIEL PEREZ;SOFTYS;1;0,00000000;18178,60
27773;"LAS FLORES 454";WILDE;2026-10-02;02-10-2026;28-09-2026;FAC-A0001-00343115;Venta;LAGOPUELO S.A;1504088;20,00;237366,90;287213,95;GABRIEL GERMAN ROSSO;;10,00 %;30;Oriana Songini;305;PL BABYSEC ULTRSOFT XXG x50/4;11868,35;3409;"";Farmacias y PerfumerÌas;Perfumeria;195363,60;SIMON OLIVERA;1318,71;$;2;SOFTYS ARGENTINA S.A;0,00000000;0,00;Contado;05-10-2026 09:33;;BABYSEC;Softy;;SOFTY;PAÒAL;LAGO PUELO;PAPEL;;;25;JOHANA VIGIL;AXUM;;SOFTYS;False;130126;0;Lista General;Perfumeria - A;42774;01-10-2026;759-GABRIEL PEREZ;SOFTYS;1;0,00000000;11868,35
102184;"Mitre 6272 0";WILDE;2026-10-02;02-10-2026;01-10-2026;FAC-A0001-00343120;Venta;LAGOPUELO S.A;1509761;6,00;4771,32;5773,30;Shen Zhihao;;0,00 %;27;Samanta Dogliotti;274;TF LADYSOFT COMFORT EXT ALGODON 8x54;795,22;3409;"";AUTOSERVICIO;AUTOSERVICIO;3290,58;SIMON OLIVERA;0,00;$;2;SOFTYS ARGENTINA S.A;0,00000000;0,00;Efectivo;05-10-2026 09:33;;LADYSOFT;Softy;;SOFTY;TOALLA FEMENINA;LAGO PUELO;PAPEL;;;25;JOHANA VIGIL;AXUM;;SOFTYS;False;131585;0;Lista General;AUTOSERVICIO - A;42780;01-10-2026;759-GABRIEL PEREZ;SOFTYS;1;0,00000000;795,22
108202;"Helguera 3856 0";VILLA DOMINICO;2026-10-02;02-10-2026;01-10-2026;FAC-A0001-00343123;Venta;LAGOPUELO S.A;1504075;18,00;39501,59;47796,93;Garay Teresa de Jesus;;10,00 %;28;Nadia Diaz;284;PL BABYSEC ULTRASOF CH 12/18;2194,53;3409;"";Tradicionales;Almacen;32511,60;SIMON OLIVERA;243,84;$;2;SOFTYS ARGENTINA S.A;0,00000000;0,00;Efectivo;05-10-2026 09:33;;BABYSEC;Softy;;SOFTY;PAÒAL;LAGO PUELO;PAPEL;;;25;JOHANA VIGIL;AXUM;;SOFTYS;False;131671;0;Lista General;Almacen - A;42786;01-10-2026;759-GABRIEL PEREZ;SOFTYS;1;0,00000000;2194,53
108202;"Helguera 3856 0";VILLA DOMINICO;2026-10-02;02-10-2026;01-10-2026;FAC-A0001-00343123;Venta;LAGOPUELO S.A;1504079;15,00;32917,59;39830,28;Garay Teresa de Jesus;;10,00 %;28;Nadia Diaz;284;PL BABYSEC ULTRASOFT XXG 8/15;2194,51;3409;"";Tradicionales;Almacen;27092,70;SIMON OLIVERA;243,83;$;2;SOFTYS ARGENTINA S.A;0,00000000;0,00;Efectivo;05-10-2026 09:33;;BABYSEC;Softy;;SOFTY;PAÒAL;LAGO PUELO;PAPEL;;;25;JOHANA VIGIL;AXUM;;SOFTYS;False;131671;0;Lista General;Almacen - A;42786;01-10-2026;759-GABRIEL PEREZ;SOFTYS;1;0,00000000;2194,51
108202;"Helguera 3856 0";VILLA DOMINICO;2026-10-02;02-10-2026;01-10-2026;FAC-A0001-00343123;Venta;LAGOPUELO S.A;1505688;2,00;31067,28;37591,41;Garay Teresa de Jesus;;5,00 %;28;Nadia Diaz;284;RC Sussex clasico mas blanco 50px3/10;15533,64;3409;"";Tradicionales;Almacen;24224,00;SIMON OLIVERA;817,56;$;2;SOFTYS ARGENTINA S.A;0,00000000;0,00;Efectivo;05-10-2026 09:33;;SUSSEX;Softy;;SOFTY;ROLLO DE COCINA;LAGO PUELO;PAPEL;83;;25;JOHANA VIGIL;AXUM;;SOFTYS;False;131671;0;Lista General;Almacen - A;42786;01-10-2026;759-GABRIEL PEREZ;SOFTYS;1;0,00000000;15533,64
801;"AV MANUEL BELGRANO 4363";Villa Dominico;2026-10-02;02-10-2026;01-10-2026;FAC-A0001-00343125;Venta;LAGOPUELO S.A;1509764;1,00;0,00;0,00;DÌaz Adrian Alberto;;100,00 %;28;Nadia Diaz;284;TF NORMAL T/SUAVE EXT ALGODON 8x54;0,00;3409;"";Farmacias y PerfumerÌas;Perfumeria;585,27;SIMON OLIVERA;848,64;$;2;SOFTYS ARGENTINA S.A;0,00000000;0,00;Contado;05-10-2026 09:33;;LADYSOFT;Softy;;SOFTY;TOALLA FEMENINA;LAGO PUELO;PAPEL;65;;25;JOHANA VIGIL;AXUM;;SOFTYS;False;131799;0;Lista General;Perfumeria - A;42789;01-10-2026;759-GABRIEL PEREZ;SOFTYS;1;0,00000000;0,00
801;"AV MANUEL BELGRANO 4363";Villa Dominico;2026-10-02;02-10-2026;01-10-2026;FAC-A0001-00343125;Venta;LAGOPUELO S.A;1509758;20,00;22314,80;27000,91;DÌaz Adrian Alberto;;0,00 %;28;Nadia Diaz;284;TF UD T/SUAVE EXT ALGO 8X40;1115,74;3409;"";Farmacias y PerfumerÌas;Perfumeria;15389,60;SIMON OLIVERA;0,00;$;2;SOFTYS ARGENTINA S.A;0,00000000;0,00;Contado;05-10-2026 09:33;;LADYSOFT;Softy;;SOFTY;TOALLA FEMENINA;LAGO PUELO;PAPEL;;;25;JOHANA VIGIL;AXUM;;SOFTYS;False;131799;0;Lista General;Perfumeria - A;42789;01-10-2026;759-GABRIEL PEREZ;SOFTYS;1;0,00000000;1115,74
801;"AV MANUEL BELGRANO 4363";Villa Dominico;2026-10-02;02-10-2026;01-10-2026;FAC-A0001-00343125;Venta;LAGOPUELO S.A;1509759;20,00;42614,20;51563,18;DÌaz Adrian Alberto;;0,00 %;28;Nadia Diaz;284;TF UD T/SUAVE EXT ALG 16x20;2130,71;3409;"";Farmacias y PerfumerÌas;Perfumeria;29389,00;SIMON OLIVERA;0,00;$;2;SOFTYS ARGENTINA S.A;0,00000000;0,00;Contado;05-10-2026 09:33;;LADYSOFT;Softy;;SOFTY;TOALLA FEMENINA;LAGO PUELO;PAPEL;;;25;JOHANA VIGIL;AXUM;;SOFTYS;False;131799;0;Lista General;Perfumeria - A;42789;01-10-2026;759-GABRIEL PEREZ;SOFTYS;1;0,00000000;2130,71
801;"AV MANUEL BELGRANO 4363";Villa Dominico;2026-10-02;02-10-2026;01-10-2026;FAC-A0001-00343125;Venta;LAGOPUELO S.A;1509764;10,00;8486,40;10268,54;DÌaz Adrian Alberto;;0,00 %;28;Nadia Diaz;284;TF NORMAL T/SUAVE EXT ALGODON 8x54;848,64;3409;"";Farmacias y PerfumerÌas;Perfumeria;5852,70;SIMON OLIVERA;0,00;$;2;SOFTYS ARGENTINA S.A;0,00000000;0,00;Contado;05-10-2026 09:33;;LADYSOFT;Softy;;SOFTY;TOALLA FEMENINA;LAGO PUELO;PAPEL;;;25;JOHANA VIGIL;AXUM;;SOFTYS;False;131799;0;Lista General;Perfumeria - A;42789;01-10-2026;759-GABRIEL PEREZ;SOFTYS;1;0,00000000;848,64
801;"AV MANUEL BELGRANO 4363";Villa Dominico;2026-10-02;02-10-2026;01-10-2026;FAC-A0001-00343125;Venta;LAGOPUELO S.A;1509765;10,00;16621,80;20112,38;DÌaz Adrian Alberto;;0,00 %;28;Nadia Diaz;284;TF NORMALT/SUAVE EXT ALG 16x27;1662,18;3409;"";Farmacias y PerfumerÌas;Perfumeria;11463,30;SIMON OLIVERA;0,00;$;2;SOFTYS ARGENTINA S.A;0,00000000;0,00;Contado;05-10-2026 09:33;;LADYSOFT;Softy;;SOFTY;TOALLA FEMENINA;LAGO PUELO;PAPEL;;;25;JOHANA VIGIL;AXUM;;SOFTYS;False;131799;0;Lista General;Perfumeria - A;42789;01-10-2026;759-GABRIEL PEREZ;SOFTYS;1;0,00000000;1662,18
107755;"Victor  Hugo 859 0";LANUS;2026-10-02;02-10-2026;01-10-2026;FAC-A0001-00343131;Venta;LAGOPUELO S.A;1509764;1,00;0,00;0,00;Lin Wenfang;;100,00 %;26;Sabrina Pereyra;264;TF NORMAL T/SUAVE EXT ALGODON 8x54;0,00;3409;"Venta modificada el 2026-10-01 17:37:36";AUTOSERVICIO;AUTOSERVICIO;585,27;SIMON OLIVERA;848,64;$;2;SOFTYS ARGENTINA S.A;0,00000000;0,00;Efectivo;05-10-2026 09:33;;LADYSOFT;Softy;;SOFTY;TOALLA FEMENINA;LAGO PUELO;PAPEL;65;;25;JOHANA VIGIL;AXUM;;SOFTYS;False;131917;0;Lista General;AUTOSERVICIO - A;42798;01-10-2026;759-GABRIEL PEREZ;SOFTYS;1;0,00000000;0,00
107755;"Victor  Hugo 859 0";LANUS;2026-10-02;02-10-2026;01-10-2026;FAC-A0001-00343131;Venta;LAGOPUELO S.A;1509764;12,00;10183,68;12322,25;Lin Wenfang;;0,00 %;26;Sabrina Pereyra;264;TF NORMAL T/SUAVE EXT ALGODON 8x54;848,64;3409;"Venta modificada el 2026-10-01 17:37:36";AUTOSERVICIO;AUTOSERVICIO;7023,24;SIMON OLIVERA;0,00;$;2;SOFTYS ARGENTINA S.A;0,00000000;0,00;Efectivo;05-10-2026 09:33;;LADYSOFT;Softy;;SOFTY;TOALLA FEMENINA;LAGO PUELO;PAPEL;;;25;JOHANA VIGIL;AXUM;;SOFTYS;False;131917;0;Lista General;AUTOSERVICIO - A;42798;01-10-2026;759-GABRIEL PEREZ;SOFTYS;1;0,00000000;848,64
107755;"Victor  Hugo 859 0";LANUS;2026-10-02;02-10-2026;01-10-2026;FAC-A0001-00343131;Venta;LAGOPUELO S.A;1509755;12,00;14396,04;17419,21;Lin Wenfang;;0,00 %;26;Sabrina Pereyra;264;TF UD T/SECA LADYSOFT ULTRA PROTECT 8;1199,67;3409;"Venta modificada el 2026-10-01 17:37:36";AUTOSERVICIO;AUTOSERVICIO;9928,32;SIMON OLIVERA;0,00;$;2;SOFTYS ARGENTINA S.A;0,00000000;0,00;Efectivo;05-10-2026 09:33;;LADYSOFT;Softy;;SOFTY;TOALLA FEMENINA;LAGO PUELO;PAPEL;;;25;JOHANA VIGIL;AXUM;;SOFTYS;False;131917;0;Lista General;AUTOSERVICIO - A;42798;01-10-2026;759-GABRIEL PEREZ;SOFTYS;1;0,00000000;1199,67
107755;"Victor  Hugo 859 0";LANUS;2026-10-02;02-10-2026;01-10-2026;FAC-A0001-00343131;Venta;LAGOPUELO S.A;1509766;12,00;10989,60;13297,42;Lin Wenfang;;0,00 %;26;Sabrina Pereyra;264;TF T/SECA NORMAL MAS PROTECC 8x54;915,80;3409;"Venta modificada el 2026-10-01 17:37:36";AUTOSERVICIO;AUTOSERVICIO;7579,08;SIMON OLIVERA;0,00;$;2;SOFTYS ARGENTINA S.A;0,00000000;0,00;Efectivo;05-10-2026 09:33;;LADYSOFT;Softy;;SOFTY;TOALLA FEMENINA;LAGO PUELO;PAPEL;;;25;JOHANA VIGIL;AXUM;;SOFTYS;False;131917;0;Lista General;AUTOSERVICIO - A;42798;01-10-2026;759-GABRIEL PEREZ;SOFTYS;1;0,00000000;915,80
106360;"Victor Hugo 1210 0";MONTE CHINGOLO;2026-10-02;02-10-2026;01-10-2026;FAC-A0001-00343135;Venta;LAGOPUELO S.A;1501553;1,00;22551,25;27287,01;KIRIAZI ELIAS ALFONSO;;15,00 %;26;Sabrina Pereyra;264;PH HIGIENOL DH PLUS FUSI”N 30M x4/10;22551,25;3409;"";Tradicionales;Almacen;17199,92;SIMON OLIVERA;3979,63;$;2;SOFTYS ARGENTINA S.A;0,00000000;0,00;Efectivo;05-10-2026 09:33;;HIGIENOL;Softy;;SOFTY;PAPEL HIG;LAGO PUELO;PAPEL;81;;25;JOHANA VIGIL;AXUM;;SOFTYS;False;131951;0;Lista General;Almacen - A;42802;01-10-2026;759-GABRIEL PEREZ;SOFTYS;1;0,00000000;22551,25
106360;"Victor Hugo 1210 0";MONTE CHINGOLO;2026-10-02;02-10-2026;01-10-2026;FAC-A0001-00343135;Venta;LAGOPUELO S.A;1501586;1,00;30835,45;37310,89;KIRIAZI ELIAS ALFONSO;;0,00 %;26;Sabrina Pereyra;264;PH HIGIENOL HS MAX 50x4;30835,45;3409;"";Tradicionales;Almacen;21265,83;SIMON OLIVERA;0,00;$;2;SOFTYS ARGENTINA S.A;0,00000000;0,00;Efectivo;05-10-2026 09:33;;HIGIENOL;Softy;;SOFTY;PAPEL HIG;LAGO PUELO;PAPEL;;;25;JOHANA VIGIL;AXUM;;SOFTYS;False;131951;0;Lista General;Almacen - A;42802;01-10-2026;759-GABRIEL PEREZ;SOFTYS;1;0,00000000;30835,45
102313;"Onsari 158";WILDE;2026-10-02;02-10-2026;01-10-2026;FAC-A0001-00343137;Venta;LAGOPUELO S.A;1501627;10,00;113717,76;137598,49;Fang Jinlang;;15,00 %;27;Samanta Dogliotti;274;PH Higienol HS Balanced 20mx4/12;11371,78;3409;"";AUTOSERVICIO;AUTOSERVICIO;94883,40;SIMON OLIVERA;2006,78;$;2;SOFTYS ARGENTINA S.A;0,00000000;0,00;Efectivo;05-10-2026 09:33;;HIGIENOL;Softy;;SOFTY;PAPEL HIG;LAGO PUELO;PAPEL;103;;25;JOHANA VIGIL;AXUM;;SOFTYS;False;131967;0;Lista General;AUTOSERVICIO - A;42804;01-10-2026;759-GABRIEL PEREZ;SOFTYS;1;0,00000000;11371,78
108424;"Salvador Soreda 4090 0";Villa Dominico;2026-10-02;02-10-2026;01-10-2026;FAC-A0001-00343141;Venta;LAGOPUELO S.A;1509764;1,00;0,00;0,00;Caceres Cardenas Sixto;;100,00 %;28;Nadia Diaz;284;TF NORMAL T/SUAVE EXT ALGODON 8x54;0,00;3409;"";Tradicionales;Almacen;585,27;SIMON OLIVERA;848,64;$;2;SOFTYS ARGENTINA S.A;0,00000000;0,00;Efectivo;05-10-2026 09:33;;LADYSOFT;Softy;;SOFTY;TOALLA FEMENINA;LAGO PUELO;PAPEL;65;;25;JOHANA VIGIL;AXUM;;SOFTYS;False;131985;0;Lista General;Almacen - A;42808;01-10-2026;759-GABRIEL PEREZ;SOFTYS;1;0,00000000;0,00
108424;"Salvador Soreda 4090 0";Villa Dominico;2026-10-02;02-10-2026;01-10-2026;FAC-A0001-00343141;Venta;LAGOPUELO S.A;1509766;10,00;9158,00;11081,18;Caceres Cardenas Sixto;;0,00 %;28;Nadia Diaz;284;TF T/SECA NORMAL MAS PROTECC 8x54;915,80;3409;"";Tradicionales;Almacen;6315,90;SIMON OLIVERA;0,00;$;2;SOFTYS ARGENTINA S.A;0,00000000;0,00;Efectivo;05-10-2026 09:33;;LADYSOFT;Softy;;SOFTY;TOALLA FEMENINA;LAGO PUELO;PAPEL;;;25;JOHANA VIGIL;AXUM;;SOFTYS;False;131985;0;Lista General;Almacen - A;42808;01-10-2026;759-GABRIEL PEREZ;SOFTYS;1;0,00000000;915,80
108424;"Salvador Soreda 4090 0";Villa Dominico;2026-10-02;02-10-2026;01-10-2026;FAC-A0001-00343141;Venta;LAGOPUELO S.A;1509764;10,00;8486,40;10268,54;Caceres Cardenas Sixto;;0,00 %;28;Nadia Diaz;284;TF NORMAL T/SUAVE EXT ALGODON 8x54;848,64;3409;"";Tradicionales;Almacen;5852,70;SIMON OLIVERA;0,00;$;2;SOFTYS ARGENTINA S.A;0,00000000;0,00;Efectivo;05-10-2026 09:33;;LADYSOFT;Softy;;SOFTY;TOALLA FEMENINA;LAGO PUELO;PAPEL;;;25;JOHANA VIGIL;AXUM;;SOFTYS;False;131985;0;Lista General;Almacen - A;42808;01-10-2026;759-GABRIEL PEREZ;SOFTYS;1;0,00000000;848,64
108424;"Salvador Soreda 4090 0";Villa Dominico;2026-10-02;02-10-2026;01-10-2026;FAC-A0001-00343141;Venta;LAGOPUELO S.A;1509762;10,00;11721,90;14183,50;Caceres Cardenas Sixto;;0,00 %;28;Nadia Diaz;284;TF NOCTUR EXT A 8x32;1172,19;3409;"";Tradicionales;Almacen;8084,10;SIMON OLIVERA;0,00;$;2;SOFTYS ARGENTINA S.A;0,00000000;0,00;Efectivo;05-10-2026 09:33;;LADYSOFT;Softy;;SOFTY;TOALLA FEMENINA;LAGO PUELO;PAPEL;;;25;JOHANA VIGIL;AXUM;;SOFTYS;False;131985;0;Lista General;Almacen - A;42808;01-10-2026;759-GABRIEL PEREZ;SOFTYS;1;0,00000000;1172,19
108424;"Salvador Soreda 4090 0";Villa Dominico;2026-10-02;02-10-2026;01-10-2026;FAC-A0001-00343141;Venta;LAGOPUELO S.A;1509755;10,00;11996,70;14516,01;Caceres Cardenas Sixto;;0,00 %;28;Nadia Diaz;284;TF UD T/SECA LADYSOFT ULTRA PROTECT 8;1199,67;3409;"";Tradicionales;Almacen;8273,60;SIMON OLIVERA;0,00;$;2;SOFTYS ARGENTINA S.A;0,00000000;0,00;Efectivo;05-10-2026 09:33;;LADYSOFT;Softy;;SOFTY;TOALLA FEMENINA;LAGO PUELO;PAPEL;;;25;JOHANA VIGIL;AXUM;;SOFTYS;False;131985;0;Lista General;Almacen - A;42808;01-10-2026;759-GABRIEL PEREZ;SOFTYS;1;0,00000000;1199,67
108424;"Salvador Soreda 4090 0";Villa Dominico;2026-10-02;02-10-2026;01-10-2026;FAC-A0001-00343141;Venta;LAGOPUELO S.A;1509761;10,00;7952,20;9622,16;Caceres Cardenas Sixto;;0,00 %;28;Nadia Diaz;284;TF LADYSOFT COMFORT EXT ALGODON 8x54;795,22;3409;"";Tradicionales;Almacen;5484,30;SIMON OLIVERA;0,00;$;2;SOFTYS ARGENTINA S.A;0,00000000;0,00;Efectivo;05-10-2026 09:33;;LADYSOFT;Softy;;SOFTY;TOALLA FEMENINA;LAGO PUELO;PAPEL;;;25;JOHANA VIGIL;AXUM;;SOFTYS;False;131985;0;Lista General;Almacen - A;42808;01-10-2026;759-GABRIEL PEREZ;SOFTYS;1;0,00000000;795,22
107234;"Lomas De Zamora 10 0";WILDE;2026-10-02;02-10-2026;01-10-2026;FAC-A0001-00343143;Venta;LAGOPUELO S.A;1501627;2,00;24081,41;29138,50;HODIE;;10,00 %;29;Camila Navarrete;294;PH Higienol HS Balanced 20mx4/12;12040,70;3409;"";KIOSCO;KIOSCO;18976,68;SIMON OLIVERA;1337,86;$;2;SOFTYS ARGENTINA S.A;0,00000000;0,00;Efectivo;05-10-2026 09:33;;HIGIENOL;Softy;;SOFTY;PAPEL HIG;LAGO PUELO;PAPEL;103;;25;JOHANA VIGIL;AXUM;;SOFTYS;False;131998;0;Lista General;KIOSCO - A;42812;01-10-2026;759-GABRIEL PEREZ;SOFTYS;1;0,00000000;12040,70
107234;"Lomas De Zamora 10 0";WILDE;2026-10-02;02-10-2026;01-10-2026;FAC-A0001-00343143;Venta;LAGOPUELO S.A;1505688;1,00;15533,64;18795,70;HODIE;;5,00 %;29;Camila Navarrete;294;RC Sussex clasico mas blanco 50px3/10;15533,64;3409;"";KIOSCO;KIOSCO;12112,00;SIMON OLIVERA;817,56;$;2;SOFTYS ARGENTINA S.A;0,00000000;0,00;Efectivo;05-10-2026 09:33;;SUSSEX;Softy;;SOFTY;ROLLO DE COCINA;LAGO PUELO;PAPEL;83;;25;JOHANA VIGIL;AXUM;;SOFTYS;False;131998;0;Lista General;KIOSCO - A;42812;01-10-2026;759-GABRIEL PEREZ;SOFTYS;1;0,00000000;15533,64
421;"WASHINGTON 546";Avellaneda;2026-10-02;02-10-2026;01-10-2026;FAC-A0001-00343145;Venta;LAGOPUELO S.A;1509766;10,00;9158,00;11081,18;CHEN SHENQIANG;;0,00 %;28;Nadia Diaz;284;TF T/SECA NORMAL MAS PROTECC 8x54;915,80;3409;"";AUTOSERVICIO;AUTOSERVICIO;6315,90;SIMON OLIVERA;0,00;$;2;SOFTYS ARGENTINA S.A;0,00000000;0,00;Efectivo;05-10-2026 09:33;;LADYSOFT;Softy;;SOFTY;TOALLA FEMENINA;LAGO PUELO;PAPEL;;;25;JOHANA VIGIL;AXUM;;SOFTYS;False;132071;0;Lista General;AUTOSERVICIO - A;42816;01-10-2026;759-GABRIEL PEREZ;SOFTYS;1;0,00000000;915,80
421;"WASHINGTON 546";Avellaneda;2026-10-02;02-10-2026;01-10-2026;FAC-A0001-00343145;Venta;LAGOPUELO S.A;1509755;6,00;7198,02;8709,60;CHEN SHENQIANG;;0,00 %;28;Nadia Diaz;284;TF UD T/SECA LADYSOFT ULTRA PROTECT 8;1199,67;3409;"";AUTOSERVICIO;AUTOSERVICIO;4964,16;SIMON OLIVERA;0,00;$;2;SOFTYS ARGENTINA S.A;0,00000000;0,00;Efectivo;05-10-2026 09:33;;LADYSOFT;Softy;;SOFTY;TOALLA FEMENINA;LAGO PUELO;PAPEL;;;25;JOHANA VIGIL;AXUM;;SOFTYS;False;132071;0;Lista General;AUTOSERVICIO - A;42816;01-10-2026;759-GABRIEL PEREZ;SOFTYS;1;0,00000000;1199,67
421;"WASHINGTON 546";Avellaneda;2026-10-02;02-10-2026;01-10-2026;FAC-A0001-00343145;Venta;LAGOPUELO S.A;1509757;6,00;20000,76;24200,92;CHEN SHENQIANG;;0,00 %;28;Nadia Diaz;284;TF UD T/SECA LADYSOFT UL PTEC 24u;3333,46;3409;"";AUTOSERVICIO;AUTOSERVICIO;13793,64;SIMON OLIVERA;0,00;$;2;SOFTYS ARGENTINA S.A;0,00000000;0,00;Efectivo;05-10-2026 09:33;;LADYSOFT;Softy;;SOFTY;TOALLA FEMENINA;LAGO PUELO;PAPEL;;;25;JOHANA VIGIL;AXUM;;SOFTYS;False;132071;0;Lista General;AUTOSERVICIO - A;42816;01-10-2026;759-GABRIEL PEREZ;SOFTYS;1;0,00000000;3333,46
421;"WASHINGTON 546";Avellaneda;2026-10-02;02-10-2026;01-10-2026;FAC-A0001-00343145;Venta;LAGOPUELO S.A;1509763;6,00;13590,30;16444,26;CHEN SHENQIANG;;0,00 %;28;Nadia Diaz;284;TF Nocturna EXT ALGODON 16X16;2265,05;3409;"";AUTOSERVICIO;AUTOSERVICIO;9372,66;SIMON OLIVERA;0,00;$;2;SOFTYS ARGENTINA S.A;0,00000000;0,00;Efectivo;05-10-2026 09:33;;LADYSOFT;Softy;;SOFTY;TOALLA FEMENINA;LAGO PUELO;PAPEL;;;25;JOHANA VIGIL;AXUM;;SOFTYS;False;132071;0;Lista General;AUTOSERVICIO - A;42816;01-10-2026;759-GABRIEL PEREZ;SOFTYS;1;0,00000000;2265,05
92;"894 4383";San Francisco Solano;2026-10-02;02-10-2026;01-10-2026;FAC-A0001-00343148;Venta;LAGOPUELO S.A;1509761;12,00;9542,64;11546,59;Carnes de ternera srl;;0,00 %;056;Ezequiel Ferreira;0564;TF LADYSOFT COMFORT EXT ALGODON 8x54;795,22;3412;"";ALMACEN;ALMACEN;6581,16;IVAN MONTOYA;0,00;$;2;SOFTYS ARGENTINA S.A;0,00000000;0,00;Efectivo;06-10-2026 16:07;;LADYSOFT;Softy;;SOFTY;TOALLA FEMENINA;LAGO PUELO;PAPEL;;;300;Bruno Centurion;AXUM;;SOFTYS;False;131609;0;Lista General;ALMACEN - A;42991;01-10-2026;759-GABRIEL PEREZ;SOFTYS;1;0,00000000;795,22
92;"894 4383";San Francisco Solano;2026-10-02;02-10-2026;01-10-2026;FAC-A0001-00343148;Venta;LAGOPUELO S.A;1509762;12,00;14066,28;17020,20;Carnes de ternera srl;;0,00 %;056;Ezequiel Ferreira;0564;TF NOCTUR EXT A 8x32;1172,19;3412;"";ALMACEN;ALMACEN;9700,92;IVAN MONTOYA;0,00;$;2;SOFTYS ARGENTINA S.A;0,00000000;0,00;Efectivo;06-10-2026 16:07;;LADYSOFT;Softy;;SOFTY;TOALLA FEMENINA;LAGO PUELO;PAPEL;;;300;Bruno Centurion;AXUM;;SOFTYS;False;131609;0;Lista General;ALMACEN - A;42991;01-10-2026;759-GABRIEL PEREZ;SOFTYS;1;0,00000000;1172,19
92;"894 4383";San Francisco Solano;2026-10-02;02-10-2026;01-10-2026;FAC-A0001-00343148;Venta;LAGOPUELO S.A;1509755;12,00;14396,04;17419,21;Carnes de ternera srl;;0,00 %;056;Ezequiel Ferreira;0564;TF UD T/SECA LADYSOFT ULTRA PROTECT 8;1199,67;3412;"";ALMACEN;ALMACEN;9928,32;IVAN MONTOYA;0,00;$;2;SOFTYS ARGENTINA S.A;0,00000000;0,00;Efectivo;06-10-2026 16:07;;LADYSOFT;Softy;;SOFTY;TOALLA FEMENINA;LAGO PUELO;PAPEL;;;300;Bruno Centurion;AXUM;;SOFTYS;False;131609;0;Lista General;ALMACEN - A;42991;01-10-2026;759-GABRIEL PEREZ;SOFTYS;1;0,00000000;1199,67
92;"894 4383";San Francisco Solano;2026-10-02;02-10-2026;01-10-2026;FAC-A0001-00343148;Venta;LAGOPUELO S.A;1501627;5,00;60203,52;72846,26;Carnes de ternera srl;;10,00 %;056;Ezequiel Ferreira;0564;PH Higienol HS Balanced 20mx4/12;12040,70;3412;"";ALMACEN;ALMACEN;47441,70;IVAN MONTOYA;1337,86;$;2;SOFTYS ARGENTINA S.A;0,00000000;0,00;Efectivo;06-10-2026 16:07;;HIGIENOL;Softy;;SOFTY;PAPEL HIG;LAGO PUELO;PAPEL;103;;300;Bruno Centurion;AXUM;;SOFTYS;False;131609;0;Lista General;ALMACEN - A;42991;01-10-2026;759-GABRIEL PEREZ;SOFTYS;1;0,00000000;12040,70
3088;"AVDA GRAL MOSCONI 3973";QUILMES;2026-10-02;02-10-2026;01-10-2026;FAC-A0001-00343150;Venta;LAGOPUELO S.A;1509766;12,00;10989,60;13297,42;LIN JIANKUI;;0,00 %;053;Verona Abati;0534;TF T/SECA NORMAL MAS PROTECC 8x54;915,80;3412;"";AUTOSERVICIO;AUTOSERVICIO;7579,08;IVAN MONTOYA;0,00;$;2;SOFTYS ARGENTINA S.A;0,00000000;0,00;Contado;06-10-2026 16:07;;LADYSOFT;Softy;;SOFTY;TOALLA FEMENINA;LAGO PUELO;PAPEL;;;300;Bruno Centurion;AXUM;;SOFTYS;False;131664;0;Lista General;AUTOSERVICIO - A;42993;01-10-2026;759-GABRIEL PEREZ;SOFTYS;1;0,00000000;915,80
3088;"AVDA GRAL MOSCONI 3973";QUILMES;2026-10-02;02-10-2026;01-10-2026;FAC-A0001-00343150;Venta;LAGOPUELO S.A;1509765;12,00;19946,16;24134,85;LIN JIANKUI;;0,00 %;053;Verona Abati;0534;TF NORMALT/SUAVE EXT ALG 16x27;1662,18;3412;"";AUTOSERVICIO;AUTOSERVICIO;13755,96;IVAN MONTOYA;0,00;$;2;SOFTYS ARGENTINA S.A;0,00000000;0,00;Contado;06-10-2026 16:07;;LADYSOFT;Softy;;SOFTY;TOALLA FEMENINA;LAGO PUELO;PAPEL;;;300;Bruno Centurion;AXUM;;SOFTYS;False;131664;0;Lista General;AUTOSERVICIO - A;42993;01-10-2026;759-GABRIEL PEREZ;SOFTYS;1;0,00000000;1662,18
3088;"AVDA GRAL MOSCONI 3973";QUILMES;2026-10-02;02-10-2026;01-10-2026;FAC-A0001-00343150;Venta;LAGOPUELO S.A;1504205;2,00;17606,12;21303,41;LIN JIANKUI;;10,00 %;053;Verona Abati;0534;PL BABYSEC ULTRASOFT M 48/4;8803,06;3412;"";AUTOSERVICIO;AUTOSERVICIO;14490,64;IVAN MONTOYA;978,12;$;2;SOFTYS ARGENTINA S.A;0,00000000;0,00;Contado;06-10-2026 16:07;;BABYSEC;Softy;;SOFTY;PAÒAL;LAGO PUELO;PAPEL;;;300;Bruno Centurion;AXUM;;SOFTYS;False;131664;0;Lista General;AUTOSERVICIO - A;42993;01-10-2026;759-GABRIEL PEREZ;SOFTYS;1;0,00000000;8803,06
3088;"AVDA GRAL MOSCONI 3973";QUILMES;2026-10-02;02-10-2026;01-10-2026;FAC-A0001-00343150;Venta;LAGOPUELO S.A;1504206;2,00;17606,12;21303,41;LIN JIANKUI;;10,00 %;053;Verona Abati;0534;PL BABYSEC ULTRASOFT G 40/4;8803,06;3412;"";AUTOSERVICIO;AUTOSERVICIO;14490,64;IVAN MONTOYA;978,12;$;2;SOFTYS ARGENTINA S.A;0,00000000;0,00;Contado;06-10-2026 16:07;;BABYSEC;Softy;;SOFTY;PAÒAL;LAGO PUELO;PAPEL;;;300;Bruno Centurion;AXUM;;SOFTYS;False;131664;0;Lista General;AUTOSERVICIO - A;42993;01-10-2026;759-GABRIEL PEREZ;SOFTYS;1;0,00000000;8803,06
3088;"AVDA GRAL MOSCONI 3973";QUILMES;2026-10-02;02-10-2026;01-10-2026;FAC-A0001-00343150;Venta;LAGOPUELO S.A;1504207;2,00;17606,12;21303,41;LIN JIANKUI;;10,00 %;053;Verona Abati;0534;PL BABYSEC ULTRASOFT XG 32/4;8803,06;3412;"";AUTOSERVICIO;AUTOSERVICIO;14490,64;IVAN MONTOYA;978,12;$;2;SOFTYS ARGENTINA S.A;0,00000000;0,00;Contado;06-10-2026 16:07;;BABYSEC;Softy;;SOFTY;PAÒAL;LAGO PUELO;PAPEL;;;300;Bruno Centurion;AXUM;;SOFTYS;False;131664;0;Lista General;AUTOSERVICIO - A;42993;01-10-2026;759-GABRIEL PEREZ;SOFTYS;1;0,00000000;8803,06
3088;"AVDA GRAL MOSCONI 3973";QUILMES;2026-10-02;02-10-2026;01-10-2026;FAC-A0001-00343150;Venta;LAGOPUELO S.A;1504208;2,00;17606,12;21303,41;LIN JIANKUI;;10,00 %;053;Verona Abati;0534;BABYSEC ULTSOFT XX6 30/4;8803,06;3412;"";AUTOSERVICIO;AUTOSERVICIO;14490,64;IVAN MONTOYA;978,12;$;2;SOFTYS ARGENTINA S.A;0,00000000;0,00;Contado;06-10-2026 16:07;;BABYSEC;Softy;;SOFTY;PAÒAL;LAGO PUELO;PAPEL;;;300;Bruno Centurion;AXUM;;SOFTYS;False;131664;0;Lista General;AUTOSERVICIO - A;42993;01-10-2026;759-GABRIEL PEREZ;SOFTYS;1;0,00000000;8803,06
91;"895 4436";San Francisco Solano;2026-10-02;02-10-2026;01-10-2026;FAC-A0001-00343151;Venta;LAGOPUELO S.A;1509764;2,00;0,00;0,00;CARNES DE TERNERA SRL;;100,00 %;056;Ezequiel Ferreira;0564;TF NORMAL T/SUAVE EXT ALGODON 8x54;0,00;3412;"";ALMACEN;ALMACEN;1170,54;IVAN MONTOYA;848,64;$;2;SOFTYS ARGENTINA S.A;0,00000000;0,00;Efectivo;06-10-2026 16:07;;LADYSOFT;Softy;;SOFTY;TOALLA FEMENINA;LAGO PUELO;PAPEL;65;;300;Bruno Centurion;AXUM;;SOFTYS;False;131674;0;Lista General;ALMACEN - A;42994;01-10-2026;759-GABRIEL PEREZ;SOFTYS;1;0,00000000;0,00
91;"895 4436";San Francisco Solano;2026-10-02;02-10-2026;01-10-2026;FAC-A0001-00343151;Venta;LAGOPUELO S.A;1509764;20,00;16972,80;20537,09;CARNES DE TERNERA SRL;;0,00 %;056;Ezequiel Ferreira;0564;TF NORMAL T/SUAVE EXT ALGODON 8x54;848,64;3412;"";ALMACEN;ALMACEN;11705,40;IVAN MONTOYA;0,00;$;2;SOFTYS ARGENTINA S.A;0,00000000;0,00;Efectivo;06-10-2026 16:07;;LADYSOFT;Softy;;SOFTY;TOALLA FEMENINA;LAGO PUELO;PAPEL;;;300;Bruno Centurion;AXUM;;SOFTYS;False;131674;0;Lista General;ALMACEN - A;42994;01-10-2026;759-GABRIEL PEREZ;SOFTYS;1;0,00000000;848,64
91;"895 4436";San Francisco Solano;2026-10-02;02-10-2026;01-10-2026;FAC-A0001-00343151;Venta;LAGOPUELO S.A;1501553;1,00;22551,25;27287,01;CARNES DE TERNERA SRL;;15,00 %;056;Ezequiel Ferreira;0564;PH HIGIENOL DH PLUS FUSI”N 30M x4/10;22551,25;3412;"";ALMACEN;ALMACEN;17199,92;IVAN MONTOYA;3979,63;$;2;SOFTYS ARGENTINA S.A;0,00000000;0,00;Efectivo;06-10-2026 16:07;;HIGIENOL;Softy;;SOFTY;PAPEL HIG;LAGO PUELO;PAPEL;81;;300;Bruno Centurion;AXUM;;SOFTYS;False;131674;0;Lista General;ALMACEN - A;42994;01-10-2026;759-GABRIEL PEREZ;SOFTYS;1;0,00000000;22551,25
91;"895 4436";San Francisco Solano;2026-10-02;02-10-2026;01-10-2026;FAC-A0001-00343151;Venta;LAGOPUELO S.A;1501627;1,00;12040,70;14569,25;CARNES DE TERNERA SRL;;10,00 %;056;Ezequiel Ferreira;0564;PH Higienol HS Balanced 20mx4/12;12040,70;3412;"";ALMACEN;ALMACEN;9488,34;IVAN MONTOYA;1337,86;$;2;SOFTYS ARGENTINA S.A;0,00000000;0,00;Efectivo;06-10-2026 16:07;;HIGIENOL;Softy;;SOFTY;PAPEL HIG;LAGO PUELO;PAPEL;103;;300;Bruno Centurion;AXUM;;SOFTYS;False;131674;0;Lista General;ALMACEN - A;42994;01-10-2026;759-GABRIEL PEREZ;SOFTYS;1;0,00000000;12040,70
3101;"GRAL SAVIO 3525";QUILMES;2026-10-02;02-10-2026;01-10-2026;FAC-A0001-00343154;Venta;LAGOPUELO S.A;1509765;8,00;13297,44;16089,90;YAO MEIYING;;0,00 %;053;Verona Abati;0534;TF NORMALT/SUAVE EXT ALG 16x27;1662,18;3412;"";AUTOSERVICIO;AUTOSERVICIO;9170,64;IVAN MONTOYA;0,00;$;2;SOFTYS ARGENTINA S.A;0,00000000;0,00;Contado;06-10-2026 16:07;;LADYSOFT;Softy;;SOFTY;TOALLA FEMENINA;LAGO PUELO;PAPEL;;;300;Bruno Centurion;AXUM;;SOFTYS;False;131729;0;Lista General;AUTOSERVICIO - A;42998;01-10-2026;759-GABRIEL PEREZ;SOFTYS;1;0,00000000;1662,18
3101;"GRAL SAVIO 3525";QUILMES;2026-10-02;02-10-2026;01-10-2026;FAC-A0001-00343154;Venta;LAGOPUELO S.A;1509768;12,00;11703,72;14161,50;YAO MEIYING;;0,00 %;053;Verona Abati;0534;TF NORMAL T/SUAVE PIEL SENSIBLE 8x54;975,31;3412;"";AUTOSERVICIO;AUTOSERVICIO;8071,56;IVAN MONTOYA;0,00;$;2;SOFTYS ARGENTINA S.A;0,00000000;0,00;Contado;06-10-2026 16:07;;LADYSOFT;Softy;;SOFTY;TOALLA FEMENINA;LAGO PUELO;PAPEL;;;300;Bruno Centurion;AXUM;;SOFTYS;False;131729;0;Lista General;AUTOSERVICIO - A;42998;01-10-2026;759-GABRIEL PEREZ;SOFTYS;1;0,00000000;975,31
603;"AV LA PLATA 4559";Quilmes;2026-10-02;02-10-2026;01-10-2026;FAC-A0001-00343155;Venta;LAGOPUELO S.A;1503118;48,00;78497,28;94981,71;Xia Liangmei;;0,00 %;2;Fernanda Cejas;24;TH BABYSEC ULTRA 50/24;1635,36;3412;"";AUTOSERVICIO;AUTOSERVICIO;54135,84;IVAN MONTOYA;0,00;$;2;SOFTYS ARGENTINA S.A;0,00000000;0,00;Efectivo;06-10-2026 16:07;;BABYSEC;;;;;;PAPEL;;;25;JOHANA VIGIL;AXUM;;SOFTYS;False;131736;0;Lista General;AUTOSERVICIO - A;42999;01-10-2026;759-GABRIEL PEREZ;SOFTYS;1;0,00000000;1635,36
3185;"CALLE 893 4507";Quilmes;2026-10-02;02-10-2026;01-10-2026;FAC-A0001-00343157;Venta;LAGOPUELO S.A;1509766;12,00;10989,60;13297,42;WANG YINGQING;;0,00 %;056;Ezequiel Ferreira;0564;TF T/SECA NORMAL MAS PROTECC 8x54;915,80;3412;"";AUTOSERVICIO;AUTOSERVICIO;7579,08;IVAN MONTOYA;0,00;$;2;SOFTYS ARGENTINA S.A;0,00000000;0,00;Contado;06-10-2026 16:07;;LADYSOFT;Softy;;SOFTY;TOALLA FEMENINA;LAGO PUELO;PAPEL;;;300;Bruno Centurion;AXUM;;SOFTYS;False;131788;0;Lista General;AUTOSERVICIO - A;43003;01-10-2026;759-GABRIEL PEREZ;SOFTYS;1;0,00000000;915,80
3185;"CALLE 893 4507";Quilmes;2026-10-02;02-10-2026;01-10-2026;FAC-A0001-00343157;Venta;LAGOPUELO S.A;1509755;20,00;23993,40;29032,01;WANG YINGQING;;0,00 %;056;Ezequiel Ferreira;0564;TF UD T/SECA LADYSOFT ULTRA PROTECT 8;1199,67;3412;"";AUTOSERVICIO;AUTOSERVICIO;16547,20;IVAN MONTOYA;0,00;$;2;SOFTYS ARGENTINA S.A;0,00000000;0,00;Contado;06-10-2026 16:07;;LADYSOFT;Softy;;SOFTY;TOALLA FEMENINA;LAGO PUELO;PAPEL;;;300;Bruno Centurion;AXUM;;SOFTYS;False;131788;0;Lista General;AUTOSERVICIO - A;43003;01-10-2026;759-GABRIEL PEREZ;SOFTYS;1;0,00000000;1199,67
3185;"CALLE 893 4507";Quilmes;2026-10-02;02-10-2026;01-10-2026;FAC-A0001-00343157;Venta;LAGOPUELO S.A;1509756;20,00;46674,20;56475,78;WANG YINGQING;;0,00 %;056;Ezequiel Ferreira;0564;TF UD T/SECA LADYSOFT UL PRT 16u;2333,71;3412;"";AUTOSERVICIO;AUTOSERVICIO;32189,20;IVAN MONTOYA;0,00;$;2;SOFTYS ARGENTINA S.A;0,00000000;0,00;Contado;06-10-2026 16:07;;LADYSOFT;Softy;;SOFTY;TOALLA FEMENINA;LAGO PUELO;PAPEL;;;300;Bruno Centurion;AXUM;;SOFTYS;False;131788;0;Lista General;AUTOSERVICIO - A;43003;01-10-2026;759-GABRIEL PEREZ;SOFTYS;1;0,00000000;2333,71
3185;"CALLE 893 4507";Quilmes;2026-10-02;02-10-2026;01-10-2026;FAC-A0001-00343157;Venta;LAGOPUELO S.A;1509768;20,00;19506,20;23602,50;WANG YINGQING;;0,00 %;056;Ezequiel Ferreira;0564;TF NORMAL T/SUAVE PIEL SENSIBLE 8x54;975,31;3412;"";AUTOSERVICIO;AUTOSERVICIO;13452,60;IVAN MONTOYA;0,00;$;2;SOFTYS ARGENTINA S.A;0,00000000;0,00;Contado;06-10-2026 16:07;;LADYSOFT;Softy;;SOFTY;TOALLA FEMENINA;LAGO PUELO;PAPEL;;;300;Bruno Centurion;AXUM;;SOFTYS;False;131788;0;Lista General;AUTOSERVICIO - A;43003;01-10-2026;759-GABRIEL PEREZ;SOFTYS;1;0,00000000;975,31
3185;"CALLE 893 4507";Quilmes;2026-10-02;02-10-2026;01-10-2026;FAC-A0001-00343157;Venta;LAGOPUELO S.A;1509762;20,00;23443,80;28367,00;WANG YINGQING;;0,00 %;056;Ezequiel Ferreira;0564;TF NOCTUR EXT A 8x32;1172,19;3412;"";AUTOSERVICIO;AUTOSERVICIO;16168,20;IVAN MONTOYA;0,00;$;2;SOFTYS ARGENTINA S.A;0,00000000;0,00;Contado;06-10-2026 16:07;;LADYSOFT;Softy;;SOFTY;TOALLA FEMENINA;LAGO PUELO;PAPEL;;;300;Bruno Centurion;AXUM;;SOFTYS;False;131788;0;Lista General;AUTOSERVICIO - A;43003;01-10-2026;759-GABRIEL PEREZ;SOFTYS;1;0,00000000;1172,19
3185;"CALLE 893 4507";Quilmes;2026-10-02;02-10-2026;01-10-2026;FAC-A0001-00343157;Venta;LAGOPUELO S.A;1509763;16,00;36240,80;43851,37;WANG YINGQING;;0,00 %;056;Ezequiel Ferreira;0564;TF Nocturna EXT ALGODON 16X16;2265,05;3412;"";AUTOSERVICIO;AUTOSERVICIO;24993,76;IVAN MONTOYA;0,00;$;2;SOFTYS ARGENTINA S.A;0,00000000;0,00;Contado;06-10-2026 16:07;;LADYSOFT;Softy;;SOFTY;TOALLA FEMENINA;LAGO PUELO;PAPEL;;;300;Bruno Centurion;AXUM;;SOFTYS;False;131788;0;Lista General;AUTOSERVICIO - A;43003;01-10-2026;759-GABRIEL PEREZ;SOFTYS;1;0,00000000;2265,05
322191;"URUGUAY 2234";EZPELETA;2026-10-02;02-10-2026;01-10-2026;FAC-A0001-00343160;Venta;LAGOPUELO S.A;1503118;24,00;39248,64;47490,85;CHEN BIQING;;0,00 %;2;Fernanda Cejas;24;TH BABYSEC ULTRA 50/24;1635,36;3412;"";AUTOSERVICIO;AUTOSERVICIO;27067,92;IVAN MONTOYA;0,00;$;2;SOFTYS ARGENTINA S.A;0,00000000;0,00;Contado;06-10-2026 16:07;;BABYSEC;;;;;;PAPEL;;;25;JOHANA VIGIL;AXUM;;SOFTYS;False;131839;0;Lista General;AUTOSERVICIO - A;43006;01-10-2026;759-GABRIEL PEREZ;SOFTYS;1;0,00000000;1635,36
4142;"893 5057";Quilmes;2026-10-02;02-10-2026;01-10-2026;FAC-A0001-00343164;Venta;LAGOPUELO S.A;1509762;32,00;37510,08;45387,20;Lin Shaoping;;0,00 %;056;Ezequiel Ferreira;0564;TF NOCTUR EXT A 8x32;1172,19;3412;"";AUTOSERVICIO;AUTOSERVICIO;25869,12;IVAN MONTOYA;0,00;$;2;SOFTYS ARGENTINA S.A;0,00000000;0,00;Contado;06-10-2026 16:07;;LADYSOFT;Softy;;SOFTY;TOALLA FEMENINA;LAGO PUELO;PAPEL;;;300;Bruno Centurion;AXUM;;SOFTYS;False;131891;0;Lista General;AUTOSERVICIO - A;43014;01-10-2026;759-GABRIEL PEREZ;SOFTYS;1;0,00000000;1172,19
4142;"893 5057";Quilmes;2026-10-02;02-10-2026;01-10-2026;FAC-A0001-00343164;Venta;LAGOPUELO S.A;1509749;15,00;19506,30;23602,62;Lin Shaoping;;0,00 %;056;Ezequiel Ferreira;0564;PD ladysoft clasicos 20x30;1300,42;3412;"";AUTOSERVICIO;AUTOSERVICIO;13452,60;IVAN MONTOYA;0,00;$;2;SOFTYS ARGENTINA S.A;0,00000000;0,00;Contado;06-10-2026 16:07;;LADYSOFT;Softy;;SOFTY;PROTECTOR DIARIO;LAGO PUELO;PAPEL;;;300;Bruno Centurion;AXUM;;SOFTYS;False;131891;0;Lista General;AUTOSERVICIO - A;43014;01-10-2026;759-GABRIEL PEREZ;SOFTYS;1;0,00000000;1300,42
4142;"893 5057";Quilmes;2026-10-02;02-10-2026;01-10-2026;FAC-A0001-00343164;Venta;LAGOPUELO S.A;1509755;15,00;17995,05;21774,01;Lin Shaoping;;0,00 %;056;Ezequiel Ferreira;0564;TF UD T/SECA LADYSOFT ULTRA PROTECT 8;1199,67;3412;"";AUTOSERVICIO;AUTOSERVICIO;12410,40;IVAN MONTOYA;0,00;$;2;SOFTYS ARGENTINA S.A;0,00000000;0,00;Contado;06-10-2026 16:07;;LADYSOFT;Softy;;SOFTY;TOALLA FEMENINA;LAGO PUELO;PAPEL;;;300;Bruno Centurion;AXUM;;SOFTYS;False;131891;0;Lista General;AUTOSERVICIO - A;43014;01-10-2026;759-GABRIEL PEREZ;SOFTYS;1;0,00000000;1199,67
4142;"893 5057";Quilmes;2026-10-02;02-10-2026;01-10-2026;FAC-A0001-00343164;Venta;LAGOPUELO S.A;1509758;15,00;16736,10;20250,68;Lin Shaoping;;0,00 %;056;Ezequiel Ferreira;0564;TF UD T/SUAVE EXT ALGO 8X40;1115,74;3412;"";AUTOSERVICIO;AUTOSERVICIO;11542,20;IVAN MONTOYA;0,00;$;2;SOFTYS ARGENTINA S.A;0,00000000;0,00;Contado;06-10-2026 16:07;;LADYSOFT;Softy;;SOFTY;TOALLA FEMENINA;LAGO PUELO;PAPEL;;;300;Bruno Centurion;AXUM;;SOFTYS;False;131891;0;Lista General;AUTOSERVICIO - A;43014;01-10-2026;759-GABRIEL PEREZ;SOFTYS;1;0,00000000;1115,74
322912;"CALLE 893 5261";Quilmes;2026-10-02;02-10-2026;01-10-2026;FAC-A0001-00343165;Venta;LAGOPUELO S.A;1501553;1,00;22551,25;27287,01;GORRITTI HECTOR RAUL;;15,00 %;056;Ezequiel Ferreira;0564;PH HIGIENOL DH PLUS FUSI”N 30M x4/10;22551,25;3412;"";ALMACEN;ALMACEN;17199,92;IVAN MONTOYA;3979,63;$;2;SOFTYS ARGENTINA S.A;0,00000000;0,00;Contado;06-10-2026 16:07;;HIGIENOL;Softy;;SOFTY;PAPEL HIG;LAGO PUELO;PAPEL;81;;300;Bruno Centurion;AXUM;;SOFTYS;False;131912;0;Lista General;ALMACEN - A;43015;01-10-2026;759-GABRIEL PEREZ;SOFTYS;1;0,00000000;22551,25
322912;"CALLE 893 5261";Quilmes;2026-10-02;02-10-2026;01-10-2026;FAC-A0001-00343165;Venta;LAGOPUELO S.A;1501627;1,00;12040,70;14569,25;GORRITTI HECTOR RAUL;;10,00 %;056;Ezequiel Ferreira;0564;PH Higienol HS Balanced 20mx4/12;12040,70;3412;"";ALMACEN;ALMACEN;9488,34;IVAN MONTOYA;1337,86;$;2;SOFTYS ARGENTINA S.A;0,00000000;0,00;Contado;06-10-2026 16:07;;HIGIENOL;Softy;;SOFTY;PAPEL HIG;LAGO PUELO;PAPEL;103;;300;Bruno Centurion;AXUM;;SOFTYS;False;131912;0;Lista General;ALMACEN - A;43015;01-10-2026;759-GABRIEL PEREZ;SOFTYS;1;0,00000000;12040,70
4049;"URUGUAY 2344";EZPELETA;2026-10-02;02-10-2026;01-10-2026;FAC-A0001-00343168;Venta;LAGOPUELO S.A;1505688;1,00;15533,64;18795,70;CLAUDIO LIMA GUILLERMO;;5,00 %;053;Verona Abati;0534;RC Sussex clasico mas blanco 50px3/10;15533,64;3412;"";Tradicionales;Almacen;12112,00;IVAN MONTOYA;817,56;$;2;SOFTYS ARGENTINA S.A;0,00000000;0,00;Contado;06-10-2026 16:07;;SUSSEX;Softy;;SOFTY;ROLLO DE COCINA;LAGO PUELO;PAPEL;83;;300;Bruno Centurion;AXUM;;SOFTYS;False;132009;0;Lista General;Almacen - A;43018;01-10-2026;759-GABRIEL PEREZ;SOFTYS;1;0,00000000;15533,64
22525;"AV. CALCHAQUI - (TRADICIONAL) 3399";QUILMES;2026-10-02;02-10-2026;01-10-2026;FAC-A0001-00343171;Venta;LAGOPUELO S.A;1504077;20,00;43890,30;53107,26;ANDREA VERONICA SALEMI;;10,00 %;3;VACANTE;34;PL BABYSEC ULTRASOFT G 8/20;2194,52;3412;"";KIOSCO;KIOSCO;36123,80;IVAN MONTOYA;243,84;$;2;SOFTYS ARGENTINA S.A;0,00000000;0,00;Contado;06-10-2026 16:07;;BABYSEC;Softy;;SOFTY;PAÒAL;LAGO PUELO;PAPEL;;;25;JOHANA VIGIL;AXUM;;SOFTYS;False;132046;0;Lista General;KIOSCO - A;43023;01-10-2026;759-GABRIEL PEREZ;SOFTYS;1;0,00000000;2194,52
22525;"AV. CALCHAQUI - (TRADICIONAL) 3399";QUILMES;2026-10-02;02-10-2026;01-10-2026;FAC-A0001-00343171;Venta;LAGOPUELO S.A;1504078;15,00;32917,59;39830,28;ANDREA VERONICA SALEMI;;10,00 %;3;VACANTE;34;PL BABYSEC ULTRASOFT XG X8/15;2194,51;3412;"";KIOSCO;KIOSCO;27092,70;IVAN MONTOYA;243,83;$;2;SOFTYS ARGENTINA S.A;0,00000000;0,00;Contado;06-10-2026 16:07;;BABYSEC;Softy;;SOFTY;PAÒAL;LAGO PUELO;PAPEL;;;25;JOHANA VIGIL;AXUM;;SOFTYS;False;132046;0;Lista General;KIOSCO - A;43023;01-10-2026;759-GABRIEL PEREZ;SOFTYS;1;0,00000000;2194,51
22525;"AV. CALCHAQUI - (TRADICIONAL) 3399";QUILMES;2026-10-02;02-10-2026;01-10-2026;FAC-A0001-00343171;Venta;LAGOPUELO S.A;1509762;10,00;11721,90;14183,50;ANDREA VERONICA SALEMI;;0,00 %;3;VACANTE;34;TF NOCTUR EXT A 8x32;1172,19;3412;"";KIOSCO;KIOSCO;8084,10;IVAN MONTOYA;0,00;$;2;SOFTYS ARGENTINA S.A;0,00000000;0,00;Contado;06-10-2026 16:07;;LADYSOFT;Softy;;SOFTY;TOALLA FEMENINA;LAGO PUELO;PAPEL;;;25;JOHANA VIGIL;AXUM;;SOFTYS;False;132046;0;Lista General;KIOSCO - A;43023;01-10-2026;759-GABRIEL PEREZ;SOFTYS;1;0,00000000;1172,19
22525;"AV. CALCHAQUI - (TRADICIONAL) 3399";QUILMES;2026-10-02;02-10-2026;01-10-2026;FAC-A0001-00343171;Venta;LAGOPUELO S.A;1509766;10,00;9158,00;11081,18;ANDREA VERONICA SALEMI;;0,00 %;3;VACANTE;34;TF T/SECA NORMAL MAS PROTECC 8x54;915,80;3412;"";KIOSCO;KIOSCO;6315,90;IVAN MONTOYA;0,00;$;2;SOFTYS ARGENTINA S.A;0,00000000;0,00;Contado;06-10-2026 16:07;;LADYSOFT;Softy;;SOFTY;TOALLA FEMENINA;LAGO PUELO;PAPEL;;;25;JOHANA VIGIL;AXUM;;SOFTYS;False;132046;0;Lista General;KIOSCO - A;43023;01-10-2026;759-GABRIEL PEREZ;SOFTYS;1;0,00000000;915,80
22525;"AV. CALCHAQUI - (TRADICIONAL) 3399";QUILMES;2026-10-02;02-10-2026;01-10-2026;FAC-A0001-00343171;Venta;LAGOPUELO S.A;1505688;1,00;15533,64;18795,70;ANDREA VERONICA SALEMI;;5,00 %;3;VACANTE;34;RC Sussex clasico mas blanco 50px3/10;15533,64;3412;"";KIOSCO;KIOSCO;12112,00;IVAN MONTOYA;817,56;$;2;SOFTYS ARGENTINA S.A;0,00000000;0,00;Contado;06-10-2026 16:07;;SUSSEX;Softy;;SOFTY;ROLLO DE COCINA;LAGO PUELO;PAPEL;83;;25;JOHANA VIGIL;AXUM;;SOFTYS;False;132046;0;Lista General;KIOSCO - A;43023;01-10-2026;759-GABRIEL PEREZ;SOFTYS;1;0,00000000;15533,64
660;"CALLE 895 4858";SAN FRANCISCO SOLANO;2026-10-02;02-10-2026;01-10-2026;FAC-A0001-00343178;Venta;LAGOPUELO S.A;1509762;10,00;11721,90;14183,50;ERCEGOVIC MYRIAM ;;0,00 %;056;Ezequiel Ferreira;0564;TF NOCTUR EXT A 8x32;1172,19;3412;"";ALMACEN;ALMACEN;8084,10;IVAN MONTOYA;0,00;$;2;SOFTYS ARGENTINA S.A;0,00000000;0,00;Contado;06-10-2026 16:07;;LADYSOFT;Softy;;SOFTY;TOALLA FEMENINA;LAGO PUELO;PAPEL;;;300;Bruno Centurion;AXUM;;SOFTYS;False;132087;0;Lista General;ALMACEN - A;43032;01-10-2026;759-GABRIEL PEREZ;SOFTYS;1;0,00000000;1172,19
660;"CALLE 895 4858";SAN FRANCISCO SOLANO;2026-10-02;02-10-2026;01-10-2026;FAC-A0001-00343178;Venta;LAGOPUELO S.A;1509766;5,00;4579,00;5540,59;ERCEGOVIC MYRIAM ;;0,00 %;056;Ezequiel Ferreira;0564;TF T/SECA NORMAL MAS PROTECC 8x54;915,80;3412;"";ALMACEN;ALMACEN;3157,95;IVAN MONTOYA;0,00;$;2;SOFTYS ARGENTINA S.A;0,00000000;0,00;Contado;06-10-2026 16:07;;LADYSOFT;Softy;;SOFTY;TOALLA FEMENINA;LAGO PUELO;PAPEL;;;300;Bruno Centurion;AXUM;;SOFTYS;False;132087;0;Lista General;ALMACEN - A;43032;01-10-2026;759-GABRIEL PEREZ;SOFTYS;1;0,00000000;915,80
660;"CALLE 895 4858";SAN FRANCISCO SOLANO;2026-10-02;02-10-2026;01-10-2026;FAC-A0001-00343178;Venta;LAGOPUELO S.A;1505496;5,00;6203,75;7506,54;ERCEGOVIC MYRIAM ;;0,00 %;056;Ezequiel Ferreira;0564;PO ELITE ST CON ALGODON X10 PACK 6;1240,75;3412;"";ALMACEN;ALMACEN;4278,45;IVAN MONTOYA;0,00;$;2;SOFTYS ARGENTINA S.A;0,00000000;0,00;Contado;06-10-2026 16:07;;ELITE;Softy;;SOFTY;PAÒUELOS;LAGO PUELO;PAPEL;;;300;Bruno Centurion;AXUM;;SOFTYS;False;132087;0;Lista General;ALMACEN - A;43032;01-10-2026;759-GABRIEL PEREZ;SOFTYS;1;0,00000000;1240,75
3195;"CALLE 893 3623";SOLANO;2026-10-02;02-10-2026;01-10-2026;FAC-A0001-00343181;Venta;LAGOPUELO S.A;1503131;10,00;24754,60;29953,07;LI XIANG;;0,00 %;056;Ezequiel Ferreira;0564;TH BABYSEC PREMIUM X45/10;2475,46;3412;"";AUTOSERVICIO;AUTOSERVICIO;17072,10;IVAN MONTOYA;0,00;$;2;SOFTYS ARGENTINA S.A;0,00000000;0,00;Contado;06-10-2026 16:07;;BABYSEC;Softy;;SOFTY;TOALLA HUMEDA;LAGO PUELO;PAPEL;;;300;Bruno Centurion;AXUM;;SOFTYS;False;132143;0;Lista General;AUTOSERVICIO - A;43036;01-10-2026;759-GABRIEL PEREZ;SOFTYS;1;0,00000000;2475,46
3195;"CALLE 893 3623";SOLANO;2026-10-02;02-10-2026;01-10-2026;FAC-A0001-00343181;Venta;LAGOPUELO S.A;1509758;40,00;44629,60;54001,82;LI XIANG;;0,00 %;056;Ezequiel Ferreira;0564;TF UD T/SUAVE EXT ALGO 8X40;1115,74;3412;"";AUTOSERVICIO;AUTOSERVICIO;30779,20;IVAN MONTOYA;0,00;$;2;SOFTYS ARGENTINA S.A;0,00000000;0,00;Contado;06-10-2026 16:07;;LADYSOFT;Softy;;SOFTY;TOALLA FEMENINA;LAGO PUELO;PAPEL;;;300;Bruno Centurion;AXUM;;SOFTYS;False;132143;0;Lista General;AUTOSERVICIO - A;43036;01-10-2026;759-GABRIEL PEREZ;SOFTYS;1;0,00000000;1115,74
3195;"CALLE 893 3623";SOLANO;2026-10-02;02-10-2026;01-10-2026;FAC-A0001-00343181;Venta;LAGOPUELO S.A;1509755;40,00;47986,80;58064,03;LI XIANG;;0,00 %;056;Ezequiel Ferreira;0564;TF UD T/SECA LADYSOFT ULTRA PROTECT 8;1199,67;3412;"";AUTOSERVICIO;AUTOSERVICIO;33094,40;IVAN MONTOYA;0,00;$;2;SOFTYS ARGENTINA S.A;0,00000000;0,00;Contado;06-10-2026 16:07;;LADYSOFT;Softy;;SOFTY;TOALLA FEMENINA;LAGO PUELO;PAPEL;;;300;Bruno Centurion;AXUM;;SOFTYS;False;132143;0;Lista General;AUTOSERVICIO - A;43036;01-10-2026;759-GABRIEL PEREZ;SOFTYS;1;0,00000000;1199,67
3195;"CALLE 893 3623";SOLANO;2026-10-02;02-10-2026;01-10-2026;FAC-A0001-00343181;Venta;LAGOPUELO S.A;1509756;6,00;14002,26;16942,73;LI XIANG;;0,00 %;056;Ezequiel Ferreira;0564;TF UD T/SECA LADYSOFT UL PRT 16u;2333,71;3412;"";AUTOSERVICIO;AUTOSERVICIO;9656,76;IVAN MONTOYA;0,00;$;2;SOFTYS ARGENTINA S.A;0,00000000;0,00;Contado;06-10-2026 16:07;;LADYSOFT;Softy;;SOFTY;TOALLA FEMENINA;LAGO PUELO;PAPEL;;;300;Bruno Centurion;AXUM;;SOFTYS;False;132143;0;Lista General;AUTOSERVICIO - A;43036;01-10-2026;759-GABRIEL PEREZ;SOFTYS;1;0,00000000;2333,71
3195;"CALLE 893 3623";SOLANO;2026-10-02;02-10-2026;01-10-2026;FAC-A0001-00343181;Venta;LAGOPUELO S.A;1509759;6,00;12784,26;15468,95;LI XIANG;;0,00 %;056;Ezequiel Ferreira;0564;TF UD T/SUAVE EXT ALG 16x20;2130,71;3412;"";AUTOSERVICIO;AUTOSERVICIO;8816,70;IVAN MONTOYA;0,00;$;2;SOFTYS ARGENTINA S.A;0,00000000;0,00;Contado;06-10-2026 16:07;;LADYSOFT;Softy;;SOFTY;TOALLA FEMENINA;LAGO PUELO;PAPEL;;;300;Bruno Centurion;AXUM;;SOFTYS;False;132143;0;Lista General;AUTOSERVICIO - A;43036;01-10-2026;759-GABRIEL PEREZ;SOFTYS;1;0,00000000;2130,71
2696;"MATIENZO 513";QUILMES;2026-10-02;02-10-2026;30-09-2026;FAC-B0001-00018640;Venta;LAGOPUELO S.A;1509762;32,00;35693,12;43188,68;SANTIAGO SACAN ;;0,00 %;2;Fernanda Cejas;23;TF NOCTUR EXT A 8x32;1115,41;3413;"";ALMACEN;ALMACEN;24616,00;HERNAN RIVERO;0,00;$;2;SOFTYS ARGENTINA S.A;0,00000000;0,00;Contado;05-10-2026 09:30;;LADYSOFT;Softy;;SOFTY;TOALLA FEMENINA;LAGO PUELO;PAPEL;;;25;JOHANA VIGIL;AXUM;;SOFTYS;False;131053;0;Lista General;ALMACEN - A;42732;01-10-2026;757-JUAN PABLO JUAREZ;SOFTYS;1;0,00000000;1115,41
2696;"MATIENZO 513";QUILMES;2026-10-02;02-10-2026;30-09-2026;FAC-B0001-00018640;Venta;LAGOPUELO S.A;1509761;54,00;39730,50;48073,91;SANTIAGO SACAN ;;0,00 %;2;Fernanda Cejas;23;TF LADYSOFT COMFORT EXT ALGODON 8x54;735,75;3413;"";ALMACEN;ALMACEN;27400,14;HERNAN RIVERO;0,00;$;2;SOFTYS ARGENTINA S.A;0,00000000;0,00;Contado;05-10-2026 09:30;;LADYSOFT;Softy;;SOFTY;TOALLA FEMENINA;LAGO PUELO;PAPEL;;;25;JOHANA VIGIL;AXUM;;SOFTYS;False;131053;0;Lista General;ALMACEN - A;42732;01-10-2026;757-JUAN PABLO JUAREZ;SOFTYS;1;0,00000000;735,75
853;"RODOLFO LOPEZ 2299";QUILMES OESTE;2026-10-02;02-10-2026;30-09-2026;FAC-B0001-00018642;Venta;LAGOPUELO S.A;1501553;1,00;18915,57;22887,83;ENRIQUE ANIBAL GABRIELLI;;23,00 %;054;Leonel Caruso;0543;PH HIGIENOL DH PLUS FUSI”N 30M x4/10;18915,57;3413;"";ALMACEN;ALMACEN;15925,88;HERNAN RIVERO;5650,10;$;2;SOFTYS ARGENTINA S.A;0,00000000;0,00;Contado;05-10-2026 09:30;;HIGIENOL;Softy;;SOFTY;PAPEL HIG;LAGO PUELO;PAPEL;81;;300;Bruno Centurion;AXUM;;SOFTYS;False;131351;0;Lista General;ALMACEN - A;42753;01-10-2026;757-JUAN PABLO JUAREZ;SOFTYS;1;0,00000000;18915,57
853;"RODOLFO LOPEZ 2299";QUILMES OESTE;2026-10-02;02-10-2026;30-09-2026;FAC-B0001-00018642;Venta;LAGOPUELO S.A;1505688;1,00;15042,56;18201,49;ENRIQUE ANIBAL GABRIELLI;;5,00 %;054;Leonel Caruso;0543;RC Sussex clasico mas blanco 50px3/10;15042,56;3413;"";ALMACEN;ALMACEN;11729,09;HERNAN RIVERO;791,71;$;2;SOFTYS ARGENTINA S.A;0,00000000;0,00;Contado;05-10-2026 09:30;;SUSSEX;Softy;;SOFTY;ROLLO DE COCINA;LAGO PUELO;PAPEL;83;;300;Bruno Centurion;AXUM;;SOFTYS;False;131351;0;Lista General;ALMACEN - A;42753;01-10-2026;757-JUAN PABLO JUAREZ;SOFTYS;1;0,00000000;15042,56
853;"RODOLFO LOPEZ 2299";QUILMES OESTE;2026-10-02;02-10-2026;30-09-2026;FAC-B0001-00018642;Venta;LAGOPUELO S.A;1505496;6,00;6906,36;8356,70;ENRIQUE ANIBAL GABRIELLI;;0,00 %;054;Leonel Caruso;0543;PO ELITE ST CON ALGODON X10 PACK 6;1151,06;3413;"";ALMACEN;ALMACEN;4763,04;HERNAN RIVERO;0,00;$;2;SOFTYS ARGENTINA S.A;0,00000000;0,00;Contado;05-10-2026 09:30;;ELITE;Softy;;SOFTY;PAÒUELOS;LAGO PUELO;PAPEL;;;300;Bruno Centurion;AXUM;;SOFTYS;False;131351;0;Lista General;ALMACEN - A;42753;01-10-2026;757-JUAN PABLO JUAREZ;SOFTYS;1;0,00000000;1151,06
103390;"Av Mitre 5903 E/ Condarco 1 0";WILDE;2026-10-02;02-10-2026;01-10-2026;FAC-B0001-00018643;Venta;LAGOPUELO S.A;1505688;1,00;15533,64;18795,70;Moriatis Miguel;;5,00 %;29;Camila Navarrete;294;RC Sussex clasico mas blanco 50px3/10;15533,64;3409;"";KIOSCO;KIOSCO;12112,00;SIMON OLIVERA;817,56;$;2;SOFTYS ARGENTINA S.A;0,00000000;0,00;Efectivo;05-10-2026 09:33;;SUSSEX;Softy;;SOFTY;ROLLO DE COCINA;LAGO PUELO;PAPEL;83;;25;JOHANA VIGIL;AXUM;;SOFTYS;False;132036;0;Lista General;KIOSCO - A;42814;01-10-2026;759-GABRIEL PEREZ;SOFTYS;1;0,00000000;15533,64
108036;"Crisologo Larralde 6885 0";WILDE;2026-10-02;02-10-2026;01-10-2026;FAC-B0001-00018644;Venta;LAGOPUELO S.A;1503118;20,00;32707,20;39575,71;Micaela Borja;;0,00 %;27;Samanta Dogliotti;274;TH BABYSEC ULTRA 50/24;1635,36;3409;"";AUTOSERVICIO;AUTOSERVICIO;22556,60;SIMON OLIVERA;0,00;$;2;SOFTYS ARGENTINA S.A;0,00000000;0,00;Efectivo;05-10-2026 09:33;;BABYSEC;;;;;;PAPEL;;;25;JOHANA VIGIL;AXUM;;SOFTYS;False;132085;0;Lista General;AUTOSERVICIO - A;42818;01-10-2026;759-GABRIEL PEREZ;SOFTYS;1;0,00000000;1635,36
4178;"GRAL. SAVIO 3534";Quilmes;2026-10-02;02-10-2026;01-10-2026;FAC-B0001-00018645;Venta;LAGOPUELO S.A;1504208;4,00;35212,25;42606,82;LLAMP WILLIAM;;10,00 %;053;Verona Abati;0534;BABYSEC ULTSOFT XX6 30/4;8803,06;3412;"";AUTOSERVICIO;AUTOSERVICIO;28981,28;IVAN MONTOYA;978,12;$;2;SOFTYS ARGENTINA S.A;0,00000000;0,00;Contado;06-10-2026 16:07;;BABYSEC;Softy;;SOFTY;PAÒAL;LAGO PUELO;PAPEL;;;300;Bruno Centurion;AXUM;;SOFTYS;False;131749;0;Lista General;AUTOSERVICIO - A;43001;01-10-2026;759-GABRIEL PEREZ;SOFTYS;1;0,00000000;8803,06
4178;"GRAL. SAVIO 3534";Quilmes;2026-10-02;02-10-2026;01-10-2026;FAC-B0001-00018645;Venta;LAGOPUELO S.A;1504207;4,00;35212,25;42606,82;LLAMP WILLIAM;;10,00 %;053;Verona Abati;0534;PL BABYSEC ULTRASOFT XG 32/4;8803,06;3412;"";AUTOSERVICIO;AUTOSERVICIO;28981,28;IVAN MONTOYA;978,12;$;2;SOFTYS ARGENTINA S.A;0,00000000;0,00;Contado;06-10-2026 16:07;;BABYSEC;Softy;;SOFTY;PAÒAL;LAGO PUELO;PAPEL;;;300;Bruno Centurion;AXUM;;SOFTYS;False;131749;0;Lista General;AUTOSERVICIO - A;43001;01-10-2026;759-GABRIEL PEREZ;SOFTYS;1;0,00000000;8803,06
4178;"GRAL. SAVIO 3534";Quilmes;2026-10-02;02-10-2026;01-10-2026;FAC-B0001-00018645;Venta;LAGOPUELO S.A;1504289;4,00;43129,33;52186,49;LLAMP WILLIAM;;10,00 %;053;Verona Abati;0534;PLBABYSEC PREM SOFTXXG x30/4;10782,33;3412;"";AUTOSERVICIO;AUTOSERVICIO;35497,40;IVAN MONTOYA;1198,04;$;2;SOFTYS ARGENTINA S.A;0,00000000;0,00;Contado;06-10-2026 16:07;;BABYSEC;Softy;;SOFTY;PAÒAL;LAGO PUELO;PAPEL;;;300;Bruno Centurion;AXUM;;SOFTYS;False;131749;0;Lista General;AUTOSERVICIO - A;43001;01-10-2026;759-GABRIEL PEREZ;SOFTYS;1;0,00000000;10782,33
4178;"GRAL. SAVIO 3534";Quilmes;2026-10-02;02-10-2026;01-10-2026;FAC-B0001-00018645;Venta;LAGOPUELO S.A;1501627;5,00;60203,52;72846,26;LLAMP WILLIAM;;10,00 %;053;Verona Abati;0534;PH Higienol HS Balanced 20mx4/12;12040,70;3412;"";AUTOSERVICIO;AUTOSERVICIO;47441,70;IVAN MONTOYA;1337,86;$;2;SOFTYS ARGENTINA S.A;0,00000000;0,00;Contado;06-10-2026 16:07;;HIGIENOL;Softy;;SOFTY;PAPEL HIG;LAGO PUELO;PAPEL;103;;300;Bruno Centurion;AXUM;;SOFTYS;False;131749;0;Lista General;AUTOSERVICIO - A;43001;01-10-2026;759-GABRIEL PEREZ;SOFTYS;1;0,00000000;12040,70
4141;"893 4799";Quilmes;2026-10-02;02-10-2026;01-10-2026;FAC-B0001-00018646;Venta;LAGOPUELO S.A;1509764;1,00;0,00;0,00;CARLOS TAVONE;;100,00 %;056;Ezequiel Ferreira;0564;TF NORMAL T/SUAVE EXT ALGODON 8x54;0,00;3412;"";ALMACEN;ALMACEN;585,27;IVAN MONTOYA;848,64;$;2;SOFTYS ARGENTINA S.A;0,00000000;0,00;Contado;06-10-2026 16:07;;LADYSOFT;Softy;;SOFTY;TOALLA FEMENINA;LAGO PUELO;PAPEL;65;;300;Bruno Centurion;AXUM;;SOFTYS;False;131855;0;Lista General;ALMACEN - A;43011;01-10-2026;759-GABRIEL PEREZ;SOFTYS;1;0,00000000;0,00
4141;"893 4799";Quilmes;2026-10-02;02-10-2026;01-10-2026;FAC-B0001-00018646;Venta;LAGOPUELO S.A;1509763;10,00;22650,50;27407,11;CARLOS TAVONE;;0,00 %;056;Ezequiel Ferreira;0564;TF Nocturna EXT ALGODON 16X16;2265,05;3412;"";ALMACEN;ALMACEN;15621,10;IVAN MONTOYA;0,00;$;2;SOFTYS ARGENTINA S.A;0,00000000;0,00;Contado;06-10-2026 16:07;;LADYSOFT;Softy;;SOFTY;TOALLA FEMENINA;LAGO PUELO;PAPEL;;;300;Bruno Centurion;AXUM;;SOFTYS;False;131855;0;Lista General;ALMACEN - A;43011;01-10-2026;759-GABRIEL PEREZ;SOFTYS;1;0,00000000;2265,05
4141;"893 4799";Quilmes;2026-10-02;02-10-2026;01-10-2026;FAC-B0001-00018646;Venta;LAGOPUELO S.A;1509749;10,00;13004,20;15735,08;CARLOS TAVONE;;0,00 %;056;Ezequiel Ferreira;0564;PD ladysoft clasicos 20x30;1300,42;3412;"";ALMACEN;ALMACEN;8968,40;IVAN MONTOYA;0,00;$;2;SOFTYS ARGENTINA S.A;0,00000000;0,00;Contado;06-10-2026 16:07;;LADYSOFT;Softy;;SOFTY;PROTECTOR DIARIO;LAGO PUELO;PAPEL;;;300;Bruno Centurion;AXUM;;SOFTYS;False;131855;0;Lista General;ALMACEN - A;43011;01-10-2026;759-GABRIEL PEREZ;SOFTYS;1;0,00000000;1300,42
4141;"893 4799";Quilmes;2026-10-02;02-10-2026;01-10-2026;FAC-B0001-00018646;Venta;LAGOPUELO S.A;1509764;10,00;8486,40;10268,54;CARLOS TAVONE;;0,00 %;056;Ezequiel Ferreira;0564;TF NORMAL T/SUAVE EXT ALGODON 8x54;848,64;3412;"";ALMACEN;ALMACEN;5852,70;IVAN MONTOYA;0,00;$;2;SOFTYS ARGENTINA S.A;0,00000000;0,00;Contado;06-10-2026 16:07;;LADYSOFT;Softy;;SOFTY;TOALLA FEMENINA;LAGO PUELO;PAPEL;;;300;Bruno Centurion;AXUM;;SOFTYS;False;131855;0;Lista General;ALMACEN - A;43011;01-10-2026;759-GABRIEL PEREZ;SOFTYS;1;0,00000000;848,64
22911;"CALLE 894 5418";QUILMES;2026-10-02;02-10-2026;01-10-2026;FAC-B0001-00018649;Venta;LAGOPUELO S.A;1505688;1,00;15533,64;18795,70;ACEVEDO ANASTACIO;;5,00 %;056;Ezequiel Ferreira;0564;RC Sussex clasico mas blanco 50px3/10;15533,64;3412;"";KIOSCO;KIOSCO;12112,00;IVAN MONTOYA;817,56;$;2;SOFTYS ARGENTINA S.A;0,00000000;0,00;Contado;06-10-2026 16:07;;SUSSEX;Softy;;SOFTY;ROLLO DE COCINA;LAGO PUELO;PAPEL;83;;300;Bruno Centurion;AXUM;;SOFTYS;False;132025;0;Lista General;KIOSCO - A;43020;01-10-2026;759-GABRIEL PEREZ;SOFTYS;1;0,00000000;15533,64
4559;"897 3236";SOLANO;2026-10-02;02-10-2026;01-10-2026;FAC-B0001-00018655;Venta;LAGOPUELO S.A;1509761;12,00;9542,64;11546,59;RAMIREZ MARIA EUGENIA;;0,00 %;056;Ezequiel Ferreira;0564;TF LADYSOFT COMFORT EXT ALGODON 8x54;795,22;3412;"";ALMACEN;ALMACEN;6581,16;IVAN MONTOYA;0,00;$;2;SOFTYS ARGENTINA S.A;0,00000000;0,00;Contado;06-10-2026 16:07;;LADYSOFT;Softy;;SOFTY;TOALLA FEMENINA;LAGO PUELO;PAPEL;;;300;Bruno Centurion;AXUM;;SOFTYS;False;132165;0;Lista General;ALMACEN - A;43042;01-10-2026;759-GABRIEL PEREZ;SOFTYS;1;0,00000000;795,22
4559;"897 3236";SOLANO;2026-10-02;02-10-2026;01-10-2026;FAC-B0001-00018655;Venta;LAGOPUELO S.A;1509764;6,00;5091,84;6161,13;RAMIREZ MARIA EUGENIA;;0,00 %;056;Ezequiel Ferreira;0564;TF NORMAL T/SUAVE EXT ALGODON 8x54;848,64;3412;"";ALMACEN;ALMACEN;3511,62;IVAN MONTOYA;0,00;$;2;SOFTYS ARGENTINA S.A;0,00000000;0,00;Contado;06-10-2026 16:07;;LADYSOFT;Softy;;SOFTY;TOALLA FEMENINA;LAGO PUELO;PAPEL;;;300;Bruno Centurion;AXUM;;SOFTYS;False;132165;0;Lista General;ALMACEN - A;43042;01-10-2026;759-GABRIEL PEREZ;SOFTYS;1;0,00000000;848,64
106182;"Margarita Weild 1467 0";LANUS;2026-10-02;01-10-2026;02-10-2026;NCR-A0001-00048817;DevoluciÛn por Rechazo;LAGOPUELO S.A;1501553;-3,00;-50850,94;-61529,63;Lin li;SIN DINERO;31,00 %;27;Samanta Dogliotti;273;PH HIGIENOL DH PLUS FUSI”N 30M x4/10;16950,31;3391;"";AUTOSERVICIO;AUTOSERVICIO;-51599,76;CLAUDIO GARCIA;7615,36;$;2;SOFTYS ARGENTINA S.A;0,00000000;0,00;Efectivo;02-10-2026 09:01;;HIGIENOL;Softy;;SOFTY;PAPEL HIG;LAGO PUELO;PAPEL;;;25;JOHANA VIGIL;Gescom;FAC-A0001-00342874;;True;132193;0;Lista General;AUTOSERVICIO - A;;01-01-2000;;SOFTYS;1;0,00000000;16950,31
103530;"Achaval 2754 1 0";REMEDIOS DE ESCALADA;2026-10-02;01-10-2026;02-10-2026;NCR-A0001-00048818;DevoluciÛn por Rechazo;LAGOPUELO S.A;1509768;-12,00;-10821,72;-13094,28;Weng Weiqiang;NO QUIERE EL CLIENTE;0,00 %;29;Camila Navarrete;293;TF NORMAL T/SUAVE PIEL SENSIBLE 8x54;901,81;3391;"";AUTOSERVICIO;AUTOSERVICIO;-8071,56;CLAUDIO GARCIA;0,00;$;2;SOFTYS ARGENTINA S.A;0,00000000;0,00;Efectivo;02-10-2026 09:01;;LADYSOFT;Softy;;SOFTY;TOALLA FEMENINA;LAGO PUELO;PAPEL;;;25;JOHANA VIGIL;Gescom;FAC-A0001-00342897;;True;132194;0;Lista General;AUTOSERVICIO - A;;01-01-2000;;SOFTYS;1;0,00000000;901,81
22958;"El Picaflor - (AUTOSERVICIOS) 3150";ALTE BROWN;2026-10-02;01-10-2026;02-10-2026;NCR-A0001-00048823;DevoluciÛn por Rechazo;LAGOPUELO S.A;1509756;-20,00;-44012,80;-53255,49;WENG YAN HONG;NO QUIERE EL CLIENTE;0,00 %;056;Ezequiel Ferreira;0563;TF UD T/SECA LADYSOFT UL PRT 16u;2200,64;3398;"";AUTOSERVICIO;Autoservicio A;-32189,20;NAHUEL MONTOYA;0,00;$;2;SOFTYS ARGENTINA S.A;0,00000000;0,00;Contado;02-10-2026 09:39;;LADYSOFT;Softy;;SOFTY;TOALLA FEMENINA;LAGO PUELO;PAPEL;;;300;Bruno Centurion;Gescom;FAC-A0001-00342819;;True;132222;0;Lista General;Autoservicio A - A;;01-01-2000;;SOFTYS;1;0,00000000;2200,64
23516;"FRIAS 3453";JOSE MARMOL;2026-10-02;01-10-2026;02-10-2026;NCR-A0001-00048828;DevoluciÛn por Rechazo;LAGOPUELO S.A;1509758;-15,00;-15769,65;-19081,28;LIN HAIYING;NO QUIERE EL CLIENTE;0,00 %;063;Daniel Martin;0633;TF UD T/SUAVE EXT ALGO 8X40;1051,31;3399;"";AUTOSERVICIO;Autoservicio A;-11542,20;SIMON OLIVERA;0,00;$;2;SOFTYS ARGENTINA S.A;0,00000000;0,00;Contado;02-10-2026 10:25;;LADYSOFT;Softy;;SOFTY;TOALLA FEMENINA;LAGO PUELO;PAPEL;;;300;Bruno Centurion;Gescom;FAC-A0001-00342854;;True;132305;0;Lista General;Autoservicio A - A;;01-01-2000;;SOFTYS;1;0,00000000;1051,31
23520;"Frias - (AUTOSERVICIOS) 4168";SAN JOSE;2026-10-02;01-10-2026;02-10-2026;NCR-A0001-00048829;DevoluciÛn por Rechazo;LAGOPUELO S.A;1504078;-15,00;-30187,49;-36526,86;LIN JINSEN;NO QUIERE EL CLIENTE;10,00 %;063;Daniel Martin;0632;PL BABYSEC ULTRASOFT XG X8/15;2012,50;3399;"";AUTOSERVICIO;Autoservicio A;-27092,70;SIMON OLIVERA;223,61;$;2;SOFTYS ARGENTINA S.A;0,00000000;0,00;Contado;02-10-2026 10:25;;BABYSEC;Softy;;SOFTY;PAÒAL;LAGO PUELO;PAPEL;;;300;Bruno Centurion;Gescom;FAC-A0001-00342846;;True;132306;0;Lista General;Autoservicio A - A;;01-01-2000;;SOFTYS;1;0,00000000;2012,50
22940;"Balboa - (TRADICIONAL) 597";CLAYPOLE;2026-10-02;01-10-2026;02-10-2026;NCR-B0001-00002604;DevoluciÛn por Rechazo;LAGOPUELO S.A;1501627;-1,00;-12977,20;-15702,42;MARA GOMEZ;NO QUIERE EL CLIENTE;3,00 %;056;Ezequiel Ferreira;0563;PH Higienol HS Balanced 20mx4/12;12977,20;3398;"";KIOSCO;KIOSCO;-9488,34;NAHUEL MONTOYA;401,36;$;2;SOFTYS ARGENTINA S.A;0,00000000;0,00;Contado;02-10-2026 09:39;;HIGIENOL;Softy;;SOFTY;PAPEL HIG;LAGO PUELO;PAPEL;;;300;Bruno Centurion;Gescom;FAC-B0001-00018624;;True;132239;0;Lista General;KIOSCO - A;;01-01-2000;;SOFTYS;1;0,00000000;12977,20
48;"RODOLFO LOPEZ 2389";Quilmes;2026-10-02;02-10-2026;30-09-2026;FAC-A0002-00011500;Venta;ELEBES;1505688;2,00;30085,11;36402,99;MARIA CARMEN;;5,00 %;054;Leonel Caruso;0543;RC Sussex clasico mas blanco 50px3/10;15042,56;3413;"";ALMACEN;ALMACEN;23458,18;HERNAN RIVERO;791,71;$;2;SOFTYS ARGENTINA S.A;0,00000000;0,00;Efectivo;05-10-2026 09:30;;SUSSEX;Softy;;SOFTY;ROLLO DE COCINA;LAGO PUELO;PAPEL;83;;300;Bruno Centurion;AXUM;;SOFTYS;False;131275;0;Lista General;ALMACEN - A;42747;01-10-2026;757-JUAN PABLO JUAREZ;SOFTYS;1;0,00000000;15042,56
24059;"CALLE 1155 2373";Berazategui;2026-10-02;02-10-2026;29-09-2026;FAC-A0002-00011501;Venta;ELEBES;1509764;10,00;0,00;0,00;CANTOMAR LUAN SRL;;100,00 %;076;Martin Di Giorno;0762;TF NORMAL T/SUAVE EXT ALGODON 8x54;0,00;3411;"";Mayorista;Mayoristas;5410,50;JUAN ESCOTO;638,44;$;2;SOFTYS ARGENTINA S.A;0,00000000;0,00;Efectivo;05-10-2026 09:15;;LADYSOFT;Softy;;SOFTY;TOALLA FEMENINA;LAGO PUELO;PAPEL;65;;300;Bruno Centurion;AXUM;;SOFTYS;False;130653;0;Mayorista;Mayoristas - C;42989;01-10-2026;58-ARON BOLLINI;SOFTYS;1;0,00000000;0,00
24059;"CALLE 1155 2373";Berazategui;2026-10-02;02-10-2026;29-09-2026;FAC-A0002-00011501;Venta;ELEBES;1509761;108,00;64665,00;78244,65;CANTOMAR LUAN SRL;;0,00 %;076;Martin Di Giorno;0762;TF LADYSOFT COMFORT EXT ALGODON 8x54;598,75;3411;"";Mayorista;Mayoristas;54800,28;JUAN ESCOTO;0,00;$;2;SOFTYS ARGENTINA S.A;0,00000000;0,00;Efectivo;05-10-2026 09:15;;LADYSOFT;Softy;;SOFTY;TOALLA FEMENINA;LAGO PUELO;PAPEL;;;300;Bruno Centurion;AXUM;;SOFTYS;False;130653;0;Mayorista;Mayoristas - C;42989;01-10-2026;58-ARON BOLLINI;SOFTYS;1;0,00000000;598,75
24059;"CALLE 1155 2373";Berazategui;2026-10-02;02-10-2026;29-09-2026;FAC-A0002-00011501;Venta;ELEBES;1509764;108,00;68951,52;83431,34;CANTOMAR LUAN SRL;;0,00 %;076;Martin Di Giorno;0762;TF NORMAL T/SUAVE EXT ALGODON 8x54;638,44;3411;"";Mayorista;Mayoristas;58433,40;JUAN ESCOTO;0,00;$;2;SOFTYS ARGENTINA S.A;0,00000000;0,00;Efectivo;05-10-2026 09:15;;LADYSOFT;Softy;;SOFTY;TOALLA FEMENINA;LAGO PUELO;PAPEL;;;300;Bruno Centurion;AXUM;;SOFTYS;False;130653;0;Mayorista;Mayoristas - C;42989;01-10-2026;58-ARON BOLLINI;SOFTYS;1;0,00000000;638,44
24059;"CALLE 1155 2373";Berazategui;2026-10-02;02-10-2026;29-09-2026;FAC-A0002-00011501;Venta;ELEBES;1509766;108,00;74511,36;90158,75;CANTOMAR LUAN SRL;;0,00 %;076;Martin Di Giorno;0762;TF T/SECA NORMAL MAS PROTECC 8x54;689,92;3411;"";Mayorista;Mayoristas;63145,44;JUAN ESCOTO;0,00;$;2;SOFTYS ARGENTINA S.A;0,00000000;0,00;Efectivo;05-10-2026 09:15;;LADYSOFT;Softy;;SOFTY;TOALLA FEMENINA;LAGO PUELO;PAPEL;;;300;Bruno Centurion;AXUM;;SOFTYS;False;130653;0;Mayorista;Mayoristas - C;42989;01-10-2026;58-ARON BOLLINI;SOFTYS;1;0,00000000;689,92
113;"LA ROTONDA - 1223";Florencio Varela;2026-10-02;02-10-2026;01-10-2026;FAC-B0002-00016684;Venta;ELEBES;1505688;1,00;15533,64;18795,70;NU—EZ ARMANDO;;5,00 %;052;Nicole Sosa;0524;RC Sussex clasico mas blanco 50px3/10;15533,64;3411;"";AUTOSERVICIO;AUTOSERVICIO;12112,00;JUAN ESCOTO;817,56;$;2;SOFTYS ARGENTINA S.A;0,00000000;0,00;Efectivo;05-10-2026 09:15;;SUSSEX;Softy;;SOFTY;ROLLO DE COCINA;LAGO PUELO;PAPEL;83;;300;Bruno Centurion;AXUM;;SOFTYS;False;131632;0;Lista General;AUTOSERVICIO - A;42960;01-10-2026;58-ARON BOLLINI;SOFTYS;1;0,00000000;15533,64
666;"CALLE 530 esquina 633 2989";Berazategui;2026-10-02;02-10-2026;01-10-2026;FAC-A0002-00011505;Venta;ELEBES;1504289;4,00;47921,48;57984,99;GÛmez Katherine;;0,00 %;051;Ezequiel Valente;0514;PLBABYSEC PREM SOFTXXG x30/4;11980,37;3411;"";AUTOSERVICIO;AUTOSERVICIO;35497,40;JUAN ESCOTO;0,00;$;2;SOFTYS ARGENTINA S.A;0,00000000;0,00;Efectivo;05-10-2026 09:15;;BABYSEC;Softy;;SOFTY;PAÒAL;LAGO PUELO;PAPEL;;;300;Bruno Centurion;AXUM;;SOFTYS;False;131813;0;Lista General;AUTOSERVICIO - A;42973;01-10-2026;58-ARON BOLLINI;SOFTYS;1;0,00000000;11980,37
1801;"519 ESQ 529";CENTRO AGRICOLA EL PATO;2026-10-02;02-10-2026;01-10-2026;FAC-A0006-00000231;Venta;Empresa LAGOPUELO;1509764;1,00;0,00;0,00;CRISTIAN AMADO GUERRERO ROJAS;;100,00 %;051;Ezequiel Valente;0514;TF NORMAL T/SUAVE EXT ALGODON 8x54;0,00;3411;"";ALMACEN;ALMACEN;585,27;JUAN ESCOTO;848,64;$;2;SOFTYS ARGENTINA S.A;0,00000000;0,00;Contado;05-10-2026 09:15;;LADYSOFT;Softy;;SOFTY;TOALLA FEMENINA;LAGO PUELO;PAPEL;65;;300;Bruno Centurion;AXUM;;SOFTYS;False;131574;0;Lista General;ALMACEN - A;42955;01-10-2026;58-ARON BOLLINI;SOFTYS;1;0,00000000;0,00
1801;"519 ESQ 529";CENTRO AGRICOLA EL PATO;2026-10-02;02-10-2026;01-10-2026;FAC-A0006-00000231;Venta;Empresa LAGOPUELO;1504289;4,00;43129,33;52186,49;CRISTIAN AMADO GUERRERO ROJAS;;10,00 %;051;Ezequiel Valente;0514;PLBABYSEC PREM SOFTXXG x30/4;10782,33;3411;"";ALMACEN;ALMACEN;35497,40;JUAN ESCOTO;1198,04;$;2;SOFTYS ARGENTINA S.A;0,00000000;0,00;Contado;05-10-2026 09:15;;BABYSEC;Softy;;SOFTY;PAÒAL;LAGO PUELO;PAPEL;;;300;Bruno Centurion;AXUM;;SOFTYS;False;131574;0;Lista General;ALMACEN - A;42955;01-10-2026;58-ARON BOLLINI;SOFTYS;1;0,00000000;10782,33
1801;"519 ESQ 529";CENTRO AGRICOLA EL PATO;2026-10-02;02-10-2026;01-10-2026;FAC-A0006-00000231;Venta;Empresa LAGOPUELO;1509764;10,00;8486,40;10268,54;CRISTIAN AMADO GUERRERO ROJAS;;0,00 %;051;Ezequiel Valente;0514;TF NORMAL T/SUAVE EXT ALGODON 8x54;848,64;3411;"";ALMACEN;ALMACEN;5852,70;JUAN ESCOTO;0,00;$;2;SOFTYS ARGENTINA S.A;0,00000000;0,00;Contado;05-10-2026 09:15;;LADYSOFT;Softy;;SOFTY;TOALLA FEMENINA;LAGO PUELO;PAPEL;;;300;Bruno Centurion;AXUM;;SOFTYS;False;131574;0;Lista General;ALMACEN - A;42955;01-10-2026;58-ARON BOLLINI;SOFTYS;1;0,00000000;848,64
29518;"MOLDES E/DE LA PE√‚ÄòA Y DARDO ROCHA - (AUTOSERVICIOS) 683";LLAVALLOL;2026-10-02;02-10-2026;30-09-2026;FAC-B0002-00016687;Venta;ELEBES;1501553;1,00;18915,57;22887,83;ISABEL PITINOS;;23,00 %;074;Romina Baez;0743;PH HIGIENOL DH PLUS FUSI”N 30M x4/10;18915,57;3410;"";ALMACEN;ALMACEN;15925,88;MARIANO SOSA;5650,10;$;2;SOFTYS ARGENTINA S.A;0,00000000;0,00;Contado;05-10-2026 10:12;;HIGIENOL;Softy;;SOFTY;PAPEL HIG;LAGO PUELO;PAPEL;81;;300;Bruno Centurion;AXUM;;SOFTYS;False;131068;0;Lista General;ALMACEN - A;42895;01-10-2026;5553-JORGE MONZON;SOFTYS;1;0,00000000;18915,57
29518;"MOLDES E/DE LA PE√‚ÄòA Y DARDO ROCHA - (AUTOSERVICIOS) 683";LLAVALLOL;2026-10-02;02-10-2026;30-09-2026;FAC-B0002-00016687;Venta;ELEBES;1505688;1,00;15042,56;18201,49;ISABEL PITINOS;;5,00 %;074;Romina Baez;0743;RC Sussex clasico mas blanco 50px3/10;15042,56;3410;"";ALMACEN;ALMACEN;11729,09;MARIANO SOSA;791,71;$;2;SOFTYS ARGENTINA S.A;0,00000000;0,00;Contado;05-10-2026 10:12;;SUSSEX;Softy;;SOFTY;ROLLO DE COCINA;LAGO PUELO;PAPEL;83;;300;Bruno Centurion;AXUM;;SOFTYS;False;131068;0;Lista General;ALMACEN - A;42895;01-10-2026;5553-JORGE MONZON;SOFTYS;1;0,00000000;15042,56
23607;"TOM¡S NOTHER 620";ADROGUE;2026-10-02;02-10-2026;01-10-2026;FAC-A0002-00011513;Venta;ELEBES;1501585;1,00;36501,38;44166,67;VILLAVERDE PAULA MARIA BELEN;;0,00 %;063;Daniel Martin;0634;PH HIGIENOL HS MAX ALOE PANAL 80M X4;36501,38;3416;"";ALMACEN;ALMACEN;24669,76;NAHUEL MONTOYA;0,00;$;2;SOFTYS ARGENTINA S.A;0,00000000;0,00;Contado;05-10-2026 09:06;;HIGIENOL;Softy;;SOFTY;PAPEL HIG;LAGO PUELO;PAPEL;;;300;Bruno Centurion;AXUM;;SOFTYS;False;131535;0;Lista General;ALMACEN - A;42822;01-10-2026;509-LUCAS GODOY;SOFTYS;1;0,00000000;36501,38
29090;"ALGARROBO - (TRADICIONAL) 390";ADROGUE;2026-10-02;02-10-2026;01-10-2026;FAC-A0002-00011521;Venta;ELEBES;1501627;2,00;24081,41;29138,50;MIRIAM ROSANA COLMAN;;10,00 %;063;Daniel Martin;0634;PH Higienol HS Balanced 20mx4/12;12040,70;3416;"";ALMACEN;ALMACEN;18976,68;NAHUEL MONTOYA;1337,86;$;2;SOFTYS ARGENTINA S.A;0,00000000;0,00;Contado;05-10-2026 09:06;;HIGIENOL;Softy;;SOFTY;PAPEL HIG;LAGO PUELO;PAPEL;103;;300;Bruno Centurion;AXUM;;SOFTYS;False;131812;0;Lista General;ALMACEN - A;42857;01-10-2026;509-LUCAS GODOY;SOFTYS;1;0,00000000;12040,70
106137;"Salta 669 0";LANUS;2026-10-02;02-10-2026;30-09-2026;FAC-A0002-00011525;Venta;ELEBES;1501553;15,00;272678,94;329941,51;Sol Radiante Srl;;26,00 %;26;Sabrina Pereyra;263;PH HIGIENOL DH PLUS FUSI”N 30M x4/10;18178,60;3408;"";Tradicionales;Almacen;238888,20;CLAUDIO GARCIA;6387,07;$;2;SOFTYS ARGENTINA S.A;0,00000000;0,00;Efectivo;05-10-2026 08:47;;HIGIENOL;Softy;;SOFTY;PAPEL HIG;LAGO PUELO;PAPEL;81;;25;JOHANA VIGIL;AXUM;;SOFTYS;False;131080;0;Lista General;Almacen - A;42703;01-10-2026;1638-JAVIER LINARES;SOFTYS;1;0,00000000;18178,60
104153;"Caxaraville 5782 1 0";WILDE;2026-10-02;02-10-2026;01-10-2026;FAC-A0002-00011529;Venta;ELEBES;1501618;1,00;19032,09;23028,83;Alegre Nancy Edith;;0,00 %;24;Cecilia Gauchez;244;PH HIG  FRESH ALOE 30M X4/12;19032,09;3408;"";Tradicionales;Almacen;13125,58;CLAUDIO GARCIA;0,00;$;2;SOFTYS ARGENTINA S.A;0,00000000;0,00;Efectivo;05-10-2026 08:47;;HIGIENOL;Softy;;SOFTY;PAPEL HIG;LAGO PUELO;PAPEL;;;25;JOHANA VIGIL;AXUM;;SOFTYS;False;131542;0;Lista General;Almacen - A;42710;01-10-2026;1638-JAVIER LINARES;SOFTYS;1;0,00000000;19032,09
104668;"Condarco 1634 0";WILDE;2026-10-02;02-10-2026;01-10-2026;FAC-A0002-00011532;Venta;ELEBES;1509762;12,00;14066,28;17020,20;Guo Jiali;;0,00 %;24;Cecilia Gauchez;244;TF NOCTUR EXT A 8x32;1172,19;3408;"";AUTOSERVICIO;AUTOSERVICIO;9700,92;CLAUDIO GARCIA;0,00;$;2;SOFTYS ARGENTINA S.A;0,00000000;0,00;Efectivo;05-10-2026 08:47;;LADYSOFT;Softy;;SOFTY;TOALLA FEMENINA;LAGO PUELO;PAPEL;;;25;JOHANA VIGIL;AXUM;;SOFTYS;False;131659;0;Lista General;AUTOSERVICIO - A;42713;01-10-2026;1638-JAVIER LINARES;SOFTYS;1;0,00000000;1172,19
101235;"Soreda 3921 0";Sarandi;2026-10-02;02-10-2026;01-10-2026;FAC-A0006-00000235;Venta;Empresa LAGOPUELO;1505688;1,00;15533,64;18795,70;Mirta Velazquez;;5,00 %;28;Nadia Diaz;284;RC Sussex clasico mas blanco 50px3/10;15533,64;3409;"Venta modificada el 2026-10-01 13:42:26";Tradicionales;Almacen;12112,00;SIMON OLIVERA;817,56;$;2;SOFTYS ARGENTINA S.A;0,00000000;0,00;Efectivo;05-10-2026 09:33;;SUSSEX;Softy;;SOFTY;ROLLO DE COCINA;LAGO PUELO;PAPEL;83;;25;JOHANA VIGIL;AXUM;;SOFTYS;False;131858;0;Lista General;Almacen - A;42794;01-10-2026;759-GABRIEL PEREZ;SOFTYS;1;0,00000000;15533,64
914;"PJE MANUEL OBARRIO 1180";Villa Dominico;2026-10-02;02-10-2026;01-10-2026;FAC-B0006-00000261;Venta;Empresa LAGOPUELO;1504289;4,00;43129,33;52186,49;Tessy Tamani Gomez;;10,00 %;28;Nadia Diaz;284;PLBABYSEC PREM SOFTXXG x30/4;10782,33;3409;"";ALMACEN;ALMACEN;35497,40;SIMON OLIVERA;1198,04;$;2;SOFTYS ARGENTINA S.A;0,00000000;0,00;Contado;05-10-2026 09:33;;BABYSEC;Softy;;SOFTY;PAÒAL;LAGO PUELO;PAPEL;;;25;JOHANA VIGIL;AXUM;;SOFTYS;False;131991;0;Lista General;ALMACEN - A;42810;01-10-2026;759-GABRIEL PEREZ;SOFTYS;1;0,00000000;10782,33
106966;"VIctor Hugo 1469 0";WILDE;2026-10-02;02-10-2026;01-10-2026;FAC-B0002-00016693;Venta;ELEBES;1505688;1,00;15533,64;18795,70;Villa Elias Raul;;5,00 %;26;Sabrina Pereyra;264;RC Sussex clasico mas blanco 50px3/10;15533,64;3409;"";KIOSCO;KIOSCO;12112,00;SIMON OLIVERA;817,56;$;2;SOFTYS ARGENTINA S.A;0,00000000;0,00;Efectivo;05-10-2026 09:33;;SUSSEX;Softy;;SOFTY;ROLLO DE COCINA;LAGO PUELO;PAPEL;83;;25;JOHANA VIGIL;AXUM;;SOFTYS;False;131633;0;Lista General;KIOSCO - A;42784;01-10-2026;759-GABRIEL PEREZ;SOFTYS;1;0,00000000;15533,64
27642;"LYNCH - (AUTOSERVICIOS) 703";WILDE;2026-10-02;02-10-2026;01-10-2026;FAC-A0002-00011533;Venta;ELEBES;1501627;1,00;12040,70;14569,25;MARISA AMALIA GOMEZ;;10,00 %;27;Samanta Dogliotti;274;PH Higienol HS Balanced 20mx4/12;12040,70;3409;"";ALMACEN;ALMACEN;9488,34;SIMON OLIVERA;1337,86;$;2;SOFTYS ARGENTINA S.A;0,00000000;0,00;Contado;05-10-2026 09:33;;HIGIENOL;Softy;;SOFTY;PAPEL HIG;LAGO PUELO;PAPEL;103;;25;JOHANA VIGIL;AXUM;;SOFTYS;False;132032;0;Lista General;ALMACEN - A;42813;01-10-2026;759-GABRIEL PEREZ;SOFTYS;1;0,00000000;12040,70
604;"Yapey˙ entre arredondo y Mansilla (kiosco esquina rejas negras) 733";Avellaneda;2026-10-02;02-10-2026;01-10-2026;FAC-B0002-00016696;Venta;ELEBES;1509764;1,00;0,00;0,00;Violeta Ulloa;;100,00 %;27;Samanta Dogliotti;274;TF NORMAL T/SUAVE EXT ALGODON 8x54;0,00;3409;"";KIOSCO;KIOSCO;585,27;SIMON OLIVERA;848,64;$;2;SOFTYS ARGENTINA S.A;0,00000000;0,00;Efectivo;05-10-2026 09:33;;LADYSOFT;Softy;;SOFTY;TOALLA FEMENINA;LAGO PUELO;PAPEL;65;;25;JOHANA VIGIL;AXUM;;SOFTYS;False;132126;0;Lista General;KIOSCO - A;42821;01-10-2026;759-GABRIEL PEREZ;SOFTYS;1;0,00000000;0,00
604;"Yapey˙ entre arredondo y Mansilla (kiosco esquina rejas negras) 733";Avellaneda;2026-10-02;02-10-2026;01-10-2026;FAC-B0002-00016696;Venta;ELEBES;1509764;10,00;8486,40;10268,54;Violeta Ulloa;;0,00 %;27;Samanta Dogliotti;274;TF NORMAL T/SUAVE EXT ALGODON 8x54;848,64;3409;"";KIOSCO;KIOSCO;5852,70;SIMON OLIVERA;0,00;$;2;SOFTYS ARGENTINA S.A;0,00000000;0,00;Efectivo;05-10-2026 09:33;;LADYSOFT;Softy;;SOFTY;TOALLA FEMENINA;LAGO PUELO;PAPEL;;;25;JOHANA VIGIL;AXUM;;SOFTYS;False;132126;0;Lista General;KIOSCO - A;42821;01-10-2026;759-GABRIEL PEREZ;SOFTYS;1;0,00000000;848,64
4567;"383 bBIS ESQUINA 349";Quilmes;2026-10-02;02-10-2026;01-10-2026;FAC-B0002-00016697;Venta;ELEBES;1501627;3,00;36122,11;43707,76;LUNA CRISTINA ;;10,00 %;053;Verona Abati;0534;PH Higienol HS Balanced 20mx4/12;12040,70;3412;"";ALMACEN;ALMACEN;28465,02;IVAN MONTOYA;1337,86;$;2;SOFTYS ARGENTINA S.A;0,00000000;0,00;Contado;06-10-2026 16:07;;HIGIENOL;Softy;;SOFTY;PAPEL HIG;LAGO PUELO;PAPEL;103;;300;Bruno Centurion;AXUM;;SOFTYS;False;131781;0;Lista General;ALMACEN - A;43002;01-10-2026;759-GABRIEL PEREZ;SOFTYS;1;0,00000000;12040,70
3025;"SAN MARTIN AV. 547";QUILMES;2026-10-02;02-10-2026;01-10-2026;FAC-A0002-00011534;Venta;ELEBES;1505688;15,00;233004,60;281935,57;FERNANDEZ JUANA;;5,00 %;3;VACANTE;34;RC Sussex clasico mas blanco 50px3/10;15533,64;3412;"";AUTOSERVICIO;AUTOSERVICIO;181680,00;IVAN MONTOYA;817,56;$;2;SOFTYS ARGENTINA S.A;0,00000000;0,00;Contado;06-10-2026 16:07;;SUSSEX;Softy;;SOFTY;ROLLO DE COCINA;LAGO PUELO;PAPEL;83;;25;JOHANA VIGIL;AXUM;;SOFTYS;False;131847;0;Lista General;AUTOSERVICIO - A;43010;01-10-2026;759-GABRIEL PEREZ;SOFTYS;1;0,00000000;15533,64
823;"CALLE 424 1198";Berazategui;2026-10-05;05-10-2026;30-09-2026;FAC-A0001-00343192;Venta;LAGOPUELO S.A;1501627;10,00;111962,40;135474,50;Waikiki;;0,00 %;040;Bruno Centurion;0403;PH Higienol HS Balanced 20mx4/12;11196,24;3431;"";MAYORISTA;MAYORISTA;94883,40;JUAN ESCOTO;0,00;$;2;SOFTYS ARGENTINA S.A;0,00000000;0,00;Contado;06-10-2026 08:29;;HIGIENOL;Softy;;SOFTY;PAPEL HIG;LAGO PUELO;PAPEL;;;300;Bruno Centurion;AXUM;;SOFTYS;False;130900;0;Mayorista;MAYORISTA - A;43409;02-10-2026;509-LUCAS GODOY;SOFTYS;1;0,00000000;11196,24
823;"CALLE 424 1198";Berazategui;2026-10-05;05-10-2026;30-09-2026;FAC-A0001-00343192;Venta;LAGOPUELO S.A;1505688;2,00;27680,66;33493,60;Waikiki;;0,00 %;040;Bruno Centurion;0403;RC Sussex clasico mas blanco 50px3/10;13840,33;3431;"";MAYORISTA;MAYORISTA;23458,18;JUAN ESCOTO;0,00;$;2;SOFTYS ARGENTINA S.A;0,00000000;0,00;Contado;06-10-2026 08:29;;SUSSEX;Softy;;SOFTY;ROLLO DE COCINA;LAGO PUELO;PAPEL;;;300;Bruno Centurion;AXUM;;SOFTYS;False;130900;0;Mayorista;MAYORISTA - A;43409;02-10-2026;509-LUCAS GODOY;SOFTYS;1;0,00000000;13840,33
22217;"AV. EVA PERON - (AUTOSERVICIOS) 1316";BERAZATEGUI;2026-10-05;05-10-2026;01-10-2026;FAC-A0001-00343195;Venta;LAGOPUELO S.A;1501854;1,00;17507,23;21183,75;BIDAURE ESPINDOLA ELDA GABRIELA;;0,00 %;4;Selene Pawlikowski;44;PH Higienol Texturado 30m x4/12;17507,23;3431;"";ALMACEN;ALMACEN;12073,95;JUAN ESCOTO;0,00;$;2;SOFTYS ARGENTINA S.A;0,00000000;0,00;Contado;06-10-2026 08:29;;HIGIENOL;Softy;;SOFTY;PAPEL HIG;LAGO PUELO;PAPEL;;;25;JOHANA VIGIL;AXUM;;SOFTYS;False;131845;0;Lista General;ALMACEN - A;43412;02-10-2026;509-LUCAS GODOY;SOFTYS;1;0,00000000;17507,23
22217;"AV. EVA PERON - (AUTOSERVICIOS) 1316";BERAZATEGUI;2026-10-05;05-10-2026;01-10-2026;FAC-A0001-00343195;Venta;LAGOPUELO S.A;1501618;1,00;19032,09;23028,83;BIDAURE ESPINDOLA ELDA GABRIELA;;0,00 %;4;Selene Pawlikowski;44;PH HIG  FRESH ALOE 30M X4/12;19032,09;3431;"";ALMACEN;ALMACEN;13125,58;JUAN ESCOTO;0,00;$;2;SOFTYS ARGENTINA S.A;0,00000000;0,00;Contado;06-10-2026 08:29;;HIGIENOL;Softy;;SOFTY;PAPEL HIG;LAGO PUELO;PAPEL;;;25;JOHANA VIGIL;AXUM;;SOFTYS;False;131845;0;Lista General;ALMACEN - A;43412;02-10-2026;509-LUCAS GODOY;SOFTYS;1;0,00000000;19032,09
22217;"AV. EVA PERON - (AUTOSERVICIOS) 1316";BERAZATEGUI;2026-10-05;05-10-2026;01-10-2026;FAC-A0001-00343195;Venta;LAGOPUELO S.A;1501627;1,00;12040,70;14569,25;BIDAURE ESPINDOLA ELDA GABRIELA;;10,00 %;4;Selene Pawlikowski;44;PH Higienol HS Balanced 20mx4/12;12040,70;3431;"";ALMACEN;ALMACEN;9488,34;JUAN ESCOTO;1337,86;$;2;SOFTYS ARGENTINA S.A;0,00000000;0,00;Contado;06-10-2026 08:29;;HIGIENOL;Softy;;SOFTY;PAPEL HIG;LAGO PUELO;PAPEL;103;;25;JOHANA VIGIL;AXUM;;SOFTYS;False;131845;0;Lista General;ALMACEN - A;43412;02-10-2026;509-LUCAS GODOY;SOFTYS;1;0,00000000;12040,70
22217;"AV. EVA PERON - (AUTOSERVICIOS) 1316";BERAZATEGUI;2026-10-05;05-10-2026;01-10-2026;FAC-A0001-00343195;Venta;LAGOPUELO S.A;1501553;1,00;22551,25;27287,01;BIDAURE ESPINDOLA ELDA GABRIELA;;15,00 %;4;Selene Pawlikowski;44;PH HIGIENOL DH PLUS FUSI”N 30M x4/10;22551,25;3431;"";ALMACEN;ALMACEN;17199,92;JUAN ESCOTO;3979,63;$;2;SOFTYS ARGENTINA S.A;0,00000000;0,00;Contado;06-10-2026 08:29;;HIGIENOL;Softy;;SOFTY;PAPEL HIG;LAGO PUELO;PAPEL;81;;25;JOHANA VIGIL;AXUM;;SOFTYS;False;131845;0;Lista General;ALMACEN - A;43412;02-10-2026;509-LUCAS GODOY;SOFTYS;1;0,00000000;22551,25
6096;"Calle 1268 N 598";Varela ;2026-10-05;05-10-2026;02-10-2026;FAC-A0001-00343196;Venta;LAGOPUELO S.A;1509756;10,00;23337,10;28237,89;LIN XINBIN;;0,00 %;051;Ezequiel Valente;0515;TF UD T/SECA LADYSOFT UL PRT 16u;2333,71;3431;"Venta modificada el 2026-10-02 18:09:57";AUTOSERVICIO;AUTOSERVICIO;16094,60;JUAN ESCOTO;0,00;$;2;SOFTYS ARGENTINA S.A;0,00000000;0,00;Contado;06-10-2026 08:29;;LADYSOFT;Softy;;SOFTY;TOALLA FEMENINA;LAGO PUELO;PAPEL;;;300;Bruno Centurion;AXUM;;SOFTYS;False;132258;0;Lista General;AUTOSERVICIO - A;43413;02-10-2026;509-LUCAS GODOY;SOFTYS;1;0,00000000;2333,71
6096;"Calle 1268 N 598";Varela ;2026-10-05;05-10-2026;02-10-2026;FAC-A0001-00343196;Venta;LAGOPUELO S.A;1509757;10,00;33334,60;40334,87;LIN XINBIN;;0,00 %;051;Ezequiel Valente;0515;TF UD T/SECA LADYSOFT UL PTEC 24u;3333,46;3431;"Venta modificada el 2026-10-02 18:09:57";AUTOSERVICIO;AUTOSERVICIO;22989,40;JUAN ESCOTO;0,00;$;2;SOFTYS ARGENTINA S.A;0,00000000;0,00;Contado;06-10-2026 08:29;;LADYSOFT;Softy;;SOFTY;TOALLA FEMENINA;LAGO PUELO;PAPEL;;;300;Bruno Centurion;AXUM;;SOFTYS;False;132258;0;Lista General;AUTOSERVICIO - A;43413;02-10-2026;509-LUCAS GODOY;SOFTYS;1;0,00000000;3333,46
6096;"Calle 1268 N 598";Varela ;2026-10-05;05-10-2026;02-10-2026;FAC-A0001-00343196;Venta;LAGOPUELO S.A;1509766;20,00;18316,00;22162,36;LIN XINBIN;;0,00 %;051;Ezequiel Valente;0515;TF T/SECA NORMAL MAS PROTECC 8x54;915,80;3431;"Venta modificada el 2026-10-02 18:09:57";AUTOSERVICIO;AUTOSERVICIO;12631,80;JUAN ESCOTO;0,00;$;2;SOFTYS ARGENTINA S.A;0,00000000;0,00;Contado;06-10-2026 08:29;;LADYSOFT;Softy;;SOFTY;TOALLA FEMENINA;LAGO PUELO;PAPEL;;;300;Bruno Centurion;AXUM;;SOFTYS;False;132258;0;Lista General;AUTOSERVICIO - A;43413;02-10-2026;509-LUCAS GODOY;SOFTYS;1;0,00000000;915,80
6096;"Calle 1268 N 598";Varela ;2026-10-05;05-10-2026;02-10-2026;FAC-A0001-00343196;Venta;LAGOPUELO S.A;1509755;15,00;17995,05;21774,01;LIN XINBIN;;0,00 %;051;Ezequiel Valente;0515;TF UD T/SECA LADYSOFT ULTRA PROTECT 8;1199,67;3431;"Venta modificada el 2026-10-02 18:09:57";AUTOSERVICIO;AUTOSERVICIO;12410,40;JUAN ESCOTO;0,00;$;2;SOFTYS ARGENTINA S.A;0,00000000;0,00;Contado;06-10-2026 08:29;;LADYSOFT;Softy;;SOFTY;TOALLA FEMENINA;LAGO PUELO;PAPEL;;;300;Bruno Centurion;AXUM;;SOFTYS;False;132258;0;Lista General;AUTOSERVICIO - A;43413;02-10-2026;509-LUCAS GODOY;SOFTYS;1;0,00000000;1199,67
6096;"Calle 1268 N 598";Varela ;2026-10-05;05-10-2026;02-10-2026;FAC-A0001-00343196;Venta;LAGOPUELO S.A;1504207;4,00;35212,25;42606,82;LIN XINBIN;;10,00 %;051;Ezequiel Valente;0515;PL BABYSEC ULTRASOFT XG 32/4;8803,06;3431;"Venta modificada el 2026-10-02 18:09:57";AUTOSERVICIO;AUTOSERVICIO;28981,28;JUAN ESCOTO;978,12;$;2;SOFTYS ARGENTINA S.A;0,00000000;0,00;Contado;06-10-2026 08:29;;BABYSEC;Softy;;SOFTY;PAÒAL;LAGO PUELO;PAPEL;;;300;Bruno Centurion;AXUM;;SOFTYS;False;132258;0;Lista General;AUTOSERVICIO - A;43413;02-10-2026;509-LUCAS GODOY;SOFTYS;1;0,00000000;8803,06
6096;"Calle 1268 N 598";Varela ;2026-10-05;05-10-2026;02-10-2026;FAC-A0001-00343196;Venta;LAGOPUELO S.A;1504206;4,00;35212,25;42606,82;LIN XINBIN;;10,00 %;051;Ezequiel Valente;0515;PL BABYSEC ULTRASOFT G 40/4;8803,06;3431;"Venta modificada el 2026-10-02 18:09:57";AUTOSERVICIO;AUTOSERVICIO;28981,28;JUAN ESCOTO;978,12;$;2;SOFTYS ARGENTINA S.A;0,00000000;0,00;Contado;06-10-2026 08:29;;BABYSEC;Softy;;SOFTY;PAÒAL;LAGO PUELO;PAPEL;;;300;Bruno Centurion;AXUM;;SOFTYS;False;132258;0;Lista General;AUTOSERVICIO - A;43413;02-10-2026;509-LUCAS GODOY;SOFTYS;1;0,00000000;8803,06
6096;"Calle 1268 N 598";Varela ;2026-10-05;05-10-2026;02-10-2026;FAC-A0001-00343196;Venta;LAGOPUELO S.A;1504205;4,00;35212,25;42606,82;LIN XINBIN;;10,00 %;051;Ezequiel Valente;0515;PL BABYSEC ULTRASOFT M 48/4;8803,06;3431;"Venta modificada el 2026-10-02 18:09:57";AUTOSERVICIO;AUTOSERVICIO;28981,28;JUAN ESCOTO;978,12;$;2;SOFTYS ARGENTINA S.A;0,00000000;0,00;Contado;06-10-2026 08:29;;BABYSEC;Softy;;SOFTY;PAÒAL;LAGO PUELO;PAPEL;;;300;Bruno Centurion;AXUM;;SOFTYS;False;132258;0;Lista General;AUTOSERVICIO - A;43413;02-10-2026;509-LUCAS GODOY;SOFTYS;1;0,00000000;8803,06
268;"CALLE 1149 1571";Florencio Varela;2026-10-05;05-10-2026;02-10-2026;FAC-A0001-00343199;Venta;LAGOPUELO S.A;1509766;12,00;10989,60;13297,42;FLORENTINO MIGUEL VICTOR;;0,00 %;051;Ezequiel Valente;0515;TF T/SECA NORMAL MAS PROTECC 8x54;915,80;3431;"";AUTOSERVICIO;AUTOSERVICIO;7579,08;JUAN ESCOTO;0,00;$;2;SOFTYS ARGENTINA S.A;0,00000000;0,00;Efectivo;06-10-2026 08:29;;LADYSOFT;Softy;;SOFTY;TOALLA FEMENINA;LAGO PUELO;PAPEL;;;300;Bruno Centurion;AXUM;;SOFTYS;False;132331;0;Lista General;AUTOSERVICIO - A;43419;02-10-2026;509-LUCAS GODOY;SOFTYS;1;0,00000000;915,80
268;"CALLE 1149 1571";Florencio Varela;2026-10-05;05-10-2026;02-10-2026;FAC-A0001-00343199;Venta;LAGOPUELO S.A;1509759;10,00;21307,10;25781,59;FLORENTINO MIGUEL VICTOR;;0,00 %;051;Ezequiel Valente;0515;TF UD T/SUAVE EXT ALG 16x20;2130,71;3431;"";AUTOSERVICIO;AUTOSERVICIO;14694,50;JUAN ESCOTO;0,00;$;2;SOFTYS ARGENTINA S.A;0,00000000;0,00;Efectivo;06-10-2026 08:29;;LADYSOFT;Softy;;SOFTY;TOALLA FEMENINA;LAGO PUELO;PAPEL;;;300;Bruno Centurion;AXUM;;SOFTYS;False;132331;0;Lista General;AUTOSERVICIO - A;43419;02-10-2026;509-LUCAS GODOY;SOFTYS;1;0,00000000;2130,71
268;"CALLE 1149 1571";Florencio Varela;2026-10-05;05-10-2026;02-10-2026;FAC-A0001-00343199;Venta;LAGOPUELO S.A;1509763;10,00;22650,50;27407,11;FLORENTINO MIGUEL VICTOR;;0,00 %;051;Ezequiel Valente;0515;TF Nocturna EXT ALGODON 16X16;2265,05;3431;"";AUTOSERVICIO;AUTOSERVICIO;15621,10;JUAN ESCOTO;0,00;$;2;SOFTYS ARGENTINA S.A;0,00000000;0,00;Efectivo;06-10-2026 08:29;;LADYSOFT;Softy;;SOFTY;TOALLA FEMENINA;LAGO PUELO;PAPEL;;;300;Bruno Centurion;AXUM;;SOFTYS;False;132331;0;Lista General;AUTOSERVICIO - A;43419;02-10-2026;509-LUCAS GODOY;SOFTYS;1;0,00000000;2265,05
268;"CALLE 1149 1571";Florencio Varela;2026-10-05;05-10-2026;02-10-2026;FAC-A0001-00343199;Venta;LAGOPUELO S.A;1509749;10,00;13004,20;15735,08;FLORENTINO MIGUEL VICTOR;;0,00 %;051;Ezequiel Valente;0515;PD ladysoft clasicos 20x30;1300,42;3431;"";AUTOSERVICIO;AUTOSERVICIO;8968,40;JUAN ESCOTO;0,00;$;2;SOFTYS ARGENTINA S.A;0,00000000;0,00;Efectivo;06-10-2026 08:29;;LADYSOFT;Softy;;SOFTY;PROTECTOR DIARIO;LAGO PUELO;PAPEL;;;300;Bruno Centurion;AXUM;;SOFTYS;False;132331;0;Lista General;AUTOSERVICIO - A;43419;02-10-2026;509-LUCAS GODOY;SOFTYS;1;0,00000000;1300,42
6502;"Calle 1149 NUMERO 1134";FLORENCIO VARELA;2026-10-05;05-10-2026;02-10-2026;FAC-A0001-00343201;Venta;LAGOPUELO S.A;1509755;12,00;14396,04;17419,21;LIN ZHUANG;;0,00 %;051;Ezequiel Valente;0515;TF UD T/SECA LADYSOFT ULTRA PROTECT 8;1199,67;3431;"";AUTOSERVICIO;AUTOSERVICIO;9928,32;JUAN ESCOTO;0,00;$;2;SOFTYS ARGENTINA S.A;0,00000000;0,00;Contado;06-10-2026 08:29;;LADYSOFT;Softy;;SOFTY;TOALLA FEMENINA;LAGO PUELO;PAPEL;;;300;Bruno Centurion;AXUM;;SOFTYS;False;132364;0;Lista General;AUTOSERVICIO - A;43421;02-10-2026;509-LUCAS GODOY;SOFTYS;1;0,00000000;1199,67
5798;"CONSTANZO - (Autoservicio) 2399";MONTE GRANDE;2026-10-05;05-10-2026;30-09-2026;FAC-A0001-00343209;Venta;LAGOPUELO S.A;1503131;10,00;20628,80;24960,85;SHENG LIN;;0,00 %;064;Karina Fernandez;0643;TH BABYSEC PREMIUM X45/10;2062,88;3429;"";AUTOSERVICIO;Autoservicio A;14226,80;SIMON OLIVERA;0,00;$;2;SOFTYS ARGENTINA S.A;0,00000000;0,00;Contado;06-10-2026 15:41;;BABYSEC;Softy;;SOFTY;TOALLA HUMEDA;LAGO PUELO;PAPEL;;;300;Bruno Centurion;AXUM;;SOFTYS;False;131057;0;Lista General;Autoservicio A - A;43234;02-10-2026;509-LUCAS GODOY;SOFTYS;1;0,00000000;2062,88
5798;"CONSTANZO - (Autoservicio) 2399";MONTE GRANDE;2026-10-05;05-10-2026;30-09-2026;FAC-A0001-00343209;Venta;LAGOPUELO S.A;1503118;24,00;35247,84;42649,89;SHENG LIN;;0,00 %;064;Karina Fernandez;0643;TH BABYSEC ULTRA 50/24;1468,66;3429;"";AUTOSERVICIO;Autoservicio A;24308,88;SIMON OLIVERA;0,00;$;2;SOFTYS ARGENTINA S.A;0,00000000;0,00;Contado;06-10-2026 15:41;;BABYSEC;;;;;;PAPEL;;;300;Bruno Centurion;AXUM;;SOFTYS;False;131057;0;Lista General;Autoservicio A - A;43234;02-10-2026;509-LUCAS GODOY;SOFTYS;1;0,00000000;1468,66
5798;"CONSTANZO - (Autoservicio) 2399";MONTE GRANDE;2026-10-05;05-10-2026;30-09-2026;FAC-A0001-00343209;Venta;LAGOPUELO S.A;1509765;27,00;41533,56;50255,61;SHENG LIN;;0,00 %;064;Karina Fernandez;0643;TF NORMALT/SUAVE EXT ALG 16x27;1538,28;3429;"";AUTOSERVICIO;Autoservicio A;28643,76;SIMON OLIVERA;0,00;$;2;SOFTYS ARGENTINA S.A;0,00000000;0,00;Contado;06-10-2026 15:41;;LADYSOFT;Softy;;SOFTY;TOALLA FEMENINA;LAGO PUELO;PAPEL;;;300;Bruno Centurion;AXUM;;SOFTYS;False;131057;0;Lista General;Autoservicio A - A;43234;02-10-2026;509-LUCAS GODOY;SOFTYS;1;0,00000000;1538,28
5806;"AVENIDA OLIVER - (Autoservicio) 1328";9 DE ABRIL;2026-10-05;05-10-2026;30-09-2026;FAC-A0001-00343210;Venta;LAGOPUELO S.A;1509765;54,00;83067,12;100511,22;YONGKUN XIE;;0,00 %;064;Karina Fernandez;0643;TF NORMALT/SUAVE EXT ALG 16x27;1538,28;3429;"";AUTOSERVICIO;Autoservicio A;57287,52;SIMON OLIVERA;0,00;$;2;SOFTYS ARGENTINA S.A;0,00000000;0,00;Contado;06-10-2026 15:41;;LADYSOFT;Softy;;SOFTY;TOALLA FEMENINA;LAGO PUELO;PAPEL;;;300;Bruno Centurion;AXUM;;SOFTYS;False;131290;0;Lista General;Autoservicio A - A;43238;02-10-2026;509-LUCAS GODOY;SOFTYS;1;0,00000000;1538,28
5806;"AVENIDA OLIVER - (Autoservicio) 1328";9 DE ABRIL;2026-10-05;05-10-2026;30-09-2026;FAC-A0001-00343210;Venta;LAGOPUELO S.A;1509756;20,00;44012,80;53255,49;YONGKUN XIE;;0,00 %;064;Karina Fernandez;0643;TF UD T/SECA LADYSOFT UL PRT 16u;2200,64;3429;"";AUTOSERVICIO;Autoservicio A;30353,60;SIMON OLIVERA;0,00;$;2;SOFTYS ARGENTINA S.A;0,00000000;0,00;Contado;06-10-2026 15:41;;LADYSOFT;Softy;;SOFTY;TOALLA FEMENINA;LAGO PUELO;PAPEL;;;300;Bruno Centurion;AXUM;;SOFTYS;False;131290;0;Lista General;Autoservicio A - A;43238;02-10-2026;509-LUCAS GODOY;SOFTYS;1;0,00000000;2200,64
5806;"AVENIDA OLIVER - (Autoservicio) 1328";9 DE ABRIL;2026-10-05;05-10-2026;30-09-2026;FAC-A0001-00343210;Venta;LAGOPUELO S.A;1509763;16,00;34512,48;41760,10;YONGKUN XIE;;0,00 %;064;Karina Fernandez;0643;TF Nocturna EXT ALGODON 16X16;2157,03;3429;"";AUTOSERVICIO;Autoservicio A;23801,60;SIMON OLIVERA;0,00;$;2;SOFTYS ARGENTINA S.A;0,00000000;0,00;Contado;06-10-2026 15:41;;LADYSOFT;Softy;;SOFTY;TOALLA FEMENINA;LAGO PUELO;PAPEL;;;300;Bruno Centurion;AXUM;;SOFTYS;False;131290;0;Lista General;Autoservicio A - A;43238;02-10-2026;509-LUCAS GODOY;SOFTYS;1;0,00000000;2157,03
5806;"AVENIDA OLIVER - (Autoservicio) 1328";9 DE ABRIL;2026-10-05;05-10-2026;30-09-2026;FAC-A0001-00343210;Venta;LAGOPUELO S.A;1509759;20,00;40191,80;48632,08;YONGKUN XIE;;0,00 %;064;Karina Fernandez;0643;TF UD T/SUAVE EXT ALG 16x20;2009,59;3429;"";AUTOSERVICIO;Autoservicio A;27718,60;SIMON OLIVERA;0,00;$;2;SOFTYS ARGENTINA S.A;0,00000000;0,00;Contado;06-10-2026 15:41;;LADYSOFT;Softy;;SOFTY;TOALLA FEMENINA;LAGO PUELO;PAPEL;;;300;Bruno Centurion;AXUM;;SOFTYS;False;131290;0;Lista General;Autoservicio A - A;43238;02-10-2026;509-LUCAS GODOY;SOFTYS;1;0,00000000;2009,59
23675;"MALVINAS - (AUTOSERVICIOS) 1479";ESTEBAN ECHEVERR√¬çA;2026-10-05;05-10-2026;30-09-2026;FAC-A0001-00343211;Venta;LAGOPUELO S.A;1501553;15,00;272678,94;329941,51;He hong;;26,00 %;064;Karina Fernandez;0643;PH HIGIENOL DH PLUS FUSI”N 30M x4/10;18178,60;3429;"";AUTOSERVICIO;Autoservicio A;238888,20;SIMON OLIVERA;6387,07;$;2;SOFTYS ARGENTINA S.A;0,00000000;0,00;Contado;06-10-2026 15:41;;HIGIENOL;Softy;;SOFTY;PAPEL HIG;LAGO PUELO;PAPEL;81;;300;Bruno Centurion;AXUM;;SOFTYS;False;131482;0;Lista General;Autoservicio A - A;43240;02-10-2026;509-LUCAS GODOY;SOFTYS;1;0,00000000;18178,60
23699;"BRUZONE 845";ESTEBAN ECHEVERR√¬çA;2026-10-05;05-10-2026;01-10-2026;FAC-A0001-00343212;Venta;LAGOPUELO S.A;1503118;24,00;39248,64;47490,85;HUANG RUIHUANG;;0,00 %;064;Karina Fernandez;0644;TH BABYSEC ULTRA 50/24;1635,36;3429;"";AUTOSERVICIO;Autoservicio A;27067,92;SIMON OLIVERA;0,00;$;2;SOFTYS ARGENTINA S.A;0,00000000;0,00;Contado;06-10-2026 15:41;;BABYSEC;;;;;;PAPEL;;;300;Bruno Centurion;AXUM;;SOFTYS;False;131943;0;Lista General;Autoservicio A - A;43253;02-10-2026;509-LUCAS GODOY;SOFTYS;1;0,00000000;1635,36
4039;"JOSE HERNANDEZ 344";LLAVALLOL;2026-10-05;05-10-2026;02-10-2026;FAC-A0001-00343218;Venta;LAGOPUELO S.A;1504289;4,00;43129,33;52186,49;CHEN YU TIAN;;10,00 %;063;Daniel Martin;0635;PLBABYSEC PREM SOFTXXG x30/4;10782,33;3429;"";AUTOSERVICIO;Autoservicio A;35497,40;SIMON OLIVERA;1198,04;$;2;SOFTYS ARGENTINA S.A;0,00000000;0,00;Contado;06-10-2026 15:41;;BABYSEC;Softy;;SOFTY;PAÒAL;LAGO PUELO;PAPEL;;;300;Bruno Centurion;AXUM;;SOFTYS;False;132266;0;Lista General;Autoservicio A - A;43260;02-10-2026;509-LUCAS GODOY;SOFTYS;1;0,00000000;10782,33
4039;"JOSE HERNANDEZ 344";LLAVALLOL;2026-10-05;05-10-2026;02-10-2026;FAC-A0001-00343218;Venta;LAGOPUELO S.A;1509756;10,00;23337,10;28237,89;CHEN YU TIAN;;0,00 %;063;Daniel Martin;0635;TF UD T/SECA LADYSOFT UL PRT 16u;2333,71;3429;"";AUTOSERVICIO;Autoservicio A;16094,60;SIMON OLIVERA;0,00;$;2;SOFTYS ARGENTINA S.A;0,00000000;0,00;Contado;06-10-2026 15:41;;LADYSOFT;Softy;;SOFTY;TOALLA FEMENINA;LAGO PUELO;PAPEL;;;300;Bruno Centurion;AXUM;;SOFTYS;False;132266;0;Lista General;Autoservicio A - A;43260;02-10-2026;509-LUCAS GODOY;SOFTYS;1;0,00000000;2333,71
29392;"UCRANIA 524";LLAVALLOL;2026-10-05;05-10-2026;02-10-2026;FAC-A0001-00343221;Venta;LAGOPUELO S.A;1505496;35,00;43426,25;52545,76;yan han;;0,00 %;063;Daniel Martin;0635;PO ELITE ST CON ALGODON X10 PACK 6;1240,75;3429;"";AUTOSERVICIO;Autoservicio A;29949,15;SIMON OLIVERA;0,00;$;2;SOFTYS ARGENTINA S.A;0,00000000;0,00;Contado;06-10-2026 15:41;;ELITE;Softy;;SOFTY;PAÒUELOS;LAGO PUELO;PAPEL;;;300;Bruno Centurion;AXUM;;SOFTYS;False;132283;0;Lista General;Autoservicio A - A;43263;02-10-2026;509-LUCAS GODOY;SOFTYS;1;0,00000000;1240,75
29392;"UCRANIA 524";LLAVALLOL;2026-10-05;05-10-2026;02-10-2026;FAC-A0001-00343221;Venta;LAGOPUELO S.A;1509766;10,00;9158,00;11081,18;yan han;;0,00 %;063;Daniel Martin;0635;TF T/SECA NORMAL MAS PROTECC 8x54;915,80;3429;"";AUTOSERVICIO;Autoservicio A;6315,90;SIMON OLIVERA;0,00;$;2;SOFTYS ARGENTINA S.A;0,00000000;0,00;Contado;06-10-2026 15:41;;LADYSOFT;Softy;;SOFTY;TOALLA FEMENINA;LAGO PUELO;PAPEL;;;300;Bruno Centurion;AXUM;;SOFTYS;False;132283;0;Lista General;Autoservicio A - A;43263;02-10-2026;509-LUCAS GODOY;SOFTYS;1;0,00000000;915,80
29392;"UCRANIA 524";LLAVALLOL;2026-10-05;05-10-2026;02-10-2026;FAC-A0001-00343221;Venta;LAGOPUELO S.A;1509762;10,00;11721,90;14183,50;yan han;;0,00 %;063;Daniel Martin;0635;TF NOCTUR EXT A 8x32;1172,19;3429;"";AUTOSERVICIO;Autoservicio A;8084,10;SIMON OLIVERA;0,00;$;2;SOFTYS ARGENTINA S.A;0,00000000;0,00;Contado;06-10-2026 15:41;;LADYSOFT;Softy;;SOFTY;TOALLA FEMENINA;LAGO PUELO;PAPEL;;;300;Bruno Centurion;AXUM;;SOFTYS;False;132283;0;Lista General;Autoservicio A - A;43263;02-10-2026;509-LUCAS GODOY;SOFTYS;1;0,00000000;1172,19
29392;"UCRANIA 524";LLAVALLOL;2026-10-05;05-10-2026;02-10-2026;FAC-A0001-00343221;Venta;LAGOPUELO S.A;1509765;6,00;9973,08;12067,43;yan han;;0,00 %;063;Daniel Martin;0635;TF NORMALT/SUAVE EXT ALG 16x27;1662,18;3429;"";AUTOSERVICIO;Autoservicio A;6877,98;SIMON OLIVERA;0,00;$;2;SOFTYS ARGENTINA S.A;0,00000000;0,00;Contado;06-10-2026 15:41;;LADYSOFT;Softy;;SOFTY;TOALLA FEMENINA;LAGO PUELO;PAPEL;;;300;Bruno Centurion;AXUM;;SOFTYS;False;132283;0;Lista General;Autoservicio A - A;43263;02-10-2026;509-LUCAS GODOY;SOFTYS;1;0,00000000;1662,18
29392;"UCRANIA 524";LLAVALLOL;2026-10-05;05-10-2026;02-10-2026;FAC-A0001-00343221;Venta;LAGOPUELO S.A;1501627;1,00;12040,70;14569,25;yan han;;10,00 %;063;Daniel Martin;0635;PH Higienol HS Balanced 20mx4/12;12040,70;3429;"";AUTOSERVICIO;Autoservicio A;9488,34;SIMON OLIVERA;1337,86;$;2;SOFTYS ARGENTINA S.A;0,00000000;0,00;Contado;06-10-2026 15:41;;HIGIENOL;Softy;;SOFTY;PAPEL HIG;LAGO PUELO;PAPEL;103;;300;Bruno Centurion;AXUM;;SOFTYS;False;132283;0;Lista General;Autoservicio A - A;43263;02-10-2026;509-LUCAS GODOY;SOFTYS;1;0,00000000;12040,70
5559;"MERCEDES 1363";LLAVALLOL;2026-10-05;05-10-2026;02-10-2026;FAC-A0001-00343225;Venta;LAGOPUELO S.A;1509756;10,00;23337,10;28237,89;SAIMEI CHEN;;0,00 %;063;Daniel Martin;0635;TF UD T/SECA LADYSOFT UL PRT 16u;2333,71;3429;"";AUTOSERVICIO;Autoservicio A;16094,60;SIMON OLIVERA;0,00;$;2;SOFTYS ARGENTINA S.A;0,00000000;0,00;Contado;06-10-2026 15:41;;LADYSOFT;Softy;;SOFTY;TOALLA FEMENINA;LAGO PUELO;PAPEL;;;300;Bruno Centurion;AXUM;;SOFTYS;False;132373;0;Lista General;Autoservicio A - A;43269;02-10-2026;509-LUCAS GODOY;SOFTYS;1;0,00000000;2333,71
23639;"ANGEL ROTTA 282";ESTEBAN ECHEVERR√¬çA;2026-10-05;05-10-2026;02-10-2026;FAC-A0001-00343227;Venta;LAGOPUELO S.A;1501627;10,00;113717,76;137598,49;CAI ZHICHUN;;15,00 %;064;Karina Fernandez;0645;PH Higienol HS Balanced 20mx4/12;11371,78;3429;"";AUTOSERVICIO;Autoservicio A;94883,40;SIMON OLIVERA;2006,78;$;2;SOFTYS ARGENTINA S.A;0,00000000;0,00;Contado;06-10-2026 15:41;;HIGIENOL;Softy;;SOFTY;PAPEL HIG;LAGO PUELO;PAPEL;103;;300;Bruno Centurion;AXUM;;SOFTYS;False;132394;0;Lista General;Autoservicio A - A;43271;02-10-2026;509-LUCAS GODOY;SOFTYS;1;0,00000000;11371,78
23469;"GUATAMBU 480";BURZACO;2026-10-05;05-10-2026;02-10-2026;FAC-A0001-00343228;Venta;LAGOPUELO S.A;1509756;20,00;46674,20;56475,78;WANG MIN;;0,00 %;063;Daniel Martin;0635;TF UD T/SECA LADYSOFT UL PRT 16u;2333,71;3429;"";AUTOSERVICIO;Autoservicio A;32189,20;SIMON OLIVERA;0,00;$;2;SOFTYS ARGENTINA S.A;0,00000000;0,00;Contado;06-10-2026 15:41;;LADYSOFT;Softy;;SOFTY;TOALLA FEMENINA;LAGO PUELO;PAPEL;;;300;Bruno Centurion;AXUM;;SOFTYS;False;132470;0;Lista General;Autoservicio A - A;43274;02-10-2026;509-LUCAS GODOY;SOFTYS;1;0,00000000;2333,71
23469;"GUATAMBU 480";BURZACO;2026-10-05;05-10-2026;02-10-2026;FAC-A0001-00343228;Venta;LAGOPUELO S.A;1509763;16,00;36240,80;43851,37;WANG MIN;;0,00 %;063;Daniel Martin;0635;TF Nocturna EXT ALGODON 16X16;2265,05;3429;"";AUTOSERVICIO;Autoservicio A;24993,76;SIMON OLIVERA;0,00;$;2;SOFTYS ARGENTINA S.A;0,00000000;0,00;Contado;06-10-2026 15:41;;LADYSOFT;Softy;;SOFTY;TOALLA FEMENINA;LAGO PUELO;PAPEL;;;300;Bruno Centurion;AXUM;;SOFTYS;False;132470;0;Lista General;Autoservicio A - A;43274;02-10-2026;509-LUCAS GODOY;SOFTYS;1;0,00000000;2265,05
23624;"RAMON SANTAMARINA - (AUTOSERVICIOS) 1148";MONTE GRANDE;2026-10-05;05-10-2026;02-10-2026;FAC-A0001-00343230;Venta;LAGOPUELO S.A;1501627;10,00;113717,76;137598,49;SUPER ECO S.R.L.;;15,00 %;064;Karina Fernandez;0645;PH Higienol HS Balanced 20mx4/12;11371,78;3429;"";AUTOSERVICIO;Autoservicio A;94883,40;SIMON OLIVERA;2006,78;$;2;SOFTYS ARGENTINA S.A;0,00000000;0,00;Contado;06-10-2026 15:41;;HIGIENOL;Softy;;SOFTY;PAPEL HIG;LAGO PUELO;PAPEL;103;;300;Bruno Centurion;AXUM;;SOFTYS;False;132514;0;Lista General;Autoservicio A - A;43276;02-10-2026;509-LUCAS GODOY;SOFTYS;1;0,00000000;11371,78
5619;"Armesti - (Autoservicio) 2721";TEMPERLEY;2026-10-05;05-10-2026;02-10-2026;FAC-A0001-00343240;Venta;LAGOPUELO S.A;1509768;12,00;11703,72;14161,50;DONGPING HUANG;;0,00 %;074;Romina Baez;0745;TF NORMAL T/SUAVE PIEL SENSIBLE 8x54;975,31;3427;"";Otros;SIN SUB;8071,56;NAHUEL MONTOYA;0,00;$;2;SOFTYS ARGENTINA S.A;0,00000000;0,00;Contado;07-10-2026 08:19;;LADYSOFT;Softy;;SOFTY;TOALLA FEMENINA;LAGO PUELO;PAPEL;;;300;Bruno Centurion;AXUM;;SOFTYS;False;132337;0;Lista General;SIN SUB - A;43372;02-10-2026;5553-JORGE MONZON;SOFTYS;1;0,00000000;975,31
3967;"BARCELO E/ROJAS Y BARILARI - (Large Format) 366";BANFIELD;2026-10-05;05-10-2026;02-10-2026;FAC-A0001-00343244;Venta;LAGOPUELO S.A;1509768;12,00;11703,72;14161,50;CHENGDONG LIN;;0,00 %;074;Romina Baez;0745;TF NORMAL T/SUAVE PIEL SENSIBLE 8x54;975,31;3427;"";AUTOSERVICIO;Autoservicio A;8071,56;NAHUEL MONTOYA;0,00;$;2;SOFTYS ARGENTINA S.A;0,00000000;0,00;Contado;07-10-2026 08:19;;LADYSOFT;Softy;;SOFTY;TOALLA FEMENINA;LAGO PUELO;PAPEL;;;300;Bruno Centurion;AXUM;;SOFTYS;False;132466;0;Lista General;Autoservicio A - A;43377;02-10-2026;5553-JORGE MONZON;SOFTYS;1;0,00000000;975,31
27413;"Capdevilla - (AUTOSERVICIOS) 2045";BANFIELD;2026-10-05;05-10-2026;02-10-2026;FAC-A0001-00343250;Venta;LAGOPUELO S.A;1509757;6,00;20000,76;24200,92;YU CHAORONG;;0,00 %;073;Florencia Cubilla;0735;TF UD T/SECA LADYSOFT UL PTEC 24u;3333,46;3427;"";AUTOSERVICIO;Autoservicio B;13793,64;NAHUEL MONTOYA;0,00;$;2;SOFTYS ARGENTINA S.A;0,00000000;0,00;Contado;07-10-2026 08:19;;LADYSOFT;Softy;;SOFTY;TOALLA FEMENINA;LAGO PUELO;PAPEL;;;300;Bruno Centurion;AXUM;;SOFTYS;False;132494;0;Lista General;Autoservicio B - A;43383;02-10-2026;5553-JORGE MONZON;SOFTYS;1;0,00000000;3333,46
27413;"Capdevilla - (AUTOSERVICIOS) 2045";BANFIELD;2026-10-05;05-10-2026;02-10-2026;FAC-A0001-00343250;Venta;LAGOPUELO S.A;1509763;6,00;13590,30;16444,26;YU CHAORONG;;0,00 %;073;Florencia Cubilla;0735;TF Nocturna EXT ALGODON 16X16;2265,05;3427;"";AUTOSERVICIO;Autoservicio B;9372,66;NAHUEL MONTOYA;0,00;$;2;SOFTYS ARGENTINA S.A;0,00000000;0,00;Contado;07-10-2026 08:19;;LADYSOFT;Softy;;SOFTY;TOALLA FEMENINA;LAGO PUELO;PAPEL;;;300;Bruno Centurion;AXUM;;SOFTYS;False;132494;0;Lista General;Autoservicio B - A;43383;02-10-2026;5553-JORGE MONZON;SOFTYS;1;0,00000000;2265,05
27413;"Capdevilla - (AUTOSERVICIOS) 2045";BANFIELD;2026-10-05;05-10-2026;02-10-2026;FAC-A0001-00343250;Venta;LAGOPUELO S.A;1503118;10,00;16353,60;19787,86;YU CHAORONG;;0,00 %;073;Florencia Cubilla;0735;TH BABYSEC ULTRA 50/24;1635,36;3427;"";AUTOSERVICIO;Autoservicio B;11278,30;NAHUEL MONTOYA;0,00;$;2;SOFTYS ARGENTINA S.A;0,00000000;0,00;Contado;07-10-2026 08:19;;BABYSEC;;;;;;PAPEL;;;300;Bruno Centurion;AXUM;;SOFTYS;False;132494;0;Lista General;Autoservicio B - A;43383;02-10-2026;5553-JORGE MONZON;SOFTYS;1;0,00000000;1635,36
27696;"Armesti esquina barcelo - (AUTOSERVICIOS) 2242";TEMPERLEY;2026-10-05;05-10-2026;02-10-2026;FAC-A0001-00343253;Venta;LAGOPUELO S.A;1505708;1,00;22612,61;27361,26;STAIBANO MIGUEL ANGEL;;0,00 %;074;Romina Baez;0745;RC SUSEEX CLS MEGARROLO ALTO 200X1;22612,61;3427;"";AUTOSERVICIO;Autoservicio B;16750,08;NAHUEL MONTOYA;0,00;$;2;SOFTYS ARGENTINA S.A;0,00000000;0,00;Contado;07-10-2026 08:19;;SUSSEX;Softy;;SOFTY;ROLLO DE COCINA;LAGO PUELO;PAPEL;;;300;Bruno Centurion;AXUM;;SOFTYS;False;132531;0;Lista General;Autoservicio B - A;43386;02-10-2026;5553-JORGE MONZON;SOFTYS;1;0,00000000;22612,61
27696;"Armesti esquina barcelo - (AUTOSERVICIOS) 2242";TEMPERLEY;2026-10-05;05-10-2026;02-10-2026;FAC-A0001-00343253;Venta;LAGOPUELO S.A;1505688;2,00;31067,28;37591,41;STAIBANO MIGUEL ANGEL;;5,00 %;074;Romina Baez;0745;RC Sussex clasico mas blanco 50px3/10;15533,64;3427;"";AUTOSERVICIO;Autoservicio B;24224,00;NAHUEL MONTOYA;817,56;$;2;SOFTYS ARGENTINA S.A;0,00000000;0,00;Contado;07-10-2026 08:19;;SUSSEX;Softy;;SOFTY;ROLLO DE COCINA;LAGO PUELO;PAPEL;83;;300;Bruno Centurion;AXUM;;SOFTYS;False;132531;0;Lista General;Autoservicio B - A;43386;02-10-2026;5553-JORGE MONZON;SOFTYS;1;0,00000000;15533,64
27591;"YERBAL 543";Lomas de Zamora;2026-10-05;05-10-2026;02-10-2026;FAC-A0001-00343260;Venta;LAGOPUELO S.A;1503118;12,00;19624,32;23745,43;Chen Xiuxia;;0,00 %;074;Romina Baez;0745;TH BABYSEC ULTRA 50/24;1635,36;3427;"";AUTOSERVICIO;Autoservicio B;13533,96;NAHUEL MONTOYA;0,00;$;2;SOFTYS ARGENTINA S.A;0,00000000;0,00;Contado;07-10-2026 08:19;;BABYSEC;;;;;;PAPEL;;;300;Bruno Centurion;AXUM;;SOFTYS;False;132708;0;Lista General;Autoservicio B - C;43394;02-10-2026;5553-JORGE MONZON;SOFTYS;1;0,00000000;1635,36
27402;"Cabrera - (AUTOSERVICIOS) 445";BANFIELD;2026-10-05;05-10-2026;02-10-2026;FAC-A0001-00343272;Venta;LAGOPUELO S.A;1501627;15,00;170576,64;206397,73;YE FENGYU;;15,00 %;073;Florencia Cubilla;0735;PH Higienol HS Balanced 20mx4/12;11371,78;3427;"";AUTOSERVICIO;Autoservicio B;142325,10;NAHUEL MONTOYA;2006,78;$;2;SOFTYS ARGENTINA S.A;0,00000000;0,00;Contado;07-10-2026 08:19;;HIGIENOL;Softy;;SOFTY;PAPEL HIG;LAGO PUELO;PAPEL;103;;300;Bruno Centurion;AXUM;;SOFTYS;False;132759;0;Lista General;Autoservicio B - A;43406;02-10-2026;5553-JORGE MONZON;SOFTYS;1;0,00000000;11371,78
107816;"12 De Octubre 615 0";CRUCESITA;2026-10-05;05-10-2026;02-10-2026;FAC-A0001-00343275;Venta;LAGOPUELO S.A;1509762;32,00;37510,08;45387,20;Supermercado Lucky;;0,00 %;29;Camila Navarrete;295;TF NOCTUR EXT A 8x32;1172,19;3426;"";AUTOSERVICIO;AUTOSERVICIO;25869,12;HERNAN RIVERO;0,00;$;2;SOFTYS ARGENTINA S.A;0,00000000;0,00;Efectivo;06-10-2026 09:23;;LADYSOFT;Softy;;SOFTY;TOALLA FEMENINA;LAGO PUELO;PAPEL;;;25;JOHANA VIGIL;AXUM;;SOFTYS;False;132462;0;Lista General;AUTOSERVICIO - A;43473;02-10-2026;5553-JORGE MONZON;SOFTYS;1;0,00000000;1172,19
107816;"12 De Octubre 615 0";CRUCESITA;2026-10-05;05-10-2026;02-10-2026;FAC-A0001-00343275;Venta;LAGOPUELO S.A;1509768;54,00;52666,74;63726,76;Supermercado Lucky;;0,00 %;29;Camila Navarrete;295;TF NORMAL T/SUAVE PIEL SENSIBLE 8x54;975,31;3426;"";AUTOSERVICIO;AUTOSERVICIO;36322,02;HERNAN RIVERO;0,00;$;2;SOFTYS ARGENTINA S.A;0,00000000;0,00;Efectivo;06-10-2026 09:23;;LADYSOFT;Softy;;SOFTY;TOALLA FEMENINA;LAGO PUELO;PAPEL;;;25;JOHANA VIGIL;AXUM;;SOFTYS;False;132462;0;Lista General;AUTOSERVICIO - A;43473;02-10-2026;5553-JORGE MONZON;SOFTYS;1;0,00000000;975,31
107816;"12 De Octubre 615 0";CRUCESITA;2026-10-05;05-10-2026;02-10-2026;FAC-A0001-00343275;Venta;LAGOPUELO S.A;1509766;54,00;49453,20;59838,37;Supermercado Lucky;;0,00 %;29;Camila Navarrete;295;TF T/SECA NORMAL MAS PROTECC 8x54;915,80;3426;"";AUTOSERVICIO;AUTOSERVICIO;34105,86;HERNAN RIVERO;0,00;$;2;SOFTYS ARGENTINA S.A;0,00000000;0,00;Efectivo;06-10-2026 09:23;;LADYSOFT;Softy;;SOFTY;TOALLA FEMENINA;LAGO PUELO;PAPEL;;;25;JOHANA VIGIL;AXUM;;SOFTYS;False;132462;0;Lista General;AUTOSERVICIO - A;43473;02-10-2026;5553-JORGE MONZON;SOFTYS;1;0,00000000;915,80
29505;"25 DE MAYO E/RUIZ E IRALA - (AUTOSERVICIOS) 1061";DOCK SUD;2026-10-05;05-10-2026;02-10-2026;FAC-A0001-00343287;Venta;LAGOPUELO S.A;1509761;108,00;85883,76;103919,35;LAS 3 NI—AS;;0,00 %;29;Camila Navarrete;295;TF LADYSOFT COMFORT EXT ALGODON 8x54;795,22;3426;"";AUTOSERVICIO;Autoservicio B;59230,44;HERNAN RIVERO;0,00;$;2;SOFTYS ARGENTINA S.A;0,00000000;0,00;Contado;06-10-2026 09:23;;LADYSOFT;Softy;;SOFTY;TOALLA FEMENINA;LAGO PUELO;PAPEL;;;25;JOHANA VIGIL;AXUM;;SOFTYS;False;132684;0;Lista General;Autoservicio B - A;43494;02-10-2026;5553-JORGE MONZON;SOFTYS;1;0,00000000;795,22
101334;"San Martin 845 0";Avellaneda;2026-10-05;05-10-2026;02-10-2026;FAC-A0001-00343291;Venta;LAGOPUELO S.A;1509762;6,00;7033,14;8510,10;Silvia Gomez;;0,00 %;28;Nadia Diaz;285;TF NOCTUR EXT A 8x32;1172,19;3426;"";AUTOSERVICIO;AUTOSERVICIO;4850,46;HERNAN RIVERO;0,00;$;2;SOFTYS ARGENTINA S.A;0,00000000;0,00;Efectivo;06-10-2026 09:23;;LADYSOFT;Softy;;SOFTY;TOALLA FEMENINA;LAGO PUELO;PAPEL;;;25;JOHANA VIGIL;AXUM;;SOFTYS;False;132703;0;Lista General;AUTOSERVICIO - A;43499;02-10-2026;5553-JORGE MONZON;SOFTYS;1;0,00000000;1172,19
101334;"San Martin 845 0";Avellaneda;2026-10-05;05-10-2026;02-10-2026;FAC-A0001-00343291;Venta;LAGOPUELO S.A;1509766;6,00;5494,80;6648,71;Silvia Gomez;;0,00 %;28;Nadia Diaz;285;TF T/SECA NORMAL MAS PROTECC 8x54;915,80;3426;"";AUTOSERVICIO;AUTOSERVICIO;3789,54;HERNAN RIVERO;0,00;$;2;SOFTYS ARGENTINA S.A;0,00000000;0,00;Efectivo;06-10-2026 09:23;;LADYSOFT;Softy;;SOFTY;TOALLA FEMENINA;LAGO PUELO;PAPEL;;;25;JOHANA VIGIL;AXUM;;SOFTYS;False;132703;0;Lista General;AUTOSERVICIO - A;43499;02-10-2026;5553-JORGE MONZON;SOFTYS;1;0,00000000;915,80
101334;"San Martin 845 0";Avellaneda;2026-10-05;05-10-2026;02-10-2026;FAC-A0001-00343291;Venta;LAGOPUELO S.A;1509761;6,00;4771,32;5773,30;Silvia Gomez;;0,00 %;28;Nadia Diaz;285;TF LADYSOFT COMFORT EXT ALGODON 8x54;795,22;3426;"";AUTOSERVICIO;AUTOSERVICIO;3290,58;HERNAN RIVERO;0,00;$;2;SOFTYS ARGENTINA S.A;0,00000000;0,00;Efectivo;06-10-2026 09:23;;LADYSOFT;Softy;;SOFTY;TOALLA FEMENINA;LAGO PUELO;PAPEL;;;25;JOHANA VIGIL;AXUM;;SOFTYS;False;132703;0;Lista General;AUTOSERVICIO - A;43499;02-10-2026;5553-JORGE MONZON;SOFTYS;1;0,00000000;795,22
100488;"Mitre 1925 0";CRUCESITA;2026-10-05;05-10-2026;02-10-2026;FAC-A0001-00343293;Venta;LAGOPUELO S.A;1505708;1,00;22612,61;27361,26;Marchese Daniel Alejandro;;0,00 %;27;Samanta Dogliotti;275;RC SUSEEX CLS MEGARROLO ALTO 200X1;22612,61;3426;"";Tradicionales;Almacen;16750,08;HERNAN RIVERO;0,00;$;2;SOFTYS ARGENTINA S.A;0,00000000;0,00;Efectivo;06-10-2026 09:23;;SUSSEX;Softy;;SOFTY;ROLLO DE COCINA;LAGO PUELO;PAPEL;;;25;JOHANA VIGIL;AXUM;;SOFTYS;False;132741;0;Lista General;Almacen - A;43501;02-10-2026;5553-JORGE MONZON;SOFTYS;1;0,00000000;22612,61
100488;"Mitre 1925 0";CRUCESITA;2026-10-05;05-10-2026;02-10-2026;FAC-A0001-00343293;Venta;LAGOPUELO S.A;1501627;1,00;12040,70;14569,25;Marchese Daniel Alejandro;;10,00 %;27;Samanta Dogliotti;275;PH Higienol HS Balanced 20mx4/12;12040,70;3426;"";Tradicionales;Almacen;9488,34;HERNAN RIVERO;1337,86;$;2;SOFTYS ARGENTINA S.A;0,00000000;0,00;Efectivo;06-10-2026 09:23;;HIGIENOL;Softy;;SOFTY;PAPEL HIG;LAGO PUELO;PAPEL;103;;25;JOHANA VIGIL;AXUM;;SOFTYS;False;132741;0;Lista General;Almacen - A;43501;02-10-2026;5553-JORGE MONZON;SOFTYS;1;0,00000000;12040,70
5932;"CNO GRL BELGRANO 7465";JUAN MARIA GUTIERREZ;2026-10-05;05-10-2026;02-10-2026;FAC-A0001-00343295;Venta;LAGOPUELO S.A;1504088;40,00;487494,45;589868,29;MUNDO INFANTIL;;3,00 %;076;Martin Di Giorno;0763;PL BABYSEC ULTRSOFT XXG x50/4;12187,36;3431;"";Mayorista;Mayoristas;425908,00;JUAN ESCOTO;376,93;$;2;SOFTYS ARGENTINA S.A;0,00000000;0,00;7 dÌas fecha de factura;06-10-2026 08:29;;BABYSEC;Softy;;SOFTY;PAÒAL;LAGO PUELO;PAPEL;;;300;Bruno Centurion;AXUM;;SOFTYS;False;132774;0;Mayorista;Mayoristas - C;43568;05-10-2026;58-ARON BOLLINI;SOFTYS;1;0,00000000;12187,36
5932;"CNO GRL BELGRANO 7465";JUAN MARIA GUTIERREZ;2026-10-05;05-10-2026;02-10-2026;FAC-A0001-00343296;Venta;LAGOPUELO S.A;1503126;120,00;296542,97;358816,99;MUNDO INFANTIL;;3,00 %;076;Martin Di Giorno;0763;TH Babysec Multiuso x 120 un;2471,19;3431;"";Mayorista;Mayoristas;259080,00;JUAN ESCOTO;76,43;$;2;SOFTYS ARGENTINA S.A;0,00000000;0,00;7 dÌas fecha de factura;06-10-2026 08:29;;BABYSEC;Softy;;;SOFTYS;;PAPEL;;;300;Bruno Centurion;AXUM;;SOFTYS;False;132775;0;Mayorista;Mayoristas - C;43568, 43569;05-10-2026;58-ARON BOLLINI;SOFTYS;1;0,00000000;2471,19
5932;"CNO GRL BELGRANO 7465";JUAN MARIA GUTIERREZ;2026-10-05;05-10-2026;02-10-2026;FAC-A0001-00343296;Venta;LAGOPUELO S.A;1504088;20,00;243747,23;294934,14;MUNDO INFANTIL;;3,00 %;076;Martin Di Giorno;0763;PL BABYSEC ULTRSOFT XXG x50/4;12187,36;3431;"";Mayorista;Mayoristas;212954,00;JUAN ESCOTO;376,93;$;2;SOFTYS ARGENTINA S.A;0,00000000;0,00;7 dÌas fecha de factura;06-10-2026 08:29;;BABYSEC;Softy;;SOFTY;PAÒAL;LAGO PUELO;PAPEL;;;300;Bruno Centurion;AXUM;;SOFTYS;False;132775;0;Mayorista;Mayoristas - C;43568, 43569;05-10-2026;58-ARON BOLLINI;SOFTYS;1;0,00000000;12187,36
27678;"LAS FLORES 593";WILDE;2026-10-05;05-10-2026;02-10-2026;FAC-A0001-00343297;Venta;LAGOPUELO S.A;1504289;4,00;47921,48;57984,99;JUAN MANUEL CORRALES;;0,00 %;30;Oriana Songini;305;PLBABYSEC PREM SOFTXXG x30/4;11980,37;3425;"";Farmacias y PerfumerÌas;Perfumeria;35497,40;MARIANO SOSA;0,00;$;2;SOFTYS ARGENTINA S.A;0,00000000;0,00;Contado;06-10-2026 15:32;;BABYSEC;Softy;;SOFTY;PAÒAL;LAGO PUELO;PAPEL;;;25;JOHANA VIGIL;AXUM;;SOFTYS;False;132219;0;Lista General;Perfumeria - A;43283;02-10-2026;757-JUAN PABLO JUAREZ;SOFTYS;1;0,00000000;11980,37
27678;"LAS FLORES 593";WILDE;2026-10-05;05-10-2026;02-10-2026;FAC-A0001-00343297;Venta;LAGOPUELO S.A;1504205;4,00;39124,72;47340,91;JUAN MANUEL CORRALES;;0,00 %;30;Oriana Songini;305;PL BABYSEC ULTRASOFT M 48/4;9781,18;3425;"";Farmacias y PerfumerÌas;Perfumeria;28981,28;MARIANO SOSA;0,00;$;2;SOFTYS ARGENTINA S.A;0,00000000;0,00;Contado;06-10-2026 15:32;;BABYSEC;Softy;;SOFTY;PAÒAL;LAGO PUELO;PAPEL;;;25;JOHANA VIGIL;AXUM;;SOFTYS;False;132219;0;Lista General;Perfumeria - A;43283;02-10-2026;757-JUAN PABLO JUAREZ;SOFTYS;1;0,00000000;9781,18
27678;"LAS FLORES 593";WILDE;2026-10-05;05-10-2026;02-10-2026;FAC-A0001-00343297;Venta;LAGOPUELO S.A;1504206;4,00;39124,72;47340,91;JUAN MANUEL CORRALES;;0,00 %;30;Oriana Songini;305;PL BABYSEC ULTRASOFT G 40/4;9781,18;3425;"";Farmacias y PerfumerÌas;Perfumeria;28981,28;MARIANO SOSA;0,00;$;2;SOFTYS ARGENTINA S.A;0,00000000;0,00;Contado;06-10-2026 15:32;;BABYSEC;Softy;;SOFTY;PAÒAL;LAGO PUELO;PAPEL;;;25;JOHANA VIGIL;AXUM;;SOFTYS;False;132219;0;Lista General;Perfumeria - A;43283;02-10-2026;757-JUAN PABLO JUAREZ;SOFTYS;1;0,00000000;9781,18
27678;"LAS FLORES 593";WILDE;2026-10-05;05-10-2026;02-10-2026;FAC-A0001-00343297;Venta;LAGOPUELO S.A;1504207;8,00;78249,44;94681,82;JUAN MANUEL CORRALES;;0,00 %;30;Oriana Songini;305;PL BABYSEC ULTRASOFT XG 32/4;9781,18;3425;"";Farmacias y PerfumerÌas;Perfumeria;57962,56;MARIANO SOSA;0,00;$;2;SOFTYS ARGENTINA S.A;0,00000000;0,00;Contado;06-10-2026 15:32;;BABYSEC;Softy;;SOFTY;PAÒAL;LAGO PUELO;PAPEL;;;25;JOHANA VIGIL;AXUM;;SOFTYS;False;132219;0;Lista General;Perfumeria - A;43283;02-10-2026;757-JUAN PABLO JUAREZ;SOFTYS;1;0,00000000;9781,18
27678;"LAS FLORES 593";WILDE;2026-10-05;05-10-2026;02-10-2026;FAC-A0001-00343297;Venta;LAGOPUELO S.A;1504208;4,00;39124,72;47340,91;JUAN MANUEL CORRALES;;0,00 %;30;Oriana Songini;305;BABYSEC ULTSOFT XX6 30/4;9781,18;3425;"";Farmacias y PerfumerÌas;Perfumeria;28981,28;MARIANO SOSA;0,00;$;2;SOFTYS ARGENTINA S.A;0,00000000;0,00;Contado;06-10-2026 15:32;;BABYSEC;Softy;;SOFTY;PAÒAL;LAGO PUELO;PAPEL;;;25;JOHANA VIGIL;AXUM;;SOFTYS;False;132219;0;Lista General;Perfumeria - A;43283;02-10-2026;757-JUAN PABLO JUAREZ;SOFTYS;1;0,00000000;9781,18
27773;"LAS FLORES 454";WILDE;2026-10-05;05-10-2026;02-10-2026;FAC-A0001-00343299;Venta;LAGOPUELO S.A;1504088;16,00;229990,40;278288,38;GABRIEL GERMAN ROSSO;;0,00 %;30;Oriana Songini;305;PL BABYSEC ULTRSOFT XXG x50/4;14374,40;3425;"Venta modificada el 2026-10-02 17:38:14";Farmacias y PerfumerÌas;Perfumeria;170363,20;MARIANO SOSA;0,00;$;2;SOFTYS ARGENTINA S.A;0,00000000;0,00;Contado;06-10-2026 15:32;;BABYSEC;Softy;;SOFTY;PAÒAL;LAGO PUELO;PAPEL;;;25;JOHANA VIGIL;AXUM;;SOFTYS;False;132255;0;Lista General;Perfumeria - A;43287;02-10-2026;757-JUAN PABLO JUAREZ;SOFTYS;1;0,00000000;14374,40
27773;"LAS FLORES 454";WILDE;2026-10-05;05-10-2026;02-10-2026;FAC-A0001-00343299;Venta;LAGOPUELO S.A;1502607;2,00;55717,18;67417,79;GABRIEL GERMAN ROSSO;;0,00 %;30;Oriana Songini;305;PH ELITE ULTRA DH SOFT T C/ALG 30Mx4;27858,59;3425;"Venta modificada el 2026-10-02 17:38:14";Farmacias y PerfumerÌas;Perfumeria;37274,00;MARIANO SOSA;0,00;$;2;SOFTYS ARGENTINA S.A;0,00000000;0,00;Contado;06-10-2026 15:32;;ELITE;Softy;;SOFTY;PAPEL HIG;LAGO PUELO;PAPEL;;;25;JOHANA VIGIL;AXUM;;SOFTYS;False;132255;0;Lista General;Perfumeria - A;43287;02-10-2026;757-JUAN PABLO JUAREZ;SOFTYS;1;0,00000000;27858,59
106031;"Anatole Frence 820 0";Sarandi;2026-10-05;05-10-2026;02-10-2026;FAC-A0001-00343305;Venta;LAGOPUELO S.A;1501627;5,00;60203,52;72846,26;Borrero Carlos;;10,00 %;26;Sabrina Pereyra;265;PH Higienol HS Balanced 20mx4/12;12040,70;3425;"";Tradicionales;Almacen;47441,70;MARIANO SOSA;1337,86;$;2;SOFTYS ARGENTINA S.A;0,00000000;0,00;Efectivo;06-10-2026 15:32;;HIGIENOL;Softy;;SOFTY;PAPEL HIG;LAGO PUELO;PAPEL;103;;25;JOHANA VIGIL;AXUM;;SOFTYS;False;132414;0;Lista General;Almacen - A;43294;02-10-2026;757-JUAN PABLO JUAREZ;SOFTYS;1;0,00000000;12040,70
4108;"AV MITRE 3361";SARANDI;2026-10-05;05-10-2026;02-10-2026;FAC-A0001-00343306;Venta;LAGOPUELO S.A;1509766;6,00;5494,80;6648,71;PATRICIA FERNANDA LURASCHI;;0,00 %;26;Sabrina Pereyra;265;TF T/SECA NORMAL MAS PROTECC 8x54;915,80;3425;"";ALMACEN;ALMACEN;3789,54;MARIANO SOSA;0,00;$;2;SOFTYS ARGENTINA S.A;0,00000000;0,00;Contado;06-10-2026 15:32;;LADYSOFT;Softy;;SOFTY;TOALLA FEMENINA;LAGO PUELO;PAPEL;;;25;JOHANA VIGIL;AXUM;;SOFTYS;False;132482;0;Lista General;ALMACEN - A;43296;02-10-2026;757-JUAN PABLO JUAREZ;SOFTYS;1;0,00000000;915,80
4108;"AV MITRE 3361";SARANDI;2026-10-05;05-10-2026;02-10-2026;FAC-A0001-00343306;Venta;LAGOPUELO S.A;1509764;6,00;5091,84;6161,13;PATRICIA FERNANDA LURASCHI;;0,00 %;26;Sabrina Pereyra;265;TF NORMAL T/SUAVE EXT ALGODON 8x54;848,64;3425;"";ALMACEN;ALMACEN;3511,62;MARIANO SOSA;0,00;$;2;SOFTYS ARGENTINA S.A;0,00000000;0,00;Contado;06-10-2026 15:32;;LADYSOFT;Softy;;SOFTY;TOALLA FEMENINA;LAGO PUELO;PAPEL;;;25;JOHANA VIGIL;AXUM;;SOFTYS;False;132482;0;Lista General;ALMACEN - A;43296;02-10-2026;757-JUAN PABLO JUAREZ;SOFTYS;1;0,00000000;848,64
29346;"LACARRA - (PERFUMERIA) 1622";GERLI;2026-10-05;05-10-2026;02-10-2026;FAC-A0001-00343309;Venta;LAGOPUELO S.A;1501553;30,00;556511,74;673379,20;MABEL REY;;30,08 %;24;Cecilia Gauchez;245;PH HIGIENOL DH PLUS FUSI”N 30M x4/10;18550,39;3425;"";Farmacias y PerfumerÌas;Perfumeria;515997,60;MARIANO SOSA;7980,49;$;2;SOFTYS ARGENTINA S.A;0,00000000;0,00;Contado;06-10-2026 15:32;;HIGIENOL;Softy;;SOFTY;PAPEL HIG;LAGO PUELO;PAPEL;81;;25;JOHANA VIGIL;AXUM;;SOFTYS;False;132665;0;Lista General;Perfumeria - A;43299;02-10-2026;757-JUAN PABLO JUAREZ;SOFTYS;1;0,00000000;18550,39
101197;"Brandsen 3484 0";Sarandi;2026-10-05;05-10-2026;02-10-2026;FAC-A0001-00343314;Venta;LAGOPUELO S.A;1502206;1,00;26373,10;31911,45;Chen Ying;;0,00 %;26;Sabrina Pereyra;265;RC ELITE ULTRA CON ALGODON 120p x2/10;26373,10;3425;"";Tradicionales;Almacen;19535,63;MARIANO SOSA;0,00;$;2;SOFTYS ARGENTINA S.A;0,00000000;0,00;Efectivo;06-10-2026 15:32;;ELITE;Softy;;SOFTY;ROLLO DE COCINA;LAGO PUELO;PAPEL;;;25;JOHANA VIGIL;AXUM;;SOFTYS;False;132730;0;Lista General;Almacen - A;43307;02-10-2026;757-JUAN PABLO JUAREZ;SOFTYS;1;0,00000000;26373,10
917;"RAMON FRANCO 6175";WILDE;2026-10-05;05-10-2026;02-10-2026;FAC-A0001-00343315;Venta;LAGOPUELO S.A;1509764;1,00;0,00;0,00;YAMILA CORRADO;;100,00 %;30;Oriana Songini;305;TF NORMAL T/SUAVE EXT ALGODON 8x54;0,00;3425;"";KIOSCO;KIOSCO;585,27;MARIANO SOSA;848,64;$;2;SOFTYS ARGENTINA S.A;0,00000000;0,00;Contado;06-10-2026 15:32;;LADYSOFT;Softy;;SOFTY;TOALLA FEMENINA;LAGO PUELO;PAPEL;65;;25;JOHANA VIGIL;AXUM;;SOFTYS;False;132767;0;Lista General;KIOSCO - A;43308;02-10-2026;757-JUAN PABLO JUAREZ;SOFTYS;1;0,00000000;0,00
917;"RAMON FRANCO 6175";WILDE;2026-10-05;05-10-2026;02-10-2026;FAC-A0001-00343315;Venta;LAGOPUELO S.A;1509764;10,00;8486,40;10268,54;YAMILA CORRADO;;0,00 %;30;Oriana Songini;305;TF NORMAL T/SUAVE EXT ALGODON 8x54;848,64;3425;"";KIOSCO;KIOSCO;5852,70;MARIANO SOSA;0,00;$;2;SOFTYS ARGENTINA S.A;0,00000000;0,00;Contado;06-10-2026 15:32;;LADYSOFT;Softy;;SOFTY;TOALLA FEMENINA;LAGO PUELO;PAPEL;;;25;JOHANA VIGIL;AXUM;;SOFTYS;False;132767;0;Lista General;KIOSCO - A;43308;02-10-2026;757-JUAN PABLO JUAREZ;SOFTYS;1;0,00000000;848,64
1070;"AV. 14 2450";Berazategui;2026-10-05;05-10-2026;01-10-2026;FAC-A0001-00343316;Venta;LAGOPUELO S.A;1501553;1,00;22551,25;27287,01;ESQUIVARIZA SRL ††††;;15,00 %;5;Eliana Huber;54;PH HIGIENOL DH PLUS FUSI”N 30M x4/10;22551,25;3428;"";AUTOSERVICIO;AUTOSERVICIO;17199,92;CLAUDIO GARCIA;3979,63;$;2;SOFTYS ARGENTINA S.A;0,00000000;0,00;Contado;06-10-2026 08:59;;HIGIENOL;Softy;;SOFTY;PAPEL HIG;LAGO PUELO;PAPEL;81;;25;JOHANA VIGIL;AXUM;;SOFTYS;False;131599;0;Lista General;AUTOSERVICIO - A;43506;02-10-2026;757-JUAN PABLO JUAREZ;SOFTYS;1;0,00000000;22551,25
1515;"Calle 13 A 2781";Berazategui;2026-10-05;05-10-2026;01-10-2026;FAC-A0001-00343318;Venta;LAGOPUELO S.A;1509755;10,00;11996,70;14516,01;NU—EZ ARGUELLO MARIA VILMA†;;0,00 %;5;Eliana Huber;54;TF UD T/SECA LADYSOFT ULTRA PROTECT 8;1199,67;3428;"";ALMACEN;ALMACEN;8273,60;CLAUDIO GARCIA;0,00;$;2;SOFTYS ARGENTINA S.A;0,00000000;0,00;Contado;06-10-2026 08:59;;LADYSOFT;Softy;;SOFTY;TOALLA FEMENINA;LAGO PUELO;PAPEL;;;25;JOHANA VIGIL;AXUM;;SOFTYS;False;131653;0;Lista General;ALMACEN - A;43508;02-10-2026;757-JUAN PABLO JUAREZ;SOFTYS;1;0,00000000;1199,67
1515;"Calle 13 A 2781";Berazategui;2026-10-05;05-10-2026;01-10-2026;FAC-A0001-00343318;Venta;LAGOPUELO S.A;1509764;6,00;5091,84;6161,13;NU—EZ ARGUELLO MARIA VILMA†;;0,00 %;5;Eliana Huber;54;TF NORMAL T/SUAVE EXT ALGODON 8x54;848,64;3428;"";ALMACEN;ALMACEN;3511,62;CLAUDIO GARCIA;0,00;$;2;SOFTYS ARGENTINA S.A;0,00000000;0,00;Contado;06-10-2026 08:59;;LADYSOFT;Softy;;SOFTY;TOALLA FEMENINA;LAGO PUELO;PAPEL;;;25;JOHANA VIGIL;AXUM;;SOFTYS;False;131653;0;Lista General;ALMACEN - A;43508;02-10-2026;757-JUAN PABLO JUAREZ;SOFTYS;1;0,00000000;848,64
5469;"SENZABELLO 1759";FLORENCIO VARELA;2026-10-05;05-10-2026;01-10-2026;FAC-A0001-00343319;Venta;LAGOPUELO S.A;1503118;24,00;39248,64;47490,85;LIN WENFANG††††††††††††††††;;0,00 %;6;Nieves Alegre;64;TH BABYSEC ULTRA 50/24;1635,36;3428;"";AUTOSERVICIO;AUTOSERVICIO;27067,92;CLAUDIO GARCIA;0,00;$;2;SOFTYS ARGENTINA S.A;0,00000000;0,00;Contado;06-10-2026 08:59;;BABYSEC;;;;;;PAPEL;;;25;JOHANA VIGIL;AXUM;;SOFTYS;False;131701;0;Lista General;AUTOSERVICIO - A;43511;02-10-2026;757-JUAN PABLO JUAREZ;SOFTYS;1;0,00000000;1635,36
5469;"SENZABELLO 1759";FLORENCIO VARELA;2026-10-05;05-10-2026;01-10-2026;FAC-A0001-00343319;Venta;LAGOPUELO S.A;1509763;6,00;13590,30;16444,26;LIN WENFANG††††††††††††††††;;0,00 %;6;Nieves Alegre;64;TF Nocturna EXT ALGODON 16X16;2265,05;3428;"";AUTOSERVICIO;AUTOSERVICIO;9372,66;CLAUDIO GARCIA;0,00;$;2;SOFTYS ARGENTINA S.A;0,00000000;0,00;Contado;06-10-2026 08:59;;LADYSOFT;Softy;;SOFTY;TOALLA FEMENINA;LAGO PUELO;PAPEL;;;25;JOHANA VIGIL;AXUM;;SOFTYS;False;131701;0;Lista General;AUTOSERVICIO - A;43511;02-10-2026;757-JUAN PABLO JUAREZ;SOFTYS;1;0,00000000;2265,05
5469;"SENZABELLO 1759";FLORENCIO VARELA;2026-10-05;05-10-2026;01-10-2026;FAC-A0001-00343319;Venta;LAGOPUELO S.A;1509761;8,00;6361,76;7697,73;LIN WENFANG††††††††††††††††;;0,00 %;6;Nieves Alegre;64;TF LADYSOFT COMFORT EXT ALGODON 8x54;795,22;3428;"";AUTOSERVICIO;AUTOSERVICIO;4387,44;CLAUDIO GARCIA;0,00;$;2;SOFTYS ARGENTINA S.A;0,00000000;0,00;Contado;06-10-2026 08:59;;LADYSOFT;Softy;;SOFTY;TOALLA FEMENINA;LAGO PUELO;PAPEL;;;25;JOHANA VIGIL;AXUM;;SOFTYS;False;131701;0;Lista General;AUTOSERVICIO - A;43511;02-10-2026;757-JUAN PABLO JUAREZ;SOFTYS;1;0,00000000;795,22
5469;"SENZABELLO 1759";FLORENCIO VARELA;2026-10-05;05-10-2026;01-10-2026;FAC-A0001-00343319;Venta;LAGOPUELO S.A;1509758;6,00;6694,44;8100,27;LIN WENFANG††††††††††††††††;;0,00 %;6;Nieves Alegre;64;TF UD T/SUAVE EXT ALGO 8X40;1115,74;3428;"";AUTOSERVICIO;AUTOSERVICIO;4616,88;CLAUDIO GARCIA;0,00;$;2;SOFTYS ARGENTINA S.A;0,00000000;0,00;Contado;06-10-2026 08:59;;LADYSOFT;Softy;;SOFTY;TOALLA FEMENINA;LAGO PUELO;PAPEL;;;25;JOHANA VIGIL;AXUM;;SOFTYS;False;131701;0;Lista General;AUTOSERVICIO - A;43511;02-10-2026;757-JUAN PABLO JUAREZ;SOFTYS;1;0,00000000;1115,74
5469;"SENZABELLO 1759";FLORENCIO VARELA;2026-10-05;05-10-2026;01-10-2026;FAC-A0001-00343319;Venta;LAGOPUELO S.A;1509765;12,00;19946,16;24134,85;LIN WENFANG††††††††††††††††;;0,00 %;6;Nieves Alegre;64;TF NORMALT/SUAVE EXT ALG 16x27;1662,18;3428;"";AUTOSERVICIO;AUTOSERVICIO;13755,96;CLAUDIO GARCIA;0,00;$;2;SOFTYS ARGENTINA S.A;0,00000000;0,00;Contado;06-10-2026 08:59;;LADYSOFT;Softy;;SOFTY;TOALLA FEMENINA;LAGO PUELO;PAPEL;;;25;JOHANA VIGIL;AXUM;;SOFTYS;False;131701;0;Lista General;AUTOSERVICIO - A;43511;02-10-2026;757-JUAN PABLO JUAREZ;SOFTYS;1;0,00000000;1662,18
5469;"SENZABELLO 1759";FLORENCIO VARELA;2026-10-05;05-10-2026;01-10-2026;FAC-A0001-00343319;Venta;LAGOPUELO S.A;1504293;3,00;49556,50;59963,37;LIN WENFANG††††††††††††††††;;10,00 %;6;Nieves Alegre;64;PL BABYSEC PREMIUM SOFT XXGx44/3;16518,83;3428;"";AUTOSERVICIO;AUTOSERVICIO;40787,25;CLAUDIO GARCIA;1835,43;$;2;SOFTYS ARGENTINA S.A;0,00000000;0,00;Contado;06-10-2026 08:59;;BABYSEC;Softy;;SOFTY;PAÒAL;LAGO PUELO;PAPEL;;;25;JOHANA VIGIL;AXUM;;SOFTYS;False;131701;0;Lista General;AUTOSERVICIO - A;43511;02-10-2026;757-JUAN PABLO JUAREZ;SOFTYS;1;0,00000000;16518,83
5469;"SENZABELLO 1759";FLORENCIO VARELA;2026-10-05;05-10-2026;01-10-2026;FAC-A0001-00343319;Venta;LAGOPUELO S.A;1507915;1,00;35672,58;43163,82;LIN WENFANG††††††††††††††††;;0,00 %;6;Nieves Alegre;64;PH HIGIENOL DH YAPA 50X x4 ;35672,58;3428;"";AUTOSERVICIO;AUTOSERVICIO;24601,78;CLAUDIO GARCIA;0,00;$;2;SOFTYS ARGENTINA S.A;0,00000000;0,00;Contado;06-10-2026 08:59;;HIGIENOL;Softy;;SOFTY;PAPEL HIG;LAGO PUELO;PAPEL;;;25;JOHANA VIGIL;AXUM;;SOFTYS;False;131701;0;Lista General;AUTOSERVICIO - A;43511;02-10-2026;757-JUAN PABLO JUAREZ;SOFTYS;1;0,00000000;35672,58
5458;"SENZABELLO 1589";FLORENCIO VARELA;2026-10-05;05-10-2026;01-10-2026;FAC-A0001-00343320;Venta;LAGOPUELO S.A;1504289;8,00;86258,66;104372,98;ROSALES BENDA LEONELA;;10,00 %;6;Nieves Alegre;64;PLBABYSEC PREM SOFTXXG x30/4;10782,33;3428;"";AUTOSERVICIO;AUTOSERVICIO;70994,80;CLAUDIO GARCIA;1198,04;$;2;SOFTYS ARGENTINA S.A;0,00000000;0,00;Contado;06-10-2026 08:59;;BABYSEC;Softy;;SOFTY;PAÒAL;LAGO PUELO;PAPEL;;;25;JOHANA VIGIL;AXUM;;SOFTYS;False;131751;0;Lista General;AUTOSERVICIO - A;43512;02-10-2026;757-JUAN PABLO JUAREZ;SOFTYS;1;0,00000000;10782,33
5458;"SENZABELLO 1589";FLORENCIO VARELA;2026-10-05;05-10-2026;01-10-2026;FAC-A0001-00343320;Venta;LAGOPUELO S.A;1504933;8,00;75641,11;91525,75;ROSALES BENDA LEONELA;;10,00 %;6;Nieves Alegre;64;PL BABYSEC ULTASOFT XXXG x 28/4;9455,14;3428;"";AUTOSERVICIO;AUTOSERVICIO;57962,56;CLAUDIO GARCIA;1050,57;$;2;SOFTYS ARGENTINA S.A;0,00000000;0,00;Contado;06-10-2026 08:59;;BABYSEC;Softy;;SOFTY;PAÒAL;LAGO PUELO;PAPEL;;;25;JOHANA VIGIL;AXUM;;SOFTYS;False;131751;0;Lista General;AUTOSERVICIO - A;43512;02-10-2026;757-JUAN PABLO JUAREZ;SOFTYS;1;0,00000000;9455,14
5458;"SENZABELLO 1589";FLORENCIO VARELA;2026-10-05;05-10-2026;01-10-2026;FAC-A0001-00343320;Venta;LAGOPUELO S.A;1509756;20,00;46674,20;56475,78;ROSALES BENDA LEONELA;;0,00 %;6;Nieves Alegre;64;TF UD T/SECA LADYSOFT UL PRT 16u;2333,71;3428;"";AUTOSERVICIO;AUTOSERVICIO;32189,20;CLAUDIO GARCIA;0,00;$;2;SOFTYS ARGENTINA S.A;0,00000000;0,00;Contado;06-10-2026 08:59;;LADYSOFT;Softy;;SOFTY;TOALLA FEMENINA;LAGO PUELO;PAPEL;;;25;JOHANA VIGIL;AXUM;;SOFTYS;False;131751;0;Lista General;AUTOSERVICIO - A;43512;02-10-2026;757-JUAN PABLO JUAREZ;SOFTYS;1;0,00000000;2333,71
5458;"SENZABELLO 1589";FLORENCIO VARELA;2026-10-05;05-10-2026;01-10-2026;FAC-A0001-00343320;Venta;LAGOPUELO S.A;1509766;27,00;24726,60;29919,19;ROSALES BENDA LEONELA;;0,00 %;6;Nieves Alegre;64;TF T/SECA NORMAL MAS PROTECC 8x54;915,80;3428;"";AUTOSERVICIO;AUTOSERVICIO;17052,93;CLAUDIO GARCIA;0,00;$;2;SOFTYS ARGENTINA S.A;0,00000000;0,00;Contado;06-10-2026 08:59;;LADYSOFT;Softy;;SOFTY;TOALLA FEMENINA;LAGO PUELO;PAPEL;;;25;JOHANA VIGIL;AXUM;;SOFTYS;False;131751;0;Lista General;AUTOSERVICIO - A;43512;02-10-2026;757-JUAN PABLO JUAREZ;SOFTYS;1;0,00000000;915,80
29245;"BOMBERO VOL V SENZABELLO - 144 1310";FLORENCIO VARELA;2026-10-05;05-10-2026;01-10-2026;FAC-A0001-00343321;Venta;LAGOPUELO S.A;1509755;6,00;7198,02;8709,60;SILVIO OSCAR PEREIRA;;0,00 %;6;Nieves Alegre;64;TF UD T/SECA LADYSOFT ULTRA PROTECT 8;1199,67;3428;"";Otros;Articulo de limpieza;4964,16;CLAUDIO GARCIA;0,00;$;2;SOFTYS ARGENTINA S.A;0,00000000;0,00;Contado;06-10-2026 08:59;;LADYSOFT;Softy;;SOFTY;TOALLA FEMENINA;LAGO PUELO;PAPEL;;;25;JOHANA VIGIL;AXUM;;SOFTYS;False;131763;0;Lista General;Articulo de limpieza - A;43513;02-10-2026;757-JUAN PABLO JUAREZ;SOFTYS;1;0,00000000;1199,67
5155;"ISLAS ORCADAS 2417";FLORENCIO VARELA;2026-10-05;05-10-2026;01-10-2026;FAC-A0001-00343326;Venta;LAGOPUELO S.A;1509764;1,00;0,00;0,00;GUTIERREZ FLORENCIA;;100,00 %;6;Nieves Alegre;64;TF NORMAL T/SUAVE EXT ALGODON 8x54;0,00;3428;"";AUTOSERVICIO;AUTOSERVICIO;585,27;CLAUDIO GARCIA;848,64;$;2;SOFTYS ARGENTINA S.A;0,00000000;0,00;Contado;06-10-2026 08:59;;LADYSOFT;Softy;;SOFTY;TOALLA FEMENINA;LAGO PUELO;PAPEL;65;;25;JOHANA VIGIL;AXUM;;SOFTYS;False;131826;0;Lista General;AUTOSERVICIO - A;43518;02-10-2026;757-JUAN PABLO JUAREZ;SOFTYS;1;0,00000000;0,00
5155;"ISLAS ORCADAS 2417";FLORENCIO VARELA;2026-10-05;05-10-2026;01-10-2026;FAC-A0001-00343326;Venta;LAGOPUELO S.A;1509764;10,00;8486,40;10268,54;GUTIERREZ FLORENCIA;;0,00 %;6;Nieves Alegre;64;TF NORMAL T/SUAVE EXT ALGODON 8x54;848,64;3428;"";AUTOSERVICIO;AUTOSERVICIO;5852,70;CLAUDIO GARCIA;0,00;$;2;SOFTYS ARGENTINA S.A;0,00000000;0,00;Contado;06-10-2026 08:59;;LADYSOFT;Softy;;SOFTY;TOALLA FEMENINA;LAGO PUELO;PAPEL;;;25;JOHANA VIGIL;AXUM;;SOFTYS;False;131826;0;Lista General;AUTOSERVICIO - A;43518;02-10-2026;757-JUAN PABLO JUAREZ;SOFTYS;1;0,00000000;848,64
5155;"ISLAS ORCADAS 2417";FLORENCIO VARELA;2026-10-05;05-10-2026;01-10-2026;FAC-A0001-00343326;Venta;LAGOPUELO S.A;1509762;10,00;11721,90;14183,50;GUTIERREZ FLORENCIA;;0,00 %;6;Nieves Alegre;64;TF NOCTUR EXT A 8x32;1172,19;3428;"";AUTOSERVICIO;AUTOSERVICIO;8084,10;CLAUDIO GARCIA;0,00;$;2;SOFTYS ARGENTINA S.A;0,00000000;0,00;Contado;06-10-2026 08:59;;LADYSOFT;Softy;;SOFTY;TOALLA FEMENINA;LAGO PUELO;PAPEL;;;25;JOHANA VIGIL;AXUM;;SOFTYS;False;131826;0;Lista General;AUTOSERVICIO - A;43518;02-10-2026;757-JUAN PABLO JUAREZ;SOFTYS;1;0,00000000;1172,19
5155;"ISLAS ORCADAS 2417";FLORENCIO VARELA;2026-10-05;05-10-2026;01-10-2026;FAC-A0001-00343326;Venta;LAGOPUELO S.A;1509755;6,00;7198,02;8709,60;GUTIERREZ FLORENCIA;;0,00 %;6;Nieves Alegre;64;TF UD T/SECA LADYSOFT ULTRA PROTECT 8;1199,67;3428;"";AUTOSERVICIO;AUTOSERVICIO;4964,16;CLAUDIO GARCIA;0,00;$;2;SOFTYS ARGENTINA S.A;0,00000000;0,00;Contado;06-10-2026 08:59;;LADYSOFT;Softy;;SOFTY;TOALLA FEMENINA;LAGO PUELO;PAPEL;;;25;JOHANA VIGIL;AXUM;;SOFTYS;False;131826;0;Lista General;AUTOSERVICIO - A;43518;02-10-2026;757-JUAN PABLO JUAREZ;SOFTYS;1;0,00000000;1199,67
23031;"juan de la cruz contreras 437";FLORENCIO VARELA;2026-10-05;05-10-2026;01-10-2026;FAC-A0001-00343331;Venta;LAGOPUELO S.A;1509749;12,00;15605,04;18882,10;YU ZHIYING;;0,00 %;6;Nieves Alegre;64;PD ladysoft clasicos 20x30;1300,42;3428;"";AUTOSERVICIO;Autoservicio A;10762,08;CLAUDIO GARCIA;0,00;$;2;SOFTYS ARGENTINA S.A;0,00000000;0,00;Contado;06-10-2026 08:59;;LADYSOFT;Softy;;SOFTY;PROTECTOR DIARIO;LAGO PUELO;PAPEL;;;25;JOHANA VIGIL;AXUM;;SOFTYS;False;131880;0;Lista General;Autoservicio A - A;43523;02-10-2026;757-JUAN PABLO JUAREZ;SOFTYS;1;0,00000000;1300,42
2301;"calle 115 entre 11 y 12 1156";Berazategui;2026-10-05;05-10-2026;01-10-2026;FAC-A0001-00343335;Venta;LAGOPUELO S.A;1502610;2,00;48970,50;59254,31;OLIVERA VANESA ELIZABETH;;0,00 %;5;Eliana Huber;54;PH ELITE HS CLS C/ALGODON 30M X6/10;24485,25;3428;"";AUTOSERVICIO;AUTOSERVICIO;33772,76;CLAUDIO GARCIA;0,00;$;2;SOFTYS ARGENTINA S.A;0,00000000;0,00;Contado;06-10-2026 08:59;;ELITE;Softy;;SOFTY;PAPEL HIG;LAGO PUELO;PAPEL;;;25;JOHANA VIGIL;AXUM;;SOFTYS;False;131962;0;Lista General;AUTOSERVICIO - A;43527;02-10-2026;757-JUAN PABLO JUAREZ;SOFTYS;1;0,00000000;24485,25
2301;"calle 115 entre 11 y 12 1156";Berazategui;2026-10-05;05-10-2026;01-10-2026;FAC-A0001-00343335;Venta;LAGOPUELO S.A;1505688;2,00;31067,28;37591,41;OLIVERA VANESA ELIZABETH;;5,00 %;5;Eliana Huber;54;RC Sussex clasico mas blanco 50px3/10;15533,64;3428;"";AUTOSERVICIO;AUTOSERVICIO;24224,00;CLAUDIO GARCIA;817,56;$;2;SOFTYS ARGENTINA S.A;0,00000000;0,00;Contado;06-10-2026 08:59;;SUSSEX;Softy;;SOFTY;ROLLO DE COCINA;LAGO PUELO;PAPEL;83;;25;JOHANA VIGIL;AXUM;;SOFTYS;False;131962;0;Lista General;AUTOSERVICIO - A;43527;02-10-2026;757-JUAN PABLO JUAREZ;SOFTYS;1;0,00000000;15533,64
5203;"ALMAFUERTE 550";FLORENCIO VARELA;2026-10-05;05-10-2026;01-10-2026;FAC-A0001-00343336;Venta;LAGOPUELO S.A;1503131;10,00;24754,60;29953,07;WENG XIAOLI;;0,00 %;6;Nieves Alegre;64;TH BABYSEC PREMIUM X45/10;2475,46;3428;"";AUTOSERVICIO;AUTOSERVICIO;17072,10;CLAUDIO GARCIA;0,00;$;2;SOFTYS ARGENTINA S.A;0,00000000;0,00;Contado;06-10-2026 08:59;;BABYSEC;Softy;;SOFTY;TOALLA HUMEDA;LAGO PUELO;PAPEL;;;25;JOHANA VIGIL;AXUM;;SOFTYS;False;132018;0;Lista General;AUTOSERVICIO - A;43531;02-10-2026;757-JUAN PABLO JUAREZ;SOFTYS;1;0,00000000;2475,46
5203;"ALMAFUERTE 550";FLORENCIO VARELA;2026-10-05;05-10-2026;01-10-2026;FAC-A0001-00343336;Venta;LAGOPUELO S.A;1509756;20,00;46674,20;56475,78;WENG XIAOLI;;0,00 %;6;Nieves Alegre;64;TF UD T/SECA LADYSOFT UL PRT 16u;2333,71;3428;"";AUTOSERVICIO;AUTOSERVICIO;32189,20;CLAUDIO GARCIA;0,00;$;2;SOFTYS ARGENTINA S.A;0,00000000;0,00;Contado;06-10-2026 08:59;;LADYSOFT;Softy;;SOFTY;TOALLA FEMENINA;LAGO PUELO;PAPEL;;;25;JOHANA VIGIL;AXUM;;SOFTYS;False;132018;0;Lista General;AUTOSERVICIO - A;43531;02-10-2026;757-JUAN PABLO JUAREZ;SOFTYS;1;0,00000000;2333,71
5460;"LUIS BRAILLE 1809";FLORENCIO VARELA;2026-10-05;05-10-2026;02-10-2026;FAC-A0001-00343338;Venta;LAGOPUELO S.A;1509766;12,00;10989,60;13297,42;WENG LIQIONG††††;;0,00 %;6;Nieves Alegre;65;TF T/SECA NORMAL MAS PROTECC 8x54;915,80;3428;"";AUTOSERVICIO;AUTOSERVICIO;7579,08;CLAUDIO GARCIA;0,00;$;2;SOFTYS ARGENTINA S.A;0,00000000;0,00;Contado;06-10-2026 08:59;;LADYSOFT;Softy;;SOFTY;TOALLA FEMENINA;LAGO PUELO;PAPEL;;;25;JOHANA VIGIL;AXUM;;SOFTYS;False;132339;0;Lista General;AUTOSERVICIO - A;43559;02-10-2026;757-JUAN PABLO JUAREZ;SOFTYS;1;0,00000000;915,80
5460;"LUIS BRAILLE 1809";FLORENCIO VARELA;2026-10-05;05-10-2026;02-10-2026;FAC-A0001-00343338;Venta;LAGOPUELO S.A;1509763;12,00;27180,60;32888,53;WENG LIQIONG††††;;0,00 %;6;Nieves Alegre;65;TF Nocturna EXT ALGODON 16X16;2265,05;3428;"";AUTOSERVICIO;AUTOSERVICIO;18745,32;CLAUDIO GARCIA;0,00;$;2;SOFTYS ARGENTINA S.A;0,00000000;0,00;Contado;06-10-2026 08:59;;LADYSOFT;Softy;;SOFTY;TOALLA FEMENINA;LAGO PUELO;PAPEL;;;25;JOHANA VIGIL;AXUM;;SOFTYS;False;132339;0;Lista General;AUTOSERVICIO - A;43559;02-10-2026;757-JUAN PABLO JUAREZ;SOFTYS;1;0,00000000;2265,05
42;"AV 7 1721";Berazategui;2026-10-05;05-10-2026;02-10-2026;FAC-A0001-00343342;Venta;LAGOPUELO S.A;1509755;10,00;11996,70;14516,01;Cinthia Rocio Villagra;;0,00 %;4;Selene Pawlikowski;45;TF UD T/SECA LADYSOFT ULTRA PROTECT 8;1199,67;3428;"";ALMACEN;ALMACEN;8273,60;CLAUDIO GARCIA;0,00;$;2;SOFTYS ARGENTINA S.A;0,00000000;0,00;Efectivo;06-10-2026 08:59;;LADYSOFT;Softy;;SOFTY;TOALLA FEMENINA;LAGO PUELO;PAPEL;;;25;JOHANA VIGIL;AXUM;;SOFTYS;False;132383;0;Lista General;ALMACEN - A;43537;02-10-2026;757-JUAN PABLO JUAREZ;SOFTYS;1;0,00000000;1199,67
1050;"AV. 7 1549";Berazategui;2026-10-05;05-10-2026;02-10-2026;FAC-A0001-00343346;Venta;LAGOPUELO S.A;1501627;2,00;24081,41;29138,50;TEJERA RAMON REINALDO††††††;;10,00 %;4;Selene Pawlikowski;45;PH Higienol HS Balanced 20mx4/12;12040,70;3428;"";AUTOSERVICIO;AUTOSERVICIO;18976,68;CLAUDIO GARCIA;1337,86;$;2;SOFTYS ARGENTINA S.A;0,00000000;0,00;Contado;06-10-2026 08:59;;HIGIENOL;Softy;;SOFTY;PAPEL HIG;LAGO PUELO;PAPEL;103;;25;JOHANA VIGIL;AXUM;;SOFTYS;False;132446;0;Lista General;AUTOSERVICIO - A;43541;02-10-2026;757-JUAN PABLO JUAREZ;SOFTYS;1;0,00000000;12040,70
1027;"CALLE 4 1495";BERAZATEGUI;2026-10-05;05-10-2026;02-10-2026;FAC-A0001-00343348;Venta;LAGOPUELO S.A;1509764;1,00;0,00;0,00;MACIEL AMARILLA BLANCA NIEVE;;100,00 %;5;Eliana Huber;55;TF NORMAL T/SUAVE EXT ALGODON 8x54;0,00;3428;"";AUTOSERVICIO;AUTOSERVICIO;585,27;CLAUDIO GARCIA;848,64;$;2;SOFTYS ARGENTINA S.A;0,00000000;0,00;Contado;06-10-2026 08:59;;LADYSOFT;Softy;;SOFTY;TOALLA FEMENINA;LAGO PUELO;PAPEL;65;;25;JOHANA VIGIL;AXUM;;SOFTYS;False;132454;0;Lista General;AUTOSERVICIO - A;43543;02-10-2026;757-JUAN PABLO JUAREZ;SOFTYS;1;0,00000000;0,00
1027;"CALLE 4 1495";BERAZATEGUI;2026-10-05;05-10-2026;02-10-2026;FAC-A0001-00343348;Venta;LAGOPUELO S.A;1509764;12,00;10183,68;12322,25;MACIEL AMARILLA BLANCA NIEVE;;0,00 %;5;Eliana Huber;55;TF NORMAL T/SUAVE EXT ALGODON 8x54;848,64;3428;"";AUTOSERVICIO;AUTOSERVICIO;7023,24;CLAUDIO GARCIA;0,00;$;2;SOFTYS ARGENTINA S.A;0,00000000;0,00;Contado;06-10-2026 08:59;;LADYSOFT;Softy;;SOFTY;TOALLA FEMENINA;LAGO PUELO;PAPEL;;;25;JOHANA VIGIL;AXUM;;SOFTYS;False;132454;0;Lista General;AUTOSERVICIO - A;43543;02-10-2026;757-JUAN PABLO JUAREZ;SOFTYS;1;0,00000000;848,64
1027;"CALLE 4 1495";BERAZATEGUI;2026-10-05;05-10-2026;02-10-2026;FAC-A0001-00343348;Venta;LAGOPUELO S.A;1509755;12,00;14396,04;17419,21;MACIEL AMARILLA BLANCA NIEVE;;0,00 %;5;Eliana Huber;55;TF UD T/SECA LADYSOFT ULTRA PROTECT 8;1199,67;3428;"";AUTOSERVICIO;AUTOSERVICIO;9928,32;CLAUDIO GARCIA;0,00;$;2;SOFTYS ARGENTINA S.A;0,00000000;0,00;Contado;06-10-2026 08:59;;LADYSOFT;Softy;;SOFTY;TOALLA FEMENINA;LAGO PUELO;PAPEL;;;25;JOHANA VIGIL;AXUM;;SOFTYS;False;132454;0;Lista General;AUTOSERVICIO - A;43543;02-10-2026;757-JUAN PABLO JUAREZ;SOFTYS;1;0,00000000;1199,67
1027;"CALLE 4 1495";BERAZATEGUI;2026-10-05;05-10-2026;02-10-2026;FAC-A0001-00343348;Venta;LAGOPUELO S.A;1501627;3,00;36122,11;43707,76;MACIEL AMARILLA BLANCA NIEVE;;10,00 %;5;Eliana Huber;55;PH Higienol HS Balanced 20mx4/12;12040,70;3428;"";AUTOSERVICIO;AUTOSERVICIO;28465,02;CLAUDIO GARCIA;1337,86;$;2;SOFTYS ARGENTINA S.A;0,00000000;0,00;Contado;06-10-2026 08:59;;HIGIENOL;Softy;;SOFTY;PAPEL HIG;LAGO PUELO;PAPEL;103;;25;JOHANA VIGIL;AXUM;;SOFTYS;False;132454;0;Lista General;AUTOSERVICIO - A;43543;02-10-2026;757-JUAN PABLO JUAREZ;SOFTYS;1;0,00000000;12040,70
5014;"AV FCIO VARELA 2055";QUILMES;2026-10-05;05-10-2026;02-10-2026;FAC-A0001-00343352;Venta;LAGOPUELO S.A;1509756;20,00;46674,20;56475,78;HUANG ZHAORUI;;0,00 %;5;Eliana Huber;55;TF UD T/SECA LADYSOFT UL PRT 16u;2333,71;3428;"";AUTOSERVICIO;AUTOSERVICIO;32189,20;CLAUDIO GARCIA;0,00;$;2;SOFTYS ARGENTINA S.A;0,00000000;0,00;Contado;06-10-2026 08:59;;LADYSOFT;Softy;;SOFTY;TOALLA FEMENINA;LAGO PUELO;PAPEL;;;25;JOHANA VIGIL;AXUM;;SOFTYS;False;132638;0;Lista General;AUTOSERVICIO - A;43548;02-10-2026;757-JUAN PABLO JUAREZ;SOFTYS;1;0,00000000;2333,71
5014;"AV FCIO VARELA 2055";QUILMES;2026-10-05;05-10-2026;02-10-2026;FAC-A0001-00343352;Venta;LAGOPUELO S.A;1509749;12,00;15605,04;18882,10;HUANG ZHAORUI;;0,00 %;5;Eliana Huber;55;PD ladysoft clasicos 20x30;1300,42;3428;"";AUTOSERVICIO;AUTOSERVICIO;10762,08;CLAUDIO GARCIA;0,00;$;2;SOFTYS ARGENTINA S.A;0,00000000;0,00;Contado;06-10-2026 08:59;;LADYSOFT;Softy;;SOFTY;PROTECTOR DIARIO;LAGO PUELO;PAPEL;;;25;JOHANA VIGIL;AXUM;;SOFTYS;False;132638;0;Lista General;AUTOSERVICIO - A;43548;02-10-2026;757-JUAN PABLO JUAREZ;SOFTYS;1;0,00000000;1300,42
5014;"AV FCIO VARELA 2055";QUILMES;2026-10-05;05-10-2026;02-10-2026;FAC-A0001-00343352;Venta;LAGOPUELO S.A;1503118;24,00;39248,64;47490,85;HUANG ZHAORUI;;0,00 %;5;Eliana Huber;55;TH BABYSEC ULTRA 50/24;1635,36;3428;"";AUTOSERVICIO;AUTOSERVICIO;27067,92;CLAUDIO GARCIA;0,00;$;2;SOFTYS ARGENTINA S.A;0,00000000;0,00;Contado;06-10-2026 08:59;;BABYSEC;;;;;;PAPEL;;;25;JOHANA VIGIL;AXUM;;SOFTYS;False;132638;0;Lista General;AUTOSERVICIO - A;43548;02-10-2026;757-JUAN PABLO JUAREZ;SOFTYS;1;0,00000000;1635,36
4003;"LA GUARDA 620";EZPELETA;2026-10-05;05-10-2026;02-10-2026;FAC-A0001-00343357;Venta;LAGOPUELO S.A;1509768;12,00;11703,72;14161,50;MAESO GABRIELA;;0,00 %;2;Fernanda Cejas;25;TF NORMAL T/SUAVE PIEL SENSIBLE 8x54;975,31;3430;"";ALMACEN;ALMACEN;8071,56;LEONARDO SANTA CRUZ;0,00;$;2;SOFTYS ARGENTINA S.A;0,00000000;0,00;Contado;06-10-2026 11:13;;LADYSOFT;Softy;;SOFTY;TOALLA FEMENINA;LAGO PUELO;PAPEL;;;25;JOHANA VIGIL;AXUM;;SOFTYS;False;132206;0;Lista General;ALMACEN - A;43441;02-10-2026;759-GABRIEL PEREZ;SOFTYS;1;0,00000000;975,31
3010;"MARMOL 216";Quilmes;2026-10-05;05-10-2026;02-10-2026;FAC-A0001-00343358;Venta;LAGOPUELO S.A;1509762;6,00;7033,14;8510,10;C.R.C.M S.R.L;;0,00 %;054;Leonel Caruso;0545;TF NOCTUR EXT A 8x32;1172,19;3430;"";AUTOSERVICIO;AUTOSERVICIO;4850,46;LEONARDO SANTA CRUZ;0,00;$;2;SOFTYS ARGENTINA S.A;0,00000000;0,00;Contado;06-10-2026 11:13;;LADYSOFT;Softy;;SOFTY;TOALLA FEMENINA;LAGO PUELO;PAPEL;;;300;Bruno Centurion;AXUM;;SOFTYS;False;132248;0;Lista General;AUTOSERVICIO - A;43442;02-10-2026;759-GABRIEL PEREZ;SOFTYS;1;0,00000000;1172,19
3010;"MARMOL 216";Quilmes;2026-10-05;05-10-2026;02-10-2026;FAC-A0001-00343358;Venta;LAGOPUELO S.A;1509763;6,00;13590,30;16444,26;C.R.C.M S.R.L;;0,00 %;054;Leonel Caruso;0545;TF Nocturna EXT ALGODON 16X16;2265,05;3430;"";AUTOSERVICIO;AUTOSERVICIO;9372,66;LEONARDO SANTA CRUZ;0,00;$;2;SOFTYS ARGENTINA S.A;0,00000000;0,00;Contado;06-10-2026 11:13;;LADYSOFT;Softy;;SOFTY;TOALLA FEMENINA;LAGO PUELO;PAPEL;;;300;Bruno Centurion;AXUM;;SOFTYS;False;132248;0;Lista General;AUTOSERVICIO - A;43442;02-10-2026;759-GABRIEL PEREZ;SOFTYS;1;0,00000000;2265,05
4021;"AVDA MITRE 4417";EZPELETA;2026-10-05;05-10-2026;02-10-2026;FAC-A0001-00343362;Venta;LAGOPUELO S.A;1509762;32,00;37510,08;45387,20;BOCETTI SRL;;0,00 %;054;Leonel Caruso;0545;TF NOCTUR EXT A 8x32;1172,19;3430;"";AUTOSERVICIO;AUTOSERVICIO;25869,12;LEONARDO SANTA CRUZ;0,00;$;2;SOFTYS ARGENTINA S.A;0,00000000;0,00;Contado;06-10-2026 11:13;;LADYSOFT;Softy;;SOFTY;TOALLA FEMENINA;LAGO PUELO;PAPEL;;;300;Bruno Centurion;AXUM;;SOFTYS;False;132359;0;Lista General;AUTOSERVICIO - A;43450;02-10-2026;759-GABRIEL PEREZ;SOFTYS;1;0,00000000;1172,19
4021;"AVDA MITRE 4417";EZPELETA;2026-10-05;05-10-2026;02-10-2026;FAC-A0001-00343362;Venta;LAGOPUELO S.A;1509763;32,00;72481,60;87702,74;BOCETTI SRL;;0,00 %;054;Leonel Caruso;0545;TF Nocturna EXT ALGODON 16X16;2265,05;3430;"";AUTOSERVICIO;AUTOSERVICIO;49987,52;LEONARDO SANTA CRUZ;0,00;$;2;SOFTYS ARGENTINA S.A;0,00000000;0,00;Contado;06-10-2026 11:13;;LADYSOFT;Softy;;SOFTY;TOALLA FEMENINA;LAGO PUELO;PAPEL;;;300;Bruno Centurion;AXUM;;SOFTYS;False;132359;0;Lista General;AUTOSERVICIO - A;43450;02-10-2026;759-GABRIEL PEREZ;SOFTYS;1;0,00000000;2265,05
4021;"AVDA MITRE 4417";EZPELETA;2026-10-05;05-10-2026;02-10-2026;FAC-A0001-00343362;Venta;LAGOPUELO S.A;1509756;40,00;93348,40;112951,56;BOCETTI SRL;;0,00 %;054;Leonel Caruso;0545;TF UD T/SECA LADYSOFT UL PRT 16u;2333,71;3430;"";AUTOSERVICIO;AUTOSERVICIO;64378,40;LEONARDO SANTA CRUZ;0,00;$;2;SOFTYS ARGENTINA S.A;0,00000000;0,00;Contado;06-10-2026 11:13;;LADYSOFT;Softy;;SOFTY;TOALLA FEMENINA;LAGO PUELO;PAPEL;;;300;Bruno Centurion;AXUM;;SOFTYS;False;132359;0;Lista General;AUTOSERVICIO - A;43450;02-10-2026;759-GABRIEL PEREZ;SOFTYS;1;0,00000000;2333,71
4021;"AVDA MITRE 4417";EZPELETA;2026-10-05;05-10-2026;02-10-2026;FAC-A0001-00343362;Venta;LAGOPUELO S.A;1509759;40,00;85228,40;103126,36;BOCETTI SRL;;0,00 %;054;Leonel Caruso;0545;TF UD T/SUAVE EXT ALG 16x20;2130,71;3430;"";AUTOSERVICIO;AUTOSERVICIO;58778,00;LEONARDO SANTA CRUZ;0,00;$;2;SOFTYS ARGENTINA S.A;0,00000000;0,00;Contado;06-10-2026 11:13;;LADYSOFT;Softy;;SOFTY;TOALLA FEMENINA;LAGO PUELO;PAPEL;;;300;Bruno Centurion;AXUM;;SOFTYS;False;132359;0;Lista General;AUTOSERVICIO - A;43450;02-10-2026;759-GABRIEL PEREZ;SOFTYS;1;0,00000000;2130,71
3144;"EMILIO ZOLA 1653";QUILMES;2026-10-05;05-10-2026;02-10-2026;FAC-A0001-00343366;Venta;LAGOPUELO S.A;1509762;12,00;14066,28;17020,20;Wang Lixiang;;0,00 %;054;Leonel Caruso;0545;TF NOCTUR EXT A 8x32;1172,19;3430;"";AUTOSERVICIO;AUTOSERVICIO;9700,92;LEONARDO SANTA CRUZ;0,00;$;2;SOFTYS ARGENTINA S.A;0,00000000;0,00;Contado;06-10-2026 11:13;;LADYSOFT;Softy;;SOFTY;TOALLA FEMENINA;LAGO PUELO;PAPEL;;;300;Bruno Centurion;AXUM;;SOFTYS;False;132542;0;Lista General;AUTOSERVICIO - A;43452;02-10-2026;759-GABRIEL PEREZ;SOFTYS;1;0,00000000;1172,19
3144;"EMILIO ZOLA 1653";QUILMES;2026-10-05;05-10-2026;02-10-2026;FAC-A0001-00343366;Venta;LAGOPUELO S.A;1509763;16,00;36240,80;43851,37;Wang Lixiang;;0,00 %;054;Leonel Caruso;0545;TF Nocturna EXT ALGODON 16X16;2265,05;3430;"";AUTOSERVICIO;AUTOSERVICIO;24993,76;LEONARDO SANTA CRUZ;0,00;$;2;SOFTYS ARGENTINA S.A;0,00000000;0,00;Contado;06-10-2026 11:13;;LADYSOFT;Softy;;SOFTY;TOALLA FEMENINA;LAGO PUELO;PAPEL;;;300;Bruno Centurion;AXUM;;SOFTYS;False;132542;0;Lista General;AUTOSERVICIO - A;43452;02-10-2026;759-GABRIEL PEREZ;SOFTYS;1;0,00000000;2265,05
3081;"AVDA HIPOLITO YRIGOYEN 5270";Quilmes;2026-10-05;05-10-2026;02-10-2026;FAC-A0001-00343369;Venta;LAGOPUELO S.A;1503131;6,00;14852,76;17971,84;LIN HUI ZHEN;;0,00 %;053;Verona Abati;0535;TH BABYSEC PREMIUM X45/10;2475,46;3430;"";AUTOSERVICIO;AUTOSERVICIO;10243,26;LEONARDO SANTA CRUZ;0,00;$;2;SOFTYS ARGENTINA S.A;0,00000000;0,00;Contado;06-10-2026 11:13;;BABYSEC;Softy;;SOFTY;TOALLA HUMEDA;LAGO PUELO;PAPEL;;;300;Bruno Centurion;AXUM;;SOFTYS;False;132583;0;Lista General;AUTOSERVICIO - A;43455;02-10-2026;759-GABRIEL PEREZ;SOFTYS;1;0,00000000;2475,46
3081;"AVDA HIPOLITO YRIGOYEN 5270";Quilmes;2026-10-05;05-10-2026;02-10-2026;FAC-A0001-00343369;Venta;LAGOPUELO S.A;1509762;10,00;11721,90;14183,50;LIN HUI ZHEN;;0,00 %;053;Verona Abati;0535;TF NOCTUR EXT A 8x32;1172,19;3430;"";AUTOSERVICIO;AUTOSERVICIO;8084,10;LEONARDO SANTA CRUZ;0,00;$;2;SOFTYS ARGENTINA S.A;0,00000000;0,00;Contado;06-10-2026 11:13;;LADYSOFT;Softy;;SOFTY;TOALLA FEMENINA;LAGO PUELO;PAPEL;;;300;Bruno Centurion;AXUM;;SOFTYS;False;132583;0;Lista General;AUTOSERVICIO - A;43455;02-10-2026;759-GABRIEL PEREZ;SOFTYS;1;0,00000000;1172,19
3081;"AVDA HIPOLITO YRIGOYEN 5270";Quilmes;2026-10-05;05-10-2026;02-10-2026;FAC-A0001-00343369;Venta;LAGOPUELO S.A;1509766;10,00;9158,00;11081,18;LIN HUI ZHEN;;0,00 %;053;Verona Abati;0535;TF T/SECA NORMAL MAS PROTECC 8x54;915,80;3430;"";AUTOSERVICIO;AUTOSERVICIO;6315,90;LEONARDO SANTA CRUZ;0,00;$;2;SOFTYS ARGENTINA S.A;0,00000000;0,00;Contado;06-10-2026 11:13;;LADYSOFT;Softy;;SOFTY;TOALLA FEMENINA;LAGO PUELO;PAPEL;;;300;Bruno Centurion;AXUM;;SOFTYS;False;132583;0;Lista General;AUTOSERVICIO - A;43455;02-10-2026;759-GABRIEL PEREZ;SOFTYS;1;0,00000000;915,80
4223;"ESQUEL 1565";Quilmes;2026-10-05;05-10-2026;02-10-2026;FAC-A0001-00343370;Venta;LAGOPUELO S.A;1503118;24,00;39248,64;47490,85;CHEN SHUAI;;0,00 %;2;Fernanda Cejas;25;TH BABYSEC ULTRA 50/24;1635,36;3430;"";AUTOSERVICIO;AUTOSERVICIO;27067,92;LEONARDO SANTA CRUZ;0,00;$;2;SOFTYS ARGENTINA S.A;0,00000000;0,00;Contado;06-10-2026 11:13;;BABYSEC;;;;;;PAPEL;;;25;JOHANA VIGIL;AXUM;;SOFTYS;False;132615;0;Lista General;AUTOSERVICIO - A;43456;02-10-2026;759-GABRIEL PEREZ;SOFTYS;1;0,00000000;1635,36
4223;"ESQUEL 1565";Quilmes;2026-10-05;05-10-2026;02-10-2026;FAC-A0001-00343370;Venta;LAGOPUELO S.A;1509766;6,00;5494,80;6648,71;CHEN SHUAI;;0,00 %;2;Fernanda Cejas;25;TF T/SECA NORMAL MAS PROTECC 8x54;915,80;3430;"";AUTOSERVICIO;AUTOSERVICIO;3789,54;LEONARDO SANTA CRUZ;0,00;$;2;SOFTYS ARGENTINA S.A;0,00000000;0,00;Contado;06-10-2026 11:13;;LADYSOFT;Softy;;SOFTY;TOALLA FEMENINA;LAGO PUELO;PAPEL;;;25;JOHANA VIGIL;AXUM;;SOFTYS;False;132615;0;Lista General;AUTOSERVICIO - A;43456;02-10-2026;759-GABRIEL PEREZ;SOFTYS;1;0,00000000;915,80
4223;"ESQUEL 1565";Quilmes;2026-10-05;05-10-2026;02-10-2026;FAC-A0001-00343370;Venta;LAGOPUELO S.A;1509761;6,00;4771,32;5773,30;CHEN SHUAI;;0,00 %;2;Fernanda Cejas;25;TF LADYSOFT COMFORT EXT ALGODON 8x54;795,22;3430;"";AUTOSERVICIO;AUTOSERVICIO;3290,58;LEONARDO SANTA CRUZ;0,00;$;2;SOFTYS ARGENTINA S.A;0,00000000;0,00;Contado;06-10-2026 11:13;;LADYSOFT;Softy;;SOFTY;TOALLA FEMENINA;LAGO PUELO;PAPEL;;;25;JOHANA VIGIL;AXUM;;SOFTYS;False;132615;0;Lista General;AUTOSERVICIO - A;43456;02-10-2026;759-GABRIEL PEREZ;SOFTYS;1;0,00000000;795,22
4223;"ESQUEL 1565";Quilmes;2026-10-05;05-10-2026;02-10-2026;FAC-A0001-00343370;Venta;LAGOPUELO S.A;1509762;6,00;7033,14;8510,10;CHEN SHUAI;;0,00 %;2;Fernanda Cejas;25;TF NOCTUR EXT A 8x32;1172,19;3430;"";AUTOSERVICIO;AUTOSERVICIO;4850,46;LEONARDO SANTA CRUZ;0,00;$;2;SOFTYS ARGENTINA S.A;0,00000000;0,00;Contado;06-10-2026 11:13;;LADYSOFT;Softy;;SOFTY;TOALLA FEMENINA;LAGO PUELO;PAPEL;;;25;JOHANA VIGIL;AXUM;;SOFTYS;False;132615;0;Lista General;AUTOSERVICIO - A;43456;02-10-2026;759-GABRIEL PEREZ;SOFTYS;1;0,00000000;1172,19
4223;"ESQUEL 1565";Quilmes;2026-10-05;05-10-2026;02-10-2026;FAC-A0001-00343370;Venta;LAGOPUELO S.A;1509755;6,00;7198,02;8709,60;CHEN SHUAI;;0,00 %;2;Fernanda Cejas;25;TF UD T/SECA LADYSOFT ULTRA PROTECT 8;1199,67;3430;"";AUTOSERVICIO;AUTOSERVICIO;4964,16;LEONARDO SANTA CRUZ;0,00;$;2;SOFTYS ARGENTINA S.A;0,00000000;0,00;Contado;06-10-2026 11:13;;LADYSOFT;Softy;;SOFTY;TOALLA FEMENINA;LAGO PUELO;PAPEL;;;25;JOHANA VIGIL;AXUM;;SOFTYS;False;132615;0;Lista General;AUTOSERVICIO - A;43456;02-10-2026;759-GABRIEL PEREZ;SOFTYS;1;0,00000000;1199,67
4223;"ESQUEL 1565";Quilmes;2026-10-05;05-10-2026;02-10-2026;FAC-A0001-00343370;Venta;LAGOPUELO S.A;1509758;6,00;6694,44;8100,27;CHEN SHUAI;;0,00 %;2;Fernanda Cejas;25;TF UD T/SUAVE EXT ALGO 8X40;1115,74;3430;"";AUTOSERVICIO;AUTOSERVICIO;4616,88;LEONARDO SANTA CRUZ;0,00;$;2;SOFTYS ARGENTINA S.A;0,00000000;0,00;Contado;06-10-2026 11:13;;LADYSOFT;Softy;;SOFTY;TOALLA FEMENINA;LAGO PUELO;PAPEL;;;25;JOHANA VIGIL;AXUM;;SOFTYS;False;132615;0;Lista General;AUTOSERVICIO - A;43456;02-10-2026;759-GABRIEL PEREZ;SOFTYS;1;0,00000000;1115,74
4223;"ESQUEL 1565";Quilmes;2026-10-05;05-10-2026;02-10-2026;FAC-A0001-00343370;Venta;LAGOPUELO S.A;1509768;6,00;5851,86;7080,75;CHEN SHUAI;;0,00 %;2;Fernanda Cejas;25;TF NORMAL T/SUAVE PIEL SENSIBLE 8x54;975,31;3430;"";AUTOSERVICIO;AUTOSERVICIO;4035,78;LEONARDO SANTA CRUZ;0,00;$;2;SOFTYS ARGENTINA S.A;0,00000000;0,00;Contado;06-10-2026 11:13;;LADYSOFT;Softy;;SOFTY;TOALLA FEMENINA;LAGO PUELO;PAPEL;;;25;JOHANA VIGIL;AXUM;;SOFTYS;False;132615;0;Lista General;AUTOSERVICIO - A;43456;02-10-2026;759-GABRIEL PEREZ;SOFTYS;1;0,00000000;975,31
4223;"ESQUEL 1565";Quilmes;2026-10-05;05-10-2026;02-10-2026;FAC-A0001-00343370;Venta;LAGOPUELO S.A;1509749;6,00;7802,52;9441,05;CHEN SHUAI;;0,00 %;2;Fernanda Cejas;25;PD ladysoft clasicos 20x30;1300,42;3430;"";AUTOSERVICIO;AUTOSERVICIO;5381,04;LEONARDO SANTA CRUZ;0,00;$;2;SOFTYS ARGENTINA S.A;0,00000000;0,00;Contado;06-10-2026 11:13;;LADYSOFT;Softy;;SOFTY;PROTECTOR DIARIO;LAGO PUELO;PAPEL;;;25;JOHANA VIGIL;AXUM;;SOFTYS;False;132615;0;Lista General;AUTOSERVICIO - A;43456;02-10-2026;759-GABRIEL PEREZ;SOFTYS;1;0,00000000;1300,42
3026;"ALFONSINA STORNI 724";QUILMES;2026-10-05;05-10-2026;02-10-2026;FAC-A0001-00343372;Venta;LAGOPUELO S.A;1503118;24,00;39248,64;47490,85;CHEN XING;;0,00 %;054;Leonel Caruso;0545;TH BABYSEC ULTRA 50/24;1635,36;3430;"";AUTOSERVICIO;AUTOSERVICIO;27067,92;LEONARDO SANTA CRUZ;0,00;$;2;SOFTYS ARGENTINA S.A;0,00000000;0,00;Contado;06-10-2026 11:13;;BABYSEC;;;;;;PAPEL;;;300;Bruno Centurion;AXUM;;SOFTYS;False;132630;0;Lista General;AUTOSERVICIO - A;43458;02-10-2026;759-GABRIEL PEREZ;SOFTYS;1;0,00000000;1635,36
3232;"LAVALLE 5181";Quilmes;2026-10-05;05-10-2026;02-10-2026;FAC-A0001-00343374;Venta;LAGOPUELO S.A;1501618;1,00;19032,09;23028,83;ESQUIVEL MAURO DAMIAN;;0,00 %;053;Verona Abati;0535;PH HIG  FRESH ALOE 30M X4/12;19032,09;3430;"";AUTOSERVICIO;AUTOSERVICIO;13125,58;LEONARDO SANTA CRUZ;0,00;$;2;SOFTYS ARGENTINA S.A;0,00000000;0,00;Contado;06-10-2026 11:13;;HIGIENOL;Softy;;SOFTY;PAPEL HIG;LAGO PUELO;PAPEL;;;300;Bruno Centurion;AXUM;;SOFTYS;False;132642;0;Lista General;AUTOSERVICIO - A;43460;02-10-2026;759-GABRIEL PEREZ;SOFTYS;1;0,00000000;19032,09
3232;"LAVALLE 5181";Quilmes;2026-10-05;05-10-2026;02-10-2026;FAC-A0001-00343374;Venta;LAGOPUELO S.A;1501586;1,00;30835,45;37310,89;ESQUIVEL MAURO DAMIAN;;0,00 %;053;Verona Abati;0535;PH HIGIENOL HS MAX 50x4;30835,45;3430;"";AUTOSERVICIO;AUTOSERVICIO;21265,83;LEONARDO SANTA CRUZ;0,00;$;2;SOFTYS ARGENTINA S.A;0,00000000;0,00;Contado;06-10-2026 11:13;;HIGIENOL;Softy;;SOFTY;PAPEL HIG;LAGO PUELO;PAPEL;;;300;Bruno Centurion;AXUM;;SOFTYS;False;132642;0;Lista General;AUTOSERVICIO - A;43460;02-10-2026;759-GABRIEL PEREZ;SOFTYS;1;0,00000000;30835,45
3232;"LAVALLE 5181";Quilmes;2026-10-05;05-10-2026;02-10-2026;FAC-A0001-00343374;Venta;LAGOPUELO S.A;1501554;1,00;27773,62;33606,08;ESQUIVEL MAURO DAMIAN;;0,00 %;053;Verona Abati;0535;PH HIGIENOL DH BALANCE 30M X4/10;27773,62;3430;"";AUTOSERVICIO;AUTOSERVICIO;19154,22;LEONARDO SANTA CRUZ;0,00;$;2;SOFTYS ARGENTINA S.A;0,00000000;0,00;Contado;06-10-2026 11:13;;HIGIENOL;Softy;;SOFTY;PAPEL HIG;LAGO PUELO;PAPEL;;;300;Bruno Centurion;AXUM;;SOFTYS;False;132642;0;Lista General;AUTOSERVICIO - A;43460;02-10-2026;759-GABRIEL PEREZ;SOFTYS;1;0,00000000;27773,62
3232;"LAVALLE 5181";Quilmes;2026-10-05;05-10-2026;02-10-2026;FAC-A0001-00343374;Venta;LAGOPUELO S.A;1501553;1,00;22551,25;27287,01;ESQUIVEL MAURO DAMIAN;;15,00 %;053;Verona Abati;0535;PH HIGIENOL DH PLUS FUSI”N 30M x4/10;22551,25;3430;"";AUTOSERVICIO;AUTOSERVICIO;17199,92;LEONARDO SANTA CRUZ;3979,63;$;2;SOFTYS ARGENTINA S.A;0,00000000;0,00;Contado;06-10-2026 11:13;;HIGIENOL;Softy;;SOFTY;PAPEL HIG;LAGO PUELO;PAPEL;81;;300;Bruno Centurion;AXUM;;SOFTYS;False;132642;0;Lista General;AUTOSERVICIO - A;43460;02-10-2026;759-GABRIEL PEREZ;SOFTYS;1;0,00000000;22551,25
3232;"LAVALLE 5181";Quilmes;2026-10-05;05-10-2026;02-10-2026;FAC-A0001-00343374;Venta;LAGOPUELO S.A;1505776;15,00;20980,95;25386,95;ESQUIVEL MAURO DAMIAN;;0,00 %;053;Verona Abati;0535;SE SUSSEX HS 30X30 BLANCA X80;1398,73;3430;"";AUTOSERVICIO;AUTOSERVICIO;15541,50;LEONARDO SANTA CRUZ;0,00;$;2;SOFTYS ARGENTINA S.A;0,00000000;0,00;Contado;06-10-2026 11:13;;SUSSEX;Softy;;SOFTY;SERVILLETA;LAGO PUELO;PAPEL;;;300;Bruno Centurion;AXUM;;SOFTYS;False;132642;0;Lista General;AUTOSERVICIO - A;43460;02-10-2026;759-GABRIEL PEREZ;SOFTYS;1;0,00000000;1398,73
3232;"LAVALLE 5181";Quilmes;2026-10-05;05-10-2026;02-10-2026;FAC-A0001-00343374;Venta;LAGOPUELO S.A;1504078;8,00;17556,05;21242,82;ESQUIVEL MAURO DAMIAN;;10,00 %;053;Verona Abati;0535;PL BABYSEC ULTRASOFT XG X8/15;2194,51;3430;"";AUTOSERVICIO;AUTOSERVICIO;14449,44;LEONARDO SANTA CRUZ;243,83;$;2;SOFTYS ARGENTINA S.A;0,00000000;0,00;Contado;06-10-2026 11:13;;BABYSEC;Softy;;SOFTY;PAÒAL;LAGO PUELO;PAPEL;;;300;Bruno Centurion;AXUM;;SOFTYS;False;132642;0;Lista General;AUTOSERVICIO - A;43460;02-10-2026;759-GABRIEL PEREZ;SOFTYS;1;0,00000000;2194,51
4009;"FLORENCIO VARELA 686";EZPELETA;2026-10-05;05-10-2026;02-10-2026;FAC-A0001-00343375;Venta;LAGOPUELO S.A;1509763;10,00;22650,50;27407,11;HESHENG;;0,00 %;2;Fernanda Cejas;25;TF Nocturna EXT ALGODON 16X16;2265,05;3430;"";AUTOSERVICIO;AUTOSERVICIO;15621,10;LEONARDO SANTA CRUZ;0,00;$;2;SOFTYS ARGENTINA S.A;0,00000000;0,00;Contado;06-10-2026 11:13;;LADYSOFT;Softy;;SOFTY;TOALLA FEMENINA;LAGO PUELO;PAPEL;;;25;JOHANA VIGIL;AXUM;;SOFTYS;False;132667;0;Lista General;AUTOSERVICIO - A;43461;02-10-2026;759-GABRIEL PEREZ;SOFTYS;1;0,00000000;2265,05
4009;"FLORENCIO VARELA 686";EZPELETA;2026-10-05;05-10-2026;02-10-2026;FAC-A0001-00343375;Venta;LAGOPUELO S.A;1509756;20,00;46674,20;56475,78;HESHENG;;0,00 %;2;Fernanda Cejas;25;TF UD T/SECA LADYSOFT UL PRT 16u;2333,71;3430;"";AUTOSERVICIO;AUTOSERVICIO;32189,20;LEONARDO SANTA CRUZ;0,00;$;2;SOFTYS ARGENTINA S.A;0,00000000;0,00;Contado;06-10-2026 11:13;;LADYSOFT;Softy;;SOFTY;TOALLA FEMENINA;LAGO PUELO;PAPEL;;;25;JOHANA VIGIL;AXUM;;SOFTYS;False;132667;0;Lista General;AUTOSERVICIO - A;43461;02-10-2026;759-GABRIEL PEREZ;SOFTYS;1;0,00000000;2333,71
4009;"FLORENCIO VARELA 686";EZPELETA;2026-10-05;05-10-2026;02-10-2026;FAC-A0001-00343375;Venta;LAGOPUELO S.A;1509762;20,00;23443,80;28367,00;HESHENG;;0,00 %;2;Fernanda Cejas;25;TF NOCTUR EXT A 8x32;1172,19;3430;"";AUTOSERVICIO;AUTOSERVICIO;16168,20;LEONARDO SANTA CRUZ;0,00;$;2;SOFTYS ARGENTINA S.A;0,00000000;0,00;Contado;06-10-2026 11:13;;LADYSOFT;Softy;;SOFTY;TOALLA FEMENINA;LAGO PUELO;PAPEL;;;25;JOHANA VIGIL;AXUM;;SOFTYS;False;132667;0;Lista General;AUTOSERVICIO - A;43461;02-10-2026;759-GABRIEL PEREZ;SOFTYS;1;0,00000000;1172,19
3018;"MITRE 1575";Quilmes;2026-10-05;05-10-2026;02-10-2026;FAC-A0001-00343376;Venta;LAGOPUELO S.A;1509764;6,00;5091,84;6161,13;Cheng Zhangjin;;0,00 %;054;Leonel Caruso;0545;TF NORMAL T/SUAVE EXT ALGODON 8x54;848,64;3430;"";AUTOSERVICIO;AUTOSERVICIO;3511,62;LEONARDO SANTA CRUZ;0,00;$;2;SOFTYS ARGENTINA S.A;0,00000000;0,00;Contado;06-10-2026 11:13;;LADYSOFT;Softy;;SOFTY;TOALLA FEMENINA;LAGO PUELO;PAPEL;;;300;Bruno Centurion;AXUM;;SOFTYS;False;132723;0;Lista General;AUTOSERVICIO - A;43464;02-10-2026;759-GABRIEL PEREZ;SOFTYS;1;0,00000000;848,64
3018;"MITRE 1575";Quilmes;2026-10-05;05-10-2026;02-10-2026;FAC-A0001-00343376;Venta;LAGOPUELO S.A;1509766;6,00;5494,80;6648,71;Cheng Zhangjin;;0,00 %;054;Leonel Caruso;0545;TF T/SECA NORMAL MAS PROTECC 8x54;915,80;3430;"";AUTOSERVICIO;AUTOSERVICIO;3789,54;LEONARDO SANTA CRUZ;0,00;$;2;SOFTYS ARGENTINA S.A;0,00000000;0,00;Contado;06-10-2026 11:13;;LADYSOFT;Softy;;SOFTY;TOALLA FEMENINA;LAGO PUELO;PAPEL;;;300;Bruno Centurion;AXUM;;SOFTYS;False;132723;0;Lista General;AUTOSERVICIO - A;43464;02-10-2026;759-GABRIEL PEREZ;SOFTYS;1;0,00000000;915,80
3018;"MITRE 1575";Quilmes;2026-10-05;05-10-2026;02-10-2026;FAC-A0001-00343376;Venta;LAGOPUELO S.A;1509759;6,00;12784,26;15468,95;Cheng Zhangjin;;0,00 %;054;Leonel Caruso;0545;TF UD T/SUAVE EXT ALG 16x20;2130,71;3430;"";AUTOSERVICIO;AUTOSERVICIO;8816,70;LEONARDO SANTA CRUZ;0,00;$;2;SOFTYS ARGENTINA S.A;0,00000000;0,00;Contado;06-10-2026 11:13;;LADYSOFT;Softy;;SOFTY;TOALLA FEMENINA;LAGO PUELO;PAPEL;;;300;Bruno Centurion;AXUM;;SOFTYS;False;132723;0;Lista General;AUTOSERVICIO - A;43464;02-10-2026;759-GABRIEL PEREZ;SOFTYS;1;0,00000000;2130,71
23288;"Dr. Jos√© Alberto Kellertas - (AUTOSERVICIOS) 347";LONGCHAMPS;2026-10-05;05-10-2026;02-10-2026;FAC-A0001-00343378;Venta;LAGOPUELO S.A;1509763;10,00;22650,50;27407,11;CHEN JUAN;;0,00 %;062;Nahuel Martinez;0625;TF Nocturna EXT ALGODON 16X16;2265,05;3433;"";Otros;SIN SUB;15621,10;WALTER JANIUK;0,00;$;2;SOFTYS ARGENTINA S.A;0,00000000;0,00;Contado;06-10-2026 08:52;;LADYSOFT;Softy;;SOFTY;TOALLA FEMENINA;LAGO PUELO;PAPEL;;;300;Bruno Centurion;AXUM;;SOFTYS;False;132208;0;Lista General;SIN SUB - A;43195;02-10-2026;759-GABRIEL PEREZ;SOFTYS;1;0,00000000;2265,05
23288;"Dr. Jos√© Alberto Kellertas - (AUTOSERVICIOS) 347";LONGCHAMPS;2026-10-05;05-10-2026;02-10-2026;FAC-A0001-00343378;Venta;LAGOPUELO S.A;1509766;15,00;13737,00;16621,77;CHEN JUAN;;0,00 %;062;Nahuel Martinez;0625;TF T/SECA NORMAL MAS PROTECC 8x54;915,80;3433;"";Otros;SIN SUB;9473,85;WALTER JANIUK;0,00;$;2;SOFTYS ARGENTINA S.A;0,00000000;0,00;Contado;06-10-2026 08:52;;LADYSOFT;Softy;;SOFTY;TOALLA FEMENINA;LAGO PUELO;PAPEL;;;300;Bruno Centurion;AXUM;;SOFTYS;False;132208;0;Lista General;SIN SUB - A;43195;02-10-2026;759-GABRIEL PEREZ;SOFTYS;1;0,00000000;915,80
23288;"Dr. Jos√© Alberto Kellertas - (AUTOSERVICIOS) 347";LONGCHAMPS;2026-10-05;05-10-2026;02-10-2026;FAC-A0001-00343378;Venta;LAGOPUELO S.A;1503118;72,00;117745,92;142472,56;CHEN JUAN;;0,00 %;062;Nahuel Martinez;0625;TH BABYSEC ULTRA 50/24;1635,36;3433;"";Otros;SIN SUB;81203,76;WALTER JANIUK;0,00;$;2;SOFTYS ARGENTINA S.A;0,00000000;0,00;Contado;06-10-2026 08:52;;BABYSEC;;;;;;PAPEL;;;300;Bruno Centurion;AXUM;;SOFTYS;False;132208;0;Lista General;SIN SUB - A;43195;02-10-2026;759-GABRIEL PEREZ;SOFTYS;1;0,00000000;1635,36
29096;"CARLOS BUNGE ENT POSADAS Y ASCASUBI - (AUTOSERVICIOS) 3676";LONGCHAMPS;2026-10-05;05-10-2026;02-10-2026;FAC-A0001-00343380;Venta;LAGOPUELO S.A;1501627;2,00;24081,41;29138,50;TIARA AGUSTINA RAMIREZ;;10,00 %;062;Nahuel Martinez;0625;PH Higienol HS Balanced 20mx4/12;12040,70;3433;"";ALMACEN;ALMACEN;18976,68;WALTER JANIUK;1337,86;$;2;SOFTYS ARGENTINA S.A;0,00000000;0,00;Contado;06-10-2026 08:52;;HIGIENOL;Softy;;SOFTY;PAPEL HIG;LAGO PUELO;PAPEL;103;;300;Bruno Centurion;AXUM;;SOFTYS;False;132419;0;Lista General;ALMACEN - A;43200;02-10-2026;759-GABRIEL PEREZ;SOFTYS;1;0,00000000;12040,70
23197;"Languenheim - (AUTOSERVICIOS) 418";LONGCHAMPS;2026-10-05;05-10-2026;02-10-2026;FAC-A0001-00343381;Venta;LAGOPUELO S.A;1504079;15,00;32917,59;39830,28;LI HONG;;10,00 %;062;Nahuel Martinez;0625;PL BABYSEC ULTRASOFT XXG 8/15;2194,51;3433;"Venta modificada el 2026-10-02 17:01:32";AUTOSERVICIO;Autoservicio B;27092,70;WALTER JANIUK;243,83;$;2;SOFTYS ARGENTINA S.A;0,00000000;0,00;Contado;06-10-2026 08:52;;BABYSEC;Softy;;SOFTY;PAÒAL;LAGO PUELO;PAPEL;;;300;Bruno Centurion;AXUM;;SOFTYS;False;132420;0;Lista General;Autoservicio B - A;43201;02-10-2026;759-GABRIEL PEREZ;SOFTYS;1;0,00000000;2194,51
23197;"Languenheim - (AUTOSERVICIOS) 418";LONGCHAMPS;2026-10-05;05-10-2026;02-10-2026;FAC-A0001-00343381;Venta;LAGOPUELO S.A;1509762;12,00;14066,28;17020,20;LI HONG;;0,00 %;062;Nahuel Martinez;0625;TF NOCTUR EXT A 8x32;1172,19;3433;"Venta modificada el 2026-10-02 17:01:32";AUTOSERVICIO;Autoservicio B;9700,92;WALTER JANIUK;0,00;$;2;SOFTYS ARGENTINA S.A;0,00000000;0,00;Contado;06-10-2026 08:52;;LADYSOFT;Softy;;SOFTY;TOALLA FEMENINA;LAGO PUELO;PAPEL;;;300;Bruno Centurion;AXUM;;SOFTYS;False;132420;0;Lista General;Autoservicio B - A;43201;02-10-2026;759-GABRIEL PEREZ;SOFTYS;1;0,00000000;1172,19
23290;"Intendente Perrando - (AUTOSERVICIOS) 1448";LONGCHAMPS;2026-10-05;05-10-2026;02-10-2026;FAC-A0001-00343385;Venta;LAGOPUELO S.A;1509758;10,00;11157,40;13500,45;CAI QUINGSHUN;;0,00 %;062;Nahuel Martinez;0625;TF UD T/SUAVE EXT ALGO 8X40;1115,74;3433;"";AUTOSERVICIO;Autoservicio B;7694,80;WALTER JANIUK;0,00;$;2;SOFTYS ARGENTINA S.A;0,00000000;0,00;Contado;06-10-2026 08:52;;LADYSOFT;Softy;;SOFTY;TOALLA FEMENINA;LAGO PUELO;PAPEL;;;300;Bruno Centurion;AXUM;;SOFTYS;False;132426;0;Lista General;Autoservicio B - A;43206;02-10-2026;759-GABRIEL PEREZ;SOFTYS;1;0,00000000;1115,74
878;"san martin 1266";Longchamps;2026-10-05;05-10-2026;02-10-2026;FAC-A0001-00343388;Venta;LAGOPUELO S.A;1509758;10,00;11157,40;13500,45;Chen Dami;;0,00 %;062;Nahuel Martinez;0625;TF UD T/SUAVE EXT ALGO 8X40;1115,74;3433;"";AUTOSERVICIO;AUTOSERVICIO;7694,80;WALTER JANIUK;0,00;$;2;SOFTYS ARGENTINA S.A;0,00000000;0,00;Contado;06-10-2026 08:52;;LADYSOFT;Softy;;SOFTY;TOALLA FEMENINA;LAGO PUELO;PAPEL;;;300;Bruno Centurion;AXUM;;SOFTYS;False;132485;0;Lista General;AUTOSERVICIO - A;43212;02-10-2026;759-GABRIEL PEREZ;SOFTYS;1;0,00000000;1115,74
23279;"Provincia de Buenos Aires - (AUTOSERVICIOS) 1160";LONGCHAMPS;2026-10-05;05-10-2026;02-10-2026;FAC-A0001-00343391;Venta;LAGOPUELO S.A;1509756;10,00;23337,10;28237,89;YAN XIAPING;;0,00 %;062;Nahuel Martinez;0625;TF UD T/SECA LADYSOFT UL PRT 16u;2333,71;3433;"";AUTOSERVICIO;Autoservicio A;16094,60;WALTER JANIUK;0,00;$;2;SOFTYS ARGENTINA S.A;0,00000000;0,00;Contado;06-10-2026 08:52;;LADYSOFT;Softy;;SOFTY;TOALLA FEMENINA;LAGO PUELO;PAPEL;;;300;Bruno Centurion;AXUM;;SOFTYS;False;132503;0;Lista General;Autoservicio A - A;43215;02-10-2026;759-GABRIEL PEREZ;SOFTYS;1;0,00000000;2333,71
23279;"Provincia de Buenos Aires - (AUTOSERVICIOS) 1160";LONGCHAMPS;2026-10-05;05-10-2026;02-10-2026;FAC-A0001-00343391;Venta;LAGOPUELO S.A;1509763;10,00;22650,50;27407,11;YAN XIAPING;;0,00 %;062;Nahuel Martinez;0625;TF Nocturna EXT ALGODON 16X16;2265,05;3433;"";AUTOSERVICIO;Autoservicio A;15621,10;WALTER JANIUK;0,00;$;2;SOFTYS ARGENTINA S.A;0,00000000;0,00;Contado;06-10-2026 08:52;;LADYSOFT;Softy;;SOFTY;TOALLA FEMENINA;LAGO PUELO;PAPEL;;;300;Bruno Centurion;AXUM;;SOFTYS;False;132503;0;Lista General;Autoservicio A - A;43215;02-10-2026;759-GABRIEL PEREZ;SOFTYS;1;0,00000000;2265,05
23279;"Provincia de Buenos Aires - (AUTOSERVICIOS) 1160";LONGCHAMPS;2026-10-05;05-10-2026;02-10-2026;FAC-A0001-00343391;Venta;LAGOPUELO S.A;1509762;10,00;11721,90;14183,50;YAN XIAPING;;0,00 %;062;Nahuel Martinez;0625;TF NOCTUR EXT A 8x32;1172,19;3433;"";AUTOSERVICIO;Autoservicio A;8084,10;WALTER JANIUK;0,00;$;2;SOFTYS ARGENTINA S.A;0,00000000;0,00;Contado;06-10-2026 08:52;;LADYSOFT;Softy;;SOFTY;TOALLA FEMENINA;LAGO PUELO;PAPEL;;;300;Bruno Centurion;AXUM;;SOFTYS;False;132503;0;Lista General;Autoservicio A - A;43215;02-10-2026;759-GABRIEL PEREZ;SOFTYS;1;0,00000000;1172,19
23292;"Av. Pres. Hipolito Yrigoyen - (AUTOSERVICIOS) 17365";LONGCHAMPS;2026-10-05;05-10-2026;02-10-2026;FAC-A0001-00343392;Venta;LAGOPUELO S.A;1509766;10,00;9158,00;11081,18;HUANG EVELYN;;0,00 %;062;Nahuel Martinez;0625;TF T/SECA NORMAL MAS PROTECC 8x54;915,80;3433;"";AUTOSERVICIO;Autoservicio A;6315,90;WALTER JANIUK;0,00;$;2;SOFTYS ARGENTINA S.A;0,00000000;0,00;Contado;06-10-2026 08:52;;LADYSOFT;Softy;;SOFTY;TOALLA FEMENINA;LAGO PUELO;PAPEL;;;300;Bruno Centurion;AXUM;;SOFTYS;False;132566;0;Lista General;Autoservicio A - A;43216;02-10-2026;759-GABRIEL PEREZ;SOFTYS;1;0,00000000;915,80
23292;"Av. Pres. Hipolito Yrigoyen - (AUTOSERVICIOS) 17365";LONGCHAMPS;2026-10-05;05-10-2026;02-10-2026;FAC-A0001-00343392;Venta;LAGOPUELO S.A;1509756;10,00;23337,10;28237,89;HUANG EVELYN;;0,00 %;062;Nahuel Martinez;0625;TF UD T/SECA LADYSOFT UL PRT 16u;2333,71;3433;"";AUTOSERVICIO;Autoservicio A;16094,60;WALTER JANIUK;0,00;$;2;SOFTYS ARGENTINA S.A;0,00000000;0,00;Contado;06-10-2026 08:52;;LADYSOFT;Softy;;SOFTY;TOALLA FEMENINA;LAGO PUELO;PAPEL;;;300;Bruno Centurion;AXUM;;SOFTYS;False;132566;0;Lista General;Autoservicio A - A;43216;02-10-2026;759-GABRIEL PEREZ;SOFTYS;1;0,00000000;2333,71
23292;"Av. Pres. Hipolito Yrigoyen - (AUTOSERVICIOS) 17365";LONGCHAMPS;2026-10-05;05-10-2026;02-10-2026;FAC-A0001-00343392;Venta;LAGOPUELO S.A;1509765;6,00;9973,08;12067,43;HUANG EVELYN;;0,00 %;062;Nahuel Martinez;0625;TF NORMALT/SUAVE EXT ALG 16x27;1662,18;3433;"";AUTOSERVICIO;Autoservicio A;6877,98;WALTER JANIUK;0,00;$;2;SOFTYS ARGENTINA S.A;0,00000000;0,00;Contado;06-10-2026 08:52;;LADYSOFT;Softy;;SOFTY;TOALLA FEMENINA;LAGO PUELO;PAPEL;;;300;Bruno Centurion;AXUM;;SOFTYS;False;132566;0;Lista General;Autoservicio A - A;43216;02-10-2026;759-GABRIEL PEREZ;SOFTYS;1;0,00000000;1662,18
23085;"GOB ARIAS - (AUTOSERVICIOS) 3077";GLEW;2026-10-05;05-10-2026;02-10-2026;FAC-A0001-00343394;Venta;LAGOPUELO S.A;1502206;1,00;26373,10;31911,45;ZHENG HUAQING;;0,00 %;061;Nailah Guzman;0615;RC ELITE ULTRA CON ALGODON 120p x2/10;26373,10;3433;"Venta modificada el 2026-10-02 17:01:52";AUTOSERVICIO;Autoservicio A;19535,63;WALTER JANIUK;0,00;$;2;SOFTYS ARGENTINA S.A;0,00000000;0,00;Contado;06-10-2026 08:52;;ELITE;Softy;;SOFTY;ROLLO DE COCINA;LAGO PUELO;PAPEL;;;300;Bruno Centurion;AXUM;;SOFTYS;False;132617;0;Lista General;Autoservicio A - A;43223;02-10-2026;759-GABRIEL PEREZ;SOFTYS;1;0,00000000;26373,10
23296;"INT A. PINTOS e/Mercedes y comb. de Santiago - (AUTOSERVICIOS) 3255";LONGCHAMPS;2026-10-05;05-10-2026;02-10-2026;FAC-A0001-00343396;Venta;LAGOPUELO S.A;1509755;40,00;47986,80;58064,03;ZHUANG HONG;;0,00 %;062;Nahuel Martinez;0625;TF UD T/SECA LADYSOFT ULTRA PROTECT 8;1199,67;3433;"";AUTOSERVICIO;Autoservicio B;33094,40;WALTER JANIUK;0,00;$;2;SOFTYS ARGENTINA S.A;0,00000000;0,00;Contado;06-10-2026 08:52;;LADYSOFT;Softy;;SOFTY;TOALLA FEMENINA;LAGO PUELO;PAPEL;;;300;Bruno Centurion;AXUM;;SOFTYS;False;132655;0;Lista General;Autoservicio B - A;43224;02-10-2026;759-GABRIEL PEREZ;SOFTYS;1;0,00000000;1199,67
23296;"INT A. PINTOS e/Mercedes y comb. de Santiago - (AUTOSERVICIOS) 3255";LONGCHAMPS;2026-10-05;05-10-2026;02-10-2026;FAC-A0001-00343396;Venta;LAGOPUELO S.A;1509763;10,00;22650,50;27407,11;ZHUANG HONG;;0,00 %;062;Nahuel Martinez;0625;TF Nocturna EXT ALGODON 16X16;2265,05;3433;"";AUTOSERVICIO;Autoservicio B;15621,10;WALTER JANIUK;0,00;$;2;SOFTYS ARGENTINA S.A;0,00000000;0,00;Contado;06-10-2026 08:52;;LADYSOFT;Softy;;SOFTY;TOALLA FEMENINA;LAGO PUELO;PAPEL;;;300;Bruno Centurion;AXUM;;SOFTYS;False;132655;0;Lista General;Autoservicio B - A;43224;02-10-2026;759-GABRIEL PEREZ;SOFTYS;1;0,00000000;2265,05
23982;"MALVINAS - (TRADICIONAL) 2540";MONTE GRANDE;2026-10-05;05-10-2026;30-09-2026;FAC-B0001-00018656;Venta;LAGOPUELO S.A;1501553;2,00;37831,13;45775,67;RICARDO HERRERA;;23,00 %;064;Karina Fernandez;0643;PH HIGIENOL DH PLUS FUSI”N 30M x4/10;18915,57;3429;"";ALMACEN;ALMACEN;31851,76;SIMON OLIVERA;5650,10;$;2;SOFTYS ARGENTINA S.A;0,00000000;0,00;Contado;06-10-2026 15:41;;HIGIENOL;Softy;;SOFTY;PAPEL HIG;LAGO PUELO;PAPEL;81;;300;Bruno Centurion;AXUM;;SOFTYS;False;131070;0;Lista General;ALMACEN - A;43236;02-10-2026;509-LUCAS GODOY;SOFTYS;1;0,00000000;18915,57
23710;"LAS TALITAS 1000";ESTEBAN ECHEVERR√¬çA;2026-10-05;05-10-2026;01-10-2026;FAC-B0001-00018658;Venta;LAGOPUELO S.A;1501627;2,00;24081,41;29138,50;CORREA LORENZO;;10,00 %;064;Karina Fernandez;0644;PH Higienol HS Balanced 20mx4/12;12040,70;3429;"";ALMACEN;ALMACEN;18976,68;SIMON OLIVERA;1337,86;$;2;SOFTYS ARGENTINA S.A;0,00000000;0,00;Contado;06-10-2026 15:41;;HIGIENOL;Softy;;SOFTY;PAPEL HIG;LAGO PUELO;PAPEL;103;;300;Bruno Centurion;AXUM;;SOFTYS;False;131784;0;Lista General;ALMACEN - A;43244;02-10-2026;509-LUCAS GODOY;SOFTYS;1;0,00000000;12040,70
23947;"ZUVIRIA - 727";MONTE GRANDE;2026-10-05;05-10-2026;01-10-2026;FAC-B0001-00018660;Venta;LAGOPUELO S.A;1501627;1,00;12040,70;14569,25;ZUNILDA CASCO RAMIREZ;;10,00 %;064;Karina Fernandez;0644;PH Higienol HS Balanced 20mx4/12;12040,70;3429;"";ALMACEN;ALMACEN;9488,34;SIMON OLIVERA;1337,86;$;2;SOFTYS ARGENTINA S.A;0,00000000;0,00;Contado;06-10-2026 15:41;;HIGIENOL;Softy;;SOFTY;PAPEL HIG;LAGO PUELO;PAPEL;103;;300;Bruno Centurion;AXUM;;SOFTYS;False;131830;0;Lista General;ALMACEN - A;43246;02-10-2026;509-LUCAS GODOY;SOFTYS;1;0,00000000;12040,70
3985;"JOAQUIN V GONZALEZ 998";MONTE GRANDE;2026-10-05;05-10-2026;01-10-2026;FAC-B0001-00018664;Venta;LAGOPUELO S.A;1509765;27,00;44878,86;54303,42;Lee pei hua;;0,00 %;064;Karina Fernandez;0644;TF NORMALT/SUAVE EXT ALG 16x27;1662,18;3429;"";AUTOSERVICIO;Autoservicio A;30950,91;SIMON OLIVERA;0,00;$;2;SOFTYS ARGENTINA S.A;0,00000000;0,00;Contado;06-10-2026 15:41;;LADYSOFT;Softy;;SOFTY;TOALLA FEMENINA;LAGO PUELO;PAPEL;;;300;Bruno Centurion;AXUM;;SOFTYS;False;131879;0;Lista General;Autoservicio A - A;43251;02-10-2026;509-LUCAS GODOY;SOFTYS;1;0,00000000;1662,18
3985;"JOAQUIN V GONZALEZ 998";MONTE GRANDE;2026-10-05;05-10-2026;01-10-2026;FAC-B0001-00018664;Venta;LAGOPUELO S.A;1509768;54,00;52666,74;63726,76;Lee pei hua;;0,00 %;064;Karina Fernandez;0644;TF NORMAL T/SUAVE PIEL SENSIBLE 8x54;975,31;3429;"";AUTOSERVICIO;Autoservicio A;36322,02;SIMON OLIVERA;0,00;$;2;SOFTYS ARGENTINA S.A;0,00000000;0,00;Contado;06-10-2026 15:41;;LADYSOFT;Softy;;SOFTY;TOALLA FEMENINA;LAGO PUELO;PAPEL;;;300;Bruno Centurion;AXUM;;SOFTYS;False;131879;0;Lista General;Autoservicio A - A;43251;02-10-2026;509-LUCAS GODOY;SOFTYS;1;0,00000000;975,31
27405;"Viamonte - (AUTOSERVICIOS) 1045";BANFIELD;2026-10-05;05-10-2026;02-10-2026;FAC-B0001-00018669;Venta;LAGOPUELO S.A;1502607;5,00;139292,95;168544,47;Lin Shaobo;;0,00 %;073;Florencia Cubilla;0735;PH ELITE ULTRA DH SOFT T C/ALG 30Mx4;27858,59;3427;"";AUTOSERVICIO;Autoservicio A;93185,00;NAHUEL MONTOYA;0,00;$;2;SOFTYS ARGENTINA S.A;0,00000000;0,00;Contado;07-10-2026 08:19;;ELITE;Softy;;SOFTY;PAPEL HIG;LAGO PUELO;PAPEL;;;300;Bruno Centurion;AXUM;;SOFTYS;False;132347;0;Lista General;Autoservicio A - A;43374;02-10-2026;5553-JORGE MONZON;SOFTYS;1;0,00000000;27858,59
107876;"25  De Mayo 631 0";Avellaneda;2026-10-05;05-10-2026;02-10-2026;FAC-B0001-00018670;Venta;LAGOPUELO S.A;1501627;2,00;24081,41;29138,50;Marco Zhang;;10,00 %;29;Camila Navarrete;295;PH Higienol HS Balanced 20mx4/12;12040,70;3426;"";AUTOSERVICIO;AUTOSERVICIO;18976,68;HERNAN RIVERO;1337,86;$;2;SOFTYS ARGENTINA S.A;0,00000000;0,00;Efectivo;06-10-2026 09:23;;HIGIENOL;Softy;;SOFTY;PAPEL HIG;LAGO PUELO;PAPEL;103;;25;JOHANA VIGIL;AXUM;;SOFTYS;False;132378;0;Lista General;AUTOSERVICIO - A;43470;02-10-2026;5553-JORGE MONZON;SOFTYS;1;0,00000000;12040,70
709;"INT BEGUIRISTAIN 435";Avellaneda;2026-10-05;05-10-2026;02-10-2026;FAC-B0001-00018671;Venta;LAGOPUELO S.A;1509764;1,00;0,00;0,00;Kiosco Kate;;100,00 %;27;Samanta Dogliotti;275;TF NORMAL T/SUAVE EXT ALGODON 8x54;0,00;3426;"";KIOSCO;KIOSCO;585,27;HERNAN RIVERO;848,64;$;2;SOFTYS ARGENTINA S.A;0,00000000;0,00;Contado;06-10-2026 09:23;;LADYSOFT;Softy;;SOFTY;TOALLA FEMENINA;LAGO PUELO;PAPEL;65;;25;JOHANA VIGIL;AXUM;;SOFTYS;False;132504;0;Lista General;KIOSCO - A;43475;02-10-2026;5553-JORGE MONZON;SOFTYS;1;0,00000000;0,00
709;"INT BEGUIRISTAIN 435";Avellaneda;2026-10-05;05-10-2026;02-10-2026;FAC-B0001-00018671;Venta;LAGOPUELO S.A;1509764;10,00;8486,40;10268,54;Kiosco Kate;;0,00 %;27;Samanta Dogliotti;275;TF NORMAL T/SUAVE EXT ALGODON 8x54;848,64;3426;"";KIOSCO;KIOSCO;5852,70;HERNAN RIVERO;0,00;$;2;SOFTYS ARGENTINA S.A;0,00000000;0,00;Contado;06-10-2026 09:23;;LADYSOFT;Softy;;SOFTY;TOALLA FEMENINA;LAGO PUELO;PAPEL;;;25;JOHANA VIGIL;AXUM;;SOFTYS;False;132504;0;Lista General;KIOSCO - A;43475;02-10-2026;5553-JORGE MONZON;SOFTYS;1;0,00000000;848,64
4005;"MITRE 4102";EZPELETA;2026-10-05;05-10-2026;02-10-2026;FAC-B0001-00018673;Venta;LAGOPUELO S.A;1501627;2,00;24081,41;29138,50;MARTINEZ NATIVIDAD;;10,00 %;054;Leonel Caruso;0545;PH Higienol HS Balanced 20mx4/12;12040,70;3430;"";ALMACEN;ALMACEN;18976,68;LEONARDO SANTA CRUZ;1337,86;$;2;SOFTYS ARGENTINA S.A;0,00000000;0,00;Contado;06-10-2026 11:13;;HIGIENOL;Softy;;SOFTY;PAPEL HIG;LAGO PUELO;PAPEL;103;;300;Bruno Centurion;AXUM;;SOFTYS;False;132307;0;Lista General;ALMACEN - A;43445;02-10-2026;759-GABRIEL PEREZ;SOFTYS;1;0,00000000;12040,70
4043;"SANTA FE 1494";EZPELETA;2026-10-05;05-10-2026;02-10-2026;FAC-B0001-00018675;Venta;LAGOPUELO S.A;1504078;15,00;32917,59;39830,28;PINEDA FABIANA;;10,00 %;2;Fernanda Cejas;25;PL BABYSEC ULTRASOFT XG X8/15;2194,51;3430;"";Tradicionales;Almacen;27092,70;LEONARDO SANTA CRUZ;243,83;$;2;SOFTYS ARGENTINA S.A;0,00000000;0,00;Contado;06-10-2026 11:13;;BABYSEC;Softy;;SOFTY;PAÒAL;LAGO PUELO;PAPEL;;;25;JOHANA VIGIL;AXUM;;SOFTYS;False;132344;0;Lista General;Almacen - A;43447;02-10-2026;759-GABRIEL PEREZ;SOFTYS;1;0,00000000;2194,51
4043;"SANTA FE 1494";EZPELETA;2026-10-05;05-10-2026;02-10-2026;FAC-B0001-00018675;Venta;LAGOPUELO S.A;1504079;15,00;32917,59;39830,28;PINEDA FABIANA;;10,00 %;2;Fernanda Cejas;25;PL BABYSEC ULTRASOFT XXG 8/15;2194,51;3430;"";Tradicionales;Almacen;27092,70;LEONARDO SANTA CRUZ;243,83;$;2;SOFTYS ARGENTINA S.A;0,00000000;0,00;Contado;06-10-2026 11:13;;BABYSEC;Softy;;SOFTY;PAÒAL;LAGO PUELO;PAPEL;;;25;JOHANA VIGIL;AXUM;;SOFTYS;False;132344;0;Lista General;Almacen - A;43447;02-10-2026;759-GABRIEL PEREZ;SOFTYS;1;0,00000000;2194,51
4043;"SANTA FE 1494";EZPELETA;2026-10-05;05-10-2026;02-10-2026;FAC-B0001-00018675;Venta;LAGOPUELO S.A;1503118;12,00;19624,32;23745,43;PINEDA FABIANA;;0,00 %;2;Fernanda Cejas;25;TH BABYSEC ULTRA 50/24;1635,36;3430;"";Tradicionales;Almacen;13533,96;LEONARDO SANTA CRUZ;0,00;$;2;SOFTYS ARGENTINA S.A;0,00000000;0,00;Contado;06-10-2026 11:13;;BABYSEC;;;;;;PAPEL;;;25;JOHANA VIGIL;AXUM;;SOFTYS;False;132344;0;Lista General;Almacen - A;43447;02-10-2026;759-GABRIEL PEREZ;SOFTYS;1;0,00000000;1635,36
4043;"SANTA FE 1494";EZPELETA;2026-10-05;05-10-2026;02-10-2026;FAC-B0001-00018675;Venta;LAGOPUELO S.A;1509766;6,00;5494,80;6648,71;PINEDA FABIANA;;0,00 %;2;Fernanda Cejas;25;TF T/SECA NORMAL MAS PROTECC 8x54;915,80;3430;"";Tradicionales;Almacen;3789,54;LEONARDO SANTA CRUZ;0,00;$;2;SOFTYS ARGENTINA S.A;0,00000000;0,00;Contado;06-10-2026 11:13;;LADYSOFT;Softy;;SOFTY;TOALLA FEMENINA;LAGO PUELO;PAPEL;;;25;JOHANA VIGIL;AXUM;;SOFTYS;False;132344;0;Lista General;Almacen - A;43447;02-10-2026;759-GABRIEL PEREZ;SOFTYS;1;0,00000000;915,80
4043;"SANTA FE 1494";EZPELETA;2026-10-05;05-10-2026;02-10-2026;FAC-B0001-00018675;Venta;LAGOPUELO S.A;1509762;5,00;5860,95;7091,75;PINEDA FABIANA;;0,00 %;2;Fernanda Cejas;25;TF NOCTUR EXT A 8x32;1172,19;3430;"";Tradicionales;Almacen;4042,05;LEONARDO SANTA CRUZ;0,00;$;2;SOFTYS ARGENTINA S.A;0,00000000;0,00;Contado;06-10-2026 11:13;;LADYSOFT;Softy;;SOFTY;TOALLA FEMENINA;LAGO PUELO;PAPEL;;;25;JOHANA VIGIL;AXUM;;SOFTYS;False;132344;0;Lista General;Almacen - A;43447;02-10-2026;759-GABRIEL PEREZ;SOFTYS;1;0,00000000;1172,19
22382;"AV FLORENCIO VARELA - (KIOSCOS/MAXI) 584";EZPELETA ESTE;2026-10-05;05-10-2026;02-10-2026;FAC-B0001-00018678;Venta;LAGOPUELO S.A;1505708;1,00;22612,61;27361,26;MIRTA MONTENEGRO;;0,00 %;2;Fernanda Cejas;25;RC SUSEEX CLS MEGARROLO ALTO 200X1;22612,61;3430;"";ALMACEN;ALMACEN;16750,08;LEONARDO SANTA CRUZ;0,00;$;2;SOFTYS ARGENTINA S.A;0,00000000;0,00;Contado;06-10-2026 11:13;;SUSSEX;Softy;;SOFTY;ROLLO DE COCINA;LAGO PUELO;PAPEL;;;25;JOHANA VIGIL;AXUM;;SOFTYS;False;132697;0;Lista General;ALMACEN - A;43463;02-10-2026;759-GABRIEL PEREZ;SOFTYS;1;0,00000000;22612,61
22382;"AV FLORENCIO VARELA - (KIOSCOS/MAXI) 584";EZPELETA ESTE;2026-10-05;05-10-2026;02-10-2026;FAC-B0001-00018678;Venta;LAGOPUELO S.A;1501553;1,00;22551,25;27287,01;MIRTA MONTENEGRO;;15,00 %;2;Fernanda Cejas;25;PH HIGIENOL DH PLUS FUSI”N 30M x4/10;22551,25;3430;"";ALMACEN;ALMACEN;17199,92;LEONARDO SANTA CRUZ;3979,63;$;2;SOFTYS ARGENTINA S.A;0,00000000;0,00;Contado;06-10-2026 11:13;;HIGIENOL;Softy;;SOFTY;PAPEL HIG;LAGO PUELO;PAPEL;81;;25;JOHANA VIGIL;AXUM;;SOFTYS;False;132697;0;Lista General;ALMACEN - A;43463;02-10-2026;759-GABRIEL PEREZ;SOFTYS;1;0,00000000;22551,25
23874;"SAN IGNACIO - (AUTOSERVICIOS) 667";LONGCHAMPS;2026-10-05;05-10-2026;02-10-2026;FAC-B0001-00018680;Venta;LAGOPUELO S.A;1501553;1,00;22551,25;27287,01;MONICA BARROSO;;15,00 %;062;Nahuel Martinez;0625;PH HIGIENOL DH PLUS FUSI”N 30M x4/10;22551,25;3433;"";ALMACEN;ALMACEN;17199,92;WALTER JANIUK;3979,63;$;2;SOFTYS ARGENTINA S.A;0,00000000;0,00;Contado;06-10-2026 08:52;;HIGIENOL;Softy;;SOFTY;PAPEL HIG;LAGO PUELO;PAPEL;81;;300;Bruno Centurion;AXUM;;SOFTYS;False;132427;0;Lista General;ALMACEN - A;43207;02-10-2026;759-GABRIEL PEREZ;SOFTYS;1;0,00000000;22551,25
23274;"GRL ALVEAR 887";Almirante Brown;2026-10-05;05-10-2026;02-10-2026;FAC-B0001-00018685;Venta;LAGOPUELO S.A;1501585;1,00;36501,38;44166,67;CARNICERIA ROSETI;;0,00 %;062;Nahuel Martinez;0625;PH HIGIENOL HS MAX ALOE PANAL 80M X4;36501,38;3433;"";ALMACEN;ALMACEN;24669,76;WALTER JANIUK;0,00;$;2;SOFTYS ARGENTINA S.A;0,00000000;0,00;Contado;06-10-2026 08:52;;HIGIENOL;Softy;;SOFTY;PAPEL HIG;LAGO PUELO;PAPEL;;;300;Bruno Centurion;AXUM;;SOFTYS;False;132734;0;Lista General;ALMACEN - C;43232;02-10-2026;759-GABRIEL PEREZ;SOFTYS;1;0,00000000;36501,38
23274;"GRL ALVEAR 887";Almirante Brown;2026-10-05;05-10-2026;02-10-2026;FAC-B0001-00018685;Venta;LAGOPUELO S.A;1503118;12,00;19624,32;23745,43;CARNICERIA ROSETI;;0,00 %;062;Nahuel Martinez;0625;TH BABYSEC ULTRA 50/24;1635,36;3433;"";ALMACEN;ALMACEN;13533,96;WALTER JANIUK;0,00;$;2;SOFTYS ARGENTINA S.A;0,00000000;0,00;Contado;06-10-2026 08:52;;BABYSEC;;;;;;PAPEL;;;300;Bruno Centurion;AXUM;;SOFTYS;False;132734;0;Lista General;ALMACEN - C;43232;02-10-2026;759-GABRIEL PEREZ;SOFTYS;1;0,00000000;1635,36
23448;"AV GRL SAN MARTIN 1765";Almirante Brown;2026-10-05;02-10-2026;05-10-2026;NCR-A0001-00048833;DevoluciÛn por Rechazo;LAGOPUELO S.A;1505411;-36,00;-54137,88;-65506,83;JIACHEN S.R.L.;NO QUIERE EL CLIENTE;0,00 %;062;Nahuel Martinez;0624;P— ELITE FACIALES DISNEY x90/36;1503,83;3416;"";AUTOSERVICIO;Autoservicio A;-37336,32;NAHUEL MONTOYA;0,00;$;2;SOFTYS ARGENTINA S.A;0,00000000;0,00;Contado;05-10-2026 09:06;;ELITE;Softy;;SOFTY;PAÒUELOS;LAGO PUELO;PAPEL;;;300;Bruno Centurion;Gescom;FAC-A0001-00343087;;True;132816;0;Lista General;Autoservicio A - A;;01-01-2000;;SOFTYS;1;0,00000000;1503,83
23448;"AV GRL SAN MARTIN 1765";Almirante Brown;2026-10-05;02-10-2026;05-10-2026;NCR-A0001-00048833;DevoluciÛn por Rechazo;LAGOPUELO S.A;1509766;-15,00;-13737,00;-16621,77;JIACHEN S.R.L.;NO QUIERE EL CLIENTE;0,00 %;062;Nahuel Martinez;0624;TF T/SECA NORMAL MAS PROTECC 8x54;915,80;3416;"";AUTOSERVICIO;Autoservicio A;-9473,85;NAHUEL MONTOYA;0,00;$;2;SOFTYS ARGENTINA S.A;0,00000000;0,00;Contado;05-10-2026 09:06;;LADYSOFT;Softy;;SOFTY;TOALLA FEMENINA;LAGO PUELO;PAPEL;;;300;Bruno Centurion;Gescom;FAC-A0001-00343087;;True;132816;0;Lista General;Autoservicio A - A;;01-01-2000;;SOFTYS;1;0,00000000;915,80
23448;"AV GRL SAN MARTIN 1765";Almirante Brown;2026-10-05;02-10-2026;05-10-2026;NCR-A0001-00048833;DevoluciÛn por Rechazo;LAGOPUELO S.A;1509758;-15,00;-16736,10;-20250,68;JIACHEN S.R.L.;NO QUIERE EL CLIENTE;0,00 %;062;Nahuel Martinez;0624;TF UD T/SUAVE EXT ALGO 8X40;1115,74;3416;"";AUTOSERVICIO;Autoservicio A;-11542,20;NAHUEL MONTOYA;0,00;$;2;SOFTYS ARGENTINA S.A;0,00000000;0,00;Contado;05-10-2026 09:06;;LADYSOFT;Softy;;SOFTY;TOALLA FEMENINA;LAGO PUELO;PAPEL;;;300;Bruno Centurion;Gescom;FAC-A0001-00343087;;True;132816;0;Lista General;Autoservicio A - A;;01-01-2000;;SOFTYS;1;0,00000000;1115,74
29162;"BRANDSEN - (TRADICIONAL) 359";QUILMES;2026-10-05;02-10-2026;05-10-2026;NCR-A0001-00048835;DevoluciÛn por Rechazo;LAGOPUELO S.A;1505708;-1,00;-20733,71;-25087,79;FLORENCIA MARIA MEDINA;CERRADO DENTRO DE HORARIO;0,00 %;2;Fernanda Cejas;23;RC SUSEEX CLS MEGARROLO ALTO 200X1;20733,71;3413;"";ALMACEN;ALMACEN;-16750,08;HERNAN RIVERO;0,00;$;2;SOFTYS ARGENTINA S.A;0,00000000;0,00;Contado;05-10-2026 09:30;;SUSSEX;Softy;;SOFTY;ROLLO DE COCINA;LAGO PUELO;PAPEL;;;25;JOHANA VIGIL;Gescom;FAC-A0001-00342939;;True;132845;0;Lista General;ALMACEN - A;;01-01-2000;;SOFTYS;1;0,00000000;20733,71
29162;"BRANDSEN - (TRADICIONAL) 359";QUILMES;2026-10-05;02-10-2026;05-10-2026;NCR-A0001-00048835;DevoluciÛn por Rechazo;LAGOPUELO S.A;1505688;-1,00;-15042,56;-18201,49;FLORENCIA MARIA MEDINA;CERRADO DENTRO DE HORARIO;5,00 %;2;Fernanda Cejas;23;RC Sussex clasico mas blanco 50px3/10;15042,56;3413;"";ALMACEN;ALMACEN;-12112,00;HERNAN RIVERO;791,71;$;2;SOFTYS ARGENTINA S.A;0,00000000;0,00;Contado;05-10-2026 09:30;;SUSSEX;Softy;;SOFTY;ROLLO DE COCINA;LAGO PUELO;PAPEL;83;;25;JOHANA VIGIL;Gescom;FAC-A0001-00342939;;True;132845;0;Lista General;ALMACEN - A;;01-01-2000;;SOFTYS;1;0,00000000;15042,56
29162;"BRANDSEN - (TRADICIONAL) 359";QUILMES;2026-10-05;02-10-2026;05-10-2026;NCR-A0001-00048835;DevoluciÛn por Rechazo;LAGOPUELO S.A;1501553;-1,00;-18915,57;-22887,83;FLORENCIA MARIA MEDINA;CERRADO DENTRO DE HORARIO;23,00 %;2;Fernanda Cejas;23;PH HIGIENOL DH PLUS FUSI”N 30M x4/10;18915,57;3413;"";ALMACEN;ALMACEN;-17199,92;HERNAN RIVERO;5650,10;$;2;SOFTYS ARGENTINA S.A;0,00000000;0,00;Contado;05-10-2026 09:30;;HIGIENOL;Softy;;SOFTY;PAPEL HIG;LAGO PUELO;PAPEL;81;;25;JOHANA VIGIL;Gescom;FAC-A0001-00342939;;True;132845;0;Lista General;ALMACEN - A;;01-01-2000;;SOFTYS;1;0,00000000;18915,57
27620;"San Joaquin - (AUTOSERVICIOS) 321";TURDERA;2026-10-05;02-10-2026;05-10-2026;NCR-A0001-00048841;DevoluciÛn por Rechazo;LAGOPUELO S.A;1509762;-12,00;-13384,92;-16195,75;XIONGBIN LIN;NO HIZO PEDIDO;0,00 %;074;Romina Baez;0743;TF NOCTUR EXT A 8x32;1115,41;3410;"";AUTOSERVICIO;Autoservicio A;-9700,92;MARIANO SOSA;0,00;$;2;SOFTYS ARGENTINA S.A;0,00000000;0,00;Contado;05-10-2026 10:12;;LADYSOFT;Softy;;SOFTY;TOALLA FEMENINA;LAGO PUELO;PAPEL;;;300;Bruno Centurion;Gescom;FAC-A0001-00343029;;True;132903;0;Lista General;Autoservicio A - A;;01-01-2000;;SOFTYS;1;0,00000000;1115,41
27620;"San Joaquin - (AUTOSERVICIOS) 321";TURDERA;2026-10-05;02-10-2026;05-10-2026;NCR-A0001-00048841;DevoluciÛn por Rechazo;LAGOPUELO S.A;1509758;-12,00;-12615,72;-15265,02;XIONGBIN LIN;NO HIZO PEDIDO;0,00 %;074;Romina Baez;0743;TF UD T/SUAVE EXT ALGO 8X40;1051,31;3410;"";AUTOSERVICIO;Autoservicio A;-9233,76;MARIANO SOSA;0,00;$;2;SOFTYS ARGENTINA S.A;0,00000000;0,00;Contado;05-10-2026 10:12;;LADYSOFT;Softy;;SOFTY;TOALLA FEMENINA;LAGO PUELO;PAPEL;;;300;Bruno Centurion;Gescom;FAC-A0001-00343029;;True;132903;0;Lista General;Autoservicio A - A;;01-01-2000;;SOFTYS;1;0,00000000;1051,31
27890;"JUNCAL Piso:BIS - (AUTOSERVICIOS) 996";TEMPERLEY;2026-10-05;02-10-2026;05-10-2026;NCR-A0001-00048846;DevoluciÛn por Rechazo;LAGOPUELO S.A;1501627;-5,00;-60203,52;-72846,26;SARA ESTHER SZKARLATIUK;NO QUIERE EL CLIENTE;10,00 %;073;Florencia Cubilla;0734;PH Higienol HS Balanced 20mx4/12;12040,70;3410;"";ALMACEN;ALMACEN;-47441,70;MARIANO SOSA;1337,86;$;2;SOFTYS ARGENTINA S.A;0,00000000;0,00;Contado;05-10-2026 10:12;;HIGIENOL;Softy;;SOFTY;PAPEL HIG;LAGO PUELO;PAPEL;103;;300;Bruno Centurion;Gescom;FAC-A0001-00343051;;True;132928;0;Lista General;ALMACEN - A;;01-01-2000;;SOFTYS;1;0,00000000;12040,70
6228;"NOVAK 1703";Varela ;2026-10-05;01-10-2026;05-10-2026;NCR-B0001-00002605;DevoluciÛn por Rechazo;LAGOPUELO S.A;1501553;-1,00;-18915,57;-22887,83;MARIA MOLINA ;CERRADO DENTRO DE HORARIO;23,00 %;7;Myrian Lertora;73;PH HIGIENOL DH PLUS FUSI”N 30M x4/10;18915,57;3392;"";ALMACEN;ALMACEN;-17199,92;WALTER JANIUK;5650,10;$;2;SOFTYS ARGENTINA S.A;0,00000000;0,00;Contado;05-10-2026 13:39;;HIGIENOL;Softy;;SOFTY;PAPEL HIG;LAGO PUELO;PAPEL;81;;25;JOHANA VIGIL;Gescom;FAC-B0001-00018637;;True;133325;0;Lista General;ALMACEN - A;;01-01-2000;;SOFTYS;1;0,00000000;18915,57
31637;"GRISNTEIN 3049";FLORENCIO VARELA;2026-10-05;01-10-2026;05-10-2026;NCR-B0001-00002606;DevoluciÛn por Rechazo;LAGOPUELO S.A;1501553;-16,00;-290857,53;-351937,61;FILIBERTO BALTAZAR;SIN DINERO;26,00 %;6;Nieves Alegre;63;PH HIGIENOL DH PLUS FUSI”N 30M x4/10;18178,60;3392;"";AUTOSERVICIO;AUTOSERVICIO;-275198,72;WALTER JANIUK;6387,07;$;2;SOFTYS ARGENTINA S.A;0,00000000;0,00;Contado;05-10-2026 13:39;;HIGIENOL;Softy;;SOFTY;PAPEL HIG;LAGO PUELO;PAPEL;81;;25;JOHANA VIGIL;Gescom;FAC-B0001-00018638;;True;133327;0;Lista General;AUTOSERVICIO - A;;01-01-2000;;SOFTYS;1;0,00000000;18178,60
5;"O  BRIEN 427";Escalada;2026-10-05;05-10-2026;02-10-2026;FAC-A0006-00000239;Venta;Empresa LAGOPUELO;1501622;7,00;118205,85;143029,08;ALEJANDRO NEGRO;;0,00 %;16;VENDEDOR DEPOSITO;201;PH HIG FRESH ALOE30m x6/10;16886,55;3431;"NG";Empleados;Empleados;112577,01;JUAN ESCOTO;0,00;$;2;SOFTYS ARGENTINA S.A;0,00000000;0,00;15 dÌas fecha de factura;06-10-2026 08:29;;HIGIENOL;Softy;;SOFTY;PAPEL HIG;LAGO PUELO;PAPEL;;;;;Gescom;;;False;132404;0;LISTA 4;Empleados - A;43422;02-10-2026;509-LUCAS GODOY;SOFTYS;1;0,00000000;16886,55
5;"O  BRIEN 427";Escalada;2026-10-05;05-10-2026;02-10-2026;FAC-A0006-00000239;Venta;Empresa LAGOPUELO;1505708;5,00;87937,90;106404,86;ALEJANDRO NEGRO;;0,00 %;16;VENDEDOR DEPOSITO;201;RC SUSEEX CLS MEGARROLO ALTO 200X1;17587,58;3431;"NG";Empleados;Empleados;83750,40;JUAN ESCOTO;0,00;$;2;SOFTYS ARGENTINA S.A;0,00000000;0,00;15 dÌas fecha de factura;06-10-2026 08:29;;SUSSEX;Softy;;SOFTY;ROLLO DE COCINA;LAGO PUELO;PAPEL;;;;;Gescom;;;False;132404;0;LISTA 4;Empleados - A;43422;02-10-2026;509-LUCAS GODOY;SOFTYS;1;0,00000000;17587,58
5;"O  BRIEN 427";Escalada;2026-10-05;05-10-2026;02-10-2026;FAC-A0006-00000240;Venta;Empresa LAGOPUELO;1501622;4,00;67546,20;81730,90;ALEJANDRO NEGRO;;0,00 %;16;VENDEDOR DEPOSITO;201;PH HIG FRESH ALOE30m x6/10;16886,55;3431;"MOMENTOS";Empleados;Empleados;64329,72;JUAN ESCOTO;0,00;$;2;SOFTYS ARGENTINA S.A;0,00000000;0,00;15 dÌas fecha de factura;06-10-2026 08:29;;HIGIENOL;Softy;;SOFTY;PAPEL HIG;LAGO PUELO;PAPEL;;;;;Gescom;;;False;132405;0;LISTA 4;Empleados - A;43423;02-10-2026;509-LUCAS GODOY;SOFTYS;1;0,00000000;16886,55
5;"O  BRIEN 427";Escalada;2026-10-05;05-10-2026;02-10-2026;FAC-A0006-00000240;Venta;Empresa LAGOPUELO;1505708;3,00;52762,74;63842,92;ALEJANDRO NEGRO;;0,00 %;16;VENDEDOR DEPOSITO;201;RC SUSEEX CLS MEGARROLO ALTO 200X1;17587,58;3431;"MOMENTOS";Empleados;Empleados;50250,24;JUAN ESCOTO;0,00;$;2;SOFTYS ARGENTINA S.A;0,00000000;0,00;15 dÌas fecha de factura;06-10-2026 08:29;;SUSSEX;Softy;;SOFTY;ROLLO DE COCINA;LAGO PUELO;PAPEL;;;;;Gescom;;;False;132405;0;LISTA 4;Empleados - A;43423;02-10-2026;509-LUCAS GODOY;SOFTYS;1;0,00000000;17587,58
81;"CALLE 410 Y 461 1116";Berazategui;2026-10-05;05-10-2026;02-10-2026;FAC-B0002-00016742;Venta;ELEBES;1501553;5,00;112756,24;136435,05;SANTA MARIA LUIS;;15,00 %;052;Nicole Sosa;0525;PH HIGIENOL DH PLUS FUSI”N 30M x4/10;22551,25;3431;"";ALMACEN;ALMACEN;85999,60;JUAN ESCOTO;3979,63;$;2;SOFTYS ARGENTINA S.A;0,00000000;0,00;Efectivo;06-10-2026 08:29;;HIGIENOL;Softy;;SOFTY;PAPEL HIG;LAGO PUELO;PAPEL;81;;300;Bruno Centurion;AXUM;;SOFTYS;False;132278;0;Lista General;ALMACEN - A;43414;02-10-2026;509-LUCAS GODOY;SOFTYS;1;0,00000000;22551,25
2384;"Calle 417 490 ESQ 454";Berazategui;2026-10-05;05-10-2026;02-10-2026;FAC-B0002-00016745;Venta;ELEBES;1501627;1,00;12040,70;14569,25;ROLDAN JOSE;;10,00 %;052;Nicole Sosa;0525;PH Higienol HS Balanced 20mx4/12;12040,70;3431;"";ALMACEN;ALMACEN;9488,34;JUAN ESCOTO;1337,86;$;2;SOFTYS ARGENTINA S.A;0,00000000;0,00;Contado;06-10-2026 08:29;;HIGIENOL;Softy;;SOFTY;PAPEL HIG;LAGO PUELO;PAPEL;103;;300;Bruno Centurion;AXUM;;SOFTYS;False;132625;0;Lista General;ALMACEN - A;43430;02-10-2026;509-LUCAS GODOY;SOFTYS;1;0,00000000;12040,70
107686;"Zeballos 2293 0";Avellaneda;2026-10-05;05-10-2026;02-10-2026;FAC-A0002-00011557;Venta;ELEBES;1509764;1,00;0,00;0,00;Abate Teresa;;100,00 %;27;Samanta Dogliotti;275;TF NORMAL T/SUAVE EXT ALGODON 8x54;0,00;3426;"";Tradicionales;Almacen;585,27;HERNAN RIVERO;848,64;$;2;SOFTYS ARGENTINA S.A;0,00000000;0,00;Efectivo;06-10-2026 09:23;;LADYSOFT;Softy;;SOFTY;TOALLA FEMENINA;LAGO PUELO;PAPEL;65;;25;JOHANA VIGIL;AXUM;;SOFTYS;False;132227;0;Lista General;Almacen - A;43467;02-10-2026;5553-JORGE MONZON;SOFTYS;1;0,00000000;0,00
107686;"Zeballos 2293 0";Avellaneda;2026-10-05;05-10-2026;02-10-2026;FAC-A0002-00011557;Venta;ELEBES;1509764;10,00;8486,40;10268,54;Abate Teresa;;0,00 %;27;Samanta Dogliotti;275;TF NORMAL T/SUAVE EXT ALGODON 8x54;848,64;3426;"";Tradicionales;Almacen;5852,70;HERNAN RIVERO;0,00;$;2;SOFTYS ARGENTINA S.A;0,00000000;0,00;Efectivo;06-10-2026 09:23;;LADYSOFT;Softy;;SOFTY;TOALLA FEMENINA;LAGO PUELO;PAPEL;;;25;JOHANA VIGIL;AXUM;;SOFTYS;False;132227;0;Lista General;Almacen - A;43467;02-10-2026;5553-JORGE MONZON;SOFTYS;1;0,00000000;848,64
102923;"Zeballos 2199 0";Crucecita;2026-10-05;05-10-2026;02-10-2026;FAC-A0002-00011558;Venta;ELEBES;1501627;1,00;12040,70;14569,25;Carrizo J.m.;;10,00 %;27;Samanta Dogliotti;275;PH Higienol HS Balanced 20mx4/12;12040,70;3426;"";Tradicionales;Almacen;9488,34;HERNAN RIVERO;1337,86;$;2;SOFTYS ARGENTINA S.A;0,00000000;0,00;Efectivo;06-10-2026 09:23;;HIGIENOL;Softy;;SOFTY;PAPEL HIG;LAGO PUELO;PAPEL;103;;25;JOHANA VIGIL;AXUM;;SOFTYS;False;132245;0;Lista General;Almacen - A;43468;02-10-2026;5553-JORGE MONZON;SOFTYS;1;0,00000000;12040,70
107193;"NicolAs Avellaneda 2325 0";SARANDI;2026-10-05;05-10-2026;02-10-2026;FAC-B0002-00016747;Venta;ELEBES;1503118;6,00;9812,16;11872,71;Cesar Diaz;;0,00 %;27;Samanta Dogliotti;275;TH BABYSEC ULTRA 50/24;1635,36;3426;"";Tradicionales;Almacen;6766,98;HERNAN RIVERO;0,00;$;2;SOFTYS ARGENTINA S.A;0,00000000;0,00;Efectivo;06-10-2026 09:23;;BABYSEC;;;;;;PAPEL;;;25;JOHANA VIGIL;AXUM;;SOFTYS;False;132410;0;Lista General;Almacen - A;43471;02-10-2026;5553-JORGE MONZON;SOFTYS;1;0,00000000;1635,36
106319;"Av MITRE 1729";Avellaneda;2026-10-05;05-10-2026;02-10-2026;FAC-B0002-00016749;Venta;ELEBES;1509764;1,00;0,00;0,00;VerdulerÌa Jesica;;100,00 %;27;Samanta Dogliotti;275;TF NORMAL T/SUAVE EXT ALGODON 8x54;0,00;3426;"";Tradicionales;Almacen;585,27;HERNAN RIVERO;848,64;$;2;SOFTYS ARGENTINA S.A;0,00000000;0,00;Efectivo;06-10-2026 09:23;;LADYSOFT;Softy;;SOFTY;TOALLA FEMENINA;LAGO PUELO;PAPEL;65;;25;JOHANA VIGIL;AXUM;;SOFTYS;False;132563;0;Lista General;Almacen - A;43481;02-10-2026;5553-JORGE MONZON;SOFTYS;1;0,00000000;0,00
106319;"Av MITRE 1729";Avellaneda;2026-10-05;05-10-2026;02-10-2026;FAC-B0002-00016749;Venta;ELEBES;1509764;10,00;8486,40;10268,54;VerdulerÌa Jesica;;0,00 %;27;Samanta Dogliotti;275;TF NORMAL T/SUAVE EXT ALGODON 8x54;848,64;3426;"";Tradicionales;Almacen;5852,70;HERNAN RIVERO;0,00;$;2;SOFTYS ARGENTINA S.A;0,00000000;0,00;Efectivo;06-10-2026 09:23;;LADYSOFT;Softy;;SOFTY;TOALLA FEMENINA;LAGO PUELO;PAPEL;;;25;JOHANA VIGIL;AXUM;;SOFTYS;False;132563;0;Lista General;Almacen - A;43481;02-10-2026;5553-JORGE MONZON;SOFTYS;1;0,00000000;848,64
27330;"ADOLFO ALSINA 266";AVELLANEDA;2026-10-05;05-10-2026;02-10-2026;FAC-A0002-00011559;Venta;ELEBES;1505776;30,00;41961,90;50773,90;LEONOR PACO PALOMINO;;0,00 %;28;Nadia Diaz;285;SE SUSSEX HS 30X30 BLANCA X80;1398,73;3426;"";ALMACEN;ALMACEN;31083,00;HERNAN RIVERO;0,00;$;2;SOFTYS ARGENTINA S.A;0,00000000;0,00;Contado;06-10-2026 09:23;;SUSSEX;Softy;;SOFTY;SERVILLETA;LAGO PUELO;PAPEL;;;25;JOHANA VIGIL;AXUM;;SOFTYS;False;132619;0;Lista General;ALMACEN - A;43485;02-10-2026;5553-JORGE MONZON;SOFTYS;1;0,00000000;1398,73
104587;"Roasenda L 25 1362 1362 0";CRUCESITA;2026-10-05;05-10-2026;02-10-2026;FAC-A0002-00011561;Venta;ELEBES;1509764;1,00;0,00;0,00;Diotti Gabriel Eduardo;;100,00 %;27;Samanta Dogliotti;275;TF NORMAL T/SUAVE EXT ALGODON 8x54;0,00;3426;"";Tradicionales;Almacen;585,27;HERNAN RIVERO;848,64;$;2;SOFTYS ARGENTINA S.A;0,00000000;0,00;Efectivo;06-10-2026 09:23;;LADYSOFT;Softy;;SOFTY;TOALLA FEMENINA;LAGO PUELO;PAPEL;65;;25;JOHANA VIGIL;AXUM;;SOFTYS;False;132653;0;Lista General;Almacen - A;43491;02-10-2026;5553-JORGE MONZON;SOFTYS;1;0,00000000;0,00
104587;"Roasenda L 25 1362 1362 0";CRUCESITA;2026-10-05;05-10-2026;02-10-2026;FAC-A0002-00011561;Venta;ELEBES;1509764;10,00;8486,40;10268,54;Diotti Gabriel Eduardo;;0,00 %;27;Samanta Dogliotti;275;TF NORMAL T/SUAVE EXT ALGODON 8x54;848,64;3426;"";Tradicionales;Almacen;5852,70;HERNAN RIVERO;0,00;$;2;SOFTYS ARGENTINA S.A;0,00000000;0,00;Efectivo;06-10-2026 09:23;;LADYSOFT;Softy;;SOFTY;TOALLA FEMENINA;LAGO PUELO;PAPEL;;;25;JOHANA VIGIL;AXUM;;SOFTYS;False;132653;0;Lista General;Almacen - A;43491;02-10-2026;5553-JORGE MONZON;SOFTYS;1;0,00000000;848,64
104587;"Roasenda L 25 1362 1362 0";CRUCESITA;2026-10-05;05-10-2026;02-10-2026;FAC-A0002-00011561;Venta;ELEBES;1509749;10,00;13004,20;15735,08;Diotti Gabriel Eduardo;;0,00 %;27;Samanta Dogliotti;275;PD ladysoft clasicos 20x30;1300,42;3426;"";Tradicionales;Almacen;8968,40;HERNAN RIVERO;0,00;$;2;SOFTYS ARGENTINA S.A;0,00000000;0,00;Efectivo;06-10-2026 09:23;;LADYSOFT;Softy;;SOFTY;PROTECTOR DIARIO;LAGO PUELO;PAPEL;;;25;JOHANA VIGIL;AXUM;;SOFTYS;False;132653;0;Lista General;Almacen - A;43491;02-10-2026;5553-JORGE MONZON;SOFTYS;1;0,00000000;1300,42
104587;"Roasenda L 25 1362 1362 0";CRUCESITA;2026-10-05;05-10-2026;02-10-2026;FAC-A0002-00011561;Venta;ELEBES;1504077;3,00;7315,05;8851,21;Diotti Gabriel Eduardo;;0,00 %;27;Samanta Dogliotti;275;PL BABYSEC ULTRASOFT G 8/20;2438,35;3426;"";Tradicionales;Almacen;5418,57;HERNAN RIVERO;0,00;$;2;SOFTYS ARGENTINA S.A;0,00000000;0,00;Efectivo;06-10-2026 09:23;;BABYSEC;Softy;;SOFTY;PAÒAL;LAGO PUELO;PAPEL;;;25;JOHANA VIGIL;AXUM;;SOFTYS;False;132653;0;Lista General;Almacen - A;43491;02-10-2026;5553-JORGE MONZON;SOFTYS;1;0,00000000;2438,35
104587;"Roasenda L 25 1362 1362 0";CRUCESITA;2026-10-05;05-10-2026;02-10-2026;FAC-A0002-00011561;Venta;ELEBES;1504078;3,00;7315,02;8851,17;Diotti Gabriel Eduardo;;0,00 %;27;Samanta Dogliotti;275;PL BABYSEC ULTRASOFT XG X8/15;2438,34;3426;"";Tradicionales;Almacen;5418,54;HERNAN RIVERO;0,00;$;2;SOFTYS ARGENTINA S.A;0,00000000;0,00;Efectivo;06-10-2026 09:23;;BABYSEC;Softy;;SOFTY;PAÒAL;LAGO PUELO;PAPEL;;;25;JOHANA VIGIL;AXUM;;SOFTYS;False;132653;0;Lista General;Almacen - A;43491;02-10-2026;5553-JORGE MONZON;SOFTYS;1;0,00000000;2438,34
2717;"GORRITI 850";FLORENCIO VARELA;2026-10-05;05-10-2026;28-09-2026;FAC-B0002-00016750;Venta;ELEBES;1509764;2,00;0,00;0,00;EDUARDO ALBERTO CACERES;;100,00 %;6;Nieves Alegre;65;TF NORMAL T/SUAVE EXT ALGODON 8x54;0,00;3428;"";ALMACEN;ALMACEN;1082,10;CLAUDIO GARCIA;784,52;$;2;SOFTYS ARGENTINA S.A;0,00000000;0,00;Contado;06-10-2026 08:59;;LADYSOFT;Softy;;SOFTY;TOALLA FEMENINA;LAGO PUELO;PAPEL;65;;25;JOHANA VIGIL;AXUM;;SOFTYS;False;130099;0;Lista General;ALMACEN - A;43556;02-10-2026;757-JUAN PABLO JUAREZ;SOFTYS;1;0,00000000;0,00
2717;"GORRITI 850";FLORENCIO VARELA;2026-10-05;05-10-2026;28-09-2026;FAC-B0002-00016750;Venta;ELEBES;1509766;20,00;16955,60;20516,28;EDUARDO ALBERTO CACERES;;0,00 %;6;Nieves Alegre;65;TF T/SECA NORMAL MAS PROTECC 8x54;847,78;3428;"";ALMACEN;ALMACEN;11693,60;CLAUDIO GARCIA;0,00;$;2;SOFTYS ARGENTINA S.A;0,00000000;0,00;Contado;06-10-2026 08:59;;LADYSOFT;Softy;;SOFTY;TOALLA FEMENINA;LAGO PUELO;PAPEL;;;25;JOHANA VIGIL;AXUM;;SOFTYS;False;130099;0;Lista General;ALMACEN - A;43556;02-10-2026;757-JUAN PABLO JUAREZ;SOFTYS;1;0,00000000;847,78
2717;"GORRITI 850";FLORENCIO VARELA;2026-10-05;05-10-2026;28-09-2026;FAC-B0002-00016750;Venta;ELEBES;1509764;20,00;15690,40;18985,38;EDUARDO ALBERTO CACERES;;0,00 %;6;Nieves Alegre;65;TF NORMAL T/SUAVE EXT ALGODON 8x54;784,52;3428;"";ALMACEN;ALMACEN;10821,00;CLAUDIO GARCIA;0,00;$;2;SOFTYS ARGENTINA S.A;0,00000000;0,00;Contado;06-10-2026 08:59;;LADYSOFT;Softy;;SOFTY;TOALLA FEMENINA;LAGO PUELO;PAPEL;;;25;JOHANA VIGIL;AXUM;;SOFTYS;False;130099;0;Lista General;ALMACEN - A;43556;02-10-2026;757-JUAN PABLO JUAREZ;SOFTYS;1;0,00000000;784,52
23042;"CONSTITUCION DE N 33 E/CONTRERAS Y ALBERDI - (PERFUMERIA) 1853";FLORENCIO VARELA;2026-10-05;05-10-2026;01-10-2026;FAC-A0002-00011565;Venta;ELEBES;1505688;1,00;15533,64;18795,70;GRACIELA HEREDIA;;5,00 %;6;Nieves Alegre;64;RC Sussex clasico mas blanco 50px3/10;15533,64;3428;"";Otros;Articulo de limpieza;12112,00;CLAUDIO GARCIA;817,56;$;2;SOFTYS ARGENTINA S.A;0,00000000;0,00;Contado;06-10-2026 08:59;;SUSSEX;Softy;;SOFTY;ROLLO DE COCINA;LAGO PUELO;PAPEL;83;;25;JOHANA VIGIL;AXUM;;SOFTYS;False;131661;0;Lista General;Articulo de limpieza - A;43509;02-10-2026;757-JUAN PABLO JUAREZ;SOFTYS;1;0,00000000;15533,64
321087;"AV 14 1282";Varela ;2026-10-05;05-10-2026;01-10-2026;FAC-A0002-00011566;Venta;ELEBES;1509764;1,00;0,00;0,00;JAUREGUY JOSE MARIO;;100,00 %;5;Eliana Huber;54;TF NORMAL T/SUAVE EXT ALGODON 8x54;0,00;3428;"";ALMACEN;ALMACEN;585,27;CLAUDIO GARCIA;848,64;$;2;SOFTYS ARGENTINA S.A;0,00000000;0,00;Contado;06-10-2026 08:59;;LADYSOFT;Softy;;SOFTY;TOALLA FEMENINA;LAGO PUELO;PAPEL;65;;25;JOHANA VIGIL;AXUM;;SOFTYS;False;132000;0;Lista General;ALMACEN - A;43528;02-10-2026;757-JUAN PABLO JUAREZ;SOFTYS;1;0,00000000;0,00
321087;"AV 14 1282";Varela ;2026-10-05;05-10-2026;01-10-2026;FAC-A0002-00011566;Venta;ELEBES;1509766;6,00;5494,80;6648,71;JAUREGUY JOSE MARIO;;0,00 %;5;Eliana Huber;54;TF T/SECA NORMAL MAS PROTECC 8x54;915,80;3428;"";ALMACEN;ALMACEN;3789,54;CLAUDIO GARCIA;0,00;$;2;SOFTYS ARGENTINA S.A;0,00000000;0,00;Contado;06-10-2026 08:59;;LADYSOFT;Softy;;SOFTY;TOALLA FEMENINA;LAGO PUELO;PAPEL;;;25;JOHANA VIGIL;AXUM;;SOFTYS;False;132000;0;Lista General;ALMACEN - A;43528;02-10-2026;757-JUAN PABLO JUAREZ;SOFTYS;1;0,00000000;915,80
321087;"AV 14 1282";Varela ;2026-10-05;05-10-2026;01-10-2026;FAC-A0002-00011566;Venta;ELEBES;1509755;6,00;7198,02;8709,60;JAUREGUY JOSE MARIO;;0,00 %;5;Eliana Huber;54;TF UD T/SECA LADYSOFT ULTRA PROTECT 8;1199,67;3428;"";ALMACEN;ALMACEN;4964,16;CLAUDIO GARCIA;0,00;$;2;SOFTYS ARGENTINA S.A;0,00000000;0,00;Contado;06-10-2026 08:59;;LADYSOFT;Softy;;SOFTY;TOALLA FEMENINA;LAGO PUELO;PAPEL;;;25;JOHANA VIGIL;AXUM;;SOFTYS;False;132000;0;Lista General;ALMACEN - A;43528;02-10-2026;757-JUAN PABLO JUAREZ;SOFTYS;1;0,00000000;1199,67
321087;"AV 14 1282";Varela ;2026-10-05;05-10-2026;01-10-2026;FAC-A0002-00011566;Venta;ELEBES;1509761;6,00;4771,32;5773,30;JAUREGUY JOSE MARIO;;0,00 %;5;Eliana Huber;54;TF LADYSOFT COMFORT EXT ALGODON 8x54;795,22;3428;"";ALMACEN;ALMACEN;3290,58;CLAUDIO GARCIA;0,00;$;2;SOFTYS ARGENTINA S.A;0,00000000;0,00;Contado;06-10-2026 08:59;;LADYSOFT;Softy;;SOFTY;TOALLA FEMENINA;LAGO PUELO;PAPEL;;;25;JOHANA VIGIL;AXUM;;SOFTYS;False;132000;0;Lista General;ALMACEN - A;43528;02-10-2026;757-JUAN PABLO JUAREZ;SOFTYS;1;0,00000000;795,22
321087;"AV 14 1282";Varela ;2026-10-05;05-10-2026;01-10-2026;FAC-A0002-00011566;Venta;ELEBES;1509764;12,00;10183,68;12322,25;JAUREGUY JOSE MARIO;;0,00 %;5;Eliana Huber;54;TF NORMAL T/SUAVE EXT ALGODON 8x54;848,64;3428;"";ALMACEN;ALMACEN;7023,24;CLAUDIO GARCIA;0,00;$;2;SOFTYS ARGENTINA S.A;0,00000000;0,00;Contado;06-10-2026 08:59;;LADYSOFT;Softy;;SOFTY;TOALLA FEMENINA;LAGO PUELO;PAPEL;;;25;JOHANA VIGIL;AXUM;;SOFTYS;False;132000;0;Lista General;ALMACEN - A;43528;02-10-2026;757-JUAN PABLO JUAREZ;SOFTYS;1;0,00000000;848,64
321087;"AV 14 1282";Varela ;2026-10-05;05-10-2026;01-10-2026;FAC-A0002-00011566;Venta;ELEBES;1509768;6,00;5851,86;7080,75;JAUREGUY JOSE MARIO;;0,00 %;5;Eliana Huber;54;TF NORMAL T/SUAVE PIEL SENSIBLE 8x54;975,31;3428;"";ALMACEN;ALMACEN;4035,78;CLAUDIO GARCIA;0,00;$;2;SOFTYS ARGENTINA S.A;0,00000000;0,00;Contado;06-10-2026 08:59;;LADYSOFT;Softy;;SOFTY;TOALLA FEMENINA;LAGO PUELO;PAPEL;;;25;JOHANA VIGIL;AXUM;;SOFTYS;False;132000;0;Lista General;ALMACEN - A;43528;02-10-2026;757-JUAN PABLO JUAREZ;SOFTYS;1;0,00000000;975,31
321087;"AV 14 1282";Varela ;2026-10-05;05-10-2026;01-10-2026;FAC-A0002-00011566;Venta;ELEBES;1509762;10,00;11721,90;14183,50;JAUREGUY JOSE MARIO;;0,00 %;5;Eliana Huber;54;TF NOCTUR EXT A 8x32;1172,19;3428;"";ALMACEN;ALMACEN;8084,10;CLAUDIO GARCIA;0,00;$;2;SOFTYS ARGENTINA S.A;0,00000000;0,00;Contado;06-10-2026 08:59;;LADYSOFT;Softy;;SOFTY;TOALLA FEMENINA;LAGO PUELO;PAPEL;;;25;JOHANA VIGIL;AXUM;;SOFTYS;False;132000;0;Lista General;ALMACEN - A;43528;02-10-2026;757-JUAN PABLO JUAREZ;SOFTYS;1;0,00000000;1172,19
1084;"CALLE 116 1585";BERAZATEGUI;2026-10-05;05-10-2026;01-10-2026;FAC-B0002-00016751;Venta;ELEBES;1509761;10,00;7952,20;9622,16;INCO MAICO†††††††††††††††††;;0,00 %;5;Eliana Huber;54;TF LADYSOFT COMFORT EXT ALGODON 8x54;795,22;3428;"";ALMACEN;ALMACEN;5484,30;CLAUDIO GARCIA;0,00;$;2;SOFTYS ARGENTINA S.A;0,00000000;0,00;Contado;06-10-2026 08:59;;LADYSOFT;Softy;;SOFTY;TOALLA FEMENINA;LAGO PUELO;PAPEL;;;25;JOHANA VIGIL;AXUM;;SOFTYS;False;132092;0;Lista General;ALMACEN - A;43533;02-10-2026;757-JUAN PABLO JUAREZ;SOFTYS;1;0,00000000;795,22
1084;"CALLE 116 1585";BERAZATEGUI;2026-10-05;05-10-2026;01-10-2026;FAC-B0002-00016751;Venta;ELEBES;1509758;20,00;22314,80;27000,91;INCO MAICO†††††††††††††††††;;0,00 %;5;Eliana Huber;54;TF UD T/SUAVE EXT ALGO 8X40;1115,74;3428;"";ALMACEN;ALMACEN;15389,60;CLAUDIO GARCIA;0,00;$;2;SOFTYS ARGENTINA S.A;0,00000000;0,00;Contado;06-10-2026 08:59;;LADYSOFT;Softy;;SOFTY;TOALLA FEMENINA;LAGO PUELO;PAPEL;;;25;JOHANA VIGIL;AXUM;;SOFTYS;False;132092;0;Lista General;ALMACEN - A;43533;02-10-2026;757-JUAN PABLO JUAREZ;SOFTYS;1;0,00000000;1115,74
321087;"AV 14 1282";Varela ;2026-10-05;05-10-2026;01-10-2026;FAC-A0002-00011567;Venta;ELEBES;1501618;1,00;19032,09;23028,83;JAUREGUY JOSE MARIO;;0,00 %;5;Eliana Huber;54;PH HIG  FRESH ALOE 30M X4/12;19032,09;3428;"";ALMACEN;ALMACEN;13125,58;CLAUDIO GARCIA;0,00;$;2;SOFTYS ARGENTINA S.A;0,00000000;0,00;Contado;06-10-2026 08:59;;HIGIENOL;Softy;;SOFTY;PAPEL HIG;LAGO PUELO;PAPEL;;;25;JOHANA VIGIL;AXUM;;SOFTYS;False;132130;0;Lista General;ALMACEN - A;43535;02-10-2026;757-JUAN PABLO JUAREZ;SOFTYS;1;0,00000000;19032,09
321087;"AV 14 1282";Varela ;2026-10-05;05-10-2026;01-10-2026;FAC-A0002-00011567;Venta;ELEBES;1505708;1,00;22612,61;27361,26;JAUREGUY JOSE MARIO;;0,00 %;5;Eliana Huber;54;RC SUSEEX CLS MEGARROLO ALTO 200X1;22612,61;3428;"";ALMACEN;ALMACEN;16750,08;CLAUDIO GARCIA;0,00;$;2;SOFTYS ARGENTINA S.A;0,00000000;0,00;Contado;06-10-2026 08:59;;SUSSEX;Softy;;SOFTY;ROLLO DE COCINA;LAGO PUELO;PAPEL;;;25;JOHANA VIGIL;AXUM;;SOFTYS;False;132130;0;Lista General;ALMACEN - A;43535;02-10-2026;757-JUAN PABLO JUAREZ;SOFTYS;1;0,00000000;22612,61
2717;"GORRITI 850";FLORENCIO VARELA;2026-10-05;05-10-2026;02-10-2026;FAC-B0002-00016753;Venta;ELEBES;1509764;1,00;0,00;0,00;EDUARDO ALBERTO CACERES;;100,00 %;6;Nieves Alegre;65;TF NORMAL T/SUAVE EXT ALGODON 8x54;0,00;3428;"";ALMACEN;ALMACEN;585,27;CLAUDIO GARCIA;848,64;$;2;SOFTYS ARGENTINA S.A;0,00000000;0,00;Contado;06-10-2026 08:59;;LADYSOFT;Softy;;SOFTY;TOALLA FEMENINA;LAGO PUELO;PAPEL;65;;25;JOHANA VIGIL;AXUM;;SOFTYS;False;132342;0;Lista General;ALMACEN - A;43562;02-10-2026;757-JUAN PABLO JUAREZ;SOFTYS;1;0,00000000;0,00
2717;"GORRITI 850";FLORENCIO VARELA;2026-10-05;05-10-2026;02-10-2026;FAC-B0002-00016753;Venta;ELEBES;1509766;10,00;9158,00;11081,18;EDUARDO ALBERTO CACERES;;0,00 %;6;Nieves Alegre;65;TF T/SECA NORMAL MAS PROTECC 8x54;915,80;3428;"";ALMACEN;ALMACEN;6315,90;CLAUDIO GARCIA;0,00;$;2;SOFTYS ARGENTINA S.A;0,00000000;0,00;Contado;06-10-2026 08:59;;LADYSOFT;Softy;;SOFTY;TOALLA FEMENINA;LAGO PUELO;PAPEL;;;25;JOHANA VIGIL;AXUM;;SOFTYS;False;132342;0;Lista General;ALMACEN - A;43562;02-10-2026;757-JUAN PABLO JUAREZ;SOFTYS;1;0,00000000;915,80
2717;"GORRITI 850";FLORENCIO VARELA;2026-10-05;05-10-2026;02-10-2026;FAC-B0002-00016753;Venta;ELEBES;1509764;10,00;8486,40;10268,54;EDUARDO ALBERTO CACERES;;0,00 %;6;Nieves Alegre;65;TF NORMAL T/SUAVE EXT ALGODON 8x54;848,64;3428;"";ALMACEN;ALMACEN;5852,70;CLAUDIO GARCIA;0,00;$;2;SOFTYS ARGENTINA S.A;0,00000000;0,00;Contado;06-10-2026 08:59;;LADYSOFT;Softy;;SOFTY;TOALLA FEMENINA;LAGO PUELO;PAPEL;;;25;JOHANA VIGIL;AXUM;;SOFTYS;False;132342;0;Lista General;ALMACEN - A;43562;02-10-2026;757-JUAN PABLO JUAREZ;SOFTYS;1;0,00000000;848,64
2717;"GORRITI 850";FLORENCIO VARELA;2026-10-05;05-10-2026;02-10-2026;FAC-B0002-00016753;Venta;ELEBES;1509761;10,00;7952,20;9622,16;EDUARDO ALBERTO CACERES;;0,00 %;6;Nieves Alegre;65;TF LADYSOFT COMFORT EXT ALGODON 8x54;795,22;3428;"";ALMACEN;ALMACEN;5484,30;CLAUDIO GARCIA;0,00;$;2;SOFTYS ARGENTINA S.A;0,00000000;0,00;Contado;06-10-2026 08:59;;LADYSOFT;Softy;;SOFTY;TOALLA FEMENINA;LAGO PUELO;PAPEL;;;25;JOHANA VIGIL;AXUM;;SOFTYS;False;132342;0;Lista General;ALMACEN - A;43562;02-10-2026;757-JUAN PABLO JUAREZ;SOFTYS;1;0,00000000;795,22
285;"CALLE 114 387";Berazategui;2026-10-05;05-10-2026;02-10-2026;FAC-B0002-00016756;Venta;ELEBES;1501627;1,00;12040,70;14569,25;ZURITA MIRTA;;10,00 %;5;Eliana Huber;55;PH Higienol HS Balanced 20mx4/12;12040,70;3428;"";ALMACEN;ALMACEN;9488,34;CLAUDIO GARCIA;1337,86;$;2;SOFTYS ARGENTINA S.A;0,00000000;0,00;Efectivo;06-10-2026 08:59;;HIGIENOL;Softy;;SOFTY;PAPEL HIG;LAGO PUELO;PAPEL;103;;25;JOHANA VIGIL;AXUM;;SOFTYS;False;132477;0;Lista General;ALMACEN - A;43545;02-10-2026;757-JUAN PABLO JUAREZ;SOFTYS;1;0,00000000;12040,70
1743;"CALLE 2 502";BERAZATEGUI;2026-10-05;05-10-2026;02-10-2026;FAC-B0002-00016759;Venta;ELEBES;1509762;3,00;3516,57;4255,05;OJEDA MARIA;;0,00 %;5;Eliana Huber;55;TF NOCTUR EXT A 8x32;1172,19;3428;"";KIOSCO;KIOSCO;2425,23;CLAUDIO GARCIA;0,00;$;2;SOFTYS ARGENTINA S.A;0,00000000;0,00;Contado;06-10-2026 08:59;;LADYSOFT;Softy;;SOFTY;TOALLA FEMENINA;LAGO PUELO;PAPEL;;;25;JOHANA VIGIL;AXUM;;SOFTYS;False;132719;0;Lista General;KIOSCO - A;43551;02-10-2026;757-JUAN PABLO JUAREZ;SOFTYS;1;0,00000000;1172,19
1743;"CALLE 2 502";BERAZATEGUI;2026-10-05;05-10-2026;02-10-2026;FAC-B0002-00016759;Venta;ELEBES;1509749;6,00;7802,52;9441,05;OJEDA MARIA;;0,00 %;5;Eliana Huber;55;PD ladysoft clasicos 20x30;1300,42;3428;"";KIOSCO;KIOSCO;5381,04;CLAUDIO GARCIA;0,00;$;2;SOFTYS ARGENTINA S.A;0,00000000;0,00;Contado;06-10-2026 08:59;;LADYSOFT;Softy;;SOFTY;PROTECTOR DIARIO;LAGO PUELO;PAPEL;;;25;JOHANA VIGIL;AXUM;;SOFTYS;False;132719;0;Lista General;KIOSCO - A;43551;02-10-2026;757-JUAN PABLO JUAREZ;SOFTYS;1;0,00000000;1300,42
5212;"LORENZINI 1845";FLORENCIO VARELA;2026-10-05;05-10-2026;02-10-2026;FAC-A0006-00000246;Venta;Empresa LAGOPUELO;1509761;6,00;4771,32;5773,30;PATRICIA LILIANA RUIZ;;0,00 %;6;Nieves Alegre;65;TF LADYSOFT COMFORT EXT ALGODON 8x54;795,22;3428;"Venta modificada el 2026-10-02 11:59:05";AUTOSERVICIO;AUTOSERVICIO;3290,58;CLAUDIO GARCIA;0,00;$;2;SOFTYS ARGENTINA S.A;0,00000000;0,00;Contado;06-10-2026 08:59;;LADYSOFT;Softy;;SOFTY;TOALLA FEMENINA;LAGO PUELO;PAPEL;;;25;JOHANA VIGIL;AXUM;;SOFTYS;False;132314;0;Lista General;AUTOSERVICIO - A;43558;02-10-2026;757-JUAN PABLO JUAREZ;SOFTYS;1;0,00000000;795,22
5212;"LORENZINI 1845";FLORENCIO VARELA;2026-10-05;05-10-2026;02-10-2026;FAC-A0006-00000246;Venta;Empresa LAGOPUELO;1509762;6,00;7033,14;8510,10;PATRICIA LILIANA RUIZ;;0,00 %;6;Nieves Alegre;65;TF NOCTUR EXT A 8x32;1172,19;3428;"Venta modificada el 2026-10-02 11:59:05";AUTOSERVICIO;AUTOSERVICIO;4850,46;CLAUDIO GARCIA;0,00;$;2;SOFTYS ARGENTINA S.A;0,00000000;0,00;Contado;06-10-2026 08:59;;LADYSOFT;Softy;;SOFTY;TOALLA FEMENINA;LAGO PUELO;PAPEL;;;25;JOHANA VIGIL;AXUM;;SOFTYS;False;132314;0;Lista General;AUTOSERVICIO - A;43558;02-10-2026;757-JUAN PABLO JUAREZ;SOFTYS;1;0,00000000;1172,19
5212;"LORENZINI 1845";FLORENCIO VARELA;2026-10-05;05-10-2026;02-10-2026;FAC-A0006-00000246;Venta;Empresa LAGOPUELO;1501553;1,00;22551,25;27287,01;PATRICIA LILIANA RUIZ;;15,00 %;6;Nieves Alegre;65;PH HIGIENOL DH PLUS FUSI”N 30M x4/10;22551,25;3428;"Venta modificada el 2026-10-02 11:59:05";AUTOSERVICIO;AUTOSERVICIO;17199,92;CLAUDIO GARCIA;3979,63;$;2;SOFTYS ARGENTINA S.A;0,00000000;0,00;Contado;06-10-2026 08:59;;HIGIENOL;Softy;;SOFTY;PAPEL HIG;LAGO PUELO;PAPEL;81;;25;JOHANA VIGIL;AXUM;;SOFTYS;False;132314;0;Lista General;AUTOSERVICIO - A;43558;02-10-2026;757-JUAN PABLO JUAREZ;SOFTYS;1;0,00000000;22551,25
22877;"SOLIS - (TRADICIONAL) 152";FLORENCIO VARELA;2026-10-05;05-10-2026;02-10-2026;FAC-B0006-00000268;Venta;Empresa LAGOPUELO;1509764;1,00;0,00;0,00;RIVETTI YESICA ALEJANDRA;;100,00 %;6;Nieves Alegre;65;TF NORMAL T/SUAVE EXT ALGODON 8x54;0,00;3428;"Venta modificada el 2026-10-02 12:40:46";AUTOSERVICIO;Autoservicio B;585,27;CLAUDIO GARCIA;848,64;$;2;SOFTYS ARGENTINA S.A;0,00000000;0,00;Contado;06-10-2026 08:59;;LADYSOFT;Softy;;SOFTY;TOALLA FEMENINA;LAGO PUELO;PAPEL;65;;25;JOHANA VIGIL;AXUM;;SOFTYS;False;132458;0;Lista General;Autoservicio B - A;43566;02-10-2026;757-JUAN PABLO JUAREZ;SOFTYS;1;0,00000000;0,00
22877;"SOLIS - (TRADICIONAL) 152";FLORENCIO VARELA;2026-10-05;05-10-2026;02-10-2026;FAC-B0006-00000268;Venta;Empresa LAGOPUELO;1501627;3,00;36122,11;43707,76;RIVETTI YESICA ALEJANDRA;;10,00 %;6;Nieves Alegre;65;PH Higienol HS Balanced 20mx4/12;12040,70;3428;"Venta modificada el 2026-10-02 12:40:46";AUTOSERVICIO;Autoservicio B;28465,02;CLAUDIO GARCIA;1337,86;$;2;SOFTYS ARGENTINA S.A;0,00000000;0,00;Contado;06-10-2026 08:59;;HIGIENOL;Softy;;SOFTY;PAPEL HIG;LAGO PUELO;PAPEL;103;;25;JOHANA VIGIL;AXUM;;SOFTYS;False;132458;0;Lista General;Autoservicio B - A;43566;02-10-2026;757-JUAN PABLO JUAREZ;SOFTYS;1;0,00000000;12040,70
22877;"SOLIS - (TRADICIONAL) 152";FLORENCIO VARELA;2026-10-05;05-10-2026;02-10-2026;FAC-B0006-00000268;Venta;Empresa LAGOPUELO;1509755;12,00;14396,04;17419,21;RIVETTI YESICA ALEJANDRA;;0,00 %;6;Nieves Alegre;65;TF UD T/SECA LADYSOFT ULTRA PROTECT 8;1199,67;3428;"Venta modificada el 2026-10-02 12:40:46";AUTOSERVICIO;Autoservicio B;9928,32;CLAUDIO GARCIA;0,00;$;2;SOFTYS ARGENTINA S.A;0,00000000;0,00;Contado;06-10-2026 08:59;;LADYSOFT;Softy;;SOFTY;TOALLA FEMENINA;LAGO PUELO;PAPEL;;;25;JOHANA VIGIL;AXUM;;SOFTYS;False;132458;0;Lista General;Autoservicio B - A;43566;02-10-2026;757-JUAN PABLO JUAREZ;SOFTYS;1;0,00000000;1199,67
22877;"SOLIS - (TRADICIONAL) 152";FLORENCIO VARELA;2026-10-05;05-10-2026;02-10-2026;FAC-B0006-00000268;Venta;Empresa LAGOPUELO;1509759;20,00;42614,20;51563,18;RIVETTI YESICA ALEJANDRA;;0,00 %;6;Nieves Alegre;65;TF UD T/SUAVE EXT ALG 16x20;2130,71;3428;"Venta modificada el 2026-10-02 12:40:46";AUTOSERVICIO;Autoservicio B;29389,00;CLAUDIO GARCIA;0,00;$;2;SOFTYS ARGENTINA S.A;0,00000000;0,00;Contado;06-10-2026 08:59;;LADYSOFT;Softy;;SOFTY;TOALLA FEMENINA;LAGO PUELO;PAPEL;;;25;JOHANA VIGIL;AXUM;;SOFTYS;False;132458;0;Lista General;Autoservicio B - A;43566;02-10-2026;757-JUAN PABLO JUAREZ;SOFTYS;1;0,00000000;2130,71
22877;"SOLIS - (TRADICIONAL) 152";FLORENCIO VARELA;2026-10-05;05-10-2026;02-10-2026;FAC-B0006-00000268;Venta;Empresa LAGOPUELO;1509764;12,00;10183,68;12322,25;RIVETTI YESICA ALEJANDRA;;0,00 %;6;Nieves Alegre;65;TF NORMAL T/SUAVE EXT ALGODON 8x54;848,64;3428;"Venta modificada el 2026-10-02 12:40:46";AUTOSERVICIO;Autoservicio B;7023,24;CLAUDIO GARCIA;0,00;$;2;SOFTYS ARGENTINA S.A;0,00000000;0,00;Contado;06-10-2026 08:59;;LADYSOFT;Softy;;SOFTY;TOALLA FEMENINA;LAGO PUELO;PAPEL;;;25;JOHANA VIGIL;AXUM;;SOFTYS;False;132458;0;Lista General;Autoservicio B - A;43566;02-10-2026;757-JUAN PABLO JUAREZ;SOFTYS;1;0,00000000;848,64
1278;"CALLE 4 A 2579";Berazategui;2026-10-05;05-10-2026;30-09-2026;FAC-B0002-00016763;Venta;ELEBES;1503118;10,00;14686,60;17770,79;COLQUE ZULMA;;0,00 %;5;Eliana Huber;53;TH BABYSEC ULTRA 50/24;1468,66;3430;"";ALMACEN;ALMACEN;10128,70;LEONARDO SANTA CRUZ;0,00;$;2;SOFTYS ARGENTINA S.A;0,00000000;0,00;Contado;06-10-2026 11:13;;BABYSEC;;;;;;PAPEL;;;25;JOHANA VIGIL;AXUM;;SOFTYS;False;130962;0;Lista General;ALMACEN - A;43433;02-10-2026;759-GABRIEL PEREZ;SOFTYS;1;0,00000000;1468,66
23829;"CALLE 7 - (TRADICIONAL) 1745";BERAZATEGUI;2026-10-05;05-10-2026;30-09-2026;FAC-A0002-00011568;Venta;ELEBES;1501553;1,00;18915,57;22887,83;FEMENINA ANDREA;;23,00 %;5;Eliana Huber;53;PH HIGIENOL DH PLUS FUSI”N 30M x4/10;18915,57;3430;"";KIOSCO;KIOSCO;15925,88;LEONARDO SANTA CRUZ;5650,10;$;2;SOFTYS ARGENTINA S.A;0,00000000;0,00;Contado;06-10-2026 11:13;;HIGIENOL;Softy;;SOFTY;PAPEL HIG;LAGO PUELO;PAPEL;81;;25;JOHANA VIGIL;AXUM;;SOFTYS;False;131152;0;Lista General;KIOSCO - A;43437;02-10-2026;759-GABRIEL PEREZ;SOFTYS;1;0,00000000;18915,57
2921;"Calle 138 N 627";Berazategui;2026-10-05;05-10-2026;30-09-2026;FAC-B0002-00016765;Venta;ELEBES;1501627;1,00;12977,20;15702,42;SCHVINDT MARCELO;;3,00 %;4;Selene Pawlikowski;43;PH Higienol HS Balanced 20mx4/12;12977,20;3430;"";ALMACEN;ALMACEN;9488,34;LEONARDO SANTA CRUZ;401,36;$;2;SOFTYS ARGENTINA S.A;0,00000000;0,00;Contado;06-10-2026 11:13;;HIGIENOL;Softy;;SOFTY;PAPEL HIG;LAGO PUELO;PAPEL;103;;25;JOHANA VIGIL;AXUM;;SOFTYS;False;131316;0;Lista General;ALMACEN - A;43438;02-10-2026;759-GABRIEL PEREZ;SOFTYS;1;0,00000000;12977,20
2921;"Calle 138 N 627";Berazategui;2026-10-05;05-10-2026;30-09-2026;FAC-B0002-00016765;Venta;ELEBES;1505688;1,00;15042,56;18201,49;SCHVINDT MARCELO;;5,00 %;4;Selene Pawlikowski;43;RC Sussex clasico mas blanco 50px3/10;15042,56;3430;"";ALMACEN;ALMACEN;11729,09;LEONARDO SANTA CRUZ;791,71;$;2;SOFTYS ARGENTINA S.A;0,00000000;0,00;Contado;06-10-2026 11:13;;SUSSEX;Softy;;SOFTY;ROLLO DE COCINA;LAGO PUELO;PAPEL;83;;25;JOHANA VIGIL;AXUM;;SOFTYS;False;131316;0;Lista General;ALMACEN - A;43438;02-10-2026;759-GABRIEL PEREZ;SOFTYS;1;0,00000000;15042,56
25014;"AV FLORENCIO VARELA Y RAMON CARILLO - (TRADICIONAL) 0";EZPELETA ESTE;2026-10-05;05-10-2026;30-09-2026;FAC-B0002-00016767;Venta;ELEBES;1504289;16,00;158261,47;191496,38;ALMACEN ALEX;;10,00 %;5;Eliana Huber;53;PLBABYSEC PREM SOFTXXG x30/4;9891,34;3430;"";ALMACEN;ALMACEN;130256,32;LEONARDO SANTA CRUZ;1099,04;$;2;SOFTYS ARGENTINA S.A;0,00000000;0,00;Contado;06-10-2026 11:13;;BABYSEC;Softy;;SOFTY;PAÒAL;LAGO PUELO;PAPEL;;;25;JOHANA VIGIL;AXUM;;SOFTYS;False;131468;0;Lista General;ALMACEN - A;43440;02-10-2026;759-GABRIEL PEREZ;SOFTYS;1;0,00000000;9891,34
25014;"AV FLORENCIO VARELA Y RAMON CARILLO - (TRADICIONAL) 0";EZPELETA ESTE;2026-10-05;05-10-2026;30-09-2026;FAC-B0002-00016767;Venta;ELEBES;1503118;48,00;70495,68;85299,77;ALMACEN ALEX;;0,00 %;5;Eliana Huber;53;TH BABYSEC ULTRA 50/24;1468,66;3430;"";ALMACEN;ALMACEN;48617,76;LEONARDO SANTA CRUZ;0,00;$;2;SOFTYS ARGENTINA S.A;0,00000000;0,00;Contado;06-10-2026 11:13;;BABYSEC;;;;;;PAPEL;;;25;JOHANA VIGIL;AXUM;;SOFTYS;False;131468;0;Lista General;ALMACEN - A;43440;02-10-2026;759-GABRIEL PEREZ;SOFTYS;1;0,00000000;1468,66
25014;"AV FLORENCIO VARELA Y RAMON CARILLO - (TRADICIONAL) 0";EZPELETA ESTE;2026-10-05;05-10-2026;30-09-2026;FAC-B0002-00016767;Venta;ELEBES;1503131;20,00;41257,60;49921,70;ALMACEN ALEX;;0,00 %;5;Eliana Huber;53;TH BABYSEC PREMIUM X45/10;2062,88;3430;"";ALMACEN;ALMACEN;28453,60;LEONARDO SANTA CRUZ;0,00;$;2;SOFTYS ARGENTINA S.A;0,00000000;0,00;Contado;06-10-2026 11:13;;BABYSEC;Softy;;SOFTY;TOALLA HUMEDA;LAGO PUELO;PAPEL;;;25;JOHANA VIGIL;AXUM;;SOFTYS;False;131468;0;Lista General;ALMACEN - A;43440;02-10-2026;759-GABRIEL PEREZ;SOFTYS;1;0,00000000;2062,88
25014;"AV FLORENCIO VARELA Y RAMON CARILLO - (TRADICIONAL) 0";EZPELETA ESTE;2026-10-05;05-10-2026;30-09-2026;FAC-B0002-00016767;Venta;ELEBES;1501854;5,00;80679,40;97622,07;ALMACEN ALEX;;0,00 %;5;Eliana Huber;53;PH Higienol Texturado 30m x4/12;16135,88;3430;"";ALMACEN;ALMACEN;55640,95;LEONARDO SANTA CRUZ;0,00;$;2;SOFTYS ARGENTINA S.A;0,00000000;0,00;Contado;06-10-2026 11:13;;HIGIENOL;Softy;;SOFTY;PAPEL HIG;LAGO PUELO;PAPEL;;;25;JOHANA VIGIL;AXUM;;SOFTYS;False;131468;0;Lista General;ALMACEN - A;43440;02-10-2026;759-GABRIEL PEREZ;SOFTYS;1;0,00000000;16135,88
25014;"AV FLORENCIO VARELA Y RAMON CARILLO - (TRADICIONAL) 0";EZPELETA ESTE;2026-10-05;05-10-2026;30-09-2026;FAC-B0002-00016767;Venta;ELEBES;1505496;10,00;11510,60;13927,83;ALMACEN ALEX;;0,00 %;5;Eliana Huber;53;PO ELITE ST CON ALGODON X10 PACK 6;1151,06;3430;"";ALMACEN;ALMACEN;7938,40;LEONARDO SANTA CRUZ;0,00;$;2;SOFTYS ARGENTINA S.A;0,00000000;0,00;Contado;06-10-2026 11:13;;ELITE;Softy;;SOFTY;PAÒUELOS;LAGO PUELO;PAPEL;;;25;JOHANA VIGIL;AXUM;;SOFTYS;False;131468;0;Lista General;ALMACEN - A;43440;02-10-2026;759-GABRIEL PEREZ;SOFTYS;1;0,00000000;1151,06
23096;"MIGUEL CANE - (KIOSCOS/MAXI) 1105";GLEW;2026-10-05;05-10-2026;02-10-2026;FAC-B0006-00000270;Venta;Empresa LAGOPUELO;1509232;1,00;13179,71;15947,45;NAIR FEDERICO;;0,00 %;061;Nailah Guzman;0615;RC NOBLE 40P x3/10;13179,71;3433;"Venta modificada el 2026-10-02 12:30:43";KIOSCO;KIOSCO;9762,75;WALTER JANIUK;0,00;$;2;SOFTYS ARGENTINA S.A;0,00000000;0,00;Contado;06-10-2026 08:52;;NOBLE;Softy;;SOFTY;ROLLO DE COCINA;LAGO PUELO;PAPEL;;;300;Bruno Centurion;AXUM;;SOFTYS;False;132575;0;Lista General;KIOSCO - A;43219;02-10-2026;759-GABRIEL PEREZ;SOFTYS;1;0,00000000;13179,71
23113;"ENTRE RIOS - (TRADICIONAL) 1574";GLEW;2026-10-05;05-10-2026;02-10-2026;FAC-B0002-00016769;Venta;ELEBES;1509755;10,00;11996,70;14516,01;GILBER VEIZAGA;;0,00 %;061;Nailah Guzman;0615;TF UD T/SECA LADYSOFT ULTRA PROTECT 8;1199,67;3433;"";ALMACEN;ALMACEN;8273,60;WALTER JANIUK;0,00;$;2;SOFTYS ARGENTINA S.A;0,00000000;0,00;Contado;06-10-2026 08:52;;LADYSOFT;Softy;;SOFTY;TOALLA FEMENINA;LAGO PUELO;PAPEL;;;300;Bruno Centurion;AXUM;;SOFTYS;False;132717;0;Lista General;ALMACEN - A;43230;02-10-2026;759-GABRIEL PEREZ;SOFTYS;1;0,00000000;1199,67
23113;"ENTRE RIOS - (TRADICIONAL) 1574";GLEW;2026-10-05;05-10-2026;02-10-2026;FAC-B0002-00016769;Venta;ELEBES;1509758;10,00;11157,40;13500,45;GILBER VEIZAGA;;0,00 %;061;Nailah Guzman;0615;TF UD T/SUAVE EXT ALGO 8X40;1115,74;3433;"";ALMACEN;ALMACEN;7694,80;WALTER JANIUK;0,00;$;2;SOFTYS ARGENTINA S.A;0,00000000;0,00;Contado;06-10-2026 08:52;;LADYSOFT;Softy;;SOFTY;TOALLA FEMENINA;LAGO PUELO;PAPEL;;;300;Bruno Centurion;AXUM;;SOFTYS;False;132717;0;Lista General;ALMACEN - A;43230;02-10-2026;759-GABRIEL PEREZ;SOFTYS;1;0,00000000;1115,74
23113;"ENTRE RIOS - (TRADICIONAL) 1574";GLEW;2026-10-05;05-10-2026;02-10-2026;FAC-B0002-00016769;Venta;ELEBES;1509756;20,00;46674,20;56475,78;GILBER VEIZAGA;;0,00 %;061;Nailah Guzman;0615;TF UD T/SECA LADYSOFT UL PRT 16u;2333,71;3433;"";ALMACEN;ALMACEN;32189,20;WALTER JANIUK;0,00;$;2;SOFTYS ARGENTINA S.A;0,00000000;0,00;Contado;06-10-2026 08:52;;LADYSOFT;Softy;;SOFTY;TOALLA FEMENINA;LAGO PUELO;PAPEL;;;300;Bruno Centurion;AXUM;;SOFTYS;False;132717;0;Lista General;ALMACEN - A;43230;02-10-2026;759-GABRIEL PEREZ;SOFTYS;1;0,00000000;2333,71
23113;"ENTRE RIOS - (TRADICIONAL) 1574";GLEW;2026-10-05;05-10-2026;02-10-2026;FAC-B0002-00016769;Venta;ELEBES;1509763;16,00;36240,80;43851,37;GILBER VEIZAGA;;0,00 %;061;Nailah Guzman;0615;TF Nocturna EXT ALGODON 16X16;2265,05;3433;"";ALMACEN;ALMACEN;24993,76;WALTER JANIUK;0,00;$;2;SOFTYS ARGENTINA S.A;0,00000000;0,00;Contado;06-10-2026 08:52;;LADYSOFT;Softy;;SOFTY;TOALLA FEMENINA;LAGO PUELO;PAPEL;;;300;Bruno Centurion;AXUM;;SOFTYS;False;132717;0;Lista General;ALMACEN - A;43230;02-10-2026;759-GABRIEL PEREZ;SOFTYS;1;0,00000000;2265,05
104668;"Condarco 1634 0";WILDE;2026-10-05;02-10-2026;05-10-2026;NCR-A0002-00003853;DevoluciÛn por Rechazo;ELEBES;1509762;-12,00;-14066,28;-17020,20;Guo Jiali;RECHAZA, MUY CARO;0,00 %;24;Cecilia Gauchez;244;TF NOCTUR EXT A 8x32;1172,19;3408;"";AUTOSERVICIO;AUTOSERVICIO;-9700,92;CLAUDIO GARCIA;0,00;$;2;SOFTYS ARGENTINA S.A;0,00000000;0,00;Efectivo;05-10-2026 08:47;;LADYSOFT;Softy;;SOFTY;TOALLA FEMENINA;LAGO PUELO;PAPEL;;;25;JOHANA VIGIL;Gescom;FAC-A0002-00011532;;True;132805;0;Lista General;AUTOSERVICIO - A;;01-01-2000;;SOFTYS;1;0,00000000;1172,19
29090;"ALGARROBO - (TRADICIONAL) 390";ADROGUE;2026-10-05;02-10-2026;05-10-2026;NCR-A0002-00003854;DevoluciÛn por Rechazo;ELEBES;1501627;-2,00;-24081,41;-29138,50;MIRIAM ROSANA COLMAN;NO QUIERE EL CLIENTE;10,00 %;063;Daniel Martin;0634;PH Higienol HS Balanced 20mx4/12;12040,70;3416;"";ALMACEN;ALMACEN;-18976,68;NAHUEL MONTOYA;1337,86;$;2;SOFTYS ARGENTINA S.A;0,00000000;0,00;Contado;05-10-2026 09:06;;HIGIENOL;Softy;;SOFTY;PAPEL HIG;LAGO PUELO;PAPEL;103;;300;Bruno Centurion;Gescom;FAC-A0002-00011521;;True;132817;0;Lista General;ALMACEN - A;;01-01-2000;;SOFTYS;1;0,00000000;12040,70
2100;"Calle 142B N 3150";Berazategui;2026-10-06;06-10-2026;05-10-2026;FAC-A0001-00343409;Venta;LAGOPUELO S.A;1501553;2,00;45102,50;54574,02;COZZARIN ESTELA ELIZABETH;;15,00 %;4;Selene Pawlikowski;41;PH HIGIENOL DH PLUS FUSI”N 30M x4/10;22551,25;3443;"";AUTOSERVICIO;AUTOSERVICIO;34399,84;JUAN ESCOTO;3979,63;$;2;SOFTYS ARGENTINA S.A;0,00000000;0,00;Contado;07-10-2026 08:13;;HIGIENOL;Softy;;SOFTY;PAPEL HIG;LAGO PUELO;PAPEL;81;;25;JOHANA VIGIL;AXUM;;SOFTYS;False;132822;0;Lista General;AUTOSERVICIO - A;43810;05-10-2026;757-JUAN PABLO JUAREZ;SOFTYS;1;0,00000000;22551,25
2100;"Calle 142B N 3150";Berazategui;2026-10-06;06-10-2026;05-10-2026;FAC-A0001-00343409;Venta;LAGOPUELO S.A;1501627;2,00;24081,41;29138,50;COZZARIN ESTELA ELIZABETH;;10,00 %;4;Selene Pawlikowski;41;PH Higienol HS Balanced 20mx4/12;12040,70;3443;"";AUTOSERVICIO;AUTOSERVICIO;18976,68;JUAN ESCOTO;1337,86;$;2;SOFTYS ARGENTINA S.A;0,00000000;0,00;Contado;07-10-2026 08:13;;HIGIENOL;Softy;;SOFTY;PAPEL HIG;LAGO PUELO;PAPEL;103;;25;JOHANA VIGIL;AXUM;;SOFTYS;False;132822;0;Lista General;AUTOSERVICIO - A;43810;05-10-2026;757-JUAN PABLO JUAREZ;SOFTYS;1;0,00000000;12040,70
2100;"Calle 142B N 3150";Berazategui;2026-10-06;06-10-2026;05-10-2026;FAC-A0001-00343409;Venta;LAGOPUELO S.A;1505688;2,00;31067,28;37591,41;COZZARIN ESTELA ELIZABETH;;5,00 %;4;Selene Pawlikowski;41;RC Sussex clasico mas blanco 50px3/10;15533,64;3443;"";AUTOSERVICIO;AUTOSERVICIO;24224,00;JUAN ESCOTO;817,56;$;2;SOFTYS ARGENTINA S.A;0,00000000;0,00;Contado;07-10-2026 08:13;;SUSSEX;Softy;;SOFTY;ROLLO DE COCINA;LAGO PUELO;PAPEL;83;;25;JOHANA VIGIL;AXUM;;SOFTYS;False;132822;0;Lista General;AUTOSERVICIO - A;43810;05-10-2026;757-JUAN PABLO JUAREZ;SOFTYS;1;0,00000000;15533,64
1225;"Calle 137 Y AV. EVA PERON 1";Berazategui;2026-10-06;06-10-2026;05-10-2026;FAC-A0001-00343413;Venta;LAGOPUELO S.A;1502607;10,00;278585,90;337088,94;SUPERMERCADOS LOS ANGELES SA†††††††††;;0,00 %;051;Ezequiel Valente;0511;PH ELITE ULTRA DH SOFT T C/ALG 30Mx4;27858,59;3443;"";AUTOSERVICIO;AUTOSERVICIO;186370,00;JUAN ESCOTO;0,00;$;2;SOFTYS ARGENTINA S.A;0,00000000;0,00;Contado;07-10-2026 08:13;;ELITE;Softy;;SOFTY;PAPEL HIG;LAGO PUELO;PAPEL;;;300;Bruno Centurion;AXUM;;SOFTYS;False;132900;0;Lista General;AUTOSERVICIO - A;43816;05-10-2026;757-JUAN PABLO JUAREZ;SOFTYS;1;0,00000000;27858,59
1225;"Calle 137 Y AV. EVA PERON 1";Berazategui;2026-10-06;06-10-2026;05-10-2026;FAC-A0001-00343413;Venta;LAGOPUELO S.A;1507915;5,00;178362,90;215819,11;SUPERMERCADOS LOS ANGELES SA†††††††††;;0,00 %;051;Ezequiel Valente;0511;PH HIGIENOL DH YAPA 50X x4 ;35672,58;3443;"";AUTOSERVICIO;AUTOSERVICIO;123008,90;JUAN ESCOTO;0,00;$;2;SOFTYS ARGENTINA S.A;0,00000000;0,00;Contado;07-10-2026 08:13;;HIGIENOL;Softy;;SOFTY;PAPEL HIG;LAGO PUELO;PAPEL;;;300;Bruno Centurion;AXUM;;SOFTYS;False;132900;0;Lista General;AUTOSERVICIO - A;43816;05-10-2026;757-JUAN PABLO JUAREZ;SOFTYS;1;0,00000000;35672,58
1225;"Calle 137 Y AV. EVA PERON 1";Berazategui;2026-10-06;06-10-2026;05-10-2026;FAC-A0001-00343413;Venta;LAGOPUELO S.A;1505774;21,00;46704,21;56512,09;SUPERMERCADOS LOS ANGELES SA†††††††††;;0,00 %;051;Ezequiel Valente;0511;SE SUSSEX HS 30x30 BLANCA x140/21;2224,01;3443;"";AUTOSERVICIO;AUTOSERVICIO;34595,61;JUAN ESCOTO;0,00;$;2;SOFTYS ARGENTINA S.A;0,00000000;0,00;Contado;07-10-2026 08:13;;SUSSEX;Softy;;SOFTY;SERVILLETA;LAGO PUELO;PAPEL;;;300;Bruno Centurion;AXUM;;SOFTYS;False;132900;0;Lista General;AUTOSERVICIO - A;43816;05-10-2026;757-JUAN PABLO JUAREZ;SOFTYS;1;0,00000000;2224,01
1225;"Calle 137 Y AV. EVA PERON 1";Berazategui;2026-10-06;06-10-2026;05-10-2026;FAC-A0001-00343413;Venta;LAGOPUELO S.A;1505411;72,00;108275,76;131013,67;SUPERMERCADOS LOS ANGELES SA†††††††††;;0,00 %;051;Ezequiel Valente;0511;P— ELITE FACIALES DISNEY x90/36;1503,83;3443;"";AUTOSERVICIO;AUTOSERVICIO;74672,64;JUAN ESCOTO;0,00;$;2;SOFTYS ARGENTINA S.A;0,00000000;0,00;Contado;07-10-2026 08:13;;ELITE;Softy;;SOFTY;PAÒUELOS;LAGO PUELO;PAPEL;;;300;Bruno Centurion;AXUM;;SOFTYS;False;132900;0;Lista General;AUTOSERVICIO - A;43816;05-10-2026;757-JUAN PABLO JUAREZ;SOFTYS;1;0,00000000;1503,83
1225;"Calle 137 Y AV. EVA PERON 1";Berazategui;2026-10-06;06-10-2026;05-10-2026;FAC-A0001-00343413;Venta;LAGOPUELO S.A;1501553;60,00;1114296,96;1348299,32;SUPERMERCADOS LOS ANGELES SA†††††††††;;30,00 %;051;Ezequiel Valente;0511;PH HIGIENOL DH PLUS FUSI”N 30M x4/10;18571,62;3443;"";AUTOSERVICIO;AUTOSERVICIO;1031995,20;JUAN ESCOTO;7959,26;$;2;SOFTYS ARGENTINA S.A;0,00000000;0,00;Contado;07-10-2026 08:13;;HIGIENOL;Softy;;SOFTY;PAPEL HIG;LAGO PUELO;PAPEL;81;;300;Bruno Centurion;AXUM;;SOFTYS;False;132900;0;Lista General;AUTOSERVICIO - A;43816;05-10-2026;757-JUAN PABLO JUAREZ;SOFTYS;1;0,00000000;18571,62
1499;"CALLE 155 1765";BERAZATEGUI;2026-10-06;06-10-2026;05-10-2026;FAC-A0001-00343415;Venta;LAGOPUELO S.A;1509761;12,00;9542,64;11546,59;POMBO HORACIO NORBERTO††††††††††;;0,00 %;5;Eliana Huber;51;TF LADYSOFT COMFORT EXT ALGODON 8x54;795,22;3443;"";AUTOSERVICIO;AUTOSERVICIO;6581,16;JUAN ESCOTO;0,00;$;2;SOFTYS ARGENTINA S.A;0,00000000;0,00;Contado;07-10-2026 08:13;;LADYSOFT;Softy;;SOFTY;TOALLA FEMENINA;LAGO PUELO;PAPEL;;;25;JOHANA VIGIL;AXUM;;SOFTYS;False;132925;0;Lista General;AUTOSERVICIO - A;43811;05-10-2026;757-JUAN PABLO JUAREZ;SOFTYS;1;0,00000000;795,22
1499;"CALLE 155 1765";BERAZATEGUI;2026-10-06;06-10-2026;05-10-2026;FAC-A0001-00343415;Venta;LAGOPUELO S.A;1509755;12,00;14396,04;17419,21;POMBO HORACIO NORBERTO††††††††††;;0,00 %;5;Eliana Huber;51;TF UD T/SECA LADYSOFT ULTRA PROTECT 8;1199,67;3443;"";AUTOSERVICIO;AUTOSERVICIO;9928,32;JUAN ESCOTO;0,00;$;2;SOFTYS ARGENTINA S.A;0,00000000;0,00;Contado;07-10-2026 08:13;;LADYSOFT;Softy;;SOFTY;TOALLA FEMENINA;LAGO PUELO;PAPEL;;;25;JOHANA VIGIL;AXUM;;SOFTYS;False;132925;0;Lista General;AUTOSERVICIO - A;43811;05-10-2026;757-JUAN PABLO JUAREZ;SOFTYS;1;0,00000000;1199,67
1499;"CALLE 155 1765";BERAZATEGUI;2026-10-06;06-10-2026;05-10-2026;FAC-A0001-00343415;Venta;LAGOPUELO S.A;1509768;8,00;7802,48;9441,00;POMBO HORACIO NORBERTO††††††††††;;0,00 %;5;Eliana Huber;51;TF NORMAL T/SUAVE PIEL SENSIBLE 8x54;975,31;3443;"";AUTOSERVICIO;AUTOSERVICIO;5381,04;JUAN ESCOTO;0,00;$;2;SOFTYS ARGENTINA S.A;0,00000000;0,00;Contado;07-10-2026 08:13;;LADYSOFT;Softy;;SOFTY;TOALLA FEMENINA;LAGO PUELO;PAPEL;;;25;JOHANA VIGIL;AXUM;;SOFTYS;False;132925;0;Lista General;AUTOSERVICIO - A;43811;05-10-2026;757-JUAN PABLO JUAREZ;SOFTYS;1;0,00000000;975,31
1499;"CALLE 155 1765";BERAZATEGUI;2026-10-06;06-10-2026;05-10-2026;FAC-A0001-00343415;Venta;LAGOPUELO S.A;1509757;6,00;20000,76;24200,92;POMBO HORACIO NORBERTO††††††††††;;0,00 %;5;Eliana Huber;51;TF UD T/SECA LADYSOFT UL PTEC 24u;3333,46;3443;"";AUTOSERVICIO;AUTOSERVICIO;13793,64;JUAN ESCOTO;0,00;$;2;SOFTYS ARGENTINA S.A;0,00000000;0,00;Contado;07-10-2026 08:13;;LADYSOFT;Softy;;SOFTY;TOALLA FEMENINA;LAGO PUELO;PAPEL;;;25;JOHANA VIGIL;AXUM;;SOFTYS;False;132925;0;Lista General;AUTOSERVICIO - A;43811;05-10-2026;757-JUAN PABLO JUAREZ;SOFTYS;1;0,00000000;3333,46
1499;"CALLE 155 1765";BERAZATEGUI;2026-10-06;06-10-2026;05-10-2026;FAC-A0001-00343415;Venta;LAGOPUELO S.A;1509763;6,00;13590,30;16444,26;POMBO HORACIO NORBERTO††††††††††;;0,00 %;5;Eliana Huber;51;TF Nocturna EXT ALGODON 16X16;2265,05;3443;"";AUTOSERVICIO;AUTOSERVICIO;9372,66;JUAN ESCOTO;0,00;$;2;SOFTYS ARGENTINA S.A;0,00000000;0,00;Contado;07-10-2026 08:13;;LADYSOFT;Softy;;SOFTY;TOALLA FEMENINA;LAGO PUELO;PAPEL;;;25;JOHANA VIGIL;AXUM;;SOFTYS;False;132925;0;Lista General;AUTOSERVICIO - A;43811;05-10-2026;757-JUAN PABLO JUAREZ;SOFTYS;1;0,00000000;2265,05
1499;"CALLE 155 1765";BERAZATEGUI;2026-10-06;06-10-2026;05-10-2026;FAC-A0001-00343415;Venta;LAGOPUELO S.A;1509759;6,00;12784,26;15468,95;POMBO HORACIO NORBERTO††††††††††;;0,00 %;5;Eliana Huber;51;TF UD T/SUAVE EXT ALG 16x20;2130,71;3443;"";AUTOSERVICIO;AUTOSERVICIO;8816,70;JUAN ESCOTO;0,00;$;2;SOFTYS ARGENTINA S.A;0,00000000;0,00;Contado;07-10-2026 08:13;;LADYSOFT;Softy;;SOFTY;TOALLA FEMENINA;LAGO PUELO;PAPEL;;;25;JOHANA VIGIL;AXUM;;SOFTYS;False;132925;0;Lista General;AUTOSERVICIO - A;43811;05-10-2026;757-JUAN PABLO JUAREZ;SOFTYS;1;0,00000000;2130,71
1499;"CALLE 155 1765";BERAZATEGUI;2026-10-06;06-10-2026;05-10-2026;FAC-A0001-00343415;Venta;LAGOPUELO S.A;1509756;6,00;14002,26;16942,73;POMBO HORACIO NORBERTO††††††††††;;0,00 %;5;Eliana Huber;51;TF UD T/SECA LADYSOFT UL PRT 16u;2333,71;3443;"";AUTOSERVICIO;AUTOSERVICIO;9656,76;JUAN ESCOTO;0,00;$;2;SOFTYS ARGENTINA S.A;0,00000000;0,00;Contado;07-10-2026 08:13;;LADYSOFT;Softy;;SOFTY;TOALLA FEMENINA;LAGO PUELO;PAPEL;;;25;JOHANA VIGIL;AXUM;;SOFTYS;False;132925;0;Lista General;AUTOSERVICIO - A;43811;05-10-2026;757-JUAN PABLO JUAREZ;SOFTYS;1;0,00000000;2333,71
1499;"CALLE 155 1765";BERAZATEGUI;2026-10-06;06-10-2026;05-10-2026;FAC-A0001-00343415;Venta;LAGOPUELO S.A;1509749;6,00;7802,52;9441,05;POMBO HORACIO NORBERTO††††††††††;;0,00 %;5;Eliana Huber;51;PD ladysoft clasicos 20x30;1300,42;3443;"";AUTOSERVICIO;AUTOSERVICIO;5381,04;JUAN ESCOTO;0,00;$;2;SOFTYS ARGENTINA S.A;0,00000000;0,00;Contado;07-10-2026 08:13;;LADYSOFT;Softy;;SOFTY;PROTECTOR DIARIO;LAGO PUELO;PAPEL;;;25;JOHANA VIGIL;AXUM;;SOFTYS;False;132925;0;Lista General;AUTOSERVICIO - A;43811;05-10-2026;757-JUAN PABLO JUAREZ;SOFTYS;1;0,00000000;1300,42
2099;"EVA PERON 3389";Berazategui;2026-10-06;06-10-2026;05-10-2026;FAC-A0001-00343418;Venta;LAGOPUELO S.A;1501553;1,00;22551,25;27287,01;FRANCHINO CHRISTIAN GABRIEL;;15,00 %;051;Ezequiel Valente;0511;PH HIGIENOL DH PLUS FUSI”N 30M x4/10;22551,25;3443;"";ALMACEN;ALMACEN;17199,92;JUAN ESCOTO;3979,63;$;2;SOFTYS ARGENTINA S.A;0,00000000;0,00;Contado;07-10-2026 08:13;;HIGIENOL;Softy;;SOFTY;PAPEL HIG;LAGO PUELO;PAPEL;81;;300;Bruno Centurion;AXUM;;SOFTYS;False;132979;0;Lista General;ALMACEN - A;43819;05-10-2026;757-JUAN PABLO JUAREZ;SOFTYS;1;0,00000000;22551,25
1227;"Calle 302 Y 359";BERAZATEGUI;2026-10-06;06-10-2026;05-10-2026;FAC-A0001-00343419;Venta;LAGOPUELO S.A;1509761;6,00;4771,32;5773,30;SILVA MARISA BEATRIZ††††;;0,00 %;051;Ezequiel Valente;0511;TF LADYSOFT COMFORT EXT ALGODON 8x54;795,22;3443;"";AUTOSERVICIO;AUTOSERVICIO;3290,58;JUAN ESCOTO;0,00;$;2;SOFTYS ARGENTINA S.A;0,00000000;0,00;2 dÌas fecha de factura;07-10-2026 08:13;;LADYSOFT;Softy;;SOFTY;TOALLA FEMENINA;LAGO PUELO;PAPEL;;;300;Bruno Centurion;AXUM;;SOFTYS;False;133012;0;Lista General;AUTOSERVICIO - A;43847, 43848;05-10-2026;757-JUAN PABLO JUAREZ;SOFTYS;1;0,00000000;795,22
1227;"Calle 302 Y 359";BERAZATEGUI;2026-10-06;06-10-2026;05-10-2026;FAC-A0001-00343419;Venta;LAGOPUELO S.A;1509765;6,00;9973,08;12067,43;SILVA MARISA BEATRIZ††††;;0,00 %;051;Ezequiel Valente;0511;TF NORMALT/SUAVE EXT ALG 16x27;1662,18;3443;"";AUTOSERVICIO;AUTOSERVICIO;6877,98;JUAN ESCOTO;0,00;$;2;SOFTYS ARGENTINA S.A;0,00000000;0,00;2 dÌas fecha de factura;07-10-2026 08:13;;LADYSOFT;Softy;;SOFTY;TOALLA FEMENINA;LAGO PUELO;PAPEL;;;300;Bruno Centurion;AXUM;;SOFTYS;False;133012;0;Lista General;AUTOSERVICIO - A;43847, 43848;05-10-2026;757-JUAN PABLO JUAREZ;SOFTYS;1;0,00000000;1662,18
1227;"Calle 302 Y 359";BERAZATEGUI;2026-10-06;06-10-2026;05-10-2026;FAC-A0001-00343419;Venta;LAGOPUELO S.A;1509763;6,00;13590,30;16444,26;SILVA MARISA BEATRIZ††††;;0,00 %;051;Ezequiel Valente;0511;TF Nocturna EXT ALGODON 16X16;2265,05;3443;"";AUTOSERVICIO;AUTOSERVICIO;9372,66;JUAN ESCOTO;0,00;$;2;SOFTYS ARGENTINA S.A;0,00000000;0,00;2 dÌas fecha de factura;07-10-2026 08:13;;LADYSOFT;Softy;;SOFTY;TOALLA FEMENINA;LAGO PUELO;PAPEL;;;300;Bruno Centurion;AXUM;;SOFTYS;False;133012;0;Lista General;AUTOSERVICIO - A;43847, 43848;05-10-2026;757-JUAN PABLO JUAREZ;SOFTYS;1;0,00000000;2265,05
1227;"Calle 302 Y 359";BERAZATEGUI;2026-10-06;06-10-2026;05-10-2026;FAC-A0001-00343419;Venta;LAGOPUELO S.A;1509749;6,00;7802,52;9441,05;SILVA MARISA BEATRIZ††††;;0,00 %;051;Ezequiel Valente;0511;PD ladysoft clasicos 20x30;1300,42;3443;"";AUTOSERVICIO;AUTOSERVICIO;5381,04;JUAN ESCOTO;0,00;$;2;SOFTYS ARGENTINA S.A;0,00000000;0,00;2 dÌas fecha de factura;07-10-2026 08:13;;LADYSOFT;Softy;;SOFTY;PROTECTOR DIARIO;LAGO PUELO;PAPEL;;;300;Bruno Centurion;AXUM;;SOFTYS;False;133012;0;Lista General;AUTOSERVICIO - A;43847, 43848;05-10-2026;757-JUAN PABLO JUAREZ;SOFTYS;1;0,00000000;1300,42
1227;"Calle 302 Y 359";BERAZATEGUI;2026-10-06;06-10-2026;05-10-2026;FAC-A0001-00343419;Venta;LAGOPUELO S.A;1509756;6,00;14002,26;16942,73;SILVA MARISA BEATRIZ††††;;0,00 %;051;Ezequiel Valente;0511;TF UD T/SECA LADYSOFT UL PRT 16u;2333,71;3443;"";AUTOSERVICIO;AUTOSERVICIO;9656,76;JUAN ESCOTO;0,00;$;2;SOFTYS ARGENTINA S.A;0,00000000;0,00;2 dÌas fecha de factura;07-10-2026 08:13;;LADYSOFT;Softy;;SOFTY;TOALLA FEMENINA;LAGO PUELO;PAPEL;;;300;Bruno Centurion;AXUM;;SOFTYS;False;133012;0;Lista General;AUTOSERVICIO - A;43847, 43848;05-10-2026;757-JUAN PABLO JUAREZ;SOFTYS;1;0,00000000;2333,71
1227;"Calle 302 Y 359";BERAZATEGUI;2026-10-06;06-10-2026;05-10-2026;FAC-A0001-00343419;Venta;LAGOPUELO S.A;1509243;1,00;17848,21;21596,33;SILVA MARISA BEATRIZ††††;;0,00 %;051;Ezequiel Valente;0511;PH NOBLE HS 30M X4/12;17848,21;3443;"";AUTOSERVICIO;AUTOSERVICIO;12309,11;JUAN ESCOTO;0,00;$;2;SOFTYS ARGENTINA S.A;0,00000000;0,00;2 dÌas fecha de factura;07-10-2026 08:13;;NOBLE;Softy;;SOFTY;PAPEL HIG;LAGO PUELO;PAPEL;;;300;Bruno Centurion;AXUM;;SOFTYS;False;133012;0;Lista General;AUTOSERVICIO - A;43847, 43848;05-10-2026;757-JUAN PABLO JUAREZ;SOFTYS;1;0,00000000;17848,21
1227;"Calle 302 Y 359";BERAZATEGUI;2026-10-06;06-10-2026;05-10-2026;FAC-A0001-00343419;Venta;LAGOPUELO S.A;1503131;3,00;7426,38;8985,92;SILVA MARISA BEATRIZ††††;;0,00 %;051;Ezequiel Valente;0511;TH BABYSEC PREMIUM X45/10;2475,46;3443;"";AUTOSERVICIO;AUTOSERVICIO;5121,63;JUAN ESCOTO;0,00;$;2;SOFTYS ARGENTINA S.A;0,00000000;0,00;2 dÌas fecha de factura;07-10-2026 08:13;;BABYSEC;Softy;;SOFTY;TOALLA HUMEDA;LAGO PUELO;PAPEL;;;300;Bruno Centurion;AXUM;;SOFTYS;False;133012;0;Lista General;AUTOSERVICIO - A;43847, 43848;05-10-2026;757-JUAN PABLO JUAREZ;SOFTYS;1;0,00000000;2475,46
1227;"Calle 302 Y 359";BERAZATEGUI;2026-10-06;06-10-2026;05-10-2026;FAC-A0001-00343419;Venta;LAGOPUELO S.A;1503126;3,00;8743,95;10580,18;SILVA MARISA BEATRIZ††††;;0,00 %;051;Ezequiel Valente;0511;TH Babysec Multiuso x 120 un;2914,65;3443;"";AUTOSERVICIO;AUTOSERVICIO;6477,00;JUAN ESCOTO;0,00;$;2;SOFTYS ARGENTINA S.A;0,00000000;0,00;2 dÌas fecha de factura;07-10-2026 08:13;;BABYSEC;Softy;;;SOFTYS;;PAPEL;;;300;Bruno Centurion;AXUM;;SOFTYS;False;133012;0;Lista General;AUTOSERVICIO - A;43847, 43848;05-10-2026;757-JUAN PABLO JUAREZ;SOFTYS;1;0,00000000;2914,65
2454;"Calle 158 ESQ. 46";PLATANOS;2026-10-06;06-10-2026;05-10-2026;FAC-A0001-00343424;Venta;LAGOPUELO S.A;1501553;1,00;22551,25;27287,01;GARIGLIO SANDRA EDITH;;15,00 %;052;Nicole Sosa;0521;PH HIGIENOL DH PLUS FUSI”N 30M x4/10;22551,25;3443;"";AUTOSERVICIO;AUTOSERVICIO;17199,92;JUAN ESCOTO;3979,63;$;2;SOFTYS ARGENTINA S.A;0,00000000;0,00;Contado;07-10-2026 08:13;;HIGIENOL;Softy;;SOFTY;PAPEL HIG;LAGO PUELO;PAPEL;81;;300;Bruno Centurion;AXUM;;SOFTYS;False;133033;0;Lista General;AUTOSERVICIO - A;43824;05-10-2026;757-JUAN PABLO JUAREZ;SOFTYS;1;0,00000000;22551,25
2454;"Calle 158 ESQ. 46";PLATANOS;2026-10-06;06-10-2026;05-10-2026;FAC-A0001-00343424;Venta;LAGOPUELO S.A;1505688;1,00;15533,64;18795,70;GARIGLIO SANDRA EDITH;;5,00 %;052;Nicole Sosa;0521;RC Sussex clasico mas blanco 50px3/10;15533,64;3443;"";AUTOSERVICIO;AUTOSERVICIO;12112,00;JUAN ESCOTO;817,56;$;2;SOFTYS ARGENTINA S.A;0,00000000;0,00;Contado;07-10-2026 08:13;;SUSSEX;Softy;;SOFTY;ROLLO DE COCINA;LAGO PUELO;PAPEL;83;;300;Bruno Centurion;AXUM;;SOFTYS;False;133033;0;Lista General;AUTOSERVICIO - A;43824;05-10-2026;757-JUAN PABLO JUAREZ;SOFTYS;1;0,00000000;15533,64
2454;"Calle 158 ESQ. 46";PLATANOS;2026-10-06;06-10-2026;05-10-2026;FAC-A0001-00343424;Venta;LAGOPUELO S.A;1501585;1,00;36501,38;44166,67;GARIGLIO SANDRA EDITH;;0,00 %;052;Nicole Sosa;0521;PH HIGIENOL HS MAX ALOE PANAL 80M X4;36501,38;3443;"";AUTOSERVICIO;AUTOSERVICIO;24669,76;JUAN ESCOTO;0,00;$;2;SOFTYS ARGENTINA S.A;0,00000000;0,00;Contado;07-10-2026 08:13;;HIGIENOL;Softy;;SOFTY;PAPEL HIG;LAGO PUELO;PAPEL;;;300;Bruno Centurion;AXUM;;SOFTYS;False;133033;0;Lista General;AUTOSERVICIO - A;43824;05-10-2026;757-JUAN PABLO JUAREZ;SOFTYS;1;0,00000000;36501,38
2454;"Calle 158 ESQ. 46";PLATANOS;2026-10-06;06-10-2026;05-10-2026;FAC-A0001-00343424;Venta;LAGOPUELO S.A;1509762;5,00;5860,95;7091,75;GARIGLIO SANDRA EDITH;;0,00 %;052;Nicole Sosa;0521;TF NOCTUR EXT A 8x32;1172,19;3443;"";AUTOSERVICIO;AUTOSERVICIO;4042,05;JUAN ESCOTO;0,00;$;2;SOFTYS ARGENTINA S.A;0,00000000;0,00;Contado;07-10-2026 08:13;;LADYSOFT;Softy;;SOFTY;TOALLA FEMENINA;LAGO PUELO;PAPEL;;;300;Bruno Centurion;AXUM;;SOFTYS;False;133033;0;Lista General;AUTOSERVICIO - A;43824;05-10-2026;757-JUAN PABLO JUAREZ;SOFTYS;1;0,00000000;1172,19
2454;"Calle 158 ESQ. 46";PLATANOS;2026-10-06;06-10-2026;05-10-2026;FAC-A0001-00343424;Venta;LAGOPUELO S.A;1509764;5,00;4243,20;5134,27;GARIGLIO SANDRA EDITH;;0,00 %;052;Nicole Sosa;0521;TF NORMAL T/SUAVE EXT ALGODON 8x54;848,64;3443;"";AUTOSERVICIO;AUTOSERVICIO;2926,35;JUAN ESCOTO;0,00;$;2;SOFTYS ARGENTINA S.A;0,00000000;0,00;Contado;07-10-2026 08:13;;LADYSOFT;Softy;;SOFTY;TOALLA FEMENINA;LAGO PUELO;PAPEL;;;300;Bruno Centurion;AXUM;;SOFTYS;False;133033;0;Lista General;AUTOSERVICIO - A;43824;05-10-2026;757-JUAN PABLO JUAREZ;SOFTYS;1;0,00000000;848,64
1202;"CALLE 24 4705";Berazategui;2026-10-06;06-10-2026;05-10-2026;FAC-A0001-00343425;Venta;LAGOPUELO S.A;1501627;10,00;113717,76;137598,49;GUZMAN MERIDA HERNAN†††††††;;15,00 %;4;Selene Pawlikowski;41;PH Higienol HS Balanced 20mx4/12;11371,78;3443;"";AUTOSERVICIO;AUTOSERVICIO;94883,40;JUAN ESCOTO;2006,78;$;2;SOFTYS ARGENTINA S.A;0,00000000;0,00;Contado;07-10-2026 08:13;;HIGIENOL;Softy;;SOFTY;PAPEL HIG;LAGO PUELO;PAPEL;103;;25;JOHANA VIGIL;AXUM;;SOFTYS;False;133061;0;Lista General;AUTOSERVICIO - A;43829;05-10-2026;757-JUAN PABLO JUAREZ;SOFTYS;1;0,00000000;11371,78
1466;"CALLE 154 3821";Berazategui;2026-10-06;06-10-2026;05-10-2026;FAC-A0001-00343429;Venta;LAGOPUELO S.A;1509764;1,00;0,00;0,00;BALBUENA HERNAN PABLO;;100,00 %;052;Nicole Sosa;0521;TF NORMAL T/SUAVE EXT ALGODON 8x54;0,00;3443;"";AUTOSERVICIO;AUTOSERVICIO;585,27;JUAN ESCOTO;848,64;$;2;SOFTYS ARGENTINA S.A;0,00000000;0,00;Contado;07-10-2026 08:13;;LADYSOFT;Softy;;SOFTY;TOALLA FEMENINA;LAGO PUELO;PAPEL;65;;300;Bruno Centurion;AXUM;;SOFTYS;False;133145;0;Lista General;AUTOSERVICIO - A;43834;05-10-2026;757-JUAN PABLO JUAREZ;SOFTYS;1;0,00000000;0,00
1466;"CALLE 154 3821";Berazategui;2026-10-06;06-10-2026;05-10-2026;FAC-A0001-00343429;Venta;LAGOPUELO S.A;1509764;10,00;8486,40;10268,54;BALBUENA HERNAN PABLO;;0,00 %;052;Nicole Sosa;0521;TF NORMAL T/SUAVE EXT ALGODON 8x54;848,64;3443;"";AUTOSERVICIO;AUTOSERVICIO;5852,70;JUAN ESCOTO;0,00;$;2;SOFTYS ARGENTINA S.A;0,00000000;0,00;Contado;07-10-2026 08:13;;LADYSOFT;Softy;;SOFTY;TOALLA FEMENINA;LAGO PUELO;PAPEL;;;300;Bruno Centurion;AXUM;;SOFTYS;False;133145;0;Lista General;AUTOSERVICIO - A;43834;05-10-2026;757-JUAN PABLO JUAREZ;SOFTYS;1;0,00000000;848,64
1466;"CALLE 154 3821";Berazategui;2026-10-06;06-10-2026;05-10-2026;FAC-A0001-00343429;Venta;LAGOPUELO S.A;1509755;10,00;11996,70;14516,01;BALBUENA HERNAN PABLO;;0,00 %;052;Nicole Sosa;0521;TF UD T/SECA LADYSOFT ULTRA PROTECT 8;1199,67;3443;"";AUTOSERVICIO;AUTOSERVICIO;8273,60;JUAN ESCOTO;0,00;$;2;SOFTYS ARGENTINA S.A;0,00000000;0,00;Contado;07-10-2026 08:13;;LADYSOFT;Softy;;SOFTY;TOALLA FEMENINA;LAGO PUELO;PAPEL;;;300;Bruno Centurion;AXUM;;SOFTYS;False;133145;0;Lista General;AUTOSERVICIO - A;43834;05-10-2026;757-JUAN PABLO JUAREZ;SOFTYS;1;0,00000000;1199,67
1466;"CALLE 154 3821";Berazategui;2026-10-06;06-10-2026;05-10-2026;FAC-A0001-00343429;Venta;LAGOPUELO S.A;1509756;5,00;11668,55;14118,95;BALBUENA HERNAN PABLO;;0,00 %;052;Nicole Sosa;0521;TF UD T/SECA LADYSOFT UL PRT 16u;2333,71;3443;"";AUTOSERVICIO;AUTOSERVICIO;8047,30;JUAN ESCOTO;0,00;$;2;SOFTYS ARGENTINA S.A;0,00000000;0,00;Contado;07-10-2026 08:13;;LADYSOFT;Softy;;SOFTY;TOALLA FEMENINA;LAGO PUELO;PAPEL;;;300;Bruno Centurion;AXUM;;SOFTYS;False;133145;0;Lista General;AUTOSERVICIO - A;43834;05-10-2026;757-JUAN PABLO JUAREZ;SOFTYS;1;0,00000000;2333,71
22134;"CALLE 39 5410";BERAZATEGUI;2026-10-06;06-10-2026;05-10-2026;FAC-A0001-00343430;Venta;LAGOPUELO S.A;1509764;16,00;0,00;0,00;CASAV SRL;;100,00 %;052;Nicole Sosa;0521;TF NORMAL T/SUAVE EXT ALGODON 8x54;0,00;3443;"";MAYORISTA;MAYORISTA;9364,32;JUAN ESCOTO;848,64;$;2;SOFTYS ARGENTINA S.A;0,00000000;0,00;Contado;07-10-2026 08:13;;LADYSOFT;Softy;;SOFTY;TOALLA FEMENINA;LAGO PUELO;PAPEL;65;;300;Bruno Centurion;AXUM;;SOFTYS;False;133174;0;Lista General;MAYORISTA - A;43836;05-10-2026;757-JUAN PABLO JUAREZ;SOFTYS;1;0,00000000;0,00
22134;"CALLE 39 5410";BERAZATEGUI;2026-10-06;06-10-2026;05-10-2026;FAC-A0001-00343430;Venta;LAGOPUELO S.A;1505496;35,00;43426,25;52545,76;CASAV SRL;;0,00 %;052;Nicole Sosa;0521;PO ELITE ST CON ALGODON X10 PACK 6;1240,75;3443;"";MAYORISTA;MAYORISTA;29949,15;JUAN ESCOTO;0,00;$;2;SOFTYS ARGENTINA S.A;0,00000000;0,00;Contado;07-10-2026 08:13;;ELITE;Softy;;SOFTY;PAÒUELOS;LAGO PUELO;PAPEL;;;300;Bruno Centurion;AXUM;;SOFTYS;False;133174;0;Lista General;MAYORISTA - A;43836;05-10-2026;757-JUAN PABLO JUAREZ;SOFTYS;1;0,00000000;1240,75
22134;"CALLE 39 5410";BERAZATEGUI;2026-10-06;06-10-2026;05-10-2026;FAC-A0001-00343430;Venta;LAGOPUELO S.A;1509762;96,00;112530,24;136161,59;CASAV SRL;;0,00 %;052;Nicole Sosa;0521;TF NOCTUR EXT A 8x32;1172,19;3443;"";MAYORISTA;MAYORISTA;77607,36;JUAN ESCOTO;0,00;$;2;SOFTYS ARGENTINA S.A;0,00000000;0,00;Contado;07-10-2026 08:13;;LADYSOFT;Softy;;SOFTY;TOALLA FEMENINA;LAGO PUELO;PAPEL;;;300;Bruno Centurion;AXUM;;SOFTYS;False;133174;0;Lista General;MAYORISTA - A;43836;05-10-2026;757-JUAN PABLO JUAREZ;SOFTYS;1;0,00000000;1172,19
22134;"CALLE 39 5410";BERAZATEGUI;2026-10-06;06-10-2026;05-10-2026;FAC-A0001-00343430;Venta;LAGOPUELO S.A;1509764;162,00;137479,68;166350,41;CASAV SRL;;0,00 %;052;Nicole Sosa;0521;TF NORMAL T/SUAVE EXT ALGODON 8x54;848,64;3443;"";MAYORISTA;MAYORISTA;94813,74;JUAN ESCOTO;0,00;$;2;SOFTYS ARGENTINA S.A;0,00000000;0,00;Contado;07-10-2026 08:13;;LADYSOFT;Softy;;SOFTY;TOALLA FEMENINA;LAGO PUELO;PAPEL;;;300;Bruno Centurion;AXUM;;SOFTYS;False;133174;0;Lista General;MAYORISTA - A;43836;05-10-2026;757-JUAN PABLO JUAREZ;SOFTYS;1;0,00000000;848,64
1277;"CALLE 158 4264";BERAZATEGUI;2026-10-06;06-10-2026;05-10-2026;FAC-A0001-00343431;Venta;LAGOPUELO S.A;1509756;20,00;46674,20;56475,78;CASERES C. OSVALDO†††††††††;;0,00 %;052;Nicole Sosa;0521;TF UD T/SECA LADYSOFT UL PRT 16u;2333,71;3443;"";AUTOSERVICIO;AUTOSERVICIO;32189,20;JUAN ESCOTO;0,00;$;2;SOFTYS ARGENTINA S.A;0,00000000;0,00;Contado;07-10-2026 08:13;;LADYSOFT;Softy;;SOFTY;TOALLA FEMENINA;LAGO PUELO;PAPEL;;;300;Bruno Centurion;AXUM;;SOFTYS;False;133239;0;Lista General;AUTOSERVICIO - A;43840;05-10-2026;757-JUAN PABLO JUAREZ;SOFTYS;1;0,00000000;2333,71
1277;"CALLE 158 4264";BERAZATEGUI;2026-10-06;06-10-2026;05-10-2026;FAC-A0001-00343431;Venta;LAGOPUELO S.A;1509762;24,00;28132,56;34040,40;CASERES C. OSVALDO†††††††††;;0,00 %;052;Nicole Sosa;0521;TF NOCTUR EXT A 8x32;1172,19;3443;"";AUTOSERVICIO;AUTOSERVICIO;19401,84;JUAN ESCOTO;0,00;$;2;SOFTYS ARGENTINA S.A;0,00000000;0,00;Contado;07-10-2026 08:13;;LADYSOFT;Softy;;SOFTY;TOALLA FEMENINA;LAGO PUELO;PAPEL;;;300;Bruno Centurion;AXUM;;SOFTYS;False;133239;0;Lista General;AUTOSERVICIO - A;43840;05-10-2026;757-JUAN PABLO JUAREZ;SOFTYS;1;0,00000000;1172,19
1277;"CALLE 158 4264";BERAZATEGUI;2026-10-06;06-10-2026;05-10-2026;FAC-A0001-00343432;Venta;LAGOPUELO S.A;1502384;30,00;53359,20;64564,63;CASERES C. OSVALDO†††††††††;;0,00 %;052;Nicole Sosa;0521;SE ELITE X100/30 ULTRA SUAVE;1778,64;3443;"";AUTOSERVICIO;AUTOSERVICIO;39525,30;JUAN ESCOTO;0,00;$;2;SOFTYS ARGENTINA S.A;0,00000000;0,00;Contado;07-10-2026 08:13;;ELITE;Softy;;SOFTY;SERVILLETA;LAGO PUELO;PAPEL;;;300;Bruno Centurion;AXUM;;SOFTYS;False;133241;0;Lista General;AUTOSERVICIO - A;43841;05-10-2026;757-JUAN PABLO JUAREZ;SOFTYS;1;0,00000000;1778,64
1277;"CALLE 158 4264";BERAZATEGUI;2026-10-06;06-10-2026;05-10-2026;FAC-A0001-00343432;Venta;LAGOPUELO S.A;1505411;6,00;9022,98;10917,81;CASERES C. OSVALDO†††††††††;;0,00 %;052;Nicole Sosa;0521;P— ELITE FACIALES DISNEY x90/36;1503,83;3443;"";AUTOSERVICIO;AUTOSERVICIO;6222,72;JUAN ESCOTO;0,00;$;2;SOFTYS ARGENTINA S.A;0,00000000;0,00;Contado;07-10-2026 08:13;;ELITE;Softy;;SOFTY;PAÒUELOS;LAGO PUELO;PAPEL;;;300;Bruno Centurion;AXUM;;SOFTYS;False;133241;0;Lista General;AUTOSERVICIO - A;43841;05-10-2026;757-JUAN PABLO JUAREZ;SOFTYS;1;0,00000000;1503,83
2405;"AV. 33 5840";Berazategui;2026-10-06;06-10-2026;05-10-2026;FAC-A0001-00343433;Venta;LAGOPUELO S.A;1509758;6,00;6694,44;8100,27;LUQUE LILIANA;;0,00 %;5;Eliana Huber;51;TF UD T/SUAVE EXT ALGO 8X40;1115,74;3443;"";ALMACEN;ALMACEN;4616,88;JUAN ESCOTO;0,00;$;2;SOFTYS ARGENTINA S.A;0,00000000;0,00;Contado;07-10-2026 08:13;;LADYSOFT;Softy;;SOFTY;TOALLA FEMENINA;LAGO PUELO;PAPEL;;;25;JOHANA VIGIL;AXUM;;SOFTYS;False;133319;0;Lista General;ALMACEN - A;43843;05-10-2026;757-JUAN PABLO JUAREZ;SOFTYS;1;0,00000000;1115,74
2405;"AV. 33 5840";Berazategui;2026-10-06;06-10-2026;05-10-2026;FAC-A0001-00343433;Venta;LAGOPUELO S.A;1509764;6,00;5091,84;6161,13;LUQUE LILIANA;;0,00 %;5;Eliana Huber;51;TF NORMAL T/SUAVE EXT ALGODON 8x54;848,64;3443;"";ALMACEN;ALMACEN;3511,62;JUAN ESCOTO;0,00;$;2;SOFTYS ARGENTINA S.A;0,00000000;0,00;Contado;07-10-2026 08:13;;LADYSOFT;Softy;;SOFTY;TOALLA FEMENINA;LAGO PUELO;PAPEL;;;25;JOHANA VIGIL;AXUM;;SOFTYS;False;133319;0;Lista General;ALMACEN - A;43843;05-10-2026;757-JUAN PABLO JUAREZ;SOFTYS;1;0,00000000;848,64
2405;"AV. 33 5840";Berazategui;2026-10-06;06-10-2026;05-10-2026;FAC-A0001-00343433;Venta;LAGOPUELO S.A;1504078;3,00;6583,52;7966,06;LUQUE LILIANA;;10,00 %;5;Eliana Huber;51;PL BABYSEC ULTRASOFT XG X8/15;2194,51;3443;"";ALMACEN;ALMACEN;5418,54;JUAN ESCOTO;243,83;$;2;SOFTYS ARGENTINA S.A;0,00000000;0,00;Contado;07-10-2026 08:13;;BABYSEC;Softy;;SOFTY;PAÒAL;LAGO PUELO;PAPEL;;;25;JOHANA VIGIL;AXUM;;SOFTYS;False;133319;0;Lista General;ALMACEN - A;43843;05-10-2026;757-JUAN PABLO JUAREZ;SOFTYS;1;0,00000000;2194,51
4735;"Calle 835 N 718";solano;2026-10-06;06-10-2026;02-10-2026;FAC-A0001-00343436;Venta;LAGOPUELO S.A;1509764;1,00;0,00;0,00;XU HUI;;100,00 %;056;Ezequiel Ferreira;0565;TF NORMAL T/SUAVE EXT ALGODON 8x54;0,00;3463;"";AUTOSERVICIO;AUTOSERVICIO;585,27;SIMON OLIVERA;848,64;$;2;SOFTYS ARGENTINA S.A;0,00000000;0,00;Contado;;;LADYSOFT;Softy;;SOFTY;TOALLA FEMENINA;LAGO PUELO;PAPEL;65;;300;Bruno Centurion;AXUM;;SOFTYS;False;132290;1;Lista General;AUTOSERVICIO - A;43883;05-10-2026;757-JUAN PABLO JUAREZ;SOFTYS;1;0,00000000;0,00
4735;"Calle 835 N 718";solano;2026-10-06;06-10-2026;02-10-2026;FAC-A0001-00343436;Venta;LAGOPUELO S.A;1509763;16,00;36240,80;43851,37;XU HUI;;0,00 %;056;Ezequiel Ferreira;0565;TF Nocturna EXT ALGODON 16X16;2265,05;3463;"";AUTOSERVICIO;AUTOSERVICIO;24993,76;SIMON OLIVERA;0,00;$;2;SOFTYS ARGENTINA S.A;0,00000000;0,00;Contado;;;LADYSOFT;Softy;;SOFTY;TOALLA FEMENINA;LAGO PUELO;PAPEL;;;300;Bruno Centurion;AXUM;;SOFTYS;False;132290;1;Lista General;AUTOSERVICIO - A;43883;05-10-2026;757-JUAN PABLO JUAREZ;SOFTYS;1;0,00000000;2265,05
4735;"Calle 835 N 718";solano;2026-10-06;06-10-2026;02-10-2026;FAC-A0001-00343436;Venta;LAGOPUELO S.A;1509755;12,00;14396,04;17419,21;XU HUI;;0,00 %;056;Ezequiel Ferreira;0565;TF UD T/SECA LADYSOFT ULTRA PROTECT 8;1199,67;3463;"";AUTOSERVICIO;AUTOSERVICIO;9928,32;SIMON OLIVERA;0,00;$;2;SOFTYS ARGENTINA S.A;0,00000000;0,00;Contado;;;LADYSOFT;Softy;;SOFTY;TOALLA FEMENINA;LAGO PUELO;PAPEL;;;300;Bruno Centurion;AXUM;;SOFTYS;False;132290;1;Lista General;AUTOSERVICIO - A;43883;05-10-2026;757-JUAN PABLO JUAREZ;SOFTYS;1;0,00000000;1199,67
4735;"Calle 835 N 718";solano;2026-10-06;06-10-2026;02-10-2026;FAC-A0001-00343436;Venta;LAGOPUELO S.A;1509766;12,00;10989,60;13297,42;XU HUI;;0,00 %;056;Ezequiel Ferreira;0565;TF T/SECA NORMAL MAS PROTECC 8x54;915,80;3463;"";AUTOSERVICIO;AUTOSERVICIO;7579,08;SIMON OLIVERA;0,00;$;2;SOFTYS ARGENTINA S.A;0,00000000;0,00;Contado;;;LADYSOFT;Softy;;SOFTY;TOALLA FEMENINA;LAGO PUELO;PAPEL;;;300;Bruno Centurion;AXUM;;SOFTYS;False;132290;1;Lista General;AUTOSERVICIO - A;43883;05-10-2026;757-JUAN PABLO JUAREZ;SOFTYS;1;0,00000000;915,80
4735;"Calle 835 N 718";solano;2026-10-06;06-10-2026;02-10-2026;FAC-A0001-00343436;Venta;LAGOPUELO S.A;1509764;12,00;10183,68;12322,25;XU HUI;;0,00 %;056;Ezequiel Ferreira;0565;TF NORMAL T/SUAVE EXT ALGODON 8x54;848,64;3463;"";AUTOSERVICIO;AUTOSERVICIO;7023,24;SIMON OLIVERA;0,00;$;2;SOFTYS ARGENTINA S.A;0,00000000;0,00;Contado;;;LADYSOFT;Softy;;SOFTY;TOALLA FEMENINA;LAGO PUELO;PAPEL;;;300;Bruno Centurion;AXUM;;SOFTYS;False;132290;1;Lista General;AUTOSERVICIO - A;43883;05-10-2026;757-JUAN PABLO JUAREZ;SOFTYS;1;0,00000000;848,64
4735;"Calle 835 N 718";solano;2026-10-06;06-10-2026;02-10-2026;FAC-A0001-00343436;Venta;LAGOPUELO S.A;1501627;1,00;12040,70;14569,25;XU HUI;;10,00 %;056;Ezequiel Ferreira;0565;PH Higienol HS Balanced 20mx4/12;12040,70;3463;"";AUTOSERVICIO;AUTOSERVICIO;9488,34;SIMON OLIVERA;1337,86;$;2;SOFTYS ARGENTINA S.A;0,00000000;0,00;Contado;;;HIGIENOL;Softy;;SOFTY;PAPEL HIG;LAGO PUELO;PAPEL;103;;300;Bruno Centurion;AXUM;;SOFTYS;False;132290;1;Lista General;AUTOSERVICIO - A;43883;05-10-2026;757-JUAN PABLO JUAREZ;SOFTYS;1;0,00000000;12040,70
3083;"JOSE ANDRES LOPEZ 329";QUILMES;2026-10-06;06-10-2026;02-10-2026;FAC-A0001-00343438;Venta;LAGOPUELO S.A;1501627;1,00;12040,70;14569,25;HUANG JINJIN;;10,00 %;056;Ezequiel Ferreira;0565;PH Higienol HS Balanced 20mx4/12;12040,70;3463;"";AUTOSERVICIO;AUTOSERVICIO;9488,34;SIMON OLIVERA;1337,86;$;2;SOFTYS ARGENTINA S.A;0,00000000;0,00;Contado;;;HIGIENOL;Softy;;SOFTY;PAPEL HIG;LAGO PUELO;PAPEL;103;;300;Bruno Centurion;AXUM;;SOFTYS;False;132571;1;Lista General;AUTOSERVICIO - A;43888;05-10-2026;757-JUAN PABLO JUAREZ;SOFTYS;1;0,00000000;12040,70
3060;"Calle 844 753";Quilmes;2026-10-06;06-10-2026;02-10-2026;FAC-A0001-00343440;Venta;LAGOPUELO S.A;1509761;54,00;42941,88;51959,67;WU DONGHUA;;0,00 %;056;Ezequiel Ferreira;0565;TF LADYSOFT COMFORT EXT ALGODON 8x54;795,22;3463;"";AUTOSERVICIO;AUTOSERVICIO;29615,22;SIMON OLIVERA;0,00;$;2;SOFTYS ARGENTINA S.A;0,00000000;0,00;Contado;;;LADYSOFT;Softy;;SOFTY;TOALLA FEMENINA;LAGO PUELO;PAPEL;;;300;Bruno Centurion;AXUM;;SOFTYS;False;132627;1;Lista General;AUTOSERVICIO - A;43892;05-10-2026;757-JUAN PABLO JUAREZ;SOFTYS;1;0,00000000;795,22
4736;"Calle 881 N 4461";solano;2026-10-06;06-10-2026;02-10-2026;FAC-A0001-00343443;Venta;LAGOPUELO S.A;1505688;3,00;46600,92;56387,11;Chen Hui;;5,00 %;056;Ezequiel Ferreira;0565;RC Sussex clasico mas blanco 50px3/10;15533,64;3463;"";AUTOSERVICIO;AUTOSERVICIO;36336,00;SIMON OLIVERA;817,56;$;2;SOFTYS ARGENTINA S.A;0,00000000;0,00;Contado;;;SUSSEX;Softy;;SOFTY;ROLLO DE COCINA;LAGO PUELO;PAPEL;83;;300;Bruno Centurion;AXUM;;SOFTYS;False;132673;1;Lista General;AUTOSERVICIO - A;43896;05-10-2026;757-JUAN PABLO JUAREZ;SOFTYS;1;0,00000000;15533,64
4320;"Calle 882 N 4753";Quilmes;2026-10-06;06-10-2026;02-10-2026;FAC-A0001-00343445;Venta;LAGOPUELO S.A;1509755;10,00;11996,70;14516,01;CHEN MIN;;0,00 %;056;Ezequiel Ferreira;0565;TF UD T/SECA LADYSOFT ULTRA PROTECT 8;1199,67;3463;"";AUTOSERVICIO;AUTOSERVICIO;8273,60;SIMON OLIVERA;0,00;$;2;SOFTYS ARGENTINA S.A;0,00000000;0,00;Contado;;;LADYSOFT;Softy;;SOFTY;TOALLA FEMENINA;LAGO PUELO;PAPEL;;;300;Bruno Centurion;AXUM;;SOFTYS;False;132736;1;Lista General;AUTOSERVICIO - A;43900;05-10-2026;757-JUAN PABLO JUAREZ;SOFTYS;1;0,00000000;1199,67
4320;"Calle 882 N 4753";Quilmes;2026-10-06;06-10-2026;02-10-2026;FAC-A0001-00343445;Venta;LAGOPUELO S.A;1509761;10,00;7952,20;9622,16;CHEN MIN;;0,00 %;056;Ezequiel Ferreira;0565;TF LADYSOFT COMFORT EXT ALGODON 8x54;795,22;3463;"";AUTOSERVICIO;AUTOSERVICIO;5484,30;SIMON OLIVERA;0,00;$;2;SOFTYS ARGENTINA S.A;0,00000000;0,00;Contado;;;LADYSOFT;Softy;;SOFTY;TOALLA FEMENINA;LAGO PUELO;PAPEL;;;300;Bruno Centurion;AXUM;;SOFTYS;False;132736;1;Lista General;AUTOSERVICIO - A;43900;05-10-2026;757-JUAN PABLO JUAREZ;SOFTYS;1;0,00000000;795,22
4662;"Calle 850 N 544";Quilmes;2026-10-06;06-10-2026;02-10-2026;FAC-A0001-00343446;Venta;LAGOPUELO S.A;1509764;1,00;0,00;0,00;LIU XUEXING;;100,00 %;056;Ezequiel Ferreira;0565;TF NORMAL T/SUAVE EXT ALGODON 8x54;0,00;3463;"";AUTOSERVICIO;AUTOSERVICIO;585,27;SIMON OLIVERA;848,64;$;2;SOFTYS ARGENTINA S.A;0,00000000;0,00;Contado;;;LADYSOFT;Softy;;SOFTY;TOALLA FEMENINA;LAGO PUELO;PAPEL;65;;300;Bruno Centurion;AXUM;;SOFTYS;False;132762;1;Lista General;AUTOSERVICIO - A;43903;05-10-2026;757-JUAN PABLO JUAREZ;SOFTYS;1;0,00000000;0,00
4662;"Calle 850 N 544";Quilmes;2026-10-06;06-10-2026;02-10-2026;FAC-A0001-00343446;Venta;LAGOPUELO S.A;1509755;12,00;14396,04;17419,21;LIU XUEXING;;0,00 %;056;Ezequiel Ferreira;0565;TF UD T/SECA LADYSOFT ULTRA PROTECT 8;1199,67;3463;"";AUTOSERVICIO;AUTOSERVICIO;9928,32;SIMON OLIVERA;0,00;$;2;SOFTYS ARGENTINA S.A;0,00000000;0,00;Contado;;;LADYSOFT;Softy;;SOFTY;TOALLA FEMENINA;LAGO PUELO;PAPEL;;;300;Bruno Centurion;AXUM;;SOFTYS;False;132762;1;Lista General;AUTOSERVICIO - A;43903;05-10-2026;757-JUAN PABLO JUAREZ;SOFTYS;1;0,00000000;1199,67
4662;"Calle 850 N 544";Quilmes;2026-10-06;06-10-2026;02-10-2026;FAC-A0001-00343446;Venta;LAGOPUELO S.A;1509764;12,00;10183,68;12322,25;LIU XUEXING;;0,00 %;056;Ezequiel Ferreira;0565;TF NORMAL T/SUAVE EXT ALGODON 8x54;848,64;3463;"";AUTOSERVICIO;AUTOSERVICIO;7023,24;SIMON OLIVERA;0,00;$;2;SOFTYS ARGENTINA S.A;0,00000000;0,00;Contado;;;LADYSOFT;Softy;;SOFTY;TOALLA FEMENINA;LAGO PUELO;PAPEL;;;300;Bruno Centurion;AXUM;;SOFTYS;False;132762;1;Lista General;AUTOSERVICIO - A;43903;05-10-2026;757-JUAN PABLO JUAREZ;SOFTYS;1;0,00000000;848,64
4662;"Calle 850 N 544";Quilmes;2026-10-06;06-10-2026;02-10-2026;FAC-A0001-00343446;Venta;LAGOPUELO S.A;1509761;12,00;9542,64;11546,59;LIU XUEXING;;0,00 %;056;Ezequiel Ferreira;0565;TF LADYSOFT COMFORT EXT ALGODON 8x54;795,22;3463;"";AUTOSERVICIO;AUTOSERVICIO;6581,16;SIMON OLIVERA;0,00;$;2;SOFTYS ARGENTINA S.A;0,00000000;0,00;Contado;;;LADYSOFT;Softy;;SOFTY;TOALLA FEMENINA;LAGO PUELO;PAPEL;;;300;Bruno Centurion;AXUM;;SOFTYS;False;132762;1;Lista General;AUTOSERVICIO - A;43903;05-10-2026;757-JUAN PABLO JUAREZ;SOFTYS;1;0,00000000;795,22
4662;"Calle 850 N 544";Quilmes;2026-10-06;06-10-2026;02-10-2026;FAC-A0001-00343446;Venta;LAGOPUELO S.A;1505708;1,00;22612,61;27361,26;LIU XUEXING;;0,00 %;056;Ezequiel Ferreira;0565;RC SUSEEX CLS MEGARROLO ALTO 200X1;22612,61;3463;"";AUTOSERVICIO;AUTOSERVICIO;16750,08;SIMON OLIVERA;0,00;$;2;SOFTYS ARGENTINA S.A;0,00000000;0,00;Contado;;;SUSSEX;Softy;;SOFTY;ROLLO DE COCINA;LAGO PUELO;PAPEL;;;300;Bruno Centurion;AXUM;;SOFTYS;False;132762;1;Lista General;AUTOSERVICIO - A;43903;05-10-2026;757-JUAN PABLO JUAREZ;SOFTYS;1;0,00000000;22612,61
4662;"Calle 850 N 544";Quilmes;2026-10-06;06-10-2026;02-10-2026;FAC-A0001-00343446;Venta;LAGOPUELO S.A;1505688;1,00;15533,64;18795,70;LIU XUEXING;;5,00 %;056;Ezequiel Ferreira;0565;RC Sussex clasico mas blanco 50px3/10;15533,64;3463;"";AUTOSERVICIO;AUTOSERVICIO;12112,00;SIMON OLIVERA;817,56;$;2;SOFTYS ARGENTINA S.A;0,00000000;0,00;Contado;;;SUSSEX;Softy;;SOFTY;ROLLO DE COCINA;LAGO PUELO;PAPEL;83;;300;Bruno Centurion;AXUM;;SOFTYS;False;132762;1;Lista General;AUTOSERVICIO - A;43903;05-10-2026;757-JUAN PABLO JUAREZ;SOFTYS;1;0,00000000;15533,64
3126;"AVDA MOSCONI 4979";Quilmes;2026-10-06;06-10-2026;02-10-2026;FAC-A0001-00343448;Venta;LAGOPUELO S.A;1509762;10,00;11721,90;14183,50;LIU XIONG ;;0,00 %;056;Ezequiel Ferreira;0565;TF NOCTUR EXT A 8x32;1172,19;3463;"";AUTOSERVICIO;AUTOSERVICIO;8084,10;SIMON OLIVERA;0,00;$;2;SOFTYS ARGENTINA S.A;0,00000000;0,00;Contado;;;LADYSOFT;Softy;;SOFTY;TOALLA FEMENINA;LAGO PUELO;PAPEL;;;300;Bruno Centurion;AXUM;;SOFTYS;False;132769;1;Lista General;AUTOSERVICIO - A;43905;05-10-2026;757-JUAN PABLO JUAREZ;SOFTYS;1;0,00000000;1172,19
3126;"AVDA MOSCONI 4979";Quilmes;2026-10-06;06-10-2026;02-10-2026;FAC-A0001-00343448;Venta;LAGOPUELO S.A;1509766;10,00;9158,00;11081,18;LIU XIONG ;;0,00 %;056;Ezequiel Ferreira;0565;TF T/SECA NORMAL MAS PROTECC 8x54;915,80;3463;"";AUTOSERVICIO;AUTOSERVICIO;6315,90;SIMON OLIVERA;0,00;$;2;SOFTYS ARGENTINA S.A;0,00000000;0,00;Contado;;;LADYSOFT;Softy;;SOFTY;TOALLA FEMENINA;LAGO PUELO;PAPEL;;;300;Bruno Centurion;AXUM;;SOFTYS;False;132769;1;Lista General;AUTOSERVICIO - A;43905;05-10-2026;757-JUAN PABLO JUAREZ;SOFTYS;1;0,00000000;915,80
3126;"AVDA MOSCONI 4979";Quilmes;2026-10-06;06-10-2026;02-10-2026;FAC-A0001-00343448;Venta;LAGOPUELO S.A;1509761;12,00;9542,64;11546,59;LIU XIONG ;;0,00 %;056;Ezequiel Ferreira;0565;TF LADYSOFT COMFORT EXT ALGODON 8x54;795,22;3463;"";AUTOSERVICIO;AUTOSERVICIO;6581,16;SIMON OLIVERA;0,00;$;2;SOFTYS ARGENTINA S.A;0,00000000;0,00;Contado;;;LADYSOFT;Softy;;SOFTY;TOALLA FEMENINA;LAGO PUELO;PAPEL;;;300;Bruno Centurion;AXUM;;SOFTYS;False;132769;1;Lista General;AUTOSERVICIO - A;43905;05-10-2026;757-JUAN PABLO JUAREZ;SOFTYS;1;0,00000000;795,22
5475;"Juan Domingo PerÛn 2549";FLORENCIO VARELA;2026-10-06;06-10-2026;05-10-2026;FAC-A0001-00343449;Venta;LAGOPUELO S.A;1503118;24,00;39248,64;47490,85;LIN XIUJUAN††††††††††††††††;;0,00 %;6;Nieves Alegre;61;TH BABYSEC ULTRA 50/24;1635,36;3463;"";AUTOSERVICIO;AUTOSERVICIO;27067,92;SIMON OLIVERA;0,00;$;2;SOFTYS ARGENTINA S.A;0,00000000;0,00;Contado;;;BABYSEC;;;;;;PAPEL;;;25;JOHANA VIGIL;AXUM;;SOFTYS;False;132837;1;Lista General;AUTOSERVICIO - A;43906;05-10-2026;757-JUAN PABLO JUAREZ;SOFTYS;1;0,00000000;1635,36
5475;"Juan Domingo PerÛn 2549";FLORENCIO VARELA;2026-10-06;06-10-2026;05-10-2026;FAC-A0001-00343449;Venta;LAGOPUELO S.A;1509762;32,00;36384,78;44025,58;LIN XIUJUAN††††††††††††††††;;3,00 %;6;Nieves Alegre;61;TF NOCTUR EXT A 8x32;1137,02;3463;"";AUTOSERVICIO;AUTOSERVICIO;25869,12;SIMON OLIVERA;35,17;$;2;SOFTYS ARGENTINA S.A;0,00000000;0,00;Contado;;;LADYSOFT;Softy;;SOFTY;TOALLA FEMENINA;LAGO PUELO;PAPEL;;;25;JOHANA VIGIL;AXUM;;SOFTYS;False;132837;1;Lista General;AUTOSERVICIO - A;43906;05-10-2026;757-JUAN PABLO JUAREZ;SOFTYS;1;0,00000000;1137,02
5475;"Juan Domingo PerÛn 2549";FLORENCIO VARELA;2026-10-06;06-10-2026;05-10-2026;FAC-A0001-00343449;Venta;LAGOPUELO S.A;1509758;40,00;43290,71;52381,76;LIN XIUJUAN††††††††††††††††;;3,00 %;6;Nieves Alegre;61;TF UD T/SUAVE EXT ALGO 8X40;1082,27;3463;"";AUTOSERVICIO;AUTOSERVICIO;30779,20;SIMON OLIVERA;33,47;$;2;SOFTYS ARGENTINA S.A;0,00000000;0,00;Contado;;;LADYSOFT;Softy;;SOFTY;TOALLA FEMENINA;LAGO PUELO;PAPEL;;;25;JOHANA VIGIL;AXUM;;SOFTYS;False;132837;1;Lista General;AUTOSERVICIO - A;43906;05-10-2026;757-JUAN PABLO JUAREZ;SOFTYS;1;0,00000000;1082,27
5475;"Juan Domingo PerÛn 2549";FLORENCIO VARELA;2026-10-06;06-10-2026;05-10-2026;FAC-A0001-00343449;Venta;LAGOPUELO S.A;1509755;40,00;46547,20;56322,11;LIN XIUJUAN††††††††††††††††;;3,00 %;6;Nieves Alegre;61;TF UD T/SECA LADYSOFT ULTRA PROTECT 8;1163,68;3463;"";AUTOSERVICIO;AUTOSERVICIO;33094,40;SIMON OLIVERA;35,99;$;2;SOFTYS ARGENTINA S.A;0,00000000;0,00;Contado;;;LADYSOFT;Softy;;SOFTY;TOALLA FEMENINA;LAGO PUELO;PAPEL;;;25;JOHANA VIGIL;AXUM;;SOFTYS;False;132837;1;Lista General;AUTOSERVICIO - A;43906;05-10-2026;757-JUAN PABLO JUAREZ;SOFTYS;1;0,00000000;1163,68
6468;"MONSERRAT 876";FLORENCIO VARELA;2026-10-06;06-10-2026;05-10-2026;FAC-A0001-00343452;Venta;LAGOPUELO S.A;1509764;5,00;0,00;0,00;GEREZ ANTONIO JULIO ;;100,00 %;6;Nieves Alegre;61;TF NORMAL T/SUAVE EXT ALGODON 8x54;0,00;3463;"";AUTOSERVICIO;AUTOSERVICIO;2926,35;SIMON OLIVERA;848,64;$;2;SOFTYS ARGENTINA S.A;0,00000000;0,00;Contado;;;LADYSOFT;Softy;;SOFTY;TOALLA FEMENINA;LAGO PUELO;PAPEL;65;;25;JOHANA VIGIL;AXUM;;SOFTYS;False;132891;1;Lista General;AUTOSERVICIO - A;43909;05-10-2026;757-JUAN PABLO JUAREZ;SOFTYS;1;0,00000000;0,00
6468;"MONSERRAT 876";FLORENCIO VARELA;2026-10-06;06-10-2026;05-10-2026;FAC-A0001-00343452;Venta;LAGOPUELO S.A;1509764;54,00;44451,76;53786,63;GEREZ ANTONIO JULIO ;;3,00 %;6;Nieves Alegre;61;TF NORMAL T/SUAVE EXT ALGODON 8x54;823,18;3463;"";AUTOSERVICIO;AUTOSERVICIO;31604,58;SIMON OLIVERA;25,46;$;2;SOFTYS ARGENTINA S.A;0,00000000;0,00;Contado;;;LADYSOFT;Softy;;SOFTY;TOALLA FEMENINA;LAGO PUELO;PAPEL;;;25;JOHANA VIGIL;AXUM;;SOFTYS;False;132891;1;Lista General;AUTOSERVICIO - A;43909;05-10-2026;757-JUAN PABLO JUAREZ;SOFTYS;1;0,00000000;823,18
6468;"MONSERRAT 876";FLORENCIO VARELA;2026-10-06;06-10-2026;05-10-2026;FAC-A0001-00343452;Venta;LAGOPUELO S.A;1509762;32,00;36384,78;44025,58;GEREZ ANTONIO JULIO ;;3,00 %;6;Nieves Alegre;61;TF NOCTUR EXT A 8x32;1137,02;3463;"";AUTOSERVICIO;AUTOSERVICIO;25869,12;SIMON OLIVERA;35,17;$;2;SOFTYS ARGENTINA S.A;0,00000000;0,00;Contado;;;LADYSOFT;Softy;;SOFTY;TOALLA FEMENINA;LAGO PUELO;PAPEL;;;25;JOHANA VIGIL;AXUM;;SOFTYS;False;132891;1;Lista General;AUTOSERVICIO - A;43909;05-10-2026;757-JUAN PABLO JUAREZ;SOFTYS;1;0,00000000;1137,02
6468;"MONSERRAT 876";FLORENCIO VARELA;2026-10-06;06-10-2026;05-10-2026;FAC-A0001-00343452;Venta;LAGOPUELO S.A;1509766;54,00;47969,60;58043,22;GEREZ ANTONIO JULIO ;;3,00 %;6;Nieves Alegre;61;TF T/SECA NORMAL MAS PROTECC 8x54;888,33;3463;"";AUTOSERVICIO;AUTOSERVICIO;34105,86;SIMON OLIVERA;27,47;$;2;SOFTYS ARGENTINA S.A;0,00000000;0,00;Contado;;;LADYSOFT;Softy;;SOFTY;TOALLA FEMENINA;LAGO PUELO;PAPEL;;;25;JOHANA VIGIL;AXUM;;SOFTYS;False;132891;1;Lista General;AUTOSERVICIO - A;43909;05-10-2026;757-JUAN PABLO JUAREZ;SOFTYS;1;0,00000000;888,33
5426;"DERQUI 1455";FLORENCIO VARELA;2026-10-06;06-10-2026;05-10-2026;FAC-A0001-00343453;Venta;LAGOPUELO S.A;1509762;20,00;23443,80;28367,00;HAI YAN††††††††††††††††††††;;0,00 %;7;Myrian Lertora;71;TF NOCTUR EXT A 8x32;1172,19;3463;"";AUTOSERVICIO;AUTOSERVICIO;16168,20;SIMON OLIVERA;0,00;$;2;SOFTYS ARGENTINA S.A;0,00000000;0,00;Contado;;;LADYSOFT;Softy;;SOFTY;TOALLA FEMENINA;LAGO PUELO;PAPEL;;;25;JOHANA VIGIL;AXUM;;SOFTYS;False;132914;1;Lista General;AUTOSERVICIO - A;43925;05-10-2026;58-ARON BOLLINI;SOFTYS;1;0,00000000;1172,19
5426;"DERQUI 1455";FLORENCIO VARELA;2026-10-06;06-10-2026;05-10-2026;FAC-A0001-00343453;Venta;LAGOPUELO S.A;1509756;8,00;18669,68;22590,31;HAI YAN††††††††††††††††††††;;0,00 %;7;Myrian Lertora;71;TF UD T/SECA LADYSOFT UL PRT 16u;2333,71;3463;"";AUTOSERVICIO;AUTOSERVICIO;12875,68;SIMON OLIVERA;0,00;$;2;SOFTYS ARGENTINA S.A;0,00000000;0,00;Contado;;;LADYSOFT;Softy;;SOFTY;TOALLA FEMENINA;LAGO PUELO;PAPEL;;;25;JOHANA VIGIL;AXUM;;SOFTYS;False;132914;1;Lista General;AUTOSERVICIO - A;43925;05-10-2026;58-ARON BOLLINI;SOFTYS;1;0,00000000;2333,71
5452;"VICTORIANO MONTES 879";FLORENCIO VARELA;2026-10-06;06-10-2026;05-10-2026;FAC-A0001-00343455;Venta;LAGOPUELO S.A;1509764;1,00;0,00;0,00;CAI JIANHUI††††††††††††††††;;100,00 %;7;Myrian Lertora;71;TF NORMAL T/SUAVE EXT ALGODON 8x54;0,00;3463;"";AUTOSERVICIO;AUTOSERVICIO;585,27;SIMON OLIVERA;848,64;$;2;SOFTYS ARGENTINA S.A;0,00000000;0,00;Contado;;;LADYSOFT;Softy;;SOFTY;TOALLA FEMENINA;LAGO PUELO;PAPEL;65;;25;JOHANA VIGIL;AXUM;;SOFTYS;False;132965;1;Lista General;AUTOSERVICIO - A;43927;05-10-2026;58-ARON BOLLINI;SOFTYS;1;0,00000000;0,00
5452;"VICTORIANO MONTES 879";FLORENCIO VARELA;2026-10-06;06-10-2026;05-10-2026;FAC-A0001-00343455;Venta;LAGOPUELO S.A;1509764;12,00;10183,68;12322,25;CAI JIANHUI††††††††††††††††;;0,00 %;7;Myrian Lertora;71;TF NORMAL T/SUAVE EXT ALGODON 8x54;848,64;3463;"";AUTOSERVICIO;AUTOSERVICIO;7023,24;SIMON OLIVERA;0,00;$;2;SOFTYS ARGENTINA S.A;0,00000000;0,00;Contado;;;LADYSOFT;Softy;;SOFTY;TOALLA FEMENINA;LAGO PUELO;PAPEL;;;25;JOHANA VIGIL;AXUM;;SOFTYS;False;132965;1;Lista General;AUTOSERVICIO - A;43927;05-10-2026;58-ARON BOLLINI;SOFTYS;1;0,00000000;848,64
5475;"Juan Domingo PerÛn 2549";FLORENCIO VARELA;2026-10-06;06-10-2026;05-10-2026;FAC-A0001-00343457;Venta;LAGOPUELO S.A;1509756;20,00;45273,97;54781,51;LIN XIUJUAN††††††††††††††††;;3,00 %;6;Nieves Alegre;61;TF UD T/SECA LADYSOFT UL PRT 16u;2263,70;3463;"";AUTOSERVICIO;AUTOSERVICIO;32189,20;SIMON OLIVERA;70,01;$;2;SOFTYS ARGENTINA S.A;0,00000000;0,00;Contado;;;LADYSOFT;Softy;;SOFTY;TOALLA FEMENINA;LAGO PUELO;PAPEL;;;25;JOHANA VIGIL;AXUM;;SOFTYS;False;132974;1;Lista General;AUTOSERVICIO - A;43910;05-10-2026;757-JUAN PABLO JUAREZ;SOFTYS;1;0,00000000;2263,70
5475;"Juan Domingo PerÛn 2549";FLORENCIO VARELA;2026-10-06;06-10-2026;05-10-2026;FAC-A0001-00343457;Venta;LAGOPUELO S.A;1509759;20,00;41335,77;50016,29;LIN XIUJUAN††††††††††††††††;;3,00 %;6;Nieves Alegre;61;TF UD T/SUAVE EXT ALG 16x20;2066,79;3463;"";AUTOSERVICIO;AUTOSERVICIO;29389,00;SIMON OLIVERA;63,92;$;2;SOFTYS ARGENTINA S.A;0,00000000;0,00;Contado;;;LADYSOFT;Softy;;SOFTY;TOALLA FEMENINA;LAGO PUELO;PAPEL;;;25;JOHANA VIGIL;AXUM;;SOFTYS;False;132974;1;Lista General;AUTOSERVICIO - A;43910;05-10-2026;757-JUAN PABLO JUAREZ;SOFTYS;1;0,00000000;2066,79
6468;"MONSERRAT 876";FLORENCIO VARELA;2026-10-06;06-10-2026;05-10-2026;FAC-A0001-00343458;Venta;LAGOPUELO S.A;1509756;20,00;45273,97;54781,51;GEREZ ANTONIO JULIO ;;3,00 %;6;Nieves Alegre;61;TF UD T/SECA LADYSOFT UL PRT 16u;2263,70;3463;"";AUTOSERVICIO;AUTOSERVICIO;32189,20;SIMON OLIVERA;70,01;$;2;SOFTYS ARGENTINA S.A;0,00000000;0,00;Contado;;;LADYSOFT;Softy;;SOFTY;TOALLA FEMENINA;LAGO PUELO;PAPEL;;;25;JOHANA VIGIL;AXUM;;SOFTYS;False;132975;1;Lista General;AUTOSERVICIO - A;43911;05-10-2026;757-JUAN PABLO JUAREZ;SOFTYS;1;0,00000000;2263,70
6468;"MONSERRAT 876";FLORENCIO VARELA;2026-10-06;06-10-2026;05-10-2026;FAC-A0001-00343458;Venta;LAGOPUELO S.A;1509765;27,00;43532,49;52674,32;GEREZ ANTONIO JULIO ;;3,00 %;6;Nieves Alegre;61;TF NORMALT/SUAVE EXT ALG 16x27;1612,31;3463;"";AUTOSERVICIO;AUTOSERVICIO;30950,91;SIMON OLIVERA;49,87;$;2;SOFTYS ARGENTINA S.A;0,00000000;0,00;Contado;;;LADYSOFT;Softy;;SOFTY;TOALLA FEMENINA;LAGO PUELO;PAPEL;;;25;JOHANA VIGIL;AXUM;;SOFTYS;False;132975;1;Lista General;AUTOSERVICIO - A;43911;05-10-2026;757-JUAN PABLO JUAREZ;SOFTYS;1;0,00000000;1612,31
3892;"CALLE 879 4020";solano;2026-10-06;06-10-2026;05-10-2026;FAC-A0001-00343461;Venta;LAGOPUELO S.A;1509762;32,00;37510,08;45387,20;JUAN VEN GYUN;;0,00 %;056;Ezequiel Ferreira;0565;TF NOCTUR EXT A 8x32;1172,19;3463;"";AUTOSERVICIO;AUTOSERVICIO;25869,12;SIMON OLIVERA;0,00;$;2;SOFTYS ARGENTINA S.A;0,00000000;0,00;Contado;;;LADYSOFT;Softy;;SOFTY;TOALLA FEMENINA;LAGO PUELO;PAPEL;;;300;Bruno Centurion;AXUM;;SOFTYS;False;132997;1;Lista General;AUTOSERVICIO - A;43914;05-10-2026;757-JUAN PABLO JUAREZ;SOFTYS;1;0,00000000;1172,19
5305;"GURRUCHAGA 301";FLORENCIO VARELA;2026-10-06;06-10-2026;05-10-2026;FAC-A0001-00343462;Venta;LAGOPUELO S.A;1509764;1,00;0,00;0,00;GUSTAVO DANIEL AVALOS;;100,00 %;6;Nieves Alegre;61;TF NORMAL T/SUAVE EXT ALGODON 8x54;0,00;3463;"";AUTOSERVICIO;AUTOSERVICIO;585,27;SIMON OLIVERA;848,64;$;2;SOFTYS ARGENTINA S.A;0,00000000;0,00;Contado;;;LADYSOFT;Softy;;SOFTY;TOALLA FEMENINA;LAGO PUELO;PAPEL;65;;25;JOHANA VIGIL;AXUM;;SOFTYS;False;133186;1;Lista General;AUTOSERVICIO - A;43915;05-10-2026;757-JUAN PABLO JUAREZ;SOFTYS;1;0,00000000;0,00
5305;"GURRUCHAGA 301";FLORENCIO VARELA;2026-10-06;06-10-2026;05-10-2026;FAC-A0001-00343462;Venta;LAGOPUELO S.A;1509755;10,00;11996,70;14516,01;GUSTAVO DANIEL AVALOS;;0,00 %;6;Nieves Alegre;61;TF UD T/SECA LADYSOFT ULTRA PROTECT 8;1199,67;3463;"";AUTOSERVICIO;AUTOSERVICIO;8273,60;SIMON OLIVERA;0,00;$;2;SOFTYS ARGENTINA S.A;0,00000000;0,00;Contado;;;LADYSOFT;Softy;;SOFTY;TOALLA FEMENINA;LAGO PUELO;PAPEL;;;25;JOHANA VIGIL;AXUM;;SOFTYS;False;133186;1;Lista General;AUTOSERVICIO - A;43915;05-10-2026;757-JUAN PABLO JUAREZ;SOFTYS;1;0,00000000;1199,67
5305;"GURRUCHAGA 301";FLORENCIO VARELA;2026-10-06;06-10-2026;05-10-2026;FAC-A0001-00343462;Venta;LAGOPUELO S.A;1509762;10,00;11721,90;14183,50;GUSTAVO DANIEL AVALOS;;0,00 %;6;Nieves Alegre;61;TF NOCTUR EXT A 8x32;1172,19;3463;"";AUTOSERVICIO;AUTOSERVICIO;8084,10;SIMON OLIVERA;0,00;$;2;SOFTYS ARGENTINA S.A;0,00000000;0,00;Contado;;;LADYSOFT;Softy;;SOFTY;TOALLA FEMENINA;LAGO PUELO;PAPEL;;;25;JOHANA VIGIL;AXUM;;SOFTYS;False;133186;1;Lista General;AUTOSERVICIO - A;43915;05-10-2026;757-JUAN PABLO JUAREZ;SOFTYS;1;0,00000000;1172,19
5305;"GURRUCHAGA 301";FLORENCIO VARELA;2026-10-06;06-10-2026;05-10-2026;FAC-A0001-00343462;Venta;LAGOPUELO S.A;1509764;10,00;8486,40;10268,54;GUSTAVO DANIEL AVALOS;;0,00 %;6;Nieves Alegre;61;TF NORMAL T/SUAVE EXT ALGODON 8x54;848,64;3463;"";AUTOSERVICIO;AUTOSERVICIO;5852,70;SIMON OLIVERA;0,00;$;2;SOFTYS ARGENTINA S.A;0,00000000;0,00;Contado;;;LADYSOFT;Softy;;SOFTY;TOALLA FEMENINA;LAGO PUELO;PAPEL;;;25;JOHANA VIGIL;AXUM;;SOFTYS;False;133186;1;Lista General;AUTOSERVICIO - A;43915;05-10-2026;757-JUAN PABLO JUAREZ;SOFTYS;1;0,00000000;848,64
5305;"GURRUCHAGA 301";FLORENCIO VARELA;2026-10-06;06-10-2026;05-10-2026;FAC-A0001-00343462;Venta;LAGOPUELO S.A;1509759;10,00;21307,10;25781,59;GUSTAVO DANIEL AVALOS;;0,00 %;6;Nieves Alegre;61;TF UD T/SUAVE EXT ALG 16x20;2130,71;3463;"";AUTOSERVICIO;AUTOSERVICIO;14694,50;SIMON OLIVERA;0,00;$;2;SOFTYS ARGENTINA S.A;0,00000000;0,00;Contado;;;LADYSOFT;Softy;;SOFTY;TOALLA FEMENINA;LAGO PUELO;PAPEL;;;25;JOHANA VIGIL;AXUM;;SOFTYS;False;133186;1;Lista General;AUTOSERVICIO - A;43915;05-10-2026;757-JUAN PABLO JUAREZ;SOFTYS;1;0,00000000;2130,71
1144;"HUDSON 253";Varela ;2026-10-06;06-10-2026;05-10-2026;FAC-A0001-00343463;Venta;LAGOPUELO S.A;1501553;1,00;22551,25;27287,01;QUISPE MONICA;;15,00 %;6;Nieves Alegre;61;PH HIGIENOL DH PLUS FUSI”N 30M x4/10;22551,25;3463;"";ALMACEN;ALMACEN;17199,92;SIMON OLIVERA;3979,63;$;2;SOFTYS ARGENTINA S.A;0,00000000;0,00;Contado;;;HIGIENOL;Softy;;SOFTY;PAPEL HIG;LAGO PUELO;PAPEL;81;;25;JOHANA VIGIL;AXUM;;SOFTYS;False;133221;1;Lista General;ALMACEN - A;43916;05-10-2026;757-JUAN PABLO JUAREZ;SOFTYS;1;0,00000000;22551,25
5328;"AV. HUDSON 553";FLORENCIO VARELA;2026-10-06;06-10-2026;05-10-2026;FAC-A0001-00343465;Venta;LAGOPUELO S.A;1501586;3,00;92506,35;111932,68;MAMAMI VALERIA NATALIA†††††;;0,00 %;6;Nieves Alegre;61;PH HIGIENOL HS MAX 50x4;30835,45;3463;"";ALMACEN;ALMACEN;63797,49;SIMON OLIVERA;0,00;$;2;SOFTYS ARGENTINA S.A;0,00000000;0,00;Contado;;;HIGIENOL;Softy;;SOFTY;PAPEL HIG;LAGO PUELO;PAPEL;;;25;JOHANA VIGIL;AXUM;;SOFTYS;False;133277;1;Lista General;ALMACEN - A;43921;05-10-2026;757-JUAN PABLO JUAREZ;SOFTYS;1;0,00000000;30835,45
5328;"AV. HUDSON 553";FLORENCIO VARELA;2026-10-06;06-10-2026;05-10-2026;FAC-A0001-00343465;Venta;LAGOPUELO S.A;1501553;2,00;45102,50;54574,02;MAMAMI VALERIA NATALIA†††††;;15,00 %;6;Nieves Alegre;61;PH HIGIENOL DH PLUS FUSI”N 30M x4/10;22551,25;3463;"";ALMACEN;ALMACEN;34399,84;SIMON OLIVERA;3979,63;$;2;SOFTYS ARGENTINA S.A;0,00000000;0,00;Contado;;;HIGIENOL;Softy;;SOFTY;PAPEL HIG;LAGO PUELO;PAPEL;81;;25;JOHANA VIGIL;AXUM;;SOFTYS;False;133277;1;Lista General;ALMACEN - A;43921;05-10-2026;757-JUAN PABLO JUAREZ;SOFTYS;1;0,00000000;22551,25
5328;"AV. HUDSON 553";FLORENCIO VARELA;2026-10-06;06-10-2026;05-10-2026;FAC-A0001-00343465;Venta;LAGOPUELO S.A;1503118;24,00;39248,64;47490,85;MAMAMI VALERIA NATALIA†††††;;0,00 %;6;Nieves Alegre;61;TH BABYSEC ULTRA 50/24;1635,36;3463;"";ALMACEN;ALMACEN;27067,92;SIMON OLIVERA;0,00;$;2;SOFTYS ARGENTINA S.A;0,00000000;0,00;Contado;;;BABYSEC;;;;;;PAPEL;;;25;JOHANA VIGIL;AXUM;;SOFTYS;False;133277;1;Lista General;ALMACEN - A;43921;05-10-2026;757-JUAN PABLO JUAREZ;SOFTYS;1;0,00000000;1635,36
5328;"AV. HUDSON 553";FLORENCIO VARELA;2026-10-06;06-10-2026;05-10-2026;FAC-A0001-00343465;Venta;LAGOPUELO S.A;1509762;32,00;37510,08;45387,20;MAMAMI VALERIA NATALIA†††††;;0,00 %;6;Nieves Alegre;61;TF NOCTUR EXT A 8x32;1172,19;3463;"";ALMACEN;ALMACEN;25869,12;SIMON OLIVERA;0,00;$;2;SOFTYS ARGENTINA S.A;0,00000000;0,00;Contado;;;LADYSOFT;Softy;;SOFTY;TOALLA FEMENINA;LAGO PUELO;PAPEL;;;25;JOHANA VIGIL;AXUM;;SOFTYS;False;133277;1;Lista General;ALMACEN - A;43921;05-10-2026;757-JUAN PABLO JUAREZ;SOFTYS;1;0,00000000;1172,19
24016;"AV BOSQUES - (TRADICIONAL) 26";BOSQUES;2026-10-06;06-10-2026;05-10-2026;FAC-A0001-00343469;Venta;LAGOPUELO S.A;1509764;1,00;0,00;0,00;ARMARA YESICA;;100,00 %;6;Nieves Alegre;61;TF NORMAL T/SUAVE EXT ALGODON 8x54;0,00;3463;"";KIOSCO;KIOSCO;585,27;SIMON OLIVERA;848,64;$;2;SOFTYS ARGENTINA S.A;0,00000000;0,00;Contado;;;LADYSOFT;Softy;;SOFTY;TOALLA FEMENINA;LAGO PUELO;PAPEL;65;;25;JOHANA VIGIL;AXUM;;SOFTYS;False;133316;1;Lista General;KIOSCO - A;43924;05-10-2026;757-JUAN PABLO JUAREZ;SOFTYS;1;0,00000000;0,00
24016;"AV BOSQUES - (TRADICIONAL) 26";BOSQUES;2026-10-06;06-10-2026;05-10-2026;FAC-A0001-00343469;Venta;LAGOPUELO S.A;1509755;10,00;11996,70;14516,01;ARMARA YESICA;;0,00 %;6;Nieves Alegre;61;TF UD T/SECA LADYSOFT ULTRA PROTECT 8;1199,67;3463;"";KIOSCO;KIOSCO;8273,60;SIMON OLIVERA;0,00;$;2;SOFTYS ARGENTINA S.A;0,00000000;0,00;Contado;;;LADYSOFT;Softy;;SOFTY;TOALLA FEMENINA;LAGO PUELO;PAPEL;;;25;JOHANA VIGIL;AXUM;;SOFTYS;False;133316;1;Lista General;KIOSCO - A;43924;05-10-2026;757-JUAN PABLO JUAREZ;SOFTYS;1;0,00000000;1199,67
24016;"AV BOSQUES - (TRADICIONAL) 26";BOSQUES;2026-10-06;06-10-2026;05-10-2026;FAC-A0001-00343469;Venta;LAGOPUELO S.A;1509766;10,00;9158,00;11081,18;ARMARA YESICA;;0,00 %;6;Nieves Alegre;61;TF T/SECA NORMAL MAS PROTECC 8x54;915,80;3463;"";KIOSCO;KIOSCO;6315,90;SIMON OLIVERA;0,00;$;2;SOFTYS ARGENTINA S.A;0,00000000;0,00;Contado;;;LADYSOFT;Softy;;SOFTY;TOALLA FEMENINA;LAGO PUELO;PAPEL;;;25;JOHANA VIGIL;AXUM;;SOFTYS;False;133316;1;Lista General;KIOSCO - A;43924;05-10-2026;757-JUAN PABLO JUAREZ;SOFTYS;1;0,00000000;915,80
24016;"AV BOSQUES - (TRADICIONAL) 26";BOSQUES;2026-10-06;06-10-2026;05-10-2026;FAC-A0001-00343469;Venta;LAGOPUELO S.A;1509764;10,00;8486,40;10268,54;ARMARA YESICA;;0,00 %;6;Nieves Alegre;61;TF NORMAL T/SUAVE EXT ALGODON 8x54;848,64;3463;"";KIOSCO;KIOSCO;5852,70;SIMON OLIVERA;0,00;$;2;SOFTYS ARGENTINA S.A;0,00000000;0,00;Contado;;;LADYSOFT;Softy;;SOFTY;TOALLA FEMENINA;LAGO PUELO;PAPEL;;;25;JOHANA VIGIL;AXUM;;SOFTYS;False;133316;1;Lista General;KIOSCO - A;43924;05-10-2026;757-JUAN PABLO JUAREZ;SOFTYS;1;0,00000000;848,64
1788;"CALLE 13 322";BERAZATEGUI;2026-10-06;06-10-2026;05-10-2026;FAC-A0001-00343470;Venta;LAGOPUELO S.A;1505688;1,00;15533,64;18795,70;MARIANA BARRAZA;;5,00 %;4;Selene Pawlikowski;44;RC Sussex clasico mas blanco 50px3/10;15533,64;3463;"";ALMACEN;ALMACEN;12112,00;SIMON OLIVERA;817,56;$;2;SOFTYS ARGENTINA S.A;0,00000000;0,00;Contado;;;SUSSEX;Softy;;SOFTY;ROLLO DE COCINA;LAGO PUELO;PAPEL;83;;25;JOHANA VIGIL;AXUM;;SOFTYS;False;133346;1;Lista General;ALMACEN - A;43930;05-10-2026;58-ARON BOLLINI;SOFTYS;1;0,00000000;15533,64
105956;"Udaondo 1332 0";LANUS;2026-10-06;06-10-2026;05-10-2026;FAC-A0001-00343473;Venta;LAGOPUELO S.A;1509759;6,00;12784,26;15468,95;Lin Liqin;;0,00 %;30;Oriana Songini;301;TF UD T/SUAVE EXT ALG 16x20;2130,71;3441;"";AUTOSERVICIO;AUTOSERVICIO;8816,70;HERNAN RIVERO;0,00;$;2;SOFTYS ARGENTINA S.A;0,00000000;0,00;Efectivo;07-10-2026 08:13;;LADYSOFT;Softy;;SOFTY;TOALLA FEMENINA;LAGO PUELO;PAPEL;;;25;JOHANA VIGIL;AXUM;;SOFTYS;False;132848;1;Lista General;AUTOSERVICIO - A;43753;05-10-2026;759-GABRIEL PEREZ;SOFTYS;1;0,00000000;2130,71
102819;"Noya 315 0";GERLI;2026-10-06;06-10-2026;05-10-2026;FAC-A0001-00343478;Venta;LAGOPUELO S.A;1509764;6,00;5091,84;6161,13;Lin Hua;;0,00 %;26;Sabrina Pereyra;261;TF NORMAL T/SUAVE EXT ALGODON 8x54;848,64;3441;"";AUTOSERVICIO;AUTOSERVICIO;3511,62;HERNAN RIVERO;0,00;$;2;SOFTYS ARGENTINA S.A;0,00000000;0,00;Efectivo;07-10-2026 08:13;;LADYSOFT;Softy;;SOFTY;TOALLA FEMENINA;LAGO PUELO;PAPEL;;;25;JOHANA VIGIL;AXUM;;SOFTYS;False;132858;1;Lista General;AUTOSERVICIO - A;43758;05-10-2026;759-GABRIEL PEREZ;SOFTYS;1;0,00000000;848,64
102819;"Noya 315 0";GERLI;2026-10-06;06-10-2026;05-10-2026;FAC-A0001-00343478;Venta;LAGOPUELO S.A;1509749;6,00;7802,52;9441,05;Lin Hua;;0,00 %;26;Sabrina Pereyra;261;PD ladysoft clasicos 20x30;1300,42;3441;"";AUTOSERVICIO;AUTOSERVICIO;5381,04;HERNAN RIVERO;0,00;$;2;SOFTYS ARGENTINA S.A;0,00000000;0,00;Efectivo;07-10-2026 08:13;;LADYSOFT;Softy;;SOFTY;PROTECTOR DIARIO;LAGO PUELO;PAPEL;;;25;JOHANA VIGIL;AXUM;;SOFTYS;False;132858;1;Lista General;AUTOSERVICIO - A;43758;05-10-2026;759-GABRIEL PEREZ;SOFTYS;1;0,00000000;1300,42
102819;"Noya 315 0";GERLI;2026-10-06;06-10-2026;05-10-2026;FAC-A0001-00343478;Venta;LAGOPUELO S.A;1509765;6,00;9973,08;12067,43;Lin Hua;;0,00 %;26;Sabrina Pereyra;261;TF NORMALT/SUAVE EXT ALG 16x27;1662,18;3441;"";AUTOSERVICIO;AUTOSERVICIO;6877,98;HERNAN RIVERO;0,00;$;2;SOFTYS ARGENTINA S.A;0,00000000;0,00;Efectivo;07-10-2026 08:13;;LADYSOFT;Softy;;SOFTY;TOALLA FEMENINA;LAGO PUELO;PAPEL;;;25;JOHANA VIGIL;AXUM;;SOFTYS;False;132858;1;Lista General;AUTOSERVICIO - A;43758;05-10-2026;759-GABRIEL PEREZ;SOFTYS;1;0,00000000;1662,18
101719;"Giribone 1059 0";Pi√±eyro;2026-10-06;06-10-2026;05-10-2026;FAC-A0001-00343480;Venta;LAGOPUELO S.A;1501553;1,00;22551,25;27287,01;Oscar Castillo;;15,00 %;24;Cecilia Gauchez;241;PH HIGIENOL DH PLUS FUSI”N 30M x4/10;22551,25;3441;"";Tradicionales;Almacen;17199,92;HERNAN RIVERO;3979,63;$;2;SOFTYS ARGENTINA S.A;0,00000000;0,00;Efectivo;07-10-2026 08:13;;HIGIENOL;Softy;;SOFTY;PAPEL HIG;LAGO PUELO;PAPEL;81;;25;JOHANA VIGIL;AXUM;;SOFTYS;False;132923;1;Lista General;Almacen - A;43762;05-10-2026;759-GABRIEL PEREZ;SOFTYS;1;0,00000000;22551,25
101719;"Giribone 1059 0";Pi√±eyro;2026-10-06;06-10-2026;05-10-2026;FAC-A0001-00343480;Venta;LAGOPUELO S.A;1505688;1,00;15533,64;18795,70;Oscar Castillo;;5,00 %;24;Cecilia Gauchez;241;RC Sussex clasico mas blanco 50px3/10;15533,64;3441;"";Tradicionales;Almacen;12112,00;HERNAN RIVERO;817,56;$;2;SOFTYS ARGENTINA S.A;0,00000000;0,00;Efectivo;07-10-2026 08:13;;SUSSEX;Softy;;SOFTY;ROLLO DE COCINA;LAGO PUELO;PAPEL;83;;25;JOHANA VIGIL;AXUM;;SOFTYS;False;132923;1;Lista General;Almacen - A;43762;05-10-2026;759-GABRIEL PEREZ;SOFTYS;1;0,00000000;15533,64
101439;"Oliden 1263 0";VALENTIN ALSINA;2026-10-06;06-10-2026;05-10-2026;FAC-A0001-00343484;Venta;LAGOPUELO S.A;1501553;15,00;318370,56;385228,38;Lin Daoguang;;20,00 %;28;Nadia Diaz;281;PH HIGIENOL DH PLUS FUSI”N 30M x4/10;21224,70;3441;"";AUTOSERVICIO;AUTOSERVICIO;257998,80;HERNAN RIVERO;5306,18;$;2;SOFTYS ARGENTINA S.A;0,00000000;0,00;Efectivo;07-10-2026 08:13;;HIGIENOL;Softy;;SOFTY;PAPEL HIG;LAGO PUELO;PAPEL;81;;25;JOHANA VIGIL;AXUM;;SOFTYS;False;133046;1;Lista General;AUTOSERVICIO - A;43767;05-10-2026;759-GABRIEL PEREZ;SOFTYS;1;0,00000000;21224,70
101439;"Oliden 1263 0";VALENTIN ALSINA;2026-10-06;06-10-2026;05-10-2026;FAC-A0001-00343484;Venta;LAGOPUELO S.A;1505776;30,00;41961,90;50773,90;Lin Daoguang;;0,00 %;28;Nadia Diaz;281;SE SUSSEX HS 30X30 BLANCA X80;1398,73;3441;"";AUTOSERVICIO;AUTOSERVICIO;31083,00;HERNAN RIVERO;0,00;$;2;SOFTYS ARGENTINA S.A;0,00000000;0,00;Efectivo;07-10-2026 08:13;;SUSSEX;Softy;;SOFTY;SERVILLETA;LAGO PUELO;PAPEL;;;25;JOHANA VIGIL;AXUM;;SOFTYS;False;133046;1;Lista General;AUTOSERVICIO - A;43767;05-10-2026;759-GABRIEL PEREZ;SOFTYS;1;0,00000000;1398,73
101439;"Oliden 1263 0";VALENTIN ALSINA;2026-10-06;06-10-2026;05-10-2026;FAC-A0001-00343484;Venta;LAGOPUELO S.A;1505688;5,00;77668,20;93978,52;Lin Daoguang;;5,00 %;28;Nadia Diaz;281;RC Sussex clasico mas blanco 50px3/10;15533,64;3441;"";AUTOSERVICIO;AUTOSERVICIO;60560,00;HERNAN RIVERO;817,56;$;2;SOFTYS ARGENTINA S.A;0,00000000;0,00;Efectivo;07-10-2026 08:13;;SUSSEX;Softy;;SOFTY;ROLLO DE COCINA;LAGO PUELO;PAPEL;83;;25;JOHANA VIGIL;AXUM;;SOFTYS;False;133046;1;Lista General;AUTOSERVICIO - A;43767;05-10-2026;759-GABRIEL PEREZ;SOFTYS;1;0,00000000;15533,64
27703;"CHILE 360";PI—EYRO;2026-10-06;06-10-2026;05-10-2026;FAC-A0001-00343488;Venta;LAGOPUELO S.A;1509764;6,00;5091,84;6161,13;CARINA  BEATRIZ GUERRA;;0,00 %;26;Sabrina Pereyra;261;TF NORMAL T/SUAVE EXT ALGODON 8x54;848,64;3441;"";ALMACEN;ALMACEN;3511,62;HERNAN RIVERO;0,00;$;2;SOFTYS ARGENTINA S.A;0,00000000;0,00;Contado;07-10-2026 08:13;;LADYSOFT;Softy;;SOFTY;TOALLA FEMENINA;LAGO PUELO;PAPEL;;;25;JOHANA VIGIL;AXUM;;SOFTYS;False;133101;1;Lista General;ALMACEN - A;43772;05-10-2026;759-GABRIEL PEREZ;SOFTYS;1;0,00000000;848,64
27703;"CHILE 360";PI—EYRO;2026-10-06;06-10-2026;05-10-2026;FAC-A0001-00343488;Venta;LAGOPUELO S.A;1509762;6,00;7033,14;8510,10;CARINA  BEATRIZ GUERRA;;0,00 %;26;Sabrina Pereyra;261;TF NOCTUR EXT A 8x32;1172,19;3441;"";ALMACEN;ALMACEN;4850,46;HERNAN RIVERO;0,00;$;2;SOFTYS ARGENTINA S.A;0,00000000;0,00;Contado;07-10-2026 08:13;;LADYSOFT;Softy;;SOFTY;TOALLA FEMENINA;LAGO PUELO;PAPEL;;;25;JOHANA VIGIL;AXUM;;SOFTYS;False;133101;1;Lista General;ALMACEN - A;43772;05-10-2026;759-GABRIEL PEREZ;SOFTYS;1;0,00000000;1172,19
100910;"Mario Bravo 440 0";Avellaneda;2026-10-06;06-10-2026;05-10-2026;FAC-A0001-00343490;Venta;LAGOPUELO S.A;1505776;30,00;41961,90;50773,90;Qiu mingjin;;0,00 %;26;Sabrina Pereyra;261;SE SUSSEX HS 30X30 BLANCA X80;1398,73;3441;"";AUTOSERVICIO;AUTOSERVICIO;31083,00;HERNAN RIVERO;0,00;$;2;SOFTYS ARGENTINA S.A;0,00000000;0,00;Efectivo;07-10-2026 08:13;;SUSSEX;Softy;;SOFTY;SERVILLETA;LAGO PUELO;PAPEL;;;25;JOHANA VIGIL;AXUM;;SOFTYS;False;133121;1;Lista General;AUTOSERVICIO - A;43779;05-10-2026;759-GABRIEL PEREZ;SOFTYS;1;0,00000000;1398,73
100910;"Mario Bravo 440 0";Avellaneda;2026-10-06;06-10-2026;05-10-2026;FAC-A0001-00343490;Venta;LAGOPUELO S.A;1505496;35,00;43426,25;52545,76;Qiu mingjin;;0,00 %;26;Sabrina Pereyra;261;PO ELITE ST CON ALGODON X10 PACK 6;1240,75;3441;"";AUTOSERVICIO;AUTOSERVICIO;29949,15;HERNAN RIVERO;0,00;$;2;SOFTYS ARGENTINA S.A;0,00000000;0,00;Efectivo;07-10-2026 08:13;;ELITE;Softy;;SOFTY;PAÒUELOS;LAGO PUELO;PAPEL;;;25;JOHANA VIGIL;AXUM;;SOFTYS;False;133121;1;Lista General;AUTOSERVICIO - A;43779;05-10-2026;759-GABRIEL PEREZ;SOFTYS;1;0,00000000;1240,75
104815;"Yrigoyen 1775 0";GERLI;2026-10-06;06-10-2026;05-10-2026;FAC-A0001-00343491;Venta;LAGOPUELO S.A;1501553;30,00;557148,48;674149,66;Chen Shuying;;30,00 %;24;Cecilia Gauchez;241;PH HIGIENOL DH PLUS FUSI”N 30M x4/10;18571,62;3441;"";AUTOSERVICIO;AUTOSERVICIO;515997,60;HERNAN RIVERO;7959,26;$;2;SOFTYS ARGENTINA S.A;0,00000000;0,00;Efectivo;07-10-2026 08:13;;HIGIENOL;Softy;;SOFTY;PAPEL HIG;LAGO PUELO;PAPEL;81;;25;JOHANA VIGIL;AXUM;;SOFTYS;False;133126;1;Lista General;AUTOSERVICIO - A;43780;05-10-2026;759-GABRIEL PEREZ;SOFTYS;1;0,00000000;18571,62
104815;"Yrigoyen 1775 0";GERLI;2026-10-06;06-10-2026;05-10-2026;FAC-A0001-00343491;Venta;LAGOPUELO S.A;1509766;12,00;10989,60;13297,42;Chen Shuying;;0,00 %;24;Cecilia Gauchez;241;TF T/SECA NORMAL MAS PROTECC 8x54;915,80;3441;"";AUTOSERVICIO;AUTOSERVICIO;7579,08;HERNAN RIVERO;0,00;$;2;SOFTYS ARGENTINA S.A;0,00000000;0,00;Efectivo;07-10-2026 08:13;;LADYSOFT;Softy;;SOFTY;TOALLA FEMENINA;LAGO PUELO;PAPEL;;;25;JOHANA VIGIL;AXUM;;SOFTYS;False;133126;1;Lista General;AUTOSERVICIO - A;43780;05-10-2026;759-GABRIEL PEREZ;SOFTYS;1;0,00000000;915,80
104815;"Yrigoyen 1775 0";GERLI;2026-10-06;06-10-2026;05-10-2026;FAC-A0001-00343491;Venta;LAGOPUELO S.A;1509762;12,00;14066,28;17020,20;Chen Shuying;;0,00 %;24;Cecilia Gauchez;241;TF NOCTUR EXT A 8x32;1172,19;3441;"";AUTOSERVICIO;AUTOSERVICIO;9700,92;HERNAN RIVERO;0,00;$;2;SOFTYS ARGENTINA S.A;0,00000000;0,00;Efectivo;07-10-2026 08:13;;LADYSOFT;Softy;;SOFTY;TOALLA FEMENINA;LAGO PUELO;PAPEL;;;25;JOHANA VIGIL;AXUM;;SOFTYS;False;133126;1;Lista General;AUTOSERVICIO - A;43780;05-10-2026;759-GABRIEL PEREZ;SOFTYS;1;0,00000000;1172,19
105547;"Hipolito Yrigoyen 1357 0";Avellaneda;2026-10-06;06-10-2026;05-10-2026;FAC-A0001-00343493;Venta;LAGOPUELO S.A;1501553;9,00;202961,23;245583,09;LIN DANDAN;;15,00 %;24;Cecilia Gauchez;241;PH HIGIENOL DH PLUS FUSI”N 30M x4/10;22551,25;3441;"";AUTOSERVICIO;AUTOSERVICIO;154799,28;HERNAN RIVERO;3979,63;$;2;SOFTYS ARGENTINA S.A;0,00000000;0,00;Efectivo;07-10-2026 08:13;;HIGIENOL;Softy;;SOFTY;PAPEL HIG;LAGO PUELO;PAPEL;81;;25;JOHANA VIGIL;AXUM;;SOFTYS;False;133138;1;Lista General;AUTOSERVICIO - A;43783;05-10-2026;759-GABRIEL PEREZ;SOFTYS;1;0,00000000;22551,25
101720;"Mario Bravo 1382 0";Avellaneda;2026-10-06;06-10-2026;05-10-2026;FAC-A0001-00343494;Venta;LAGOPUELO S.A;1509764;2,00;0,00;0,00;Wu Min;;100,00 %;27;Samanta Dogliotti;271;TF NORMAL T/SUAVE EXT ALGODON 8x54;0,00;3441;"";AUTOSERVICIO;AUTOSERVICIO;1170,54;HERNAN RIVERO;848,64;$;2;SOFTYS ARGENTINA S.A;0,00000000;0,00;Efectivo;07-10-2026 08:13;;LADYSOFT;Softy;;SOFTY;TOALLA FEMENINA;LAGO PUELO;PAPEL;65;;25;JOHANA VIGIL;AXUM;;SOFTYS;False;133189;1;Lista General;AUTOSERVICIO - A;43796;05-10-2026;759-GABRIEL PEREZ;SOFTYS;1;0,00000000;0,00
101720;"Mario Bravo 1382 0";Avellaneda;2026-10-06;06-10-2026;05-10-2026;FAC-A0001-00343494;Venta;LAGOPUELO S.A;1509764;20,00;16972,80;20537,09;Wu Min;;0,00 %;27;Samanta Dogliotti;271;TF NORMAL T/SUAVE EXT ALGODON 8x54;848,64;3441;"";AUTOSERVICIO;AUTOSERVICIO;11705,40;HERNAN RIVERO;0,00;$;2;SOFTYS ARGENTINA S.A;0,00000000;0,00;Efectivo;07-10-2026 08:13;;LADYSOFT;Softy;;SOFTY;TOALLA FEMENINA;LAGO PUELO;PAPEL;;;25;JOHANA VIGIL;AXUM;;SOFTYS;False;133189;1;Lista General;AUTOSERVICIO - A;43796;05-10-2026;759-GABRIEL PEREZ;SOFTYS;1;0,00000000;848,64
105547;"Hipolito Yrigoyen 1357 0";Avellaneda;2026-10-06;06-10-2026;05-10-2026;FAC-A0001-00343501;Venta;LAGOPUELO S.A;1501553;1,00;22551,25;27287,01;LIN DANDAN;;15,00 %;24;Cecilia Gauchez;241;PH HIGIENOL DH PLUS FUSI”N 30M x4/10;22551,25;3441;"";AUTOSERVICIO;AUTOSERVICIO;17199,92;HERNAN RIVERO;3979,63;$;2;SOFTYS ARGENTINA S.A;0,00000000;0,00;Efectivo;07-10-2026 08:13;;HIGIENOL;Softy;;SOFTY;PAPEL HIG;LAGO PUELO;PAPEL;81;;25;JOHANA VIGIL;Gescom;;SOFTYS;False;133317;1;Lista General;AUTOSERVICIO - A;43809;05-10-2026;759-GABRIEL PEREZ;SOFTYS;1;0,00000000;22551,25
23204;"Dr. Joaqu√≠n Essoin - (AUTOSERVICIOS) 176";LONGCHAMPS;2026-10-06;06-10-2026;05-10-2026;FAC-A0001-00343503;Venta;LAGOPUELO S.A;1509765;5,00;8310,90;10056,19;LIN HUAIPING;;0,00 %;062;Nahuel Martinez;0621;TF NORMALT/SUAVE EXT ALG 16x27;1662,18;3447;"";AUTOSERVICIO;Autoservicio B;5731,65;WALTER JANIUK;0,00;$;2;SOFTYS ARGENTINA S.A;0,00000000;0,00;Contado;07-10-2026 08:05;;LADYSOFT;Softy;;SOFTY;TOALLA FEMENINA;LAGO PUELO;PAPEL;;;300;Bruno Centurion;AXUM;;SOFTYS;False;132945;0;Lista General;Autoservicio B - A;43934;05-10-2026;5553-JORGE MONZON;SOFTYS;1;0,00000000;1662,18
23212;"25 de Mayo - (AUTOSERVICIOS) 326";LONGCHAMPS;2026-10-06;06-10-2026;05-10-2026;FAC-A0001-00343506;Venta;LAGOPUELO S.A;1509755;15,00;17995,05;21774,01;LIN YINGMEI;;0,00 %;062;Nahuel Martinez;0621;TF UD T/SECA LADYSOFT ULTRA PROTECT 8;1199,67;3447;"";Otros;SIN SUB;12410,40;WALTER JANIUK;0,00;$;2;SOFTYS ARGENTINA S.A;0,00000000;0,00;Contado;07-10-2026 08:05;;LADYSOFT;Softy;;SOFTY;TOALLA FEMENINA;LAGO PUELO;PAPEL;;;300;Bruno Centurion;AXUM;;SOFTYS;False;132948;0;Lista General;SIN SUB - A;43937;05-10-2026;5553-JORGE MONZON;SOFTYS;1;0,00000000;1199,67
23214;"Juan A. Vucetich - (AUTOSERVICIOS) 932";BURZACO;2026-10-06;06-10-2026;05-10-2026;FAC-A0001-00343508;Venta;LAGOPUELO S.A;1503118;24,00;39248,64;47490,85;ZHUANG LAN;;0,00 %;062;Nahuel Martinez;0621;TH BABYSEC ULTRA 50/24;1635,36;3447;"";AUTOSERVICIO;Autoservicio B;27067,92;WALTER JANIUK;0,00;$;2;SOFTYS ARGENTINA S.A;0,00000000;0,00;Contado;07-10-2026 08:05;;BABYSEC;;;;;;PAPEL;;;300;Bruno Centurion;AXUM;;SOFTYS;False;132989;0;Lista General;Autoservicio B - A;43942;05-10-2026;5553-JORGE MONZON;SOFTYS;1;0,00000000;1635,36
23385;"Claudio Leon Sempere - (AUTOSERVICIOS) 1630";ALTE BROWN;2026-10-06;06-10-2026;05-10-2026;FAC-A0001-00343510;Venta;LAGOPUELO S.A;1509763;16,00;36240,80;43851,37;SHI YUMING;;0,00 %;061;Nailah Guzman;0611;TF Nocturna EXT ALGODON 16X16;2265,05;3447;"";AUTOSERVICIO;Autoservicio A;24993,76;WALTER JANIUK;0,00;$;2;SOFTYS ARGENTINA S.A;0,00000000;0,00;Contado;07-10-2026 08:05;;LADYSOFT;Softy;;SOFTY;TOALLA FEMENINA;LAGO PUELO;PAPEL;;;300;Bruno Centurion;AXUM;;SOFTYS;False;133035;0;Lista General;Autoservicio A - A;43946;05-10-2026;5553-JORGE MONZON;SOFTYS;1;0,00000000;2265,05
23219;"Enrique de Rosas - (AUTOSERVICIOS) 935";LONGCHAMPS;2026-10-06;06-10-2026;05-10-2026;FAC-A0001-00343512;Venta;LAGOPUELO S.A;1501553;5,00;112756,24;136435,05;LIN JINLISNG;;15,00 %;062;Nahuel Martinez;0621;PH HIGIENOL DH PLUS FUSI”N 30M x4/10;22551,25;3447;"";AUTOSERVICIO;Autoservicio A;85999,60;WALTER JANIUK;3979,63;$;2;SOFTYS ARGENTINA S.A;0,00000000;0,00;Contado;07-10-2026 08:05;;HIGIENOL;Softy;;SOFTY;PAPEL HIG;LAGO PUELO;PAPEL;81;;300;Bruno Centurion;AXUM;;SOFTYS;False;133041;0;Lista General;Autoservicio A - A;43952;05-10-2026;5553-JORGE MONZON;SOFTYS;1;0,00000000;22551,25
23219;"Enrique de Rosas - (AUTOSERVICIOS) 935";LONGCHAMPS;2026-10-06;06-10-2026;05-10-2026;FAC-A0001-00343512;Venta;LAGOPUELO S.A;1501627;2,00;24081,41;29138,50;LIN JINLISNG;;10,00 %;062;Nahuel Martinez;0621;PH Higienol HS Balanced 20mx4/12;12040,70;3447;"";AUTOSERVICIO;Autoservicio A;18976,68;WALTER JANIUK;1337,86;$;2;SOFTYS ARGENTINA S.A;0,00000000;0,00;Contado;07-10-2026 08:05;;HIGIENOL;Softy;;SOFTY;PAPEL HIG;LAGO PUELO;PAPEL;103;;300;Bruno Centurion;AXUM;;SOFTYS;False;133041;0;Lista General;Autoservicio A - A;43952;05-10-2026;5553-JORGE MONZON;SOFTYS;1;0,00000000;12040,70
23219;"Enrique de Rosas - (AUTOSERVICIOS) 935";LONGCHAMPS;2026-10-06;06-10-2026;05-10-2026;FAC-A0001-00343512;Venta;LAGOPUELO S.A;1509758;12,00;13388,88;16200,54;LIN JINLISNG;;0,00 %;062;Nahuel Martinez;0621;TF UD T/SUAVE EXT ALGO 8X40;1115,74;3447;"";AUTOSERVICIO;Autoservicio A;9233,76;WALTER JANIUK;0,00;$;2;SOFTYS ARGENTINA S.A;0,00000000;0,00;Contado;07-10-2026 08:05;;LADYSOFT;Softy;;SOFTY;TOALLA FEMENINA;LAGO PUELO;PAPEL;;;300;Bruno Centurion;AXUM;;SOFTYS;False;133041;0;Lista General;Autoservicio A - A;43952;05-10-2026;5553-JORGE MONZON;SOFTYS;1;0,00000000;1115,74
23219;"Enrique de Rosas - (AUTOSERVICIOS) 935";LONGCHAMPS;2026-10-06;06-10-2026;05-10-2026;FAC-A0001-00343512;Venta;LAGOPUELO S.A;1509756;10,00;23337,10;28237,89;LIN JINLISNG;;0,00 %;062;Nahuel Martinez;0621;TF UD T/SECA LADYSOFT UL PRT 16u;2333,71;3447;"";AUTOSERVICIO;Autoservicio A;16094,60;WALTER JANIUK;0,00;$;2;SOFTYS ARGENTINA S.A;0,00000000;0,00;Contado;07-10-2026 08:05;;LADYSOFT;Softy;;SOFTY;TOALLA FEMENINA;LAGO PUELO;PAPEL;;;300;Bruno Centurion;AXUM;;SOFTYS;False;133041;0;Lista General;Autoservicio A - A;43952;05-10-2026;5553-JORGE MONZON;SOFTYS;1;0,00000000;2333,71
23219;"Enrique de Rosas - (AUTOSERVICIOS) 935";LONGCHAMPS;2026-10-06;06-10-2026;05-10-2026;FAC-A0001-00343512;Venta;LAGOPUELO S.A;1509763;10,00;22650,50;27407,11;LIN JINLISNG;;0,00 %;062;Nahuel Martinez;0621;TF Nocturna EXT ALGODON 16X16;2265,05;3447;"";AUTOSERVICIO;Autoservicio A;15621,10;WALTER JANIUK;0,00;$;2;SOFTYS ARGENTINA S.A;0,00000000;0,00;Contado;07-10-2026 08:05;;LADYSOFT;Softy;;SOFTY;TOALLA FEMENINA;LAGO PUELO;PAPEL;;;300;Bruno Centurion;AXUM;;SOFTYS;False;133041;0;Lista General;Autoservicio A - A;43952;05-10-2026;5553-JORGE MONZON;SOFTYS;1;0,00000000;2265,05
23219;"Enrique de Rosas - (AUTOSERVICIOS) 935";LONGCHAMPS;2026-10-06;06-10-2026;05-10-2026;FAC-A0001-00343512;Venta;LAGOPUELO S.A;1503118;12,00;19624,32;23745,43;LIN JINLISNG;;0,00 %;062;Nahuel Martinez;0621;TH BABYSEC ULTRA 50/24;1635,36;3447;"";AUTOSERVICIO;Autoservicio A;13533,96;WALTER JANIUK;0,00;$;2;SOFTYS ARGENTINA S.A;0,00000000;0,00;Contado;07-10-2026 08:05;;BABYSEC;;;;;;PAPEL;;;300;Bruno Centurion;AXUM;;SOFTYS;False;133041;0;Lista General;Autoservicio A - A;43952;05-10-2026;5553-JORGE MONZON;SOFTYS;1;0,00000000;1635,36
23219;"Enrique de Rosas - (AUTOSERVICIOS) 935";LONGCHAMPS;2026-10-06;06-10-2026;05-10-2026;FAC-A0001-00343512;Venta;LAGOPUELO S.A;1502607;1,00;27858,59;33708,89;LIN JINLISNG;;0,00 %;062;Nahuel Martinez;0621;PH ELITE ULTRA DH SOFT T C/ALG 30Mx4;27858,59;3447;"";AUTOSERVICIO;Autoservicio A;18637,00;WALTER JANIUK;0,00;$;2;SOFTYS ARGENTINA S.A;0,00000000;0,00;Contado;07-10-2026 08:05;;ELITE;Softy;;SOFTY;PAPEL HIG;LAGO PUELO;PAPEL;;;300;Bruno Centurion;AXUM;;SOFTYS;False;133041;0;Lista General;Autoservicio A - A;43952;05-10-2026;5553-JORGE MONZON;SOFTYS;1;0,00000000;27858,59
5514;"Av. Monteverde - (TRADICIONAL) 5776";BURZACO;2026-10-06;06-10-2026;05-10-2026;FAC-A0001-00343513;Venta;LAGOPUELO S.A;1505708;1,00;22612,61;27361,26;Fiscal Cristina del Valle;;0,00 %;062;Nahuel Martinez;0621;RC SUSEEX CLS MEGARROLO ALTO 200X1;22612,61;3447;"";ALMACEN;ALMACEN;16750,08;WALTER JANIUK;0,00;$;2;SOFTYS ARGENTINA S.A;0,00000000;0,00;Contado;07-10-2026 08:05;;SUSSEX;Softy;;SOFTY;ROLLO DE COCINA;LAGO PUELO;PAPEL;;;300;Bruno Centurion;AXUM;;SOFTYS;False;133176;0;Lista General;ALMACEN - A;43958;05-10-2026;5553-JORGE MONZON;SOFTYS;1;0,00000000;22612,61
5514;"Av. Monteverde - (TRADICIONAL) 5776";BURZACO;2026-10-06;06-10-2026;05-10-2026;FAC-A0001-00343513;Venta;LAGOPUELO S.A;1501553;2,00;45102,50;54574,02;Fiscal Cristina del Valle;;15,00 %;062;Nahuel Martinez;0621;PH HIGIENOL DH PLUS FUSI”N 30M x4/10;22551,25;3447;"";ALMACEN;ALMACEN;34399,84;WALTER JANIUK;3979,63;$;2;SOFTYS ARGENTINA S.A;0,00000000;0,00;Contado;07-10-2026 08:05;;HIGIENOL;Softy;;SOFTY;PAPEL HIG;LAGO PUELO;PAPEL;81;;300;Bruno Centurion;AXUM;;SOFTYS;False;133176;0;Lista General;ALMACEN - A;43958;05-10-2026;5553-JORGE MONZON;SOFTYS;1;0,00000000;22551,25
5514;"Av. Monteverde - (TRADICIONAL) 5776";BURZACO;2026-10-06;06-10-2026;05-10-2026;FAC-A0001-00343513;Venta;LAGOPUELO S.A;1501627;2,00;24081,41;29138,50;Fiscal Cristina del Valle;;10,00 %;062;Nahuel Martinez;0621;PH Higienol HS Balanced 20mx4/12;12040,70;3447;"";ALMACEN;ALMACEN;18976,68;WALTER JANIUK;1337,86;$;2;SOFTYS ARGENTINA S.A;0,00000000;0,00;Contado;07-10-2026 08:05;;HIGIENOL;Softy;;SOFTY;PAPEL HIG;LAGO PUELO;PAPEL;103;;300;Bruno Centurion;AXUM;;SOFTYS;False;133176;0;Lista General;ALMACEN - A;43958;05-10-2026;5553-JORGE MONZON;SOFTYS;1;0,00000000;12040,70
5514;"Av. Monteverde - (TRADICIONAL) 5776";BURZACO;2026-10-06;06-10-2026;05-10-2026;FAC-A0001-00343513;Venta;LAGOPUELO S.A;1505712;1,00;11219,88;13576,05;Fiscal Cristina del Valle;;0,00 %;062;Nahuel Martinez;0621;RC SUSSEX CLASICO 50P X6/4;11219,88;3447;"";ALMACEN;ALMACEN;8944,08;WALTER JANIUK;0,00;$;2;SOFTYS ARGENTINA S.A;0,00000000;0,00;Contado;07-10-2026 08:05;;SUSSEX;Softy;;;SOFTYS;;PAPEL;;;300;Bruno Centurion;AXUM;;SOFTYS;False;133176;0;Lista General;ALMACEN - A;43958;05-10-2026;5553-JORGE MONZON;SOFTYS;1;0,00000000;11219,88
23206;"AV. TOMAS ESPORA 5345";LONGCHAMPS;2026-10-06;06-10-2026;05-10-2026;FAC-A0001-00343518;Venta;LAGOPUELO S.A;1501618;3,00;57096,27;69086,49;RODRIGUEZ HERNAN ARIEL;;0,00 %;062;Nahuel Martinez;0621;PH HIG  FRESH ALOE 30M X4/12;19032,09;3447;"";AUTOSERVICIO;Autoservicio B;39376,74;WALTER JANIUK;0,00;$;2;SOFTYS ARGENTINA S.A;0,00000000;0,00;2 dÌas fecha de factura;07-10-2026 08:05;;HIGIENOL;Softy;;SOFTY;PAPEL HIG;LAGO PUELO;PAPEL;;;300;Bruno Centurion;AXUM;;SOFTYS;False;133181;0;Lista General;Autoservicio B - A;43963;05-10-2026;5553-JORGE MONZON;SOFTYS;1;0,00000000;19032,09
23206;"AV. TOMAS ESPORA 5345";LONGCHAMPS;2026-10-06;06-10-2026;05-10-2026;FAC-A0001-00343518;Venta;LAGOPUELO S.A;1502607;2,00;55717,18;67417,79;RODRIGUEZ HERNAN ARIEL;;0,00 %;062;Nahuel Martinez;0621;PH ELITE ULTRA DH SOFT T C/ALG 30Mx4;27858,59;3447;"";AUTOSERVICIO;Autoservicio B;37274,00;WALTER JANIUK;0,00;$;2;SOFTYS ARGENTINA S.A;0,00000000;0,00;2 dÌas fecha de factura;07-10-2026 08:05;;ELITE;Softy;;SOFTY;PAPEL HIG;LAGO PUELO;PAPEL;;;300;Bruno Centurion;AXUM;;SOFTYS;False;133181;0;Lista General;Autoservicio B - A;43963;05-10-2026;5553-JORGE MONZON;SOFTYS;1;0,00000000;27858,59
23206;"AV. TOMAS ESPORA 5345";LONGCHAMPS;2026-10-06;06-10-2026;05-10-2026;FAC-A0001-00343518;Venta;LAGOPUELO S.A;1505688;5,00;77668,20;93978,52;RODRIGUEZ HERNAN ARIEL;;5,00 %;062;Nahuel Martinez;0621;RC Sussex clasico mas blanco 50px3/10;15533,64;3447;"";AUTOSERVICIO;Autoservicio B;60560,00;WALTER JANIUK;817,56;$;2;SOFTYS ARGENTINA S.A;0,00000000;0,00;2 dÌas fecha de factura;07-10-2026 08:05;;SUSSEX;Softy;;SOFTY;ROLLO DE COCINA;LAGO PUELO;PAPEL;83;;300;Bruno Centurion;AXUM;;SOFTYS;False;133181;0;Lista General;Autoservicio B - A;43963;05-10-2026;5553-JORGE MONZON;SOFTYS;1;0,00000000;15533,64
23206;"AV. TOMAS ESPORA 5345";LONGCHAMPS;2026-10-06;06-10-2026;05-10-2026;FAC-A0001-00343518;Venta;LAGOPUELO S.A;1501553;2,00;45102,50;54574,02;RODRIGUEZ HERNAN ARIEL;;15,00 %;062;Nahuel Martinez;0621;PH HIGIENOL DH PLUS FUSI”N 30M x4/10;22551,25;3447;"";AUTOSERVICIO;Autoservicio B;34399,84;WALTER JANIUK;3979,63;$;2;SOFTYS ARGENTINA S.A;0,00000000;0,00;2 dÌas fecha de factura;07-10-2026 08:05;;HIGIENOL;Softy;;SOFTY;PAPEL HIG;LAGO PUELO;PAPEL;81;;300;Bruno Centurion;AXUM;;SOFTYS;False;133181;0;Lista General;Autoservicio B - A;43963;05-10-2026;5553-JORGE MONZON;SOFTYS;1;0,00000000;22551,25
23206;"AV. TOMAS ESPORA 5345";LONGCHAMPS;2026-10-06;06-10-2026;05-10-2026;FAC-A0001-00343518;Venta;LAGOPUELO S.A;1501586;1,00;30835,45;37310,89;RODRIGUEZ HERNAN ARIEL;;0,00 %;062;Nahuel Martinez;0621;PH HIGIENOL HS MAX 50x4;30835,45;3447;"";AUTOSERVICIO;Autoservicio B;21265,83;WALTER JANIUK;0,00;$;2;SOFTYS ARGENTINA S.A;0,00000000;0,00;2 dÌas fecha de factura;07-10-2026 08:05;;HIGIENOL;Softy;;SOFTY;PAPEL HIG;LAGO PUELO;PAPEL;;;300;Bruno Centurion;AXUM;;SOFTYS;False;133181;0;Lista General;Autoservicio B - A;43963;05-10-2026;5553-JORGE MONZON;SOFTYS;1;0,00000000;30835,45
23206;"AV. TOMAS ESPORA 5345";LONGCHAMPS;2026-10-06;06-10-2026;05-10-2026;FAC-A0001-00343518;Venta;LAGOPUELO S.A;1501585;1,00;36501,38;44166,67;RODRIGUEZ HERNAN ARIEL;;0,00 %;062;Nahuel Martinez;0621;PH HIGIENOL HS MAX ALOE PANAL 80M X4;36501,38;3447;"";AUTOSERVICIO;Autoservicio B;24669,76;WALTER JANIUK;0,00;$;2;SOFTYS ARGENTINA S.A;0,00000000;0,00;2 dÌas fecha de factura;07-10-2026 08:05;;HIGIENOL;Softy;;SOFTY;PAPEL HIG;LAGO PUELO;PAPEL;;;300;Bruno Centurion;AXUM;;SOFTYS;False;133181;0;Lista General;Autoservicio B - A;43963;05-10-2026;5553-JORGE MONZON;SOFTYS;1;0,00000000;36501,38
23206;"AV. TOMAS ESPORA 5345";LONGCHAMPS;2026-10-06;06-10-2026;05-10-2026;FAC-A0001-00343518;Venta;LAGOPUELO S.A;1501854;1,00;17507,23;21183,75;RODRIGUEZ HERNAN ARIEL;;0,00 %;062;Nahuel Martinez;0621;PH Higienol Texturado 30m x4/12;17507,23;3447;"";AUTOSERVICIO;Autoservicio B;12073,95;WALTER JANIUK;0,00;$;2;SOFTYS ARGENTINA S.A;0,00000000;0,00;2 dÌas fecha de factura;07-10-2026 08:05;;HIGIENOL;Softy;;SOFTY;PAPEL HIG;LAGO PUELO;PAPEL;;;300;Bruno Centurion;AXUM;;SOFTYS;False;133181;0;Lista General;Autoservicio B - A;43963;05-10-2026;5553-JORGE MONZON;SOFTYS;1;0,00000000;17507,23
23369;"AV ESPORA 3565";Almirante Brown;2026-10-06;06-10-2026;05-10-2026;FAC-A0001-00343523;Venta;LAGOPUELO S.A;1502607;1,00;27858,59;33708,89;WEI HONGSHU;;0,00 %;061;Nailah Guzman;0611;PH ELITE ULTRA DH SOFT T C/ALG 30Mx4;27858,59;3447;"";AUTOSERVICIO;Autoservicio B;18637,00;WALTER JANIUK;0,00;$;2;SOFTYS ARGENTINA S.A;0,00000000;0,00;Contado;07-10-2026 08:05;;ELITE;Softy;;SOFTY;PAPEL HIG;LAGO PUELO;PAPEL;;;300;Bruno Centurion;AXUM;;SOFTYS;False;133203;0;Lista General;Autoservicio B - A;43968;05-10-2026;5553-JORGE MONZON;SOFTYS;1;0,00000000;27858,59
23369;"AV ESPORA 3565";Almirante Brown;2026-10-06;06-10-2026;05-10-2026;FAC-A0001-00343523;Venta;LAGOPUELO S.A;1501627;3,00;36122,11;43707,76;WEI HONGSHU;;10,00 %;061;Nailah Guzman;0611;PH Higienol HS Balanced 20mx4/12;12040,70;3447;"";AUTOSERVICIO;Autoservicio B;28465,02;WALTER JANIUK;1337,86;$;2;SOFTYS ARGENTINA S.A;0,00000000;0,00;Contado;07-10-2026 08:05;;HIGIENOL;Softy;;SOFTY;PAPEL HIG;LAGO PUELO;PAPEL;103;;300;Bruno Centurion;AXUM;;SOFTYS;False;133203;0;Lista General;Autoservicio B - A;43968;05-10-2026;5553-JORGE MONZON;SOFTYS;1;0,00000000;12040,70
23390;"Dardo Rocha - (AUTOSERVICIOS) 688";BURZACO;2026-10-06;06-10-2026;05-10-2026;FAC-A0001-00343525;Venta;LAGOPUELO S.A;1509756;10,00;23337,10;28237,89;CHEN YOULOMG;;0,00 %;061;Nailah Guzman;0611;TF UD T/SECA LADYSOFT UL PRT 16u;2333,71;3447;"";AUTOSERVICIO;Autoservicio B;16094,60;WALTER JANIUK;0,00;$;2;SOFTYS ARGENTINA S.A;0,00000000;0,00;Contado;07-10-2026 08:05;;LADYSOFT;Softy;;SOFTY;TOALLA FEMENINA;LAGO PUELO;PAPEL;;;300;Bruno Centurion;AXUM;;SOFTYS;False;133307;0;Lista General;Autoservicio B - A;43974;05-10-2026;5553-JORGE MONZON;SOFTYS;1;0,00000000;2333,71
23390;"Dardo Rocha - (AUTOSERVICIOS) 688";BURZACO;2026-10-06;06-10-2026;05-10-2026;FAC-A0001-00343525;Venta;LAGOPUELO S.A;1509759;10,00;21307,10;25781,59;CHEN YOULOMG;;0,00 %;061;Nailah Guzman;0611;TF UD T/SUAVE EXT ALG 16x20;2130,71;3447;"";AUTOSERVICIO;Autoservicio B;14694,50;WALTER JANIUK;0,00;$;2;SOFTYS ARGENTINA S.A;0,00000000;0,00;Contado;07-10-2026 08:05;;LADYSOFT;Softy;;SOFTY;TOALLA FEMENINA;LAGO PUELO;PAPEL;;;300;Bruno Centurion;AXUM;;SOFTYS;False;133307;0;Lista General;Autoservicio B - A;43974;05-10-2026;5553-JORGE MONZON;SOFTYS;1;0,00000000;2130,71
23390;"Dardo Rocha - (AUTOSERVICIOS) 688";BURZACO;2026-10-06;06-10-2026;05-10-2026;FAC-A0001-00343525;Venta;LAGOPUELO S.A;1509763;10,00;22650,50;27407,11;CHEN YOULOMG;;0,00 %;061;Nailah Guzman;0611;TF Nocturna EXT ALGODON 16X16;2265,05;3447;"";AUTOSERVICIO;Autoservicio B;15621,10;WALTER JANIUK;0,00;$;2;SOFTYS ARGENTINA S.A;0,00000000;0,00;Contado;07-10-2026 08:05;;LADYSOFT;Softy;;SOFTY;TOALLA FEMENINA;LAGO PUELO;PAPEL;;;300;Bruno Centurion;AXUM;;SOFTYS;False;133307;0;Lista General;Autoservicio B - A;43974;05-10-2026;5553-JORGE MONZON;SOFTYS;1;0,00000000;2265,05
23570;"General Madariaga - (AUTOSERVICIOS) 559";BURZACO;2026-10-06;06-10-2026;02-10-2026;FAC-A0001-00343530;Venta;LAGOPUELO S.A;1505776;30,00;41961,90;50773,90;WENG ZHU;;0,00 %;063;Daniel Martin;0635;SE SUSSEX HS 30X30 BLANCA X80;1398,73;3444;"";AUTOSERVICIO;Autoservicio A;31083,00;CLAUDIO GARCIA;0,00;$;2;SOFTYS ARGENTINA S.A;0,00000000;0,00;Contado;;;SUSSEX;Softy;;SOFTY;SERVILLETA;LAGO PUELO;PAPEL;;;300;Bruno Centurion;AXUM;;SOFTYS;False;132590;1;Lista General;Autoservicio A - A;43985;05-10-2026;58-ARON BOLLINI;SOFTYS;1;0,00000000;1398,73
5837;"adolfo alsina e/roca y bartolome mitre - (Large Format) 760";BURZACO;2026-10-06;06-10-2026;05-10-2026;FAC-A0001-00343533;Venta;LAGOPUELO S.A;1509764;2,00;0,00;0,00;lin liqing;;100,00 %;063;Daniel Martin;0631;TF NORMAL T/SUAVE EXT ALGODON 8x54;0,00;3444;"";AUTOSERVICIO;Autoservicio A;1170,54;CLAUDIO GARCIA;848,64;$;2;SOFTYS ARGENTINA S.A;0,00000000;0,00;Contado;;;LADYSOFT;Softy;;SOFTY;TOALLA FEMENINA;LAGO PUELO;PAPEL;65;;300;Bruno Centurion;AXUM;;SOFTYS;False;132888;1;Lista General;Autoservicio A - A;43992;05-10-2026;58-ARON BOLLINI;SOFTYS;1;0,00000000;0,00
5837;"adolfo alsina e/roca y bartolome mitre - (Large Format) 760";BURZACO;2026-10-06;06-10-2026;05-10-2026;FAC-A0001-00343533;Venta;LAGOPUELO S.A;1509764;20,00;16972,80;20537,09;lin liqing;;0,00 %;063;Daniel Martin;0631;TF NORMAL T/SUAVE EXT ALGODON 8x54;848,64;3444;"";AUTOSERVICIO;Autoservicio A;11705,40;CLAUDIO GARCIA;0,00;$;2;SOFTYS ARGENTINA S.A;0,00000000;0,00;Contado;;;LADYSOFT;Softy;;SOFTY;TOALLA FEMENINA;LAGO PUELO;PAPEL;;;300;Bruno Centurion;AXUM;;SOFTYS;False;132888;1;Lista General;Autoservicio A - A;43992;05-10-2026;58-ARON BOLLINI;SOFTYS;1;0,00000000;848,64
5837;"adolfo alsina e/roca y bartolome mitre - (Large Format) 760";BURZACO;2026-10-06;06-10-2026;05-10-2026;FAC-A0001-00343533;Venta;LAGOPUELO S.A;1509766;20,00;18316,00;22162,36;lin liqing;;0,00 %;063;Daniel Martin;0631;TF T/SECA NORMAL MAS PROTECC 8x54;915,80;3444;"";AUTOSERVICIO;Autoservicio A;12631,80;CLAUDIO GARCIA;0,00;$;2;SOFTYS ARGENTINA S.A;0,00000000;0,00;Contado;;;LADYSOFT;Softy;;SOFTY;TOALLA FEMENINA;LAGO PUELO;PAPEL;;;300;Bruno Centurion;AXUM;;SOFTYS;False;132888;1;Lista General;Autoservicio A - A;43992;05-10-2026;58-ARON BOLLINI;SOFTYS;1;0,00000000;915,80
23559;"ALEM - (AUTOSERVICIOS) 330";BURZACO;2026-10-06;06-10-2026;05-10-2026;FAC-A0001-00343538;Venta;LAGOPUELO S.A;1509759;10,00;21307,10;25781,59;CHEN YALANMEI;;0,00 %;063;Daniel Martin;0631;TF UD T/SUAVE EXT ALG 16x20;2130,71;3444;"";AUTOSERVICIO;Autoservicio A;14694,50;CLAUDIO GARCIA;0,00;$;2;SOFTYS ARGENTINA S.A;0,00000000;0,00;Contado;;;LADYSOFT;Softy;;SOFTY;TOALLA FEMENINA;LAGO PUELO;PAPEL;;;300;Bruno Centurion;AXUM;;SOFTYS;False;132986;1;Lista General;Autoservicio A - A;44000;05-10-2026;58-ARON BOLLINI;SOFTYS;1;0,00000000;2130,71
23559;"ALEM - (AUTOSERVICIOS) 330";BURZACO;2026-10-06;06-10-2026;05-10-2026;FAC-A0001-00343538;Venta;LAGOPUELO S.A;1509756;10,00;23337,10;28237,89;CHEN YALANMEI;;0,00 %;063;Daniel Martin;0631;TF UD T/SECA LADYSOFT UL PRT 16u;2333,71;3444;"";AUTOSERVICIO;Autoservicio A;16094,60;CLAUDIO GARCIA;0,00;$;2;SOFTYS ARGENTINA S.A;0,00000000;0,00;Contado;;;LADYSOFT;Softy;;SOFTY;TOALLA FEMENINA;LAGO PUELO;PAPEL;;;300;Bruno Centurion;AXUM;;SOFTYS;False;132986;1;Lista General;Autoservicio A - A;44000;05-10-2026;58-ARON BOLLINI;SOFTYS;1;0,00000000;2333,71
3947;"buenos aires E/Arenales y Juan Manuel prieto - (TRADICIONAL) 1064";BURZACO;2026-10-06;06-10-2026;05-10-2026;FAC-A0001-00343546;Venta;LAGOPUELO S.A;1501627;1,00;12040,70;14569,25;JORGE DANIEL LUNA;;10,00 %;063;Daniel Martin;0631;PH Higienol HS Balanced 20mx4/12;12040,70;3444;"";AUTOSERVICIO;Autoservicio B;9488,34;CLAUDIO GARCIA;1337,86;$;2;SOFTYS ARGENTINA S.A;0,00000000;0,00;Contado;;;HIGIENOL;Softy;;SOFTY;PAPEL HIG;LAGO PUELO;PAPEL;103;;300;Bruno Centurion;AXUM;;SOFTYS;False;133188;1;Lista General;Autoservicio B - A;44019;05-10-2026;58-ARON BOLLINI;SOFTYS;1;0,00000000;12040,70
3947;"buenos aires E/Arenales y Juan Manuel prieto - (TRADICIONAL) 1064";BURZACO;2026-10-06;06-10-2026;05-10-2026;FAC-A0001-00343546;Venta;LAGOPUELO S.A;1505688;1,00;15533,64;18795,70;JORGE DANIEL LUNA;;5,00 %;063;Daniel Martin;0631;RC Sussex clasico mas blanco 50px3/10;15533,64;3444;"";AUTOSERVICIO;Autoservicio B;12112,00;CLAUDIO GARCIA;817,56;$;2;SOFTYS ARGENTINA S.A;0,00000000;0,00;Contado;;;SUSSEX;Softy;;SOFTY;ROLLO DE COCINA;LAGO PUELO;PAPEL;83;;300;Bruno Centurion;AXUM;;SOFTYS;False;133188;1;Lista General;Autoservicio B - A;44019;05-10-2026;58-ARON BOLLINI;SOFTYS;1;0,00000000;15533,64
23734;"BARRACAS 1450";ESTEBAN ECHEVERR√¬çA;2026-10-06;06-10-2026;05-10-2026;FAC-A0001-00343547;Venta;LAGOPUELO S.A;1502613;3,00;59947,38;72536,33;PROVEDURIA GALAXIA 2000 SRL;;0,00 %;064;Karina Fernandez;0641;PH ELITE HS 30M X4 /12;19982,46;3444;"";AUTOSERVICIO;Autoservicio A;41343,03;CLAUDIO GARCIA;0,00;$;2;SOFTYS ARGENTINA S.A;0,00000000;0,00;Contado;;;ELITE;Softy;;SOFTY;PAPEL HIG;LAGO PUELO;PAPEL;;;300;Bruno Centurion;AXUM;;SOFTYS;False;133257;1;Lista General;Autoservicio A - A;44025;05-10-2026;58-ARON BOLLINI;SOFTYS;1;0,00000000;19982,46
23734;"BARRACAS 1450";ESTEBAN ECHEVERR√¬çA;2026-10-06;06-10-2026;05-10-2026;FAC-A0001-00343548;Venta;LAGOPUELO S.A;1509756;20,00;46674,20;56475,78;PROVEDURIA GALAXIA 2000 SRL;;0,00 %;064;Karina Fernandez;0641;TF UD T/SECA LADYSOFT UL PRT 16u;2333,71;3444;"";AUTOSERVICIO;Autoservicio A;32189,20;CLAUDIO GARCIA;0,00;$;2;SOFTYS ARGENTINA S.A;0,00000000;0,00;Contado;;;LADYSOFT;Softy;;SOFTY;TOALLA FEMENINA;LAGO PUELO;PAPEL;;;300;Bruno Centurion;AXUM;;SOFTYS;False;133258;1;Lista General;Autoservicio A - A;44026;05-10-2026;58-ARON BOLLINI;SOFTYS;1;0,00000000;2333,71
27397;"Maipu - (AUTOSERVICIOS) 111";BANFIELD;2026-10-06;06-10-2026;05-10-2026;FAC-A0001-00343550;Venta;LAGOPUELO S.A;1509764;1,00;0,00;0,00;Bavosi Juan Martin;;100,00 %;074;Romina Baez;0741;TF NORMAL T/SUAVE EXT ALGODON 8x54;0,00;3442;"";KIOSCO;KIOSCO;585,27;MARIANO SOSA;848,64;$;2;SOFTYS ARGENTINA S.A;0,00000000;0,00;Contado;07-10-2026 09:26;;LADYSOFT;Softy;;SOFTY;TOALLA FEMENINA;LAGO PUELO;PAPEL;65;;300;Bruno Centurion;AXUM;;SOFTYS;False;132818;0;Lista General;KIOSCO - A;44078;05-10-2026;759-GABRIEL PEREZ;SOFTYS;1;0,00000000;0,00
27397;"Maipu - (AUTOSERVICIOS) 111";BANFIELD;2026-10-06;06-10-2026;05-10-2026;FAC-A0001-00343550;Venta;LAGOPUELO S.A;1509761;12,00;9542,64;11546,59;Bavosi Juan Martin;;0,00 %;074;Romina Baez;0741;TF LADYSOFT COMFORT EXT ALGODON 8x54;795,22;3442;"";KIOSCO;KIOSCO;6581,16;MARIANO SOSA;0,00;$;2;SOFTYS ARGENTINA S.A;0,00000000;0,00;Contado;07-10-2026 09:26;;LADYSOFT;Softy;;SOFTY;TOALLA FEMENINA;LAGO PUELO;PAPEL;;;300;Bruno Centurion;AXUM;;SOFTYS;False;132818;0;Lista General;KIOSCO - A;44078;05-10-2026;759-GABRIEL PEREZ;SOFTYS;1;0,00000000;795,22
27397;"Maipu - (AUTOSERVICIOS) 111";BANFIELD;2026-10-06;06-10-2026;05-10-2026;FAC-A0001-00343550;Venta;LAGOPUELO S.A;1509762;12,00;14066,28;17020,20;Bavosi Juan Martin;;0,00 %;074;Romina Baez;0741;TF NOCTUR EXT A 8x32;1172,19;3442;"";KIOSCO;KIOSCO;9700,92;MARIANO SOSA;0,00;$;2;SOFTYS ARGENTINA S.A;0,00000000;0,00;Contado;07-10-2026 09:26;;LADYSOFT;Softy;;SOFTY;TOALLA FEMENINA;LAGO PUELO;PAPEL;;;300;Bruno Centurion;AXUM;;SOFTYS;False;132818;0;Lista General;KIOSCO - A;44078;05-10-2026;759-GABRIEL PEREZ;SOFTYS;1;0,00000000;1172,19
27397;"Maipu - (AUTOSERVICIOS) 111";BANFIELD;2026-10-06;06-10-2026;05-10-2026;FAC-A0001-00343550;Venta;LAGOPUELO S.A;1509764;12,00;10183,68;12322,25;Bavosi Juan Martin;;0,00 %;074;Romina Baez;0741;TF NORMAL T/SUAVE EXT ALGODON 8x54;848,64;3442;"";KIOSCO;KIOSCO;7023,24;MARIANO SOSA;0,00;$;2;SOFTYS ARGENTINA S.A;0,00000000;0,00;Contado;07-10-2026 09:26;;LADYSOFT;Softy;;SOFTY;TOALLA FEMENINA;LAGO PUELO;PAPEL;;;300;Bruno Centurion;AXUM;;SOFTYS;False;132818;0;Lista General;KIOSCO - A;44078;05-10-2026;759-GABRIEL PEREZ;SOFTYS;1;0,00000000;848,64
27397;"Maipu - (AUTOSERVICIOS) 111";BANFIELD;2026-10-06;06-10-2026;05-10-2026;FAC-A0001-00343550;Venta;LAGOPUELO S.A;1509766;12,00;10989,60;13297,42;Bavosi Juan Martin;;0,00 %;074;Romina Baez;0741;TF T/SECA NORMAL MAS PROTECC 8x54;915,80;3442;"";KIOSCO;KIOSCO;7579,08;MARIANO SOSA;0,00;$;2;SOFTYS ARGENTINA S.A;0,00000000;0,00;Contado;07-10-2026 09:26;;LADYSOFT;Softy;;SOFTY;TOALLA FEMENINA;LAGO PUELO;PAPEL;;;300;Bruno Centurion;AXUM;;SOFTYS;False;132818;0;Lista General;KIOSCO - A;44078;05-10-2026;759-GABRIEL PEREZ;SOFTYS;1;0,00000000;915,80
27397;"Maipu - (AUTOSERVICIOS) 111";BANFIELD;2026-10-06;06-10-2026;05-10-2026;FAC-A0001-00343550;Venta;LAGOPUELO S.A;1503118;10,00;16353,60;19787,86;Bavosi Juan Martin;;0,00 %;074;Romina Baez;0741;TH BABYSEC ULTRA 50/24;1635,36;3442;"";KIOSCO;KIOSCO;11278,30;MARIANO SOSA;0,00;$;2;SOFTYS ARGENTINA S.A;0,00000000;0,00;Contado;07-10-2026 09:26;;BABYSEC;;;;;;PAPEL;;;300;Bruno Centurion;AXUM;;SOFTYS;False;132818;0;Lista General;KIOSCO - A;44078;05-10-2026;759-GABRIEL PEREZ;SOFTYS;1;0,00000000;1635,36
27766;"LARROQUE - (TRADICIONAL) 1532";BANFIELD;2026-10-06;06-10-2026;05-10-2026;FAC-A0001-00343552;Venta;LAGOPUELO S.A;1501854;1,00;17507,23;21183,75;PIONERE DEL MERCATO S.A.;;0,00 %;074;Romina Baez;0741;PH Higienol Texturado 30m x4/12;17507,23;3442;"";AUTOSERVICIO;Autoservicio B;12073,95;MARIANO SOSA;0,00;$;2;SOFTYS ARGENTINA S.A;0,00000000;0,00;Contado;07-10-2026 09:26;;HIGIENOL;Softy;;SOFTY;PAPEL HIG;LAGO PUELO;PAPEL;;;300;Bruno Centurion;AXUM;;SOFTYS;False;132829;0;Lista General;Autoservicio B - A;44079;05-10-2026;759-GABRIEL PEREZ;SOFTYS;1;0,00000000;17507,23
27766;"LARROQUE - (TRADICIONAL) 1532";BANFIELD;2026-10-06;06-10-2026;05-10-2026;FAC-A0001-00343552;Venta;LAGOPUELO S.A;1501585;1,00;36501,38;44166,67;PIONERE DEL MERCATO S.A.;;0,00 %;074;Romina Baez;0741;PH HIGIENOL HS MAX ALOE PANAL 80M X4;36501,38;3442;"";AUTOSERVICIO;Autoservicio B;24669,76;MARIANO SOSA;0,00;$;2;SOFTYS ARGENTINA S.A;0,00000000;0,00;Contado;07-10-2026 09:26;;HIGIENOL;Softy;;SOFTY;PAPEL HIG;LAGO PUELO;PAPEL;;;300;Bruno Centurion;AXUM;;SOFTYS;False;132829;0;Lista General;Autoservicio B - A;44079;05-10-2026;759-GABRIEL PEREZ;SOFTYS;1;0,00000000;36501,38
27766;"LARROQUE - (TRADICIONAL) 1532";BANFIELD;2026-10-06;06-10-2026;05-10-2026;FAC-A0001-00343552;Venta;LAGOPUELO S.A;1502607;1,00;27858,59;33708,89;PIONERE DEL MERCATO S.A.;;0,00 %;074;Romina Baez;0741;PH ELITE ULTRA DH SOFT T C/ALG 30Mx4;27858,59;3442;"";AUTOSERVICIO;Autoservicio B;18637,00;MARIANO SOSA;0,00;$;2;SOFTYS ARGENTINA S.A;0,00000000;0,00;Contado;07-10-2026 09:26;;ELITE;Softy;;SOFTY;PAPEL HIG;LAGO PUELO;PAPEL;;;300;Bruno Centurion;AXUM;;SOFTYS;False;132829;0;Lista General;Autoservicio B - A;44079;05-10-2026;759-GABRIEL PEREZ;SOFTYS;1;0,00000000;27858,59
27766;"LARROQUE - (TRADICIONAL) 1532";BANFIELD;2026-10-06;06-10-2026;05-10-2026;FAC-A0001-00343552;Venta;LAGOPUELO S.A;1509232;1,00;13179,71;15947,45;PIONERE DEL MERCATO S.A.;;0,00 %;074;Romina Baez;0741;RC NOBLE 40P x3/10;13179,71;3442;"";AUTOSERVICIO;Autoservicio B;9762,75;MARIANO SOSA;0,00;$;2;SOFTYS ARGENTINA S.A;0,00000000;0,00;Contado;07-10-2026 09:26;;NOBLE;Softy;;SOFTY;ROLLO DE COCINA;LAGO PUELO;PAPEL;;;300;Bruno Centurion;AXUM;;SOFTYS;False;132829;0;Lista General;Autoservicio B - A;44079;05-10-2026;759-GABRIEL PEREZ;SOFTYS;1;0,00000000;13179,71
27382;"Av. Gral Martin Rodriguez 1095";VILLLA CENTENARIO;2026-10-06;06-10-2026;05-10-2026;FAC-A0001-00343556;Venta;LAGOPUELO S.A;1501627;2,00;24081,41;29138,50;Bao Jinchun;;10,00 %;073;Florencia Cubilla;0731;PH Higienol HS Balanced 20mx4/12;12040,70;3442;"";AUTOSERVICIO;Autoservicio B;18976,68;MARIANO SOSA;1337,86;$;2;SOFTYS ARGENTINA S.A;0,00000000;0,00;Contado;07-10-2026 09:26;;HIGIENOL;Softy;;SOFTY;PAPEL HIG;LAGO PUELO;PAPEL;103;;300;Bruno Centurion;AXUM;;SOFTYS;False;132834;0;Lista General;Autoservicio B - A;44082;05-10-2026;759-GABRIEL PEREZ;SOFTYS;1;0,00000000;12040,70
27386;"Vieytes 1526";BANFIELD;2026-10-06;06-10-2026;05-10-2026;FAC-A0001-00343557;Venta;LAGOPUELO S.A;1509762;12,00;14066,28;17020,20;Santacruz Palacios Patricia Mabel;;0,00 %;074;Romina Baez;0741;TF NOCTUR EXT A 8x32;1172,19;3442;"";AUTOSERVICIO;Autoservicio A;9700,92;MARIANO SOSA;0,00;$;2;SOFTYS ARGENTINA S.A;0,00000000;0,00;Contado;07-10-2026 09:26;;LADYSOFT;Softy;;SOFTY;TOALLA FEMENINA;LAGO PUELO;PAPEL;;;300;Bruno Centurion;AXUM;;SOFTYS;False;132874;0;Lista General;Autoservicio A - A;44083;05-10-2026;759-GABRIEL PEREZ;SOFTYS;1;0,00000000;1172,19
27683;"ANA ACERBONI - (AUTOSERVICIOS) 741";BANFIELD;2026-10-06;06-10-2026;05-10-2026;FAC-A0001-00343561;Venta;LAGOPUELO S.A;1504078;30,00;65835,18;79660,57;HONG YU;;10,00 %;073;Florencia Cubilla;0731;PL BABYSEC ULTRASOFT XG X8/15;2194,51;3442;"";AUTOSERVICIO;Autoservicio B;54185,40;MARIANO SOSA;243,83;$;2;SOFTYS ARGENTINA S.A;0,00000000;0,00;Contado;07-10-2026 09:26;;BABYSEC;Softy;;SOFTY;PAÒAL;LAGO PUELO;PAPEL;;;300;Bruno Centurion;AXUM;;SOFTYS;False;132896;0;Lista General;Autoservicio B - A;44087;05-10-2026;759-GABRIEL PEREZ;SOFTYS;1;0,00000000;2194,51
27683;"ANA ACERBONI - (AUTOSERVICIOS) 741";BANFIELD;2026-10-06;06-10-2026;05-10-2026;FAC-A0001-00343561;Venta;LAGOPUELO S.A;1504079;30,00;65835,18;79660,57;HONG YU;;10,00 %;073;Florencia Cubilla;0731;PL BABYSEC ULTRASOFT XXG 8/15;2194,51;3442;"";AUTOSERVICIO;Autoservicio B;54185,40;MARIANO SOSA;243,83;$;2;SOFTYS ARGENTINA S.A;0,00000000;0,00;Contado;07-10-2026 09:26;;BABYSEC;Softy;;SOFTY;PAÒAL;LAGO PUELO;PAPEL;;;300;Bruno Centurion;AXUM;;SOFTYS;False;132896;0;Lista General;Autoservicio B - A;44087;05-10-2026;759-GABRIEL PEREZ;SOFTYS;1;0,00000000;2194,51
27390;"Godoy Cruz - (AUTOSERVICIOS) 630";BANFIELD;2026-10-06;06-10-2026;05-10-2026;FAC-A0001-00343571;Venta;LAGOPUELO S.A;1505689;2,00;41084,38;49712,10;Lin Yinting;;0,00 %;074;Romina Baez;0741;RC SUSSEX ULTRA 60P x 3/10;20542,19;3442;"";AUTOSERVICIO;Autoservicio A;30432,88;MARIANO SOSA;0,00;$;2;SOFTYS ARGENTINA S.A;0,00000000;0,00;Contado;07-10-2026 09:26;;SUSSEX;Softy;;SOFTY;ROLLO DE COCINA;LAGO PUELO;PAPEL;;;300;Bruno Centurion;AXUM;;SOFTYS;False;133057;0;Lista General;Autoservicio A - A;44099;05-10-2026;759-GABRIEL PEREZ;SOFTYS;1;0,00000000;20542,19
27390;"Godoy Cruz - (AUTOSERVICIOS) 630";BANFIELD;2026-10-06;06-10-2026;05-10-2026;FAC-A0001-00343571;Venta;LAGOPUELO S.A;1505698;1,00;15545,68;18810,27;Lin Yinting;;0,00 %;074;Romina Baez;0741;RC SUSSEX PREMIUM MAXI 100P;15545,68;3442;"";AUTOSERVICIO;Autoservicio A;11515,32;MARIANO SOSA;0,00;$;2;SOFTYS ARGENTINA S.A;0,00000000;0,00;Contado;07-10-2026 09:26;;SUSSEX;Softy;;SOFTY;ROLLO DE COCINA;LAGO PUELO;PAPEL;;;300;Bruno Centurion;AXUM;;SOFTYS;False;133057;0;Lista General;Autoservicio A - A;44099;05-10-2026;759-GABRIEL PEREZ;SOFTYS;1;0,00000000;15545,68
27911;"VIRGEN DE ITATI - (AUTOSERVICIOS) 905";BANFIELD;2026-10-06;06-10-2026;05-10-2026;FAC-A0001-00343575;Venta;LAGOPUELO S.A;1509755;12,00;14396,04;17419,21;ENQIN HUANG;;0,00 %;073;Florencia Cubilla;0731;TF UD T/SECA LADYSOFT ULTRA PROTECT 8;1199,67;3442;"";AUTOSERVICIO;Autoservicio B;9928,32;MARIANO SOSA;0,00;$;2;SOFTYS ARGENTINA S.A;0,00000000;0,00;Contado;07-10-2026 09:26;;LADYSOFT;Softy;;SOFTY;TOALLA FEMENINA;LAGO PUELO;PAPEL;;;300;Bruno Centurion;AXUM;;SOFTYS;False;133067;0;Lista General;Autoservicio B - A;44103;05-10-2026;759-GABRIEL PEREZ;SOFTYS;1;0,00000000;1199,67
29254;"ALMAFUERTE - (AUTOSERVICIOS) 1837";BANFIELD;2026-10-06;06-10-2026;05-10-2026;FAC-A0001-00343578;Venta;LAGOPUELO S.A;1509764;9,00;7637,76;9241,69;WENJIN YAO;;0,00 %;074;Romina Baez;0741;TF NORMAL T/SUAVE EXT ALGODON 8x54;848,64;3442;"";AUTOSERVICIO;Autoservicio A;5267,43;MARIANO SOSA;0,00;$;2;SOFTYS ARGENTINA S.A;0,00000000;0,00;Contado;07-10-2026 09:26;;LADYSOFT;Softy;;SOFTY;TOALLA FEMENINA;LAGO PUELO;PAPEL;;;300;Bruno Centurion;AXUM;;SOFTYS;False;133094;0;Lista General;Autoservicio A - A;44108;05-10-2026;759-GABRIEL PEREZ;SOFTYS;1;0,00000000;848,64
29254;"ALMAFUERTE - (AUTOSERVICIOS) 1837";BANFIELD;2026-10-06;06-10-2026;05-10-2026;FAC-A0001-00343578;Venta;LAGOPUELO S.A;1509766;6,00;5494,80;6648,71;WENJIN YAO;;0,00 %;074;Romina Baez;0741;TF T/SECA NORMAL MAS PROTECC 8x54;915,80;3442;"";AUTOSERVICIO;Autoservicio A;3789,54;MARIANO SOSA;0,00;$;2;SOFTYS ARGENTINA S.A;0,00000000;0,00;Contado;07-10-2026 09:26;;LADYSOFT;Softy;;SOFTY;TOALLA FEMENINA;LAGO PUELO;PAPEL;;;300;Bruno Centurion;AXUM;;SOFTYS;False;133094;0;Lista General;Autoservicio A - A;44108;05-10-2026;759-GABRIEL PEREZ;SOFTYS;1;0,00000000;915,80
27389;"Jm penna - (AUTOSERVICIOS) 1557";BANFIELD;2026-10-06;06-10-2026;05-10-2026;FAC-A0001-00343581;Venta;LAGOPUELO S.A;1509765;27,00;44878,86;54303,42;XIAOZHU LIN;;0,00 %;074;Romina Baez;0741;TF NORMALT/SUAVE EXT ALG 16x27;1662,18;3442;"";AUTOSERVICIO;Autoservicio A;30950,91;MARIANO SOSA;0,00;$;2;SOFTYS ARGENTINA S.A;0,00000000;0,00;Contado;07-10-2026 09:26;;LADYSOFT;Softy;;SOFTY;TOALLA FEMENINA;LAGO PUELO;PAPEL;;;300;Bruno Centurion;AXUM;;SOFTYS;False;133118;0;Lista General;Autoservicio A - A;44111;05-10-2026;759-GABRIEL PEREZ;SOFTYS;1;0,00000000;1662,18
27996;"FRENCH ENTR ALEM Y ACEVEDO - (PERFUMERIA) 131";BANFIELD;2026-10-06;06-10-2026;05-10-2026;FAC-A0001-00343586;Venta;LAGOPUELO S.A;1501553;3,00;67653,74;81861,03;ELBA NOEMI IGLESIAS;;15,00 %;074;Romina Baez;0741;PH HIGIENOL DH PLUS FUSI”N 30M x4/10;22551,25;3442;"";Otros;SIN SUB;51599,76;MARIANO SOSA;3979,63;$;2;SOFTYS ARGENTINA S.A;0,00000000;0,00;Contado;07-10-2026 09:26;;HIGIENOL;Softy;;SOFTY;PAPEL HIG;LAGO PUELO;PAPEL;81;;300;Bruno Centurion;AXUM;;SOFTYS;False;133161;0;Lista General;SIN SUB - A;44118;05-10-2026;759-GABRIEL PEREZ;SOFTYS;1;0,00000000;22551,25
27996;"FRENCH ENTR ALEM Y ACEVEDO - (PERFUMERIA) 131";BANFIELD;2026-10-06;06-10-2026;05-10-2026;FAC-A0001-00343586;Venta;LAGOPUELO S.A;1505411;12,00;18045,96;21835,61;ELBA NOEMI IGLESIAS;;0,00 %;074;Romina Baez;0741;P— ELITE FACIALES DISNEY x90/36;1503,83;3442;"";Otros;SIN SUB;12445,44;MARIANO SOSA;0,00;$;2;SOFTYS ARGENTINA S.A;0,00000000;0,00;Contado;07-10-2026 09:26;;ELITE;Softy;;SOFTY;PAÒUELOS;LAGO PUELO;PAPEL;;;300;Bruno Centurion;AXUM;;SOFTYS;False;133161;0;Lista General;SIN SUB - A;44118;05-10-2026;759-GABRIEL PEREZ;SOFTYS;1;0,00000000;1503,83
27996;"FRENCH ENTR ALEM Y ACEVEDO - (PERFUMERIA) 131";BANFIELD;2026-10-06;06-10-2026;05-10-2026;FAC-A0001-00343586;Venta;LAGOPUELO S.A;1501584;1,00;46504,33;56270,24;ELBA NOEMI IGLESIAS;;0,00 %;074;Romina Baez;0741;PH HIGIENOL HS MAX ALOE PANAL 100M 4x/10;46504,33;3442;"";Otros;SIN SUB;32071,95;MARIANO SOSA;0,00;$;2;SOFTYS ARGENTINA S.A;0,00000000;0,00;Contado;07-10-2026 09:26;;HIGIENOL;Softy;;SOFTY;PAPEL HIG;LAGO PUELO;PAPEL;;;300;Bruno Centurion;AXUM;;SOFTYS;False;133161;0;Lista General;SIN SUB - A;44118;05-10-2026;759-GABRIEL PEREZ;SOFTYS;1;0,00000000;46504,33
27475;"La Merced - (AUTOSERVICIOS) 114";EZEIZA;2026-10-06;06-10-2026;30-09-2026;FAC-A0001-00343598;Venta;LAGOPUELO S.A;1504206;4,00;32299,88;39082,86;CHEN LINHUI;;10,00 %;075;Julieta Yegros;0753;PL BABYSEC ULTRASOFT G 40/4;8074,97;3446;"";AUTOSERVICIO;Autoservicio A;26584,24;IVAN MONTOYA;897,22;$;2;SOFTYS ARGENTINA S.A;0,00000000;0,00;Contado;07-10-2026 08:10;;BABYSEC;Softy;;SOFTY;PAÒAL;LAGO PUELO;PAPEL;;;300;Bruno Centurion;AXUM;;SOFTYS;False;130951;0;Lista General;Autoservicio A - A;44030;05-10-2026;509-LUCAS GODOY;SOFTYS;1;0,00000000;8074,97
27664;"SANTA ANGELA - (TRADICIONAL) 402";LA UNION;2026-10-06;06-10-2026;30-09-2026;FAC-A0001-00343600;Venta;LAGOPUELO S.A;1509764;1,00;0,00;0,00;SILVESTRE NINAJA;;100,00 %;075;Julieta Yegros;0753;TF NORMAL T/SUAVE EXT ALGODON 8x54;0,00;3446;"";ALMACEN;ALMACEN;541,05;IVAN MONTOYA;784,52;$;2;SOFTYS ARGENTINA S.A;0,00000000;0,00;Contado;07-10-2026 08:10;;LADYSOFT;Softy;;SOFTY;TOALLA FEMENINA;LAGO PUELO;PAPEL;65;;300;Bruno Centurion;AXUM;;SOFTYS;False;130985;0;Lista General;ALMACEN - A;44028;05-10-2026;509-LUCAS GODOY;SOFTYS;1;0,00000000;0,00
27664;"SANTA ANGELA - (TRADICIONAL) 402";LA UNION;2026-10-06;06-10-2026;30-09-2026;FAC-A0001-00343600;Venta;LAGOPUELO S.A;1509749;10,00;12371,60;14969,64;SILVESTRE NINAJA;;0,00 %;075;Julieta Yegros;0753;PD ladysoft clasicos 20x30;1237,16;3446;"";ALMACEN;ALMACEN;8532,10;IVAN MONTOYA;0,00;$;2;SOFTYS ARGENTINA S.A;0,00000000;0,00;Contado;07-10-2026 08:10;;LADYSOFT;Softy;;SOFTY;PROTECTOR DIARIO;LAGO PUELO;PAPEL;;;300;Bruno Centurion;AXUM;;SOFTYS;False;130985;0;Lista General;ALMACEN - A;44028;05-10-2026;509-LUCAS GODOY;SOFTYS;1;0,00000000;1237,16
27664;"SANTA ANGELA - (TRADICIONAL) 402";LA UNION;2026-10-06;06-10-2026;30-09-2026;FAC-A0001-00343600;Venta;LAGOPUELO S.A;1509764;10,00;7845,20;9492,69;SILVESTRE NINAJA;;0,00 %;075;Julieta Yegros;0753;TF NORMAL T/SUAVE EXT ALGODON 8x54;784,52;3446;"";ALMACEN;ALMACEN;5410,50;IVAN MONTOYA;0,00;$;2;SOFTYS ARGENTINA S.A;0,00000000;0,00;Contado;07-10-2026 08:10;;LADYSOFT;Softy;;SOFTY;TOALLA FEMENINA;LAGO PUELO;PAPEL;;;300;Bruno Centurion;AXUM;;SOFTYS;False;130985;0;Lista General;ALMACEN - A;44028;05-10-2026;509-LUCAS GODOY;SOFTYS;1;0,00000000;784,52
27664;"SANTA ANGELA - (TRADICIONAL) 402";LA UNION;2026-10-06;06-10-2026;30-09-2026;FAC-A0001-00343600;Venta;LAGOPUELO S.A;1509761;10,00;7357,50;8902,58;SILVESTRE NINAJA;;0,00 %;075;Julieta Yegros;0753;TF LADYSOFT COMFORT EXT ALGODON 8x54;735,75;3446;"";ALMACEN;ALMACEN;5074,10;IVAN MONTOYA;0,00;$;2;SOFTYS ARGENTINA S.A;0,00000000;0,00;Contado;07-10-2026 08:10;;LADYSOFT;Softy;;SOFTY;TOALLA FEMENINA;LAGO PUELO;PAPEL;;;300;Bruno Centurion;AXUM;;SOFTYS;False;130985;0;Lista General;ALMACEN - A;44028;05-10-2026;509-LUCAS GODOY;SOFTYS;1;0,00000000;735,75
27598;"El Canario - (AUTOSERVICIOS) 245";TRISTAN SUAREZ;2026-10-06;06-10-2026;01-10-2026;FAC-A0001-00343605;Venta;LAGOPUELO S.A;1501627;10,00;113717,76;137598,49;Chen Xiaoqing;;15,00 %;075;Julieta Yegros;0754;PH Higienol HS Balanced 20mx4/12;11371,78;3446;"";AUTOSERVICIO;Autoservicio A;94883,40;IVAN MONTOYA;2006,78;$;2;SOFTYS ARGENTINA S.A;0,00000000;0,00;Contado;07-10-2026 08:10;;HIGIENOL;Softy;;SOFTY;PAPEL HIG;LAGO PUELO;PAPEL;103;;300;Bruno Centurion;AXUM;;SOFTYS;False;132045;0;Lista General;Autoservicio A - A;44042;05-10-2026;509-LUCAS GODOY;SOFTYS;1;0,00000000;11371,78
5930;"LAS MARGARITAS e/LOS DURAZNOS Y LOS GISASOLES - (TRADITIONAL TRADE) 888";TRISTAN SUAREZ;2026-10-06;06-10-2026;01-10-2026;FAC-A0001-00343608;Venta;LAGOPUELO S.A;1509762;10,00;11721,90;14183,50;LUCAS GOMEZ;;0,00 %;075;Julieta Yegros;0754;TF NOCTUR EXT A 8x32;1172,19;3446;"";ALMACEN;ALMACEN;8084,10;IVAN MONTOYA;0,00;$;2;SOFTYS ARGENTINA S.A;0,00000000;0,00;Contado;07-10-2026 08:10;;LADYSOFT;Softy;;SOFTY;TOALLA FEMENINA;LAGO PUELO;PAPEL;;;300;Bruno Centurion;AXUM;;SOFTYS;False;132067;0;Lista General;ALMACEN - A;44045;05-10-2026;509-LUCAS GODOY;SOFTYS;1;0,00000000;1172,19
5930;"LAS MARGARITAS e/LOS DURAZNOS Y LOS GISASOLES - (TRADITIONAL TRADE) 888";TRISTAN SUAREZ;2026-10-06;06-10-2026;01-10-2026;FAC-A0001-00343608;Venta;LAGOPUELO S.A;1504078;6,00;14630,04;17702,35;LUCAS GOMEZ;;0,00 %;075;Julieta Yegros;0754;PL BABYSEC ULTRASOFT XG X8/15;2438,34;3446;"";ALMACEN;ALMACEN;10837,08;IVAN MONTOYA;0,00;$;2;SOFTYS ARGENTINA S.A;0,00000000;0,00;Contado;07-10-2026 08:10;;BABYSEC;Softy;;SOFTY;PAÒAL;LAGO PUELO;PAPEL;;;300;Bruno Centurion;AXUM;;SOFTYS;False;132067;0;Lista General;ALMACEN - A;44045;05-10-2026;509-LUCAS GODOY;SOFTYS;1;0,00000000;2438,34
5930;"LAS MARGARITAS e/LOS DURAZNOS Y LOS GISASOLES - (TRADITIONAL TRADE) 888";TRISTAN SUAREZ;2026-10-06;06-10-2026;01-10-2026;FAC-A0001-00343608;Venta;LAGOPUELO S.A;1504079;6,00;14630,04;17702,35;LUCAS GOMEZ;;0,00 %;075;Julieta Yegros;0754;PL BABYSEC ULTRASOFT XXG 8/15;2438,34;3446;"";ALMACEN;ALMACEN;10837,08;IVAN MONTOYA;0,00;$;2;SOFTYS ARGENTINA S.A;0,00000000;0,00;Contado;07-10-2026 08:10;;BABYSEC;Softy;;SOFTY;PAÒAL;LAGO PUELO;PAPEL;;;300;Bruno Centurion;AXUM;;SOFTYS;False;132067;0;Lista General;ALMACEN - A;44045;05-10-2026;509-LUCAS GODOY;SOFTYS;1;0,00000000;2438,34
5930;"LAS MARGARITAS e/LOS DURAZNOS Y LOS GISASOLES - (TRADITIONAL TRADE) 888";TRISTAN SUAREZ;2026-10-06;06-10-2026;01-10-2026;FAC-A0001-00343608;Venta;LAGOPUELO S.A;1504077;6,00;14630,10;17702,42;LUCAS GOMEZ;;0,00 %;075;Julieta Yegros;0754;PL BABYSEC ULTRASOFT G 8/20;2438,35;3446;"";ALMACEN;ALMACEN;10837,14;IVAN MONTOYA;0,00;$;2;SOFTYS ARGENTINA S.A;0,00000000;0,00;Contado;07-10-2026 08:10;;BABYSEC;Softy;;SOFTY;PAÒAL;LAGO PUELO;PAPEL;;;300;Bruno Centurion;AXUM;;SOFTYS;False;132067;0;Lista General;ALMACEN - A;44045;05-10-2026;509-LUCAS GODOY;SOFTYS;1;0,00000000;2438,35
53841;"ROCA 468";CARLOS SPEGAZZINI;2026-10-06;06-10-2026;02-10-2026;FAC-A0001-00343613;Venta;LAGOPUELO S.A;1509766;10,00;9158,00;11081,18;RICARDO FABIAN IBA—EZ;;0,00 %;075;Julieta Yegros;0755;TF T/SECA NORMAL MAS PROTECC 8x54;915,80;3446;"";AUTOSERVICIO;AUTOSERVICIO;6315,90;IVAN MONTOYA;0,00;$;2;SOFTYS ARGENTINA S.A;0,00000000;0,00;Contado;07-10-2026 08:10;;LADYSOFT;Softy;;SOFTY;TOALLA FEMENINA;LAGO PUELO;PAPEL;;;300;Bruno Centurion;AXUM;;SOFTYS;False;132368;0;Lista General;AUTOSERVICIO - A;44053;05-10-2026;509-LUCAS GODOY;SOFTYS;1;0,00000000;915,80
53841;"ROCA 468";CARLOS SPEGAZZINI;2026-10-06;06-10-2026;02-10-2026;FAC-A0001-00343613;Venta;LAGOPUELO S.A;1501553;1,00;22551,25;27287,01;RICARDO FABIAN IBA—EZ;;15,00 %;075;Julieta Yegros;0755;PH HIGIENOL DH PLUS FUSI”N 30M x4/10;22551,25;3446;"";AUTOSERVICIO;AUTOSERVICIO;17199,92;IVAN MONTOYA;3979,63;$;2;SOFTYS ARGENTINA S.A;0,00000000;0,00;Contado;07-10-2026 08:10;;HIGIENOL;Softy;;SOFTY;PAPEL HIG;LAGO PUELO;PAPEL;81;;300;Bruno Centurion;AXUM;;SOFTYS;False;132368;0;Lista General;AUTOSERVICIO - A;44053;05-10-2026;509-LUCAS GODOY;SOFTYS;1;0,00000000;22551,25
53841;"ROCA 468";CARLOS SPEGAZZINI;2026-10-06;06-10-2026;02-10-2026;FAC-A0001-00343613;Venta;LAGOPUELO S.A;1509749;10,00;13004,20;15735,08;RICARDO FABIAN IBA—EZ;;0,00 %;075;Julieta Yegros;0755;PD ladysoft clasicos 20x30;1300,42;3446;"";AUTOSERVICIO;AUTOSERVICIO;8968,40;IVAN MONTOYA;0,00;$;2;SOFTYS ARGENTINA S.A;0,00000000;0,00;Contado;07-10-2026 08:10;;LADYSOFT;Softy;;SOFTY;PROTECTOR DIARIO;LAGO PUELO;PAPEL;;;300;Bruno Centurion;AXUM;;SOFTYS;False;132368;0;Lista General;AUTOSERVICIO - A;44053;05-10-2026;509-LUCAS GODOY;SOFTYS;1;0,00000000;1300,42
27439;"Graham Bell - (AUTOSERVICIOS) 1239";CARLOS SPEGAZZINI;2026-10-06;06-10-2026;02-10-2026;FAC-A0001-00343616;Venta;LAGOPUELO S.A;1505496;12,00;14889,00;18015,69;Chen Duntai;;0,00 %;075;Julieta Yegros;0755;PO ELITE ST CON ALGODON X10 PACK 6;1240,75;3446;"";AUTOSERVICIO;Autoservicio A;10268,28;IVAN MONTOYA;0,00;$;2;SOFTYS ARGENTINA S.A;0,00000000;0,00;Contado;07-10-2026 08:10;;ELITE;Softy;;SOFTY;PAÒUELOS;LAGO PUELO;PAPEL;;;300;Bruno Centurion;AXUM;;SOFTYS;False;132511;0;Lista General;Autoservicio A - A;44056;05-10-2026;509-LUCAS GODOY;SOFTYS;1;0,00000000;1240,75
28046;"SANTIAGO DE LINIERS - (TRADICIONAL) 1350";EZEIZA;2026-10-06;06-10-2026;05-10-2026;FAC-A0001-00343627;Venta;LAGOPUELO S.A;1504079;10,00;21945,06;26553,52;CRISTIAN NU—EZ;;10,00 %;075;Julieta Yegros;0751;PL BABYSEC ULTRASOFT XXG 8/15;2194,51;3446;"";KIOSCO;KIOSCO;18061,80;IVAN MONTOYA;243,83;$;2;SOFTYS ARGENTINA S.A;0,00000000;0,00;Contado;07-10-2026 08:10;;BABYSEC;Softy;;SOFTY;PAÒAL;LAGO PUELO;PAPEL;;;300;Bruno Centurion;AXUM;;SOFTYS;False;133331;0;Lista General;KIOSCO - A;44076;05-10-2026;509-LUCAS GODOY;SOFTYS;1;0,00000000;2194,51
329086;"Montevideo 1411";BERNAL ;2026-10-06;06-10-2026;05-10-2026;FAC-A0001-00343629;Venta;LAGOPUELO S.A;1505688;1,00;15533,64;18795,70;DE GREGORIO GUSTAVO DANIEL;;5,00 %;053;Verona Abati;0531;RC Sussex clasico mas blanco 50px3/10;15533,64;3445;"";Tradicionales;Almacen;12112,00;LEONARDO SANTA CRUZ;817,56;$;2;SOFTYS ARGENTINA S.A;0,00000000;0,00;Efectivo;07-10-2026 08:44;;SUSSEX;Softy;;SOFTY;ROLLO DE COCINA;LAGO PUELO;PAPEL;83;;300;Bruno Centurion;AXUM;;SOFTYS;False;132886;0;Lista General;Almacen - A;43849;05-10-2026;509-LUCAS GODOY;SOFTYS;1;0,00000000;15533,64
329086;"Montevideo 1411";BERNAL ;2026-10-06;06-10-2026;05-10-2026;FAC-A0001-00343629;Venta;LAGOPUELO S.A;1501618;1,00;19032,09;23028,83;DE GREGORIO GUSTAVO DANIEL;;0,00 %;053;Verona Abati;0531;PH HIG  FRESH ALOE 30M X4/12;19032,09;3445;"";Tradicionales;Almacen;13125,58;LEONARDO SANTA CRUZ;0,00;$;2;SOFTYS ARGENTINA S.A;0,00000000;0,00;Efectivo;07-10-2026 08:44;;HIGIENOL;Softy;;SOFTY;PAPEL HIG;LAGO PUELO;PAPEL;;;300;Bruno Centurion;AXUM;;SOFTYS;False;132886;0;Lista General;Almacen - A;43849;05-10-2026;509-LUCAS GODOY;SOFTYS;1;0,00000000;19032,09
101240;"Montevideo 1417 1 0";BERNAL ;2026-10-06;06-10-2026;05-10-2026;FAC-A0001-00343631;Venta;LAGOPUELO S.A;1509762;10,00;11721,90;14183,50;XU WEIWEI;;0,00 %;053;Verona Abati;0531;TF NOCTUR EXT A 8x32;1172,19;3445;"";AUTOSERVICIO;AUTOSERVICIO;8084,10;LEONARDO SANTA CRUZ;0,00;$;2;SOFTYS ARGENTINA S.A;0,00000000;0,00;Efectivo;07-10-2026 08:44;;LADYSOFT;Softy;;SOFTY;TOALLA FEMENINA;LAGO PUELO;PAPEL;;;300;Bruno Centurion;AXUM;;SOFTYS;False;132893;0;Lista General;AUTOSERVICIO - A;43851;05-10-2026;509-LUCAS GODOY;SOFTYS;1;0,00000000;1172,19
101240;"Montevideo 1417 1 0";BERNAL ;2026-10-06;06-10-2026;05-10-2026;FAC-A0001-00343631;Venta;LAGOPUELO S.A;1509766;8,00;7326,40;8864,94;XU WEIWEI;;0,00 %;053;Verona Abati;0531;TF T/SECA NORMAL MAS PROTECC 8x54;915,80;3445;"";AUTOSERVICIO;AUTOSERVICIO;5052,72;LEONARDO SANTA CRUZ;0,00;$;2;SOFTYS ARGENTINA S.A;0,00000000;0,00;Efectivo;07-10-2026 08:44;;LADYSOFT;Softy;;SOFTY;TOALLA FEMENINA;LAGO PUELO;PAPEL;;;300;Bruno Centurion;AXUM;;SOFTYS;False;132893;0;Lista General;AUTOSERVICIO - A;43851;05-10-2026;509-LUCAS GODOY;SOFTYS;1;0,00000000;915,80
323940;"San Martin 642 0";BERNAL ;2026-10-06;06-10-2026;05-10-2026;FAC-A0001-00343633;Venta;LAGOPUELO S.A;1509763;8,00;18120,40;21925,68;Yanyan Ding;;0,00 %;054;Leonel Caruso;0541;TF Nocturna EXT ALGODON 16X16;2265,05;3445;"";AUTOSERVICIO;AUTOSERVICIO;12496,88;LEONARDO SANTA CRUZ;0,00;$;2;SOFTYS ARGENTINA S.A;0,00000000;0,00;Efectivo;07-10-2026 08:44;;LADYSOFT;Softy;;SOFTY;TOALLA FEMENINA;LAGO PUELO;PAPEL;;;300;Bruno Centurion;AXUM;;SOFTYS;False;133001;0;Lista General;AUTOSERVICIO - A;43856;05-10-2026;509-LUCAS GODOY;SOFTYS;1;0,00000000;2265,05
3086;"AVDA SANTA FE Y CALLE 889";SAN FRANCISCO SOLANO;2026-10-06;06-10-2026;05-10-2026;FAC-A0001-00343636;Venta;LAGOPUELO S.A;1505688;1,00;15533,64;18795,70;EVELIN GISEL GAUNA;;5,00 %;056;Ezequiel Ferreira;0561;RC Sussex clasico mas blanco 50px3/10;15533,64;3445;"";AUTOSERVICIO;AUTOSERVICIO;12112,00;LEONARDO SANTA CRUZ;817,56;$;2;SOFTYS ARGENTINA S.A;0,00000000;0,00;Contado;07-10-2026 08:44;;SUSSEX;Softy;;SOFTY;ROLLO DE COCINA;LAGO PUELO;PAPEL;83;;300;Bruno Centurion;AXUM;;SOFTYS;False;133029;0;Lista General;AUTOSERVICIO - A;43861;05-10-2026;509-LUCAS GODOY;SOFTYS;1;0,00000000;15533,64
3086;"AVDA SANTA FE Y CALLE 889";SAN FRANCISCO SOLANO;2026-10-06;06-10-2026;05-10-2026;FAC-A0001-00343636;Venta;LAGOPUELO S.A;1501627;1,00;12040,70;14569,25;EVELIN GISEL GAUNA;;10,00 %;056;Ezequiel Ferreira;0561;PH Higienol HS Balanced 20mx4/12;12040,70;3445;"";AUTOSERVICIO;AUTOSERVICIO;9488,34;LEONARDO SANTA CRUZ;1337,86;$;2;SOFTYS ARGENTINA S.A;0,00000000;0,00;Contado;07-10-2026 08:44;;HIGIENOL;Softy;;SOFTY;PAPEL HIG;LAGO PUELO;PAPEL;103;;300;Bruno Centurion;AXUM;;SOFTYS;False;133029;0;Lista General;AUTOSERVICIO - A;43861;05-10-2026;509-LUCAS GODOY;SOFTYS;1;0,00000000;12040,70
3086;"AVDA SANTA FE Y CALLE 889";SAN FRANCISCO SOLANO;2026-10-06;06-10-2026;05-10-2026;FAC-A0001-00343636;Venta;LAGOPUELO S.A;1505708;1,00;22612,61;27361,26;EVELIN GISEL GAUNA;;0,00 %;056;Ezequiel Ferreira;0561;RC SUSEEX CLS MEGARROLO ALTO 200X1;22612,61;3445;"";AUTOSERVICIO;AUTOSERVICIO;16750,08;LEONARDO SANTA CRUZ;0,00;$;2;SOFTYS ARGENTINA S.A;0,00000000;0,00;Contado;07-10-2026 08:44;;SUSSEX;Softy;;SOFTY;ROLLO DE COCINA;LAGO PUELO;PAPEL;;;300;Bruno Centurion;AXUM;;SOFTYS;False;133029;0;Lista General;AUTOSERVICIO - A;43861;05-10-2026;509-LUCAS GODOY;SOFTYS;1;0,00000000;22612,61
322657;"Cramer 616 0";BERNAL ;2026-10-06;06-10-2026;05-10-2026;FAC-A0001-00343637;Venta;LAGOPUELO S.A;1509762;12,00;14066,28;17020,20;Huang Jiaping;;0,00 %;054;Leonel Caruso;0541;TF NOCTUR EXT A 8x32;1172,19;3445;"";AUTOSERVICIO;AUTOSERVICIO;9700,92;LEONARDO SANTA CRUZ;0,00;$;2;SOFTYS ARGENTINA S.A;0,00000000;0,00;Efectivo;07-10-2026 08:44;;LADYSOFT;Softy;;SOFTY;TOALLA FEMENINA;LAGO PUELO;PAPEL;;;300;Bruno Centurion;AXUM;;SOFTYS;False;133030;0;Lista General;AUTOSERVICIO - A;43862;05-10-2026;509-LUCAS GODOY;SOFTYS;1;0,00000000;1172,19
322657;"Cramer 616 0";BERNAL ;2026-10-06;06-10-2026;05-10-2026;FAC-A0001-00343637;Venta;LAGOPUELO S.A;1509766;12,00;10989,60;13297,42;Huang Jiaping;;0,00 %;054;Leonel Caruso;0541;TF T/SECA NORMAL MAS PROTECC 8x54;915,80;3445;"";AUTOSERVICIO;AUTOSERVICIO;7579,08;LEONARDO SANTA CRUZ;0,00;$;2;SOFTYS ARGENTINA S.A;0,00000000;0,00;Efectivo;07-10-2026 08:44;;LADYSOFT;Softy;;SOFTY;TOALLA FEMENINA;LAGO PUELO;PAPEL;;;300;Bruno Centurion;AXUM;;SOFTYS;False;133030;0;Lista General;AUTOSERVICIO - A;43862;05-10-2026;509-LUCAS GODOY;SOFTYS;1;0,00000000;915,80
322657;"Cramer 616 0";BERNAL ;2026-10-06;06-10-2026;05-10-2026;FAC-A0001-00343637;Venta;LAGOPUELO S.A;1509758;6,00;6694,44;8100,27;Huang Jiaping;;0,00 %;054;Leonel Caruso;0541;TF UD T/SUAVE EXT ALGO 8X40;1115,74;3445;"";AUTOSERVICIO;AUTOSERVICIO;4616,88;LEONARDO SANTA CRUZ;0,00;$;2;SOFTYS ARGENTINA S.A;0,00000000;0,00;Efectivo;07-10-2026 08:44;;LADYSOFT;Softy;;SOFTY;TOALLA FEMENINA;LAGO PUELO;PAPEL;;;300;Bruno Centurion;AXUM;;SOFTYS;False;133030;0;Lista General;AUTOSERVICIO - A;43862;05-10-2026;509-LUCAS GODOY;SOFTYS;1;0,00000000;1115,74
322657;"Cramer 616 0";BERNAL ;2026-10-06;06-10-2026;05-10-2026;FAC-A0001-00343637;Venta;LAGOPUELO S.A;1509756;8,00;18669,68;22590,31;Huang Jiaping;;0,00 %;054;Leonel Caruso;0541;TF UD T/SECA LADYSOFT UL PRT 16u;2333,71;3445;"";AUTOSERVICIO;AUTOSERVICIO;12875,68;LEONARDO SANTA CRUZ;0,00;$;2;SOFTYS ARGENTINA S.A;0,00000000;0,00;Efectivo;07-10-2026 08:44;;LADYSOFT;Softy;;SOFTY;TOALLA FEMENINA;LAGO PUELO;PAPEL;;;300;Bruno Centurion;AXUM;;SOFTYS;False;133030;0;Lista General;AUTOSERVICIO - A;43862;05-10-2026;509-LUCAS GODOY;SOFTYS;1;0,00000000;2333,71
322657;"Cramer 616 0";BERNAL ;2026-10-06;06-10-2026;05-10-2026;FAC-A0001-00343637;Venta;LAGOPUELO S.A;1509765;6,00;9973,08;12067,43;Huang Jiaping;;0,00 %;054;Leonel Caruso;0541;TF NORMALT/SUAVE EXT ALG 16x27;1662,18;3445;"";AUTOSERVICIO;AUTOSERVICIO;6877,98;LEONARDO SANTA CRUZ;0,00;$;2;SOFTYS ARGENTINA S.A;0,00000000;0,00;Efectivo;07-10-2026 08:44;;LADYSOFT;Softy;;SOFTY;TOALLA FEMENINA;LAGO PUELO;PAPEL;;;300;Bruno Centurion;AXUM;;SOFTYS;False;133030;0;Lista General;AUTOSERVICIO - A;43862;05-10-2026;509-LUCAS GODOY;SOFTYS;1;0,00000000;1662,18
322671;"Cramer 868";BERNAL ;2026-10-06;06-10-2026;05-10-2026;FAC-A0001-00343640;Venta;LAGOPUELO S.A;1509761;6,00;4771,32;5773,30;Ricardo Palacios;;0,00 %;054;Leonel Caruso;0541;TF LADYSOFT COMFORT EXT ALGODON 8x54;795,22;3445;"";AUTOSERVICIO;AUTOSERVICIO;3290,58;LEONARDO SANTA CRUZ;0,00;$;2;SOFTYS ARGENTINA S.A;0,00000000;0,00;Efectivo;07-10-2026 08:44;;LADYSOFT;Softy;;SOFTY;TOALLA FEMENINA;LAGO PUELO;PAPEL;;;300;Bruno Centurion;AXUM;;SOFTYS;False;133088;0;Lista General;AUTOSERVICIO - A;43866;05-10-2026;509-LUCAS GODOY;SOFTYS;1;0,00000000;795,22
107787;"Monse√±or De Andrea 1040 0";BERNAL ;2026-10-06;06-10-2026;05-10-2026;FAC-A0001-00343641;Venta;LAGOPUELO S.A;1509764;5,00;0,00;0,00;Lu Xiaoshou;;100,00 %;056;Ezequiel Ferreira;0561;TF NORMAL T/SUAVE EXT ALGODON 8x54;0,00;3445;"";AUTOSERVICIO;AUTOSERVICIO;2926,35;LEONARDO SANTA CRUZ;848,64;$;2;SOFTYS ARGENTINA S.A;0,00000000;0,00;Efectivo;07-10-2026 08:44;;LADYSOFT;Softy;;SOFTY;TOALLA FEMENINA;LAGO PUELO;PAPEL;65;;300;Bruno Centurion;AXUM;;SOFTYS;False;133341;0;Lista General;AUTOSERVICIO - A;43878;05-10-2026;509-LUCAS GODOY;SOFTYS;1;0,00000000;0,00
107787;"Monse√±or De Andrea 1040 0";BERNAL ;2026-10-06;06-10-2026;05-10-2026;FAC-A0001-00343641;Venta;LAGOPUELO S.A;1509764;54,00;45826,56;55450,14;Lu Xiaoshou;;0,00 %;056;Ezequiel Ferreira;0561;TF NORMAL T/SUAVE EXT ALGODON 8x54;848,64;3445;"";AUTOSERVICIO;AUTOSERVICIO;31604,58;LEONARDO SANTA CRUZ;0,00;$;2;SOFTYS ARGENTINA S.A;0,00000000;0,00;Efectivo;07-10-2026 08:44;;LADYSOFT;Softy;;SOFTY;TOALLA FEMENINA;LAGO PUELO;PAPEL;;;300;Bruno Centurion;AXUM;;SOFTYS;False;133341;0;Lista General;AUTOSERVICIO - A;43878;05-10-2026;509-LUCAS GODOY;SOFTYS;1;0,00000000;848,64
107787;"Monse√±or De Andrea 1040 0";BERNAL ;2026-10-06;06-10-2026;05-10-2026;FAC-A0001-00343641;Venta;LAGOPUELO S.A;1509762;32,00;37510,08;45387,20;Lu Xiaoshou;;0,00 %;056;Ezequiel Ferreira;0561;TF NOCTUR EXT A 8x32;1172,19;3445;"";AUTOSERVICIO;AUTOSERVICIO;25869,12;LEONARDO SANTA CRUZ;0,00;$;2;SOFTYS ARGENTINA S.A;0,00000000;0,00;Efectivo;07-10-2026 08:44;;LADYSOFT;Softy;;SOFTY;TOALLA FEMENINA;LAGO PUELO;PAPEL;;;300;Bruno Centurion;AXUM;;SOFTYS;False;133341;0;Lista General;AUTOSERVICIO - A;43878;05-10-2026;509-LUCAS GODOY;SOFTYS;1;0,00000000;1172,19
107787;"Monse√±or De Andrea 1040 0";BERNAL ;2026-10-06;06-10-2026;05-10-2026;FAC-A0001-00343641;Venta;LAGOPUELO S.A;1509756;20,00;46674,20;56475,78;Lu Xiaoshou;;0,00 %;056;Ezequiel Ferreira;0561;TF UD T/SECA LADYSOFT UL PRT 16u;2333,71;3445;"";AUTOSERVICIO;AUTOSERVICIO;32189,20;LEONARDO SANTA CRUZ;0,00;$;2;SOFTYS ARGENTINA S.A;0,00000000;0,00;Efectivo;07-10-2026 08:44;;LADYSOFT;Softy;;SOFTY;TOALLA FEMENINA;LAGO PUELO;PAPEL;;;300;Bruno Centurion;AXUM;;SOFTYS;False;133341;0;Lista General;AUTOSERVICIO - A;43878;05-10-2026;509-LUCAS GODOY;SOFTYS;1;0,00000000;2333,71
107787;"Monse√±or De Andrea 1040 0";BERNAL ;2026-10-06;06-10-2026;05-10-2026;FAC-A0001-00343641;Venta;LAGOPUELO S.A;1509766;54,00;49453,20;59838,37;Lu Xiaoshou;;0,00 %;056;Ezequiel Ferreira;0561;TF T/SECA NORMAL MAS PROTECC 8x54;915,80;3445;"";AUTOSERVICIO;AUTOSERVICIO;34105,86;LEONARDO SANTA CRUZ;0,00;$;2;SOFTYS ARGENTINA S.A;0,00000000;0,00;Efectivo;07-10-2026 08:44;;LADYSOFT;Softy;;SOFTY;TOALLA FEMENINA;LAGO PUELO;PAPEL;;;300;Bruno Centurion;AXUM;;SOFTYS;False;133341;0;Lista General;AUTOSERVICIO - A;43878;05-10-2026;509-LUCAS GODOY;SOFTYS;1;0,00000000;915,80
107787;"Monse√±or De Andrea 1040 0";BERNAL ;2026-10-06;06-10-2026;05-10-2026;FAC-A0001-00343641;Venta;LAGOPUELO S.A;1509765;27,00;44878,86;54303,42;Lu Xiaoshou;;0,00 %;056;Ezequiel Ferreira;0561;TF NORMALT/SUAVE EXT ALG 16x27;1662,18;3445;"";AUTOSERVICIO;AUTOSERVICIO;30950,91;LEONARDO SANTA CRUZ;0,00;$;2;SOFTYS ARGENTINA S.A;0,00000000;0,00;Efectivo;07-10-2026 08:44;;LADYSOFT;Softy;;SOFTY;TOALLA FEMENINA;LAGO PUELO;PAPEL;;;300;Bruno Centurion;AXUM;;SOFTYS;False;133341;0;Lista General;AUTOSERVICIO - A;43878;05-10-2026;509-LUCAS GODOY;SOFTYS;1;0,00000000;1662,18
3910;"JOSE ANDRES LOPEZ 1151";solano;2026-10-06;06-10-2026;02-10-2026;FAC-B0001-00018690;Venta;LAGOPUELO S.A;1509755;20,00;23993,40;29032,01;LELING LING;;0,00 %;056;Ezequiel Ferreira;0565;TF UD T/SECA LADYSOFT ULTRA PROTECT 8;1199,67;3463;"";AUTOSERVICIO;AUTOSERVICIO;16547,20;SIMON OLIVERA;0,00;$;2;SOFTYS ARGENTINA S.A;0,00000000;0,00;Contado;;;LADYSOFT;Softy;;SOFTY;TOALLA FEMENINA;LAGO PUELO;PAPEL;;;300;Bruno Centurion;AXUM;;SOFTYS;False;132646;1;Lista General;AUTOSERVICIO - A;43893;05-10-2026;757-JUAN PABLO JUAREZ;SOFTYS;1;0,00000000;1199,67
3910;"JOSE ANDRES LOPEZ 1151";solano;2026-10-06;06-10-2026;02-10-2026;FAC-B0001-00018690;Venta;LAGOPUELO S.A;1509759;10,00;21307,10;25781,59;LELING LING;;0,00 %;056;Ezequiel Ferreira;0565;TF UD T/SUAVE EXT ALG 16x20;2130,71;3463;"";AUTOSERVICIO;AUTOSERVICIO;14694,50;SIMON OLIVERA;0,00;$;2;SOFTYS ARGENTINA S.A;0,00000000;0,00;Contado;;;LADYSOFT;Softy;;SOFTY;TOALLA FEMENINA;LAGO PUELO;PAPEL;;;300;Bruno Centurion;AXUM;;SOFTYS;False;132646;1;Lista General;AUTOSERVICIO - A;43893;05-10-2026;757-JUAN PABLO JUAREZ;SOFTYS;1;0,00000000;2130,71
3910;"JOSE ANDRES LOPEZ 1151";solano;2026-10-06;06-10-2026;02-10-2026;FAC-B0001-00018690;Venta;LAGOPUELO S.A;1509763;10,00;22650,50;27407,11;LELING LING;;0,00 %;056;Ezequiel Ferreira;0565;TF Nocturna EXT ALGODON 16X16;2265,05;3463;"";AUTOSERVICIO;AUTOSERVICIO;15621,10;SIMON OLIVERA;0,00;$;2;SOFTYS ARGENTINA S.A;0,00000000;0,00;Contado;;;LADYSOFT;Softy;;SOFTY;TOALLA FEMENINA;LAGO PUELO;PAPEL;;;300;Bruno Centurion;AXUM;;SOFTYS;False;132646;1;Lista General;AUTOSERVICIO - A;43893;05-10-2026;757-JUAN PABLO JUAREZ;SOFTYS;1;0,00000000;2265,05
4582;"Calle 883 ESQ 845";Quilmes;2026-10-06;06-10-2026;02-10-2026;FAC-B0001-00018692;Venta;LAGOPUELO S.A;1509762;10,00;11721,90;14183,50;CARNOVALE DOMINGO;;0,00 %;056;Ezequiel Ferreira;0565;TF NOCTUR EXT A 8x32;1172,19;3463;"";ALMACEN;ALMACEN;8084,10;SIMON OLIVERA;0,00;$;2;SOFTYS ARGENTINA S.A;0,00000000;0,00;Contado;;;LADYSOFT;Softy;;SOFTY;TOALLA FEMENINA;LAGO PUELO;PAPEL;;;300;Bruno Centurion;AXUM;;SOFTYS;False;132705;1;Lista General;ALMACEN - A;43898;05-10-2026;757-JUAN PABLO JUAREZ;SOFTYS;1;0,00000000;1172,19
4582;"Calle 883 ESQ 845";Quilmes;2026-10-06;06-10-2026;02-10-2026;FAC-B0001-00018692;Venta;LAGOPUELO S.A;1509749;6,00;7802,52;9441,05;CARNOVALE DOMINGO;;0,00 %;056;Ezequiel Ferreira;0565;PD ladysoft clasicos 20x30;1300,42;3463;"";ALMACEN;ALMACEN;5381,04;SIMON OLIVERA;0,00;$;2;SOFTYS ARGENTINA S.A;0,00000000;0,00;Contado;;;LADYSOFT;Softy;;SOFTY;PROTECTOR DIARIO;LAGO PUELO;PAPEL;;;300;Bruno Centurion;AXUM;;SOFTYS;False;132705;1;Lista General;ALMACEN - A;43898;05-10-2026;757-JUAN PABLO JUAREZ;SOFTYS;1;0,00000000;1300,42
22821;"AV HUDSON - (PERFUMERIA) 191";FLORENCIO VARELA;2026-10-06;06-10-2026;05-10-2026;FAC-B0001-00018693;Venta;LAGOPUELO S.A;1501553;1,00;22551,25;27287,01;VARELA AZUCENA;;15,00 %;6;Nieves Alegre;61;PH HIGIENOL DH PLUS FUSI”N 30M x4/10;22551,25;3463;"";AUTOSERVICIO;Autoservicio B;17199,92;SIMON OLIVERA;3979,63;$;2;SOFTYS ARGENTINA S.A;0,00000000;0,00;Contado;;;HIGIENOL;Softy;;SOFTY;PAPEL HIG;LAGO PUELO;PAPEL;81;;25;JOHANA VIGIL;AXUM;;SOFTYS;False;133251;1;Lista General;Autoservicio B - A;43918;05-10-2026;757-JUAN PABLO JUAREZ;SOFTYS;1;0,00000000;22551,25
108493;"Coronel Delia 1539 0";LANUS;2026-10-06;06-10-2026;05-10-2026;FAC-B0001-00018695;Venta;LAGOPUELO S.A;1505688;1,00;15533,64;18795,70;Nely Flores;;5,00 %;30;Oriana Songini;301;RC Sussex clasico mas blanco 50px3/10;15533,64;3441;"";AUTOSERVICIO;AUTOSERVICIO;12112,00;HERNAN RIVERO;817,56;$;2;SOFTYS ARGENTINA S.A;0,00000000;0,00;Efectivo;07-10-2026 08:13;;SUSSEX;Softy;;SOFTY;ROLLO DE COCINA;LAGO PUELO;PAPEL;83;;25;JOHANA VIGIL;AXUM;;SOFTYS;False;133141;1;Lista General;AUTOSERVICIO - A;43784;05-10-2026;759-GABRIEL PEREZ;SOFTYS;1;0,00000000;15533,64
108493;"Coronel Delia 1539 0";LANUS;2026-10-06;06-10-2026;05-10-2026;FAC-B0001-00018695;Venta;LAGOPUELO S.A;1509755;6,00;7198,02;8709,60;Nely Flores;;0,00 %;30;Oriana Songini;301;TF UD T/SECA LADYSOFT ULTRA PROTECT 8;1199,67;3441;"";AUTOSERVICIO;AUTOSERVICIO;4964,16;HERNAN RIVERO;0,00;$;2;SOFTYS ARGENTINA S.A;0,00000000;0,00;Efectivo;07-10-2026 08:13;;LADYSOFT;Softy;;SOFTY;TOALLA FEMENINA;LAGO PUELO;PAPEL;;;25;JOHANA VIGIL;AXUM;;SOFTYS;False;133141;1;Lista General;AUTOSERVICIO - A;43784;05-10-2026;759-GABRIEL PEREZ;SOFTYS;1;0,00000000;1199,67
108493;"Coronel Delia 1539 0";LANUS;2026-10-06;06-10-2026;05-10-2026;FAC-B0001-00018695;Venta;LAGOPUELO S.A;1509766;6,00;5494,80;6648,71;Nely Flores;;0,00 %;30;Oriana Songini;301;TF T/SECA NORMAL MAS PROTECC 8x54;915,80;3441;"";AUTOSERVICIO;AUTOSERVICIO;3789,54;HERNAN RIVERO;0,00;$;2;SOFTYS ARGENTINA S.A;0,00000000;0,00;Efectivo;07-10-2026 08:13;;LADYSOFT;Softy;;SOFTY;TOALLA FEMENINA;LAGO PUELO;PAPEL;;;25;JOHANA VIGIL;AXUM;;SOFTYS;False;133141;1;Lista General;AUTOSERVICIO - A;43784;05-10-2026;759-GABRIEL PEREZ;SOFTYS;1;0,00000000;915,80
108493;"Coronel Delia 1539 0";LANUS;2026-10-06;06-10-2026;05-10-2026;FAC-B0001-00018695;Venta;LAGOPUELO S.A;1509749;6,00;7802,52;9441,05;Nely Flores;;0,00 %;30;Oriana Songini;301;PD ladysoft clasicos 20x30;1300,42;3441;"";AUTOSERVICIO;AUTOSERVICIO;5381,04;HERNAN RIVERO;0,00;$;2;SOFTYS ARGENTINA S.A;0,00000000;0,00;Efectivo;07-10-2026 08:13;;LADYSOFT;Softy;;SOFTY;PROTECTOR DIARIO;LAGO PUELO;PAPEL;;;25;JOHANA VIGIL;AXUM;;SOFTYS;False;133141;1;Lista General;AUTOSERVICIO - A;43784;05-10-2026;759-GABRIEL PEREZ;SOFTYS;1;0,00000000;1300,42
108493;"Coronel Delia 1539 0";LANUS;2026-10-06;06-10-2026;05-10-2026;FAC-B0001-00018695;Venta;LAGOPUELO S.A;1509761;6,00;4771,32;5773,30;Nely Flores;;0,00 %;30;Oriana Songini;301;TF LADYSOFT COMFORT EXT ALGODON 8x54;795,22;3441;"";AUTOSERVICIO;AUTOSERVICIO;3290,58;HERNAN RIVERO;0,00;$;2;SOFTYS ARGENTINA S.A;0,00000000;0,00;Efectivo;07-10-2026 08:13;;LADYSOFT;Softy;;SOFTY;TOALLA FEMENINA;LAGO PUELO;PAPEL;;;25;JOHANA VIGIL;AXUM;;SOFTYS;False;133141;1;Lista General;AUTOSERVICIO - A;43784;05-10-2026;759-GABRIEL PEREZ;SOFTYS;1;0,00000000;795,22
23852;"Madariaga - (TRADICIONAL) 86";MALVINAS ARGENTINAS;2026-10-06;06-10-2026;02-10-2026;FAC-B0001-00018701;Venta;LAGOPUELO S.A;1501627;1,00;12040,70;14569,25;Acevedo Javier ;;10,00 %;063;Daniel Martin;0635;PH Higienol HS Balanced 20mx4/12;12040,70;3444;"";ALMACEN;ALMACEN;9488,34;CLAUDIO GARCIA;1337,86;$;2;SOFTYS ARGENTINA S.A;0,00000000;0,00;Contado;;;HIGIENOL;Softy;;SOFTY;PAPEL HIG;LAGO PUELO;PAPEL;103;;300;Bruno Centurion;AXUM;;SOFTYS;False;132400;1;Lista General;ALMACEN - A;43981;05-10-2026;58-ARON BOLLINI;SOFTYS;1;0,00000000;12040,70
23877;"ROBLE 67";MALVINAS ARGENTINAS;2026-10-06;06-10-2026;02-10-2026;FAC-B0001-00018702;Venta;LAGOPUELO S.A;1505688;1,00;15533,64;18795,70;CLAUDIO REYNOSO;;5,00 %;063;Daniel Martin;0635;RC Sussex clasico mas blanco 50px3/10;15533,64;3444;"";ALMACEN;ALMACEN;12112,00;CLAUDIO GARCIA;817,56;$;2;SOFTYS ARGENTINA S.A;0,00000000;0,00;Contado;;;SUSSEX;Softy;;SOFTY;ROLLO DE COCINA;LAGO PUELO;PAPEL;83;;300;Bruno Centurion;AXUM;;SOFTYS;False;132686;1;Lista General;ALMACEN - A;43986;05-10-2026;58-ARON BOLLINI;SOFTYS;1;0,00000000;15533,64
25088;"TIMBO 260";ADROGUE;2026-10-06;06-10-2026;02-10-2026;FAC-B0001-00018704;Venta;LAGOPUELO S.A;1509762;4,00;4688,76;5673,40;GARCIA GUILLERMO;;0,00 %;063;Daniel Martin;0635;TF NOCTUR EXT A 8x32;1172,19;3444;"";ALMACEN;ALMACEN;3233,64;CLAUDIO GARCIA;0,00;$;2;SOFTYS ARGENTINA S.A;0,00000000;0,00;Contado;;;LADYSOFT;Softy;;SOFTY;TOALLA FEMENINA;LAGO PUELO;PAPEL;;;300;Bruno Centurion;AXUM;;SOFTYS;False;132696;1;Lista General;ALMACEN - A;43988;05-10-2026;58-ARON BOLLINI;SOFTYS;1;0,00000000;1172,19
25088;"TIMBO 260";ADROGUE;2026-10-06;06-10-2026;02-10-2026;FAC-B0001-00018704;Venta;LAGOPUELO S.A;1509749;3,00;3901,26;4720,52;GARCIA GUILLERMO;;0,00 %;063;Daniel Martin;0635;PD ladysoft clasicos 20x30;1300,42;3444;"";ALMACEN;ALMACEN;2690,52;CLAUDIO GARCIA;0,00;$;2;SOFTYS ARGENTINA S.A;0,00000000;0,00;Contado;;;LADYSOFT;Softy;;SOFTY;PROTECTOR DIARIO;LAGO PUELO;PAPEL;;;300;Bruno Centurion;AXUM;;SOFTYS;False;132696;1;Lista General;ALMACEN - A;43988;05-10-2026;58-ARON BOLLINI;SOFTYS;1;0,00000000;1300,42
25088;"TIMBO 260";ADROGUE;2026-10-06;06-10-2026;02-10-2026;FAC-B0001-00018704;Venta;LAGOPUELO S.A;1509766;3,00;2747,40;3324,35;GARCIA GUILLERMO;;0,00 %;063;Daniel Martin;0635;TF T/SECA NORMAL MAS PROTECC 8x54;915,80;3444;"";ALMACEN;ALMACEN;1894,77;CLAUDIO GARCIA;0,00;$;2;SOFTYS ARGENTINA S.A;0,00000000;0,00;Contado;;;LADYSOFT;Softy;;SOFTY;TOALLA FEMENINA;LAGO PUELO;PAPEL;;;300;Bruno Centurion;AXUM;;SOFTYS;False;132696;1;Lista General;ALMACEN - A;43988;05-10-2026;58-ARON BOLLINI;SOFTYS;1;0,00000000;915,80
25088;"TIMBO 260";ADROGUE;2026-10-06;06-10-2026;02-10-2026;FAC-B0001-00018704;Venta;LAGOPUELO S.A;1509764;3,00;2545,92;3080,56;GARCIA GUILLERMO;;0,00 %;063;Daniel Martin;0635;TF NORMAL T/SUAVE EXT ALGODON 8x54;848,64;3444;"";ALMACEN;ALMACEN;1755,81;CLAUDIO GARCIA;0,00;$;2;SOFTYS ARGENTINA S.A;0,00000000;0,00;Contado;;;LADYSOFT;Softy;;SOFTY;TOALLA FEMENINA;LAGO PUELO;PAPEL;;;300;Bruno Centurion;AXUM;;SOFTYS;False;132696;1;Lista General;ALMACEN - A;43988;05-10-2026;58-ARON BOLLINI;SOFTYS;1;0,00000000;848,64
25088;"TIMBO 260";ADROGUE;2026-10-06;06-10-2026;02-10-2026;FAC-B0001-00018704;Venta;LAGOPUELO S.A;1509761;3,00;2385,66;2886,65;GARCIA GUILLERMO;;0,00 %;063;Daniel Martin;0635;TF LADYSOFT COMFORT EXT ALGODON 8x54;795,22;3444;"";ALMACEN;ALMACEN;1645,29;CLAUDIO GARCIA;0,00;$;2;SOFTYS ARGENTINA S.A;0,00000000;0,00;Contado;;;LADYSOFT;Softy;;SOFTY;TOALLA FEMENINA;LAGO PUELO;PAPEL;;;300;Bruno Centurion;AXUM;;SOFTYS;False;132696;1;Lista General;ALMACEN - A;43988;05-10-2026;58-ARON BOLLINI;SOFTYS;1;0,00000000;795,22
29382;"AZUL 315";MONTE GRANDE;2026-10-06;06-10-2026;05-10-2026;FAC-B0001-00018706;Venta;LAGOPUELO S.A;1509756;20,00;46674,20;56475,78;CHEN FANG;;0,00 %;064;Karina Fernandez;0641;TF UD T/SECA LADYSOFT UL PRT 16u;2333,71;3444;"";AUTOSERVICIO;Autoservicio B;32189,20;CLAUDIO GARCIA;0,00;$;2;SOFTYS ARGENTINA S.A;0,00000000;0,00;Contado;;;LADYSOFT;Softy;;SOFTY;TOALLA FEMENINA;LAGO PUELO;PAPEL;;;300;Bruno Centurion;AXUM;;SOFTYS;False;133134;1;Lista General;Autoservicio B - A;44016;05-10-2026;58-ARON BOLLINI;SOFTYS;1;0,00000000;2333,71
24057;"CONSTITUCION 525";BURZACO;2026-10-06;06-10-2026;05-10-2026;FAC-B0001-00018708;Venta;LAGOPUELO S.A;1509762;10,00;11721,90;14183,50;CAROLINA ORTIZ;;0,00 %;063;Daniel Martin;0631;TF NOCTUR EXT A 8x32;1172,19;3444;"";KIOSCO;KIOSCO;8084,10;CLAUDIO GARCIA;0,00;$;2;SOFTYS ARGENTINA S.A;0,00000000;0,00;Contado;;;LADYSOFT;Softy;;SOFTY;TOALLA FEMENINA;LAGO PUELO;PAPEL;;;300;Bruno Centurion;AXUM;;SOFTYS;False;133149;1;Lista General;KIOSCO - A;44015;05-10-2026;58-ARON BOLLINI;SOFTYS;1;0,00000000;1172,19
24057;"CONSTITUCION 525";BURZACO;2026-10-06;06-10-2026;05-10-2026;FAC-B0001-00018708;Venta;LAGOPUELO S.A;1509764;6,00;5091,84;6161,13;CAROLINA ORTIZ;;0,00 %;063;Daniel Martin;0631;TF NORMAL T/SUAVE EXT ALGODON 8x54;848,64;3444;"";KIOSCO;KIOSCO;3511,62;CLAUDIO GARCIA;0,00;$;2;SOFTYS ARGENTINA S.A;0,00000000;0,00;Contado;;;LADYSOFT;Softy;;SOFTY;TOALLA FEMENINA;LAGO PUELO;PAPEL;;;300;Bruno Centurion;AXUM;;SOFTYS;False;133149;1;Lista General;KIOSCO - A;44015;05-10-2026;58-ARON BOLLINI;SOFTYS;1;0,00000000;848,64
24057;"CONSTITUCION 525";BURZACO;2026-10-06;06-10-2026;05-10-2026;FAC-B0001-00018708;Venta;LAGOPUELO S.A;1501553;1,00;22551,25;27287,01;CAROLINA ORTIZ;;15,00 %;063;Daniel Martin;0631;PH HIGIENOL DH PLUS FUSI”N 30M x4/10;22551,25;3444;"";KIOSCO;KIOSCO;17199,92;CLAUDIO GARCIA;3979,63;$;2;SOFTYS ARGENTINA S.A;0,00000000;0,00;Contado;;;HIGIENOL;Softy;;SOFTY;PAPEL HIG;LAGO PUELO;PAPEL;81;;300;Bruno Centurion;AXUM;;SOFTYS;False;133149;1;Lista General;KIOSCO - A;44015;05-10-2026;58-ARON BOLLINI;SOFTYS;1;0,00000000;22551,25
24057;"CONSTITUCION 525";BURZACO;2026-10-06;06-10-2026;05-10-2026;FAC-B0001-00018708;Venta;LAGOPUELO S.A;1501627;1,00;12040,70;14569,25;CAROLINA ORTIZ;;10,00 %;063;Daniel Martin;0631;PH Higienol HS Balanced 20mx4/12;12040,70;3444;"";KIOSCO;KIOSCO;9488,34;CLAUDIO GARCIA;1337,86;$;2;SOFTYS ARGENTINA S.A;0,00000000;0,00;Contado;;;HIGIENOL;Softy;;SOFTY;PAPEL HIG;LAGO PUELO;PAPEL;103;;300;Bruno Centurion;AXUM;;SOFTYS;False;133149;1;Lista General;KIOSCO - A;44015;05-10-2026;58-ARON BOLLINI;SOFTYS;1;0,00000000;12040,70
29500;"AGOTE - (TRADICIONAL) 585";LA UNION;2026-10-06;06-10-2026;30-09-2026;FAC-B0001-00018712;Venta;LAGOPUELO S.A;1509764;1,00;0,00;0,00;PATRICIA BARRAG¡N;;100,00 %;075;Julieta Yegros;0753;TF NORMAL T/SUAVE EXT ALGODON 8x54;0,00;3446;"";Otros;SIN SUB;541,05;IVAN MONTOYA;784,52;$;2;SOFTYS ARGENTINA S.A;0,00000000;0,00;Contado;07-10-2026 08:10;;LADYSOFT;Softy;;SOFTY;TOALLA FEMENINA;LAGO PUELO;PAPEL;65;;300;Bruno Centurion;AXUM;;SOFTYS;False;130997;0;Lista General;SIN SUB - A;44032;05-10-2026;509-LUCAS GODOY;SOFTYS;1;0,00000000;0,00
29500;"AGOTE - (TRADICIONAL) 585";LA UNION;2026-10-06;06-10-2026;30-09-2026;FAC-B0001-00018712;Venta;LAGOPUELO S.A;1509764;10,00;7845,20;9492,69;PATRICIA BARRAG¡N;;0,00 %;075;Julieta Yegros;0753;TF NORMAL T/SUAVE EXT ALGODON 8x54;784,52;3446;"";Otros;SIN SUB;5410,50;IVAN MONTOYA;0,00;$;2;SOFTYS ARGENTINA S.A;0,00000000;0,00;Contado;07-10-2026 08:10;;LADYSOFT;Softy;;SOFTY;TOALLA FEMENINA;LAGO PUELO;PAPEL;;;300;Bruno Centurion;AXUM;;SOFTYS;False;130997;0;Lista General;SIN SUB - A;44032;05-10-2026;509-LUCAS GODOY;SOFTYS;1;0,00000000;784,52
29500;"AGOTE - (TRADICIONAL) 585";LA UNION;2026-10-06;06-10-2026;30-09-2026;FAC-B0001-00018712;Venta;LAGOPUELO S.A;1509766;10,00;8477,80;10258,14;PATRICIA BARRAG¡N;;0,00 %;075;Julieta Yegros;0753;TF T/SECA NORMAL MAS PROTECC 8x54;847,78;3446;"";Otros;SIN SUB;5846,80;IVAN MONTOYA;0,00;$;2;SOFTYS ARGENTINA S.A;0,00000000;0,00;Contado;07-10-2026 08:10;;LADYSOFT;Softy;;SOFTY;TOALLA FEMENINA;LAGO PUELO;PAPEL;;;300;Bruno Centurion;AXUM;;SOFTYS;False;130997;0;Lista General;SIN SUB - A;44032;05-10-2026;509-LUCAS GODOY;SOFTYS;1;0,00000000;847,78
29500;"AGOTE - (TRADICIONAL) 585";LA UNION;2026-10-06;06-10-2026;30-09-2026;FAC-B0001-00018712;Venta;LAGOPUELO S.A;1509768;10,00;9018,10;10911,90;PATRICIA BARRAG¡N;;0,00 %;075;Julieta Yegros;0753;TF NORMAL T/SUAVE PIEL SENSIBLE 8x54;901,81;3446;"";Otros;SIN SUB;6219,40;IVAN MONTOYA;0,00;$;2;SOFTYS ARGENTINA S.A;0,00000000;0,00;Contado;07-10-2026 08:10;;LADYSOFT;Softy;;SOFTY;TOALLA FEMENINA;LAGO PUELO;PAPEL;;;300;Bruno Centurion;AXUM;;SOFTYS;False;130997;0;Lista General;SIN SUB - A;44032;05-10-2026;509-LUCAS GODOY;SOFTYS;1;0,00000000;901,81
29500;"AGOTE - (TRADICIONAL) 585";LA UNION;2026-10-06;06-10-2026;30-09-2026;FAC-B0001-00018712;Venta;LAGOPUELO S.A;1509749;10,00;12371,60;14969,64;PATRICIA BARRAG¡N;;0,00 %;075;Julieta Yegros;0753;PD ladysoft clasicos 20x30;1237,16;3446;"";Otros;SIN SUB;8532,10;IVAN MONTOYA;0,00;$;2;SOFTYS ARGENTINA S.A;0,00000000;0,00;Contado;07-10-2026 08:10;;LADYSOFT;Softy;;SOFTY;PROTECTOR DIARIO;LAGO PUELO;PAPEL;;;300;Bruno Centurion;AXUM;;SOFTYS;False;130997;0;Lista General;SIN SUB - A;44032;05-10-2026;509-LUCAS GODOY;SOFTYS;1;0,00000000;1237,16
29500;"AGOTE - (TRADICIONAL) 585";LA UNION;2026-10-06;06-10-2026;30-09-2026;FAC-B0001-00018712;Venta;LAGOPUELO S.A;1501553;1,00;18915,57;22887,83;PATRICIA BARRAG¡N;;23,00 %;075;Julieta Yegros;0753;PH HIGIENOL DH PLUS FUSI”N 30M x4/10;18915,57;3446;"";Otros;SIN SUB;15925,88;IVAN MONTOYA;5650,10;$;2;SOFTYS ARGENTINA S.A;0,00000000;0,00;Contado;07-10-2026 08:10;;HIGIENOL;Softy;;SOFTY;PAPEL HIG;LAGO PUELO;PAPEL;81;;300;Bruno Centurion;AXUM;;SOFTYS;False;130997;0;Lista General;SIN SUB - A;44032;05-10-2026;509-LUCAS GODOY;SOFTYS;1;0,00000000;18915,57
29500;"AGOTE - (TRADICIONAL) 585";LA UNION;2026-10-06;06-10-2026;30-09-2026;FAC-B0001-00018712;Venta;LAGOPUELO S.A;1504079;5,00;10062,50;12175,62;PATRICIA BARRAG¡N;;10,00 %;075;Julieta Yegros;0753;PL BABYSEC ULTRASOFT XXG 8/15;2012,50;3446;"";Otros;SIN SUB;8281,90;IVAN MONTOYA;223,61;$;2;SOFTYS ARGENTINA S.A;0,00000000;0,00;Contado;07-10-2026 08:10;;BABYSEC;Softy;;SOFTY;PAÒAL;LAGO PUELO;PAPEL;;;300;Bruno Centurion;AXUM;;SOFTYS;False;130997;0;Lista General;SIN SUB - A;44032;05-10-2026;509-LUCAS GODOY;SOFTYS;1;0,00000000;2012,50
29529;"LOS MOLINOS E/LOS ALAMOS Y HUGO AGUILAR - (TRADICIONAL) 829";LA UNION;2026-10-06;06-10-2026;30-09-2026;FAC-B0001-00018713;Venta;LAGOPUELO S.A;1509764;1,00;0,00;0,00;GABRIELA CECILIA ALFONSO;;100,00 %;075;Julieta Yegros;0753;TF NORMAL T/SUAVE EXT ALGODON 8x54;0,00;3446;"";KIOSCO;KIOSCO;541,05;IVAN MONTOYA;784,52;$;2;SOFTYS ARGENTINA S.A;0,00000000;0,00;Contado;07-10-2026 08:10;;LADYSOFT;Softy;;SOFTY;TOALLA FEMENINA;LAGO PUELO;PAPEL;65;;300;Bruno Centurion;AXUM;;SOFTYS;False;131410;0;Lista General;KIOSCO - A;44035;05-10-2026;509-LUCAS GODOY;SOFTYS;1;0,00000000;0,00
29529;"LOS MOLINOS E/LOS ALAMOS Y HUGO AGUILAR - (TRADICIONAL) 829";LA UNION;2026-10-06;06-10-2026;30-09-2026;FAC-B0001-00018713;Venta;LAGOPUELO S.A;1509764;10,00;7845,20;9492,69;GABRIELA CECILIA ALFONSO;;0,00 %;075;Julieta Yegros;0753;TF NORMAL T/SUAVE EXT ALGODON 8x54;784,52;3446;"";KIOSCO;KIOSCO;5410,50;IVAN MONTOYA;0,00;$;2;SOFTYS ARGENTINA S.A;0,00000000;0,00;Contado;07-10-2026 08:10;;LADYSOFT;Softy;;SOFTY;TOALLA FEMENINA;LAGO PUELO;PAPEL;;;300;Bruno Centurion;AXUM;;SOFTYS;False;131410;0;Lista General;KIOSCO - A;44035;05-10-2026;509-LUCAS GODOY;SOFTYS;1;0,00000000;784,52
27811;"gadinni esq colibri - (TRADICIONAL) 1585";TRISTAN SUAREZ;2026-10-06;06-10-2026;01-10-2026;FAC-B0001-00018715;Venta;LAGOPUELO S.A;1504078;10,00;21945,06;26553,52;MARIA;;10,00 %;075;Julieta Yegros;0754;PL BABYSEC ULTRASOFT XG X8/15;2194,51;3446;"";ALMACEN;ALMACEN;18061,80;IVAN MONTOYA;243,83;$;2;SOFTYS ARGENTINA S.A;0,00000000;0,00;Contado;07-10-2026 08:10;;BABYSEC;Softy;;SOFTY;PAÒAL;LAGO PUELO;PAPEL;;;300;Bruno Centurion;AXUM;;SOFTYS;False;131999;0;Lista General;ALMACEN - A;44040;05-10-2026;509-LUCAS GODOY;SOFTYS;1;0,00000000;2194,51
27811;"gadinni esq colibri - (TRADICIONAL) 1585";TRISTAN SUAREZ;2026-10-06;06-10-2026;01-10-2026;FAC-B0001-00018715;Venta;LAGOPUELO S.A;1504079;10,00;21945,06;26553,52;MARIA;;10,00 %;075;Julieta Yegros;0754;PL BABYSEC ULTRASOFT XXG 8/15;2194,51;3446;"";ALMACEN;ALMACEN;18061,80;IVAN MONTOYA;243,83;$;2;SOFTYS ARGENTINA S.A;0,00000000;0,00;Contado;07-10-2026 08:10;;BABYSEC;Softy;;SOFTY;PAÒAL;LAGO PUELO;PAPEL;;;300;Bruno Centurion;AXUM;;SOFTYS;False;131999;0;Lista General;ALMACEN - A;44040;05-10-2026;509-LUCAS GODOY;SOFTYS;1;0,00000000;2194,51
27811;"gadinni esq colibri - (TRADICIONAL) 1585";TRISTAN SUAREZ;2026-10-06;06-10-2026;01-10-2026;FAC-B0001-00018715;Venta;LAGOPUELO S.A;1509764;6,00;5091,84;6161,13;MARIA;;0,00 %;075;Julieta Yegros;0754;TF NORMAL T/SUAVE EXT ALGODON 8x54;848,64;3446;"";ALMACEN;ALMACEN;3511,62;IVAN MONTOYA;0,00;$;2;SOFTYS ARGENTINA S.A;0,00000000;0,00;Contado;07-10-2026 08:10;;LADYSOFT;Softy;;SOFTY;TOALLA FEMENINA;LAGO PUELO;PAPEL;;;300;Bruno Centurion;AXUM;;SOFTYS;False;131999;0;Lista General;ALMACEN - A;44040;05-10-2026;509-LUCAS GODOY;SOFTYS;1;0,00000000;848,64
27811;"gadinni esq colibri - (TRADICIONAL) 1585";TRISTAN SUAREZ;2026-10-06;06-10-2026;01-10-2026;FAC-B0001-00018715;Venta;LAGOPUELO S.A;1509762;6,00;7033,14;8510,10;MARIA;;0,00 %;075;Julieta Yegros;0754;TF NOCTUR EXT A 8x32;1172,19;3446;"";ALMACEN;ALMACEN;4850,46;IVAN MONTOYA;0,00;$;2;SOFTYS ARGENTINA S.A;0,00000000;0,00;Contado;07-10-2026 08:10;;LADYSOFT;Softy;;SOFTY;TOALLA FEMENINA;LAGO PUELO;PAPEL;;;300;Bruno Centurion;AXUM;;SOFTYS;False;131999;0;Lista General;ALMACEN - A;44040;05-10-2026;509-LUCAS GODOY;SOFTYS;1;0,00000000;1172,19
27811;"gadinni esq colibri - (TRADICIONAL) 1585";TRISTAN SUAREZ;2026-10-06;06-10-2026;01-10-2026;FAC-B0001-00018715;Venta;LAGOPUELO S.A;1505688;1,00;15533,64;18795,70;MARIA;;5,00 %;075;Julieta Yegros;0754;RC Sussex clasico mas blanco 50px3/10;15533,64;3446;"";ALMACEN;ALMACEN;12112,00;IVAN MONTOYA;817,56;$;2;SOFTYS ARGENTINA S.A;0,00000000;0,00;Contado;07-10-2026 08:10;;SUSSEX;Softy;;SOFTY;ROLLO DE COCINA;LAGO PUELO;PAPEL;83;;300;Bruno Centurion;AXUM;;SOFTYS;False;131999;0;Lista General;ALMACEN - A;44040;05-10-2026;509-LUCAS GODOY;SOFTYS;1;0,00000000;15533,64
4101;"Avenida argentina 277";CARLOS SPEGAZZINI;2026-10-06;06-10-2026;02-10-2026;FAC-B0001-00018718;Venta;LAGOPUELO S.A;1501618;1,00;19032,09;23028,83;Carrizo MarÌa Yolanda ;;0,00 %;075;Julieta Yegros;0755;PH HIG  FRESH ALOE 30M X4/12;19032,09;3446;"";KIOSCO;KIOSCO;13125,58;IVAN MONTOYA;0,00;$;2;SOFTYS ARGENTINA S.A;0,00000000;0,00;Contado;07-10-2026 08:10;;HIGIENOL;Softy;;SOFTY;PAPEL HIG;LAGO PUELO;PAPEL;;;300;Bruno Centurion;AXUM;;SOFTYS;False;132199;0;Lista General;KIOSCO - A;44047;05-10-2026;509-LUCAS GODOY;SOFTYS;1;0,00000000;19032,09
4101;"Avenida argentina 277";CARLOS SPEGAZZINI;2026-10-06;06-10-2026;02-10-2026;FAC-B0001-00018718;Venta;LAGOPUELO S.A;1505688;1,00;15533,64;18795,70;Carrizo MarÌa Yolanda ;;5,00 %;075;Julieta Yegros;0755;RC Sussex clasico mas blanco 50px3/10;15533,64;3446;"";KIOSCO;KIOSCO;12112,00;IVAN MONTOYA;817,56;$;2;SOFTYS ARGENTINA S.A;0,00000000;0,00;Contado;07-10-2026 08:10;;SUSSEX;Softy;;SOFTY;ROLLO DE COCINA;LAGO PUELO;PAPEL;83;;300;Bruno Centurion;AXUM;;SOFTYS;False;132199;0;Lista General;KIOSCO - A;44047;05-10-2026;509-LUCAS GODOY;SOFTYS;1;0,00000000;15533,64
29125;"25 DE MAYO EX 879 - (AUTOSERVICIOS) 877";CARLOS SPEGAZZINI;2026-10-06;06-10-2026;02-10-2026;FAC-B0001-00018720;Venta;LAGOPUELO S.A;1509762;15,00;17582,85;21275,25;CHURA TEOFILO ;;0,00 %;075;Julieta Yegros;0755;TF NOCTUR EXT A 8x32;1172,19;3446;"";ALMACEN;ALMACEN;12126,15;IVAN MONTOYA;0,00;$;2;SOFTYS ARGENTINA S.A;0,00000000;0,00;Contado;07-10-2026 08:10;;LADYSOFT;Softy;;SOFTY;TOALLA FEMENINA;LAGO PUELO;PAPEL;;;300;Bruno Centurion;AXUM;;SOFTYS;False;132521;0;Lista General;ALMACEN - A;44059;05-10-2026;509-LUCAS GODOY;SOFTYS;1;0,00000000;1172,19
27819;"JUAN GARAY entre berutti y teodoro - (TRADICIONAL) 665";EZEIZA;2026-10-06;06-10-2026;05-10-2026;FAC-B0001-00018724;Venta;LAGOPUELO S.A;1501553;1,00;22551,25;27287,01;ALBERTO;;15,00 %;075;Julieta Yegros;0751;PH HIGIENOL DH PLUS FUSI”N 30M x4/10;22551,25;3446;"";ALMACEN;ALMACEN;17199,92;IVAN MONTOYA;3979,63;$;2;SOFTYS ARGENTINA S.A;0,00000000;0,00;Contado;07-10-2026 08:10;;HIGIENOL;Softy;;SOFTY;PAPEL HIG;LAGO PUELO;PAPEL;81;;300;Bruno Centurion;AXUM;;SOFTYS;False;132894;0;Lista General;ALMACEN - A;44068;05-10-2026;509-LUCAS GODOY;SOFTYS;1;0,00000000;22551,25
108867;"Pilcomayo 4000 Esquina Calle 169 0";BERNAL ;2026-10-06;06-10-2026;05-10-2026;FAC-B0001-00018725;Venta;LAGOPUELO S.A;1509755;40,00;47986,80;58064,03;Galeano Gustavo;;0,00 %;2;Fernanda Cejas;21;TF UD T/SECA LADYSOFT ULTRA PROTECT 8;1199,67;3445;"";AUTOSERVICIO;AUTOSERVICIO;33094,40;LEONARDO SANTA CRUZ;0,00;$;2;SOFTYS ARGENTINA S.A;0,00000000;0,00;Efectivo;07-10-2026 08:44;;LADYSOFT;Softy;;SOFTY;TOALLA FEMENINA;LAGO PUELO;PAPEL;;;25;JOHANA VIGIL;AXUM;;SOFTYS;False;132941;0;Lista General;AUTOSERVICIO - A;43852;05-10-2026;509-LUCAS GODOY;SOFTYS;1;0,00000000;1199,67
108867;"Pilcomayo 4000 Esquina Calle 169 0";BERNAL ;2026-10-06;06-10-2026;05-10-2026;FAC-B0001-00018725;Venta;LAGOPUELO S.A;1509756;20,00;46674,20;56475,78;Galeano Gustavo;;0,00 %;2;Fernanda Cejas;21;TF UD T/SECA LADYSOFT UL PRT 16u;2333,71;3445;"";AUTOSERVICIO;AUTOSERVICIO;32189,20;LEONARDO SANTA CRUZ;0,00;$;2;SOFTYS ARGENTINA S.A;0,00000000;0,00;Efectivo;07-10-2026 08:44;;LADYSOFT;Softy;;SOFTY;TOALLA FEMENINA;LAGO PUELO;PAPEL;;;25;JOHANA VIGIL;AXUM;;SOFTYS;False;132941;0;Lista General;AUTOSERVICIO - A;43852;05-10-2026;509-LUCAS GODOY;SOFTYS;1;0,00000000;2333,71
108867;"Pilcomayo 4000 Esquina Calle 169 0";BERNAL ;2026-10-06;06-10-2026;05-10-2026;FAC-B0001-00018725;Venta;LAGOPUELO S.A;1509750;10,00;34204,00;41386,84;Galeano Gustavo;;0,00 %;2;Fernanda Cejas;21;PD LADYSOFT CLASICOS 56x10;3420,40;3445;"";AUTOSERVICIO;AUTOSERVICIO;23589,00;LEONARDO SANTA CRUZ;0,00;$;2;SOFTYS ARGENTINA S.A;0,00000000;0,00;Efectivo;07-10-2026 08:44;;LADYSOFT;Softy;;SOFTY;PROTECTOR DIARIO;LAGO PUELO;PAPEL;;;25;JOHANA VIGIL;AXUM;;SOFTYS;False;132941;0;Lista General;AUTOSERVICIO - A;43852;05-10-2026;509-LUCAS GODOY;SOFTYS;1;0,00000000;3420,40
108922;"Calle 169 2136 0";BERNAL ;2026-10-06;06-10-2026;05-10-2026;FAC-B0001-00018726;Venta;LAGOPUELO S.A;1509755;10,00;11996,70;14516,01;Cecilia Romero;;0,00 %;2;Fernanda Cejas;21;TF UD T/SECA LADYSOFT ULTRA PROTECT 8;1199,67;3445;"";Tradicionales;Almacen;8273,60;LEONARDO SANTA CRUZ;0,00;$;2;SOFTYS ARGENTINA S.A;0,00000000;0,00;Efectivo;07-10-2026 08:44;;LADYSOFT;Softy;;SOFTY;TOALLA FEMENINA;LAGO PUELO;PAPEL;;;25;JOHANA VIGIL;AXUM;;SOFTYS;False;133017;0;Lista General;Almacen - A;43858;05-10-2026;509-LUCAS GODOY;SOFTYS;1;0,00000000;1199,67
3688;"EVA PERON 1186";QUILMES;2026-10-06;06-10-2026;05-10-2026;FAC-B0001-00018728;Venta;LAGOPUELO S.A;1501618;5,00;95160,45;115144,14;WENG YIHONG;;0,00 %;056;Ezequiel Ferreira;0561;PH HIG  FRESH ALOE 30M X4/12;19032,09;3445;"";AUTOSERVICIO;AUTOSERVICIO;65627,90;LEONARDO SANTA CRUZ;0,00;$;2;SOFTYS ARGENTINA S.A;0,00000000;0,00;Contado;07-10-2026 08:44;;HIGIENOL;Softy;;SOFTY;PAPEL HIG;LAGO PUELO;PAPEL;;;300;Bruno Centurion;AXUM;;SOFTYS;False;133130;0;Lista General;AUTOSERVICIO - A;43868;05-10-2026;509-LUCAS GODOY;SOFTYS;1;0,00000000;19032,09
3688;"EVA PERON 1186";QUILMES;2026-10-06;06-10-2026;05-10-2026;FAC-B0001-00018728;Venta;LAGOPUELO S.A;1505776;30,00;41961,90;50773,90;WENG YIHONG;;0,00 %;056;Ezequiel Ferreira;0561;SE SUSSEX HS 30X30 BLANCA X80;1398,73;3445;"";AUTOSERVICIO;AUTOSERVICIO;31083,00;LEONARDO SANTA CRUZ;0,00;$;2;SOFTYS ARGENTINA S.A;0,00000000;0,00;Contado;07-10-2026 08:44;;SUSSEX;Softy;;SOFTY;SERVILLETA;LAGO PUELO;PAPEL;;;300;Bruno Centurion;AXUM;;SOFTYS;False;133130;0;Lista General;AUTOSERVICIO - A;43868;05-10-2026;509-LUCAS GODOY;SOFTYS;1;0,00000000;1398,73
3688;"EVA PERON 1186";QUILMES;2026-10-06;06-10-2026;05-10-2026;FAC-B0001-00018728;Venta;LAGOPUELO S.A;1509755;12,00;14396,04;17419,21;WENG YIHONG;;0,00 %;056;Ezequiel Ferreira;0561;TF UD T/SECA LADYSOFT ULTRA PROTECT 8;1199,67;3445;"";AUTOSERVICIO;AUTOSERVICIO;9928,32;LEONARDO SANTA CRUZ;0,00;$;2;SOFTYS ARGENTINA S.A;0,00000000;0,00;Contado;07-10-2026 08:44;;LADYSOFT;Softy;;SOFTY;TOALLA FEMENINA;LAGO PUELO;PAPEL;;;300;Bruno Centurion;AXUM;;SOFTYS;False;133130;0;Lista General;AUTOSERVICIO - A;43868;05-10-2026;509-LUCAS GODOY;SOFTYS;1;0,00000000;1199,67
3688;"EVA PERON 1186";QUILMES;2026-10-06;06-10-2026;05-10-2026;FAC-B0001-00018728;Venta;LAGOPUELO S.A;1509758;12,00;13388,88;16200,54;WENG YIHONG;;0,00 %;056;Ezequiel Ferreira;0561;TF UD T/SUAVE EXT ALGO 8X40;1115,74;3445;"";AUTOSERVICIO;AUTOSERVICIO;9233,76;LEONARDO SANTA CRUZ;0,00;$;2;SOFTYS ARGENTINA S.A;0,00000000;0,00;Contado;07-10-2026 08:44;;LADYSOFT;Softy;;SOFTY;TOALLA FEMENINA;LAGO PUELO;PAPEL;;;300;Bruno Centurion;AXUM;;SOFTYS;False;133130;0;Lista General;AUTOSERVICIO - A;43868;05-10-2026;509-LUCAS GODOY;SOFTYS;1;0,00000000;1115,74
3688;"EVA PERON 1186";QUILMES;2026-10-06;06-10-2026;05-10-2026;FAC-B0001-00018728;Venta;LAGOPUELO S.A;1509761;54,00;42941,88;51959,67;WENG YIHONG;;0,00 %;056;Ezequiel Ferreira;0561;TF LADYSOFT COMFORT EXT ALGODON 8x54;795,22;3445;"";AUTOSERVICIO;AUTOSERVICIO;29615,22;LEONARDO SANTA CRUZ;0,00;$;2;SOFTYS ARGENTINA S.A;0,00000000;0,00;Contado;07-10-2026 08:44;;LADYSOFT;Softy;;SOFTY;TOALLA FEMENINA;LAGO PUELO;PAPEL;;;300;Bruno Centurion;AXUM;;SOFTYS;False;133130;0;Lista General;AUTOSERVICIO - A;43868;05-10-2026;509-LUCAS GODOY;SOFTYS;1;0,00000000;795,22
3688;"EVA PERON 1186";QUILMES;2026-10-06;06-10-2026;05-10-2026;FAC-B0001-00018728;Venta;LAGOPUELO S.A;1501627;1,00;12040,70;14569,25;WENG YIHONG;;10,00 %;056;Ezequiel Ferreira;0561;PH Higienol HS Balanced 20mx4/12;12040,70;3445;"";AUTOSERVICIO;AUTOSERVICIO;9488,34;LEONARDO SANTA CRUZ;1337,86;$;2;SOFTYS ARGENTINA S.A;0,00000000;0,00;Contado;07-10-2026 08:44;;HIGIENOL;Softy;;SOFTY;PAPEL HIG;LAGO PUELO;PAPEL;103;;300;Bruno Centurion;AXUM;;SOFTYS;False;133130;0;Lista General;AUTOSERVICIO - A;43868;05-10-2026;509-LUCAS GODOY;SOFTYS;1;0,00000000;12040,70
106075;"Calle 195 N 944 0";BERNAL ;2026-10-06;06-10-2026;05-10-2026;FAC-B0001-00018732;Venta;LAGOPUELO S.A;1509766;12,00;10989,60;13297,42;Valeria;;0,00 %;056;Ezequiel Ferreira;0561;TF T/SECA NORMAL MAS PROTECC 8x54;915,80;3445;"";Tradicionales;Almacen;7579,08;LEONARDO SANTA CRUZ;0,00;$;2;SOFTYS ARGENTINA S.A;0,00000000;0,00;Efectivo;07-10-2026 08:44;;LADYSOFT;Softy;;SOFTY;TOALLA FEMENINA;LAGO PUELO;PAPEL;;;300;Bruno Centurion;AXUM;;SOFTYS;False;133267;0;Lista General;Almacen - A;43875;05-10-2026;509-LUCAS GODOY;SOFTYS;1;0,00000000;915,80
106075;"Calle 195 N 944 0";BERNAL ;2026-10-06;06-10-2026;05-10-2026;FAC-B0001-00018732;Venta;LAGOPUELO S.A;1509767;12,00;16282,80;19702,19;Valeria;;0,00 %;056;Ezequiel Ferreira;0561;TF UD TSUAVE ACTIVE 8X40;1356,90;3445;"";Tradicionales;Almacen;11229,48;LEONARDO SANTA CRUZ;0,00;$;2;SOFTYS ARGENTINA S.A;0,00000000;0,00;Efectivo;07-10-2026 08:44;;LADYSOFT;Softy;;SOFTY;TOALLA FEMENINA;LAGO PUELO;PAPEL;;;300;Bruno Centurion;AXUM;;SOFTYS;False;133267;0;Lista General;Almacen - A;43875;05-10-2026;509-LUCAS GODOY;SOFTYS;1;0,00000000;1356,90
108068;"Pedemonte 1950 0";BERNAL ;2026-10-06;06-10-2026;05-10-2026;FAC-B0001-00018733;Venta;LAGOPUELO S.A;1504292;3,00;49556,50;59963,37;Sonia Cuadra;;10,00 %;056;Ezequiel Ferreira;0561;PL BABYSEC PREMIUM SOFT XG 48/3;16518,83;3445;"";Tradicionales;Almacen;40787,25;LEONARDO SANTA CRUZ;1835,43;$;2;SOFTYS ARGENTINA S.A;0,00000000;0,00;Efectivo;07-10-2026 08:44;;BABYSEC;Softy;;SOFTY;PAÒAL;LAGO PUELO;PAPEL;;;300;Bruno Centurion;AXUM;;SOFTYS;False;133340;0;Lista General;Almacen - A;43877;05-10-2026;509-LUCAS GODOY;SOFTYS;1;0,00000000;16518,83
878;"san martin 1266";Longchamps;2026-10-06;05-10-2026;06-10-2026;NCR-A0001-00048851;DevoluciÛn por Rechazo;LAGOPUELO S.A;1509758;-10,00;-11157,40;-13500,45;Chen Dami;SIN DINERO;0,00 %;062;Nahuel Martinez;0625;TF UD T/SUAVE EXT ALGO 8X40;1115,74;3433;"";AUTOSERVICIO;AUTOSERVICIO;-7694,80;WALTER JANIUK;0,00;$;2;SOFTYS ARGENTINA S.A;0,00000000;0,00;Contado;06-10-2026 08:52;;LADYSOFT;Softy;;SOFTY;TOALLA FEMENINA;LAGO PUELO;PAPEL;;;300;Bruno Centurion;Gescom;FAC-A0001-00343388;;True;133382;0;Lista General;AUTOSERVICIO - A;;01-01-2000;;SOFTYS;1;0,00000000;1115,74
23290;"Intendente Perrando - (AUTOSERVICIOS) 1448";LONGCHAMPS;2026-10-06;05-10-2026;06-10-2026;NCR-A0001-00048853;DevoluciÛn por Rechazo;LAGOPUELO S.A;1509758;-10,00;-11157,40;-13500,45;CAI QUINGSHUN;NO HIZO PEDIDO;0,00 %;062;Nahuel Martinez;0625;TF UD T/SUAVE EXT ALGO 8X40;1115,74;3433;"";AUTOSERVICIO;Autoservicio B;-7694,80;WALTER JANIUK;0,00;$;2;SOFTYS ARGENTINA S.A;0,00000000;0,00;Contado;06-10-2026 08:52;;LADYSOFT;Softy;;SOFTY;TOALLA FEMENINA;LAGO PUELO;PAPEL;;;300;Bruno Centurion;Gescom;FAC-A0001-00343385;;True;133385;0;Lista General;Autoservicio B - A;;01-01-2000;;SOFTYS;1;0,00000000;1115,74
1027;"CALLE 4 1495";BERAZATEGUI;2026-10-06;05-10-2026;06-10-2026;NCR-A0001-00048854;DevoluciÛn por Rechazo;LAGOPUELO S.A;1509764;-12,00;-10183,68;-12322,25;MACIEL AMARILLA BLANCA NIEVE;SIN DINERO;0,00 %;5;Eliana Huber;55;TF NORMAL T/SUAVE EXT ALGODON 8x54;848,64;3428;"";AUTOSERVICIO;AUTOSERVICIO;-7023,24;CLAUDIO GARCIA;0,00;$;2;SOFTYS ARGENTINA S.A;0,00000000;0,00;Contado;06-10-2026 08:59;;LADYSOFT;Softy;;SOFTY;TOALLA FEMENINA;LAGO PUELO;PAPEL;;;25;JOHANA VIGIL;Gescom;FAC-A0001-00343348;;True;133386;0;Lista General;AUTOSERVICIO - A;;01-01-2000;;SOFTYS;1;0,00000000;848,64
1027;"CALLE 4 1495";BERAZATEGUI;2026-10-06;05-10-2026;06-10-2026;NCR-A0001-00048854;DevoluciÛn por Rechazo;LAGOPUELO S.A;1509755;-12,00;-14396,04;-17419,21;MACIEL AMARILLA BLANCA NIEVE;SIN DINERO;0,00 %;5;Eliana Huber;55;TF UD T/SECA LADYSOFT ULTRA PROTECT 8;1199,67;3428;"";AUTOSERVICIO;AUTOSERVICIO;-9928,32;CLAUDIO GARCIA;0,00;$;2;SOFTYS ARGENTINA S.A;0,00000000;0,00;Contado;06-10-2026 08:59;;LADYSOFT;Softy;;SOFTY;TOALLA FEMENINA;LAGO PUELO;PAPEL;;;25;JOHANA VIGIL;Gescom;FAC-A0001-00343348;;True;133386;0;Lista General;AUTOSERVICIO - A;;01-01-2000;;SOFTYS;1;0,00000000;1199,67
1027;"CALLE 4 1495";BERAZATEGUI;2026-10-06;05-10-2026;06-10-2026;NCR-A0001-00048854;DevoluciÛn por Rechazo;LAGOPUELO S.A;1501627;-3,00;-36122,11;-43707,76;MACIEL AMARILLA BLANCA NIEVE;SIN DINERO;10,00 %;5;Eliana Huber;55;PH Higienol HS Balanced 20mx4/12;12040,70;3428;"";AUTOSERVICIO;AUTOSERVICIO;-28465,02;CLAUDIO GARCIA;1337,86;$;2;SOFTYS ARGENTINA S.A;0,00000000;0,00;Contado;06-10-2026 08:59;;HIGIENOL;Softy;;SOFTY;PAPEL HIG;LAGO PUELO;PAPEL;103;;25;JOHANA VIGIL;Gescom;FAC-A0001-00343348;;True;133386;0;Lista General;AUTOSERVICIO - A;;01-01-2000;;SOFTYS;1;0,00000000;12040,70
1027;"CALLE 4 1495";BERAZATEGUI;2026-10-06;05-10-2026;06-10-2026;NCR-A0001-00048854;DevoluciÛn por Rechazo;LAGOPUELO S.A;1509764;-1,00;0,00;0,00;MACIEL AMARILLA BLANCA NIEVE;SIN DINERO;100,00 %;5;Eliana Huber;55;TF NORMAL T/SUAVE EXT ALGODON 8x54;0,00;3428;"";AUTOSERVICIO;AUTOSERVICIO;-585,27;CLAUDIO GARCIA;848,64;$;2;SOFTYS ARGENTINA S.A;0,00000000;0,00;Contado;06-10-2026 08:59;;LADYSOFT;Softy;;SOFTY;TOALLA FEMENINA;LAGO PUELO;PAPEL;65;;25;JOHANA VIGIL;Gescom;FAC-A0001-00343348;;True;133386;0;Lista General;AUTOSERVICIO - A;;01-01-2000;;SOFTYS;1;0,00000000;0,00
5014;"AV FCIO VARELA 2055";QUILMES;2026-10-06;05-10-2026;06-10-2026;NCR-A0001-00048857;DevoluciÛn por Rechazo;LAGOPUELO S.A;1509749;-12,00;-15605,04;-18882,10;HUANG ZHAORUI;NO QUIERE EL CLIENTE;0,00 %;5;Eliana Huber;55;PD ladysoft clasicos 20x30;1300,42;3428;"";AUTOSERVICIO;AUTOSERVICIO;-10762,08;CLAUDIO GARCIA;0,00;$;2;SOFTYS ARGENTINA S.A;0,00000000;0,00;Contado;06-10-2026 08:59;;LADYSOFT;Softy;;SOFTY;PROTECTOR DIARIO;LAGO PUELO;PAPEL;;;25;JOHANA VIGIL;Gescom;FAC-A0001-00343352;;True;133395;0;Lista General;AUTOSERVICIO - A;;01-01-2000;;SOFTYS;1;0,00000000;1300,42
107816;"12 De Octubre 615 0";CRUCESITA;2026-10-06;05-10-2026;06-10-2026;NCR-A0001-00048858;DevoluciÛn por Rechazo;LAGOPUELO S.A;1509762;-32,00;-37510,08;-45387,20;Supermercado Lucky;NO HIZO PEDIDO;0,00 %;29;Camila Navarrete;295;TF NOCTUR EXT A 8x32;1172,19;3426;"";AUTOSERVICIO;AUTOSERVICIO;-25869,12;HERNAN RIVERO;0,00;$;2;SOFTYS ARGENTINA S.A;0,00000000;0,00;Efectivo;06-10-2026 09:23;;LADYSOFT;Softy;;SOFTY;TOALLA FEMENINA;LAGO PUELO;PAPEL;;;25;JOHANA VIGIL;Gescom;FAC-A0001-00343275;;True;133407;0;Lista General;AUTOSERVICIO - A;;01-01-2000;;SOFTYS;1;0,00000000;1172,19
107816;"12 De Octubre 615 0";CRUCESITA;2026-10-06;05-10-2026;06-10-2026;NCR-A0001-00048858;DevoluciÛn por Rechazo;LAGOPUELO S.A;1509768;-54,00;-52666,74;-63726,76;Supermercado Lucky;NO HIZO PEDIDO;0,00 %;29;Camila Navarrete;295;TF NORMAL T/SUAVE PIEL SENSIBLE 8x54;975,31;3426;"";AUTOSERVICIO;AUTOSERVICIO;-36322,02;HERNAN RIVERO;0,00;$;2;SOFTYS ARGENTINA S.A;0,00000000;0,00;Efectivo;06-10-2026 09:23;;LADYSOFT;Softy;;SOFTY;TOALLA FEMENINA;LAGO PUELO;PAPEL;;;25;JOHANA VIGIL;Gescom;FAC-A0001-00343275;;True;133407;0;Lista General;AUTOSERVICIO - A;;01-01-2000;;SOFTYS;1;0,00000000;975,31
107816;"12 De Octubre 615 0";CRUCESITA;2026-10-06;05-10-2026;06-10-2026;NCR-A0001-00048858;DevoluciÛn por Rechazo;LAGOPUELO S.A;1509766;-54,00;-49453,20;-59838,37;Supermercado Lucky;NO HIZO PEDIDO;0,00 %;29;Camila Navarrete;295;TF T/SECA NORMAL MAS PROTECC 8x54;915,80;3426;"";AUTOSERVICIO;AUTOSERVICIO;-34105,86;HERNAN RIVERO;0,00;$;2;SOFTYS ARGENTINA S.A;0,00000000;0,00;Efectivo;06-10-2026 09:23;;LADYSOFT;Softy;;SOFTY;TOALLA FEMENINA;LAGO PUELO;PAPEL;;;25;JOHANA VIGIL;Gescom;FAC-A0001-00343275;;True;133407;0;Lista General;AUTOSERVICIO - A;;01-01-2000;;SOFTYS;1;0,00000000;915,80
3081;"AVDA HIPOLITO YRIGOYEN 5270";Quilmes;2026-10-06;05-10-2026;06-10-2026;NCR-A0001-00048860;DevoluciÛn por Rechazo;LAGOPUELO S.A;1503131;-6,00;-14852,76;-17971,84;LIN HUI ZHEN;NO QUIERE EL CLIENTE;0,00 %;053;Verona Abati;0535;TH BABYSEC PREMIUM X45/10;2475,46;3430;"";AUTOSERVICIO;AUTOSERVICIO;-10243,26;LEONARDO SANTA CRUZ;0,00;$;2;SOFTYS ARGENTINA S.A;0,00000000;0,00;Contado;06-10-2026 11:13;;BABYSEC;Softy;;SOFTY;TOALLA HUMEDA;LAGO PUELO;PAPEL;;;300;Bruno Centurion;Gescom;FAC-A0001-00343369;;True;133663;0;Lista General;AUTOSERVICIO - A;;01-01-2000;;SOFTYS;1;0,00000000;2475,46
3081;"AVDA HIPOLITO YRIGOYEN 5270";Quilmes;2026-10-06;05-10-2026;06-10-2026;NCR-A0001-00048860;DevoluciÛn por Rechazo;LAGOPUELO S.A;1509762;-10,00;-11721,90;-14183,50;LIN HUI ZHEN;NO QUIERE EL CLIENTE;0,00 %;053;Verona Abati;0535;TF NOCTUR EXT A 8x32;1172,19;3430;"";AUTOSERVICIO;AUTOSERVICIO;-8084,10;LEONARDO SANTA CRUZ;0,00;$;2;SOFTYS ARGENTINA S.A;0,00000000;0,00;Contado;06-10-2026 11:13;;LADYSOFT;Softy;;SOFTY;TOALLA FEMENINA;LAGO PUELO;PAPEL;;;300;Bruno Centurion;Gescom;FAC-A0001-00343369;;True;133663;0;Lista General;AUTOSERVICIO - A;;01-01-2000;;SOFTYS;1;0,00000000;1172,19
3081;"AVDA HIPOLITO YRIGOYEN 5270";Quilmes;2026-10-06;05-10-2026;06-10-2026;NCR-A0001-00048860;DevoluciÛn por Rechazo;LAGOPUELO S.A;1509766;-10,00;-9158,00;-11081,18;LIN HUI ZHEN;NO QUIERE EL CLIENTE;0,00 %;053;Verona Abati;0535;TF T/SECA NORMAL MAS PROTECC 8x54;915,80;3430;"";AUTOSERVICIO;AUTOSERVICIO;-6315,90;LEONARDO SANTA CRUZ;0,00;$;2;SOFTYS ARGENTINA S.A;0,00000000;0,00;Contado;06-10-2026 11:13;;LADYSOFT;Softy;;SOFTY;TOALLA FEMENINA;LAGO PUELO;PAPEL;;;300;Bruno Centurion;Gescom;FAC-A0001-00343369;;True;133663;0;Lista General;AUTOSERVICIO - A;;01-01-2000;;SOFTYS;1;0,00000000;915,80
101197;"Brandsen 3484 0";Sarandi;2026-10-06;05-10-2026;06-10-2026;NCR-A0001-00048861;DevoluciÛn por Rechazo;LAGOPUELO S.A;1502206;-1,00;-26373,10;-31911,45;Chen Ying;NO HIZO PEDIDO;0,00 %;26;Sabrina Pereyra;;RC ELITE ULTRA CON ALGODON 120p x2/10;26373,10;3425;"";Tradicionales;Almacen;-19535,63;MARIANO SOSA;0,00;$;2;SOFTYS ARGENTINA S.A;0,00000000;0,00;Efectivo;06-10-2026 15:32;;ELITE;Softy;;SOFTY;ROLLO DE COCINA;LAGO PUELO;PAPEL;;;25;JOHANA VIGIL;Gescom;FAC-A0001-00343314;;True;133981;0;Lista General;Almacen - A;;01-01-2000;;SOFTYS;1;0,00000000;26373,10
5806;"AVENIDA OLIVER - (Autoservicio) 1328";9 DE ABRIL;2026-10-06;05-10-2026;06-10-2026;NCR-A0001-00048864;DevoluciÛn por Rechazo;LAGOPUELO S.A;1509765;-27,00;-41533,56;-50255,61;YONGKUN XIE;NO HIZO PEDIDO;0,00 %;064;Karina Fernandez;;TF NORMALT/SUAVE EXT ALG 16x27;1538,28;3429;"";AUTOSERVICIO;Autoservicio A;-30950,91;SIMON OLIVERA;0,00;$;2;SOFTYS ARGENTINA S.A;0,00000000;0,00;Contado;06-10-2026 15:41;;LADYSOFT;Softy;;SOFTY;TOALLA FEMENINA;LAGO PUELO;PAPEL;;;300;Bruno Centurion;Gescom;FAC-A0001-00343210;;True;133984;0;Lista General;Autoservicio A - A;;01-01-2000;;SOFTYS;1;0,00000000;1538,28
23699;"BRUZONE 845";ESTEBAN ECHEVERR√¬çA;2026-10-06;05-10-2026;06-10-2026;NCR-A0001-00048867;DevoluciÛn por Rechazo;LAGOPUELO S.A;1503118;-24,00;-39248,64;-47490,85;HUANG RUIHUANG;SIN DINERO;0,00 %;064;Karina Fernandez;;TH BABYSEC ULTRA 50/24;1635,36;3429;"";AUTOSERVICIO;Autoservicio A;-27067,92;SIMON OLIVERA;0,00;$;2;SOFTYS ARGENTINA S.A;0,00000000;0,00;Contado;06-10-2026 15:41;;BABYSEC;;;;;;PAPEL;;;300;Bruno Centurion;Gescom;FAC-A0001-00343212;;True;133990;0;Lista General;Autoservicio A - A;;01-01-2000;;SOFTYS;1;0,00000000;1635,36
23469;"GUATAMBU 480";BURZACO;2026-10-06;05-10-2026;06-10-2026;NCR-A0001-00048870;DevoluciÛn por Rechazo;LAGOPUELO S.A;1509756;-20,00;-46674,20;-56475,78;WANG MIN;RECHAZA, MUY CARO;0,00 %;063;Daniel Martin;;TF UD T/SECA LADYSOFT UL PRT 16u;2333,71;3429;"";AUTOSERVICIO;Autoservicio A;-32189,20;SIMON OLIVERA;0,00;$;2;SOFTYS ARGENTINA S.A;0,00000000;0,00;Contado;06-10-2026 15:41;;LADYSOFT;Softy;;SOFTY;TOALLA FEMENINA;LAGO PUELO;PAPEL;;;300;Bruno Centurion;Gescom;FAC-A0001-00343228;;True;133996;0;Lista General;Autoservicio A - A;;01-01-2000;;SOFTYS;1;0,00000000;2333,71
23469;"GUATAMBU 480";BURZACO;2026-10-06;05-10-2026;06-10-2026;NCR-A0001-00048870;DevoluciÛn por Rechazo;LAGOPUELO S.A;1509763;-16,00;-36240,80;-43851,37;WANG MIN;RECHAZA, MUY CARO;0,00 %;063;Daniel Martin;;TF Nocturna EXT ALGODON 16X16;2265,05;3429;"";AUTOSERVICIO;Autoservicio A;-24993,76;SIMON OLIVERA;0,00;$;2;SOFTYS ARGENTINA S.A;0,00000000;0,00;Contado;06-10-2026 15:41;;LADYSOFT;Softy;;SOFTY;TOALLA FEMENINA;LAGO PUELO;PAPEL;;;300;Bruno Centurion;Gescom;FAC-A0001-00343228;;True;133996;0;Lista General;Autoservicio A - A;;01-01-2000;;SOFTYS;1;0,00000000;2265,05
3185;"CALLE 893 4507";Quilmes;2026-10-06;02-10-2026;06-10-2026;NCR-A0001-00048873;DevoluciÛn por Rechazo;LAGOPUELO S.A;1509766;-12,00;-10989,60;-13297,42;WANG YINGQING;RECHAZA, MUY CARO;0,00 %;056;Ezequiel Ferreira;;TF T/SECA NORMAL MAS PROTECC 8x54;915,80;3412;"";AUTOSERVICIO;AUTOSERVICIO;-7579,08;IVAN MONTOYA;0,00;$;2;SOFTYS ARGENTINA S.A;0,00000000;0,00;Contado;06-10-2026 16:07;;LADYSOFT;Softy;;SOFTY;TOALLA FEMENINA;LAGO PUELO;PAPEL;;;300;Bruno Centurion;Gescom;FAC-A0001-00343157;;True;133999;0;Lista General;AUTOSERVICIO - A;;01-01-2000;;SOFTYS;1;0,00000000;915,80
3185;"CALLE 893 4507";Quilmes;2026-10-06;02-10-2026;06-10-2026;NCR-A0001-00048873;DevoluciÛn por Rechazo;LAGOPUELO S.A;1509755;-20,00;-23993,40;-29032,01;WANG YINGQING;RECHAZA, MUY CARO;0,00 %;056;Ezequiel Ferreira;;TF UD T/SECA LADYSOFT ULTRA PROTECT 8;1199,67;3412;"";AUTOSERVICIO;AUTOSERVICIO;-16547,20;IVAN MONTOYA;0,00;$;2;SOFTYS ARGENTINA S.A;0,00000000;0,00;Contado;06-10-2026 16:07;;LADYSOFT;Softy;;SOFTY;TOALLA FEMENINA;LAGO PUELO;PAPEL;;;300;Bruno Centurion;Gescom;FAC-A0001-00343157;;True;133999;0;Lista General;AUTOSERVICIO - A;;01-01-2000;;SOFTYS;1;0,00000000;1199,67
3185;"CALLE 893 4507";Quilmes;2026-10-06;02-10-2026;06-10-2026;NCR-A0001-00048873;DevoluciÛn por Rechazo;LAGOPUELO S.A;1509756;-20,00;-46674,20;-56475,78;WANG YINGQING;RECHAZA, MUY CARO;0,00 %;056;Ezequiel Ferreira;;TF UD T/SECA LADYSOFT UL PRT 16u;2333,71;3412;"";AUTOSERVICIO;AUTOSERVICIO;-32189,20;IVAN MONTOYA;0,00;$;2;SOFTYS ARGENTINA S.A;0,00000000;0,00;Contado;06-10-2026 16:07;;LADYSOFT;Softy;;SOFTY;TOALLA FEMENINA;LAGO PUELO;PAPEL;;;300;Bruno Centurion;Gescom;FAC-A0001-00343157;;True;133999;0;Lista General;AUTOSERVICIO - A;;01-01-2000;;SOFTYS;1;0,00000000;2333,71
3185;"CALLE 893 4507";Quilmes;2026-10-06;02-10-2026;06-10-2026;NCR-A0001-00048873;DevoluciÛn por Rechazo;LAGOPUELO S.A;1509768;-20,00;-19506,20;-23602,50;WANG YINGQING;RECHAZA, MUY CARO;0,00 %;056;Ezequiel Ferreira;;TF NORMAL T/SUAVE PIEL SENSIBLE 8x54;975,31;3412;"";AUTOSERVICIO;AUTOSERVICIO;-13452,60;IVAN MONTOYA;0,00;$;2;SOFTYS ARGENTINA S.A;0,00000000;0,00;Contado;06-10-2026 16:07;;LADYSOFT;Softy;;SOFTY;TOALLA FEMENINA;LAGO PUELO;PAPEL;;;300;Bruno Centurion;Gescom;FAC-A0001-00343157;;True;133999;0;Lista General;AUTOSERVICIO - A;;01-01-2000;;SOFTYS;1;0,00000000;975,31
3185;"CALLE 893 4507";Quilmes;2026-10-06;02-10-2026;06-10-2026;NCR-A0001-00048873;DevoluciÛn por Rechazo;LAGOPUELO S.A;1509762;-20,00;-23443,80;-28367,00;WANG YINGQING;RECHAZA, MUY CARO;0,00 %;056;Ezequiel Ferreira;;TF NOCTUR EXT A 8x32;1172,19;3412;"";AUTOSERVICIO;AUTOSERVICIO;-16168,20;IVAN MONTOYA;0,00;$;2;SOFTYS ARGENTINA S.A;0,00000000;0,00;Contado;06-10-2026 16:07;;LADYSOFT;Softy;;SOFTY;TOALLA FEMENINA;LAGO PUELO;PAPEL;;;300;Bruno Centurion;Gescom;FAC-A0001-00343157;;True;133999;0;Lista General;AUTOSERVICIO - A;;01-01-2000;;SOFTYS;1;0,00000000;1172,19
3185;"CALLE 893 4507";Quilmes;2026-10-06;02-10-2026;06-10-2026;NCR-A0001-00048873;DevoluciÛn por Rechazo;LAGOPUELO S.A;1509763;-16,00;-36240,80;-43851,37;WANG YINGQING;RECHAZA, MUY CARO;0,00 %;056;Ezequiel Ferreira;;TF Nocturna EXT ALGODON 16X16;2265,05;3412;"";AUTOSERVICIO;AUTOSERVICIO;-24993,76;IVAN MONTOYA;0,00;$;2;SOFTYS ARGENTINA S.A;0,00000000;0,00;Contado;06-10-2026 16:07;;LADYSOFT;Softy;;SOFTY;TOALLA FEMENINA;LAGO PUELO;PAPEL;;;300;Bruno Centurion;Gescom;FAC-A0001-00343157;;True;133999;0;Lista General;AUTOSERVICIO - A;;01-01-2000;;SOFTYS;1;0,00000000;2265,05
23845;"CALLE 24 - (OTROS) 4822";BERAZATEGUI;2026-10-06;06-10-2026;05-10-2026;FAC-B0002-00016783;Venta;ELEBES;1505688;1,00;15533,64;18795,70;MIGUEL;;5,00 %;4;Selene Pawlikowski;41;RC Sussex clasico mas blanco 50px3/10;15533,64;3443;"";ALMACEN;ALMACEN;12112,00;JUAN ESCOTO;817,56;$;2;SOFTYS ARGENTINA S.A;0,00000000;0,00;Contado;07-10-2026 08:13;;SUSSEX;Softy;;SOFTY;ROLLO DE COCINA;LAGO PUELO;PAPEL;83;;25;JOHANA VIGIL;AXUM;;SOFTYS;False;133117;0;Lista General;ALMACEN - A;43831;05-10-2026;757-JUAN PABLO JUAREZ;SOFTYS;1;0,00000000;15533,64
23845;"CALLE 24 - (OTROS) 4822";BERAZATEGUI;2026-10-06;06-10-2026;05-10-2026;FAC-B0002-00016783;Venta;ELEBES;1503131;6,00;14852,76;17971,84;MIGUEL;;0,00 %;4;Selene Pawlikowski;41;TH BABYSEC PREMIUM X45/10;2475,46;3443;"";ALMACEN;ALMACEN;10243,26;JUAN ESCOTO;0,00;$;2;SOFTYS ARGENTINA S.A;0,00000000;0,00;Contado;07-10-2026 08:13;;BABYSEC;Softy;;SOFTY;TOALLA HUMEDA;LAGO PUELO;PAPEL;;;25;JOHANA VIGIL;AXUM;;SOFTYS;False;133117;0;Lista General;ALMACEN - A;43831;05-10-2026;757-JUAN PABLO JUAREZ;SOFTYS;1;0,00000000;2475,46
23845;"CALLE 24 - (OTROS) 4822";BERAZATEGUI;2026-10-06;06-10-2026;05-10-2026;FAC-B0002-00016783;Venta;ELEBES;1501553;1,00;22551,25;27287,01;MIGUEL;;15,00 %;4;Selene Pawlikowski;41;PH HIGIENOL DH PLUS FUSI”N 30M x4/10;22551,25;3443;"";ALMACEN;ALMACEN;17199,92;JUAN ESCOTO;3979,63;$;2;SOFTYS ARGENTINA S.A;0,00000000;0,00;Contado;07-10-2026 08:13;;HIGIENOL;Softy;;SOFTY;PAPEL HIG;LAGO PUELO;PAPEL;81;;25;JOHANA VIGIL;AXUM;;SOFTYS;False;133117;0;Lista General;ALMACEN - A;43831;05-10-2026;757-JUAN PABLO JUAREZ;SOFTYS;1;0,00000000;22551,25
22147;"CALLE N¬∫ 6225 - (TRADICIONAL) 28";BERAZATEGU√¬ç;2026-10-06;06-10-2026;05-10-2026;FAC-B0002-00016785;Venta;ELEBES;1501553;2,00;45102,50;54574,02;SOLIS JUANA;;15,00 %;5;Eliana Huber;51;PH HIGIENOL DH PLUS FUSI”N 30M x4/10;22551,25;3443;"";ALMACEN;ALMACEN;34399,84;JUAN ESCOTO;3979,63;$;2;SOFTYS ARGENTINA S.A;0,00000000;0,00;Contado;07-10-2026 08:13;;HIGIENOL;Softy;;SOFTY;PAPEL HIG;LAGO PUELO;PAPEL;81;;25;JOHANA VIGIL;AXUM;;SOFTYS;False;133334;0;Lista General;ALMACEN - A;43845;05-10-2026;757-JUAN PABLO JUAREZ;SOFTYS;1;0,00000000;22551,25
1129;"CERRO FAMATINA 1135";Varela ;2026-10-06;06-10-2026;02-10-2026;FAC-A0002-00011585;Venta;ELEBES;1501627;2,00;24081,41;29138,50;CARO JORGE ADRIAN;;10,00 %;6;Nieves Alegre;65;PH Higienol HS Balanced 20mx4/12;12040,70;3463;"";ALMACEN;ALMACEN;18976,68;SIMON OLIVERA;1337,86;$;2;SOFTYS ARGENTINA S.A;0,00000000;0,00;Contado;;;HIGIENOL;Softy;;SOFTY;PAPEL HIG;LAGO PUELO;PAPEL;103;;25;JOHANA VIGIL;AXUM;;SOFTYS;False;132540;1;Lista General;ALMACEN - A;43887;05-10-2026;757-JUAN PABLO JUAREZ;SOFTYS;1;0,00000000;12040,70
6484;"ACONCAGUA 1990";FLORENCIO VARELA;2026-10-06;06-10-2026;02-10-2026;FAC-B0002-00016786;Venta;ELEBES;1509761;5,00;3976,10;4811,08;BENITEZ ZUNILDA;;0,00 %;6;Nieves Alegre;65;TF LADYSOFT COMFORT EXT ALGODON 8x54;795,22;3463;"";ALMACEN;ALMACEN;2742,15;SIMON OLIVERA;0,00;$;2;SOFTYS ARGENTINA S.A;0,00000000;0,00;Contado;;;LADYSOFT;Softy;;SOFTY;TOALLA FEMENINA;LAGO PUELO;PAPEL;;;25;JOHANA VIGIL;AXUM;;SOFTYS;False;132586;1;Lista General;ALMACEN - A;43889;05-10-2026;757-JUAN PABLO JUAREZ;SOFTYS;1;0,00000000;795,22
6484;"ACONCAGUA 1990";FLORENCIO VARELA;2026-10-06;06-10-2026;02-10-2026;FAC-B0002-00016786;Venta;ELEBES;1509749;5,00;6502,10;7867,54;BENITEZ ZUNILDA;;0,00 %;6;Nieves Alegre;65;PD ladysoft clasicos 20x30;1300,42;3463;"";ALMACEN;ALMACEN;4484,20;SIMON OLIVERA;0,00;$;2;SOFTYS ARGENTINA S.A;0,00000000;0,00;Contado;;;LADYSOFT;Softy;;SOFTY;PROTECTOR DIARIO;LAGO PUELO;PAPEL;;;25;JOHANA VIGIL;AXUM;;SOFTYS;False;132586;1;Lista General;ALMACEN - A;43889;05-10-2026;757-JUAN PABLO JUAREZ;SOFTYS;1;0,00000000;1300,42
5050;"GABRIELA MISTRAL 801";FLORENCIO VARELA;2026-10-06;06-10-2026;02-10-2026;FAC-B0002-00016787;Venta;ELEBES;1509764;1,00;0,00;0,00;KAREN GODOY;;100,00 %;6;Nieves Alegre;65;TF NORMAL T/SUAVE EXT ALGODON 8x54;0,00;3463;"";ALMACEN;ALMACEN;585,27;SIMON OLIVERA;848,64;$;2;SOFTYS ARGENTINA S.A;0,00000000;0,00;Contado;;;LADYSOFT;Softy;;SOFTY;TOALLA FEMENINA;LAGO PUELO;PAPEL;65;;25;JOHANA VIGIL;AXUM;;SOFTYS;False;132742;1;Lista General;ALMACEN - A;43901;05-10-2026;757-JUAN PABLO JUAREZ;SOFTYS;1;0,00000000;0,00
5050;"GABRIELA MISTRAL 801";FLORENCIO VARELA;2026-10-06;06-10-2026;02-10-2026;FAC-B0002-00016787;Venta;ELEBES;1509764;10,00;8486,40;10268,54;KAREN GODOY;;0,00 %;6;Nieves Alegre;65;TF NORMAL T/SUAVE EXT ALGODON 8x54;848,64;3463;"";ALMACEN;ALMACEN;5852,70;SIMON OLIVERA;0,00;$;2;SOFTYS ARGENTINA S.A;0,00000000;0,00;Contado;;;LADYSOFT;Softy;;SOFTY;TOALLA FEMENINA;LAGO PUELO;PAPEL;;;25;JOHANA VIGIL;AXUM;;SOFTYS;False;132742;1;Lista General;ALMACEN - A;43901;05-10-2026;757-JUAN PABLO JUAREZ;SOFTYS;1;0,00000000;848,64
382;"Formosa (entre Jujuy y Santiago del estero) 1005";Lan˙s;2026-10-06;06-10-2026;05-10-2026;FAC-B0002-00016789;Venta;ELEBES;1505688;1,00;15533,64;18795,70;Mariana NuÒez;;5,00 %;30;Oriana Songini;301;RC Sussex clasico mas blanco 50px3/10;15533,64;3441;"";ALMACEN;ALMACEN;12112,00;HERNAN RIVERO;817,56;$;2;SOFTYS ARGENTINA S.A;0,00000000;0,00;Efectivo;07-10-2026 08:13;;SUSSEX;Softy;;SOFTY;ROLLO DE COCINA;LAGO PUELO;PAPEL;83;;25;JOHANA VIGIL;AXUM;;SOFTYS;False;132879;1;Lista General;ALMACEN - A;43760;05-10-2026;759-GABRIEL PEREZ;SOFTYS;1;0,00000000;15533,64
27701;"URUGUAY 865";AVELLANEDA;2026-10-06;06-10-2026;05-10-2026;FAC-A0002-00011586;Venta;ELEBES;1501627;1,00;12040,70;14569,25;MARIA ALEJANDRA TANUS;;10,00 %;27;Samanta Dogliotti;271;PH Higienol HS Balanced 20mx4/12;12040,70;3441;"";ALMACEN;ALMACEN;9488,34;HERNAN RIVERO;1337,86;$;2;SOFTYS ARGENTINA S.A;0,00000000;0,00;Contado;07-10-2026 08:13;;HIGIENOL;Softy;;SOFTY;PAPEL HIG;LAGO PUELO;PAPEL;103;;25;JOHANA VIGIL;AXUM;;SOFTYS;False;133109;1;Lista General;ALMACEN - A;43776;05-10-2026;759-GABRIEL PEREZ;SOFTYS;1;0,00000000;12040,70
418;"CHILE (Valentin Alsina) 1802";Lan˙s;2026-10-06;06-10-2026;05-10-2026;FAC-B0002-00016791;Venta;ELEBES;1505688;1,00;15533,64;18795,70;NANCY GELATO;;5,00 %;27;Samanta Dogliotti;271;RC Sussex clasico mas blanco 50px3/10;15533,64;3441;"";ALMACEN;ALMACEN;12112,00;HERNAN RIVERO;817,56;$;2;SOFTYS ARGENTINA S.A;0,00000000;0,00;Efectivo;07-10-2026 08:13;;SUSSEX;Softy;;SOFTY;ROLLO DE COCINA;LAGO PUELO;PAPEL;83;;25;JOHANA VIGIL;AXUM;;SOFTYS;False;133166;1;Lista General;ALMACEN - A;43788;05-10-2026;759-GABRIEL PEREZ;SOFTYS;1;0,00000000;15533,64
27806;"PTE.J.D.PERON 2634";VALENTIN ALSINA;2026-10-06;06-10-2026;05-10-2026;FAC-A0002-00011588;Venta;ELEBES;1501627;1,00;12040,70;14569,25;GABRIEL REGINO PELIZZARI;;10,00 %;28;Nadia Diaz;281;PH Higienol HS Balanced 20mx4/12;12040,70;3441;"";Otros;Articulo de limpieza;9488,34;HERNAN RIVERO;1337,86;$;2;SOFTYS ARGENTINA S.A;0,00000000;0,00;Contado;07-10-2026 08:13;;HIGIENOL;Softy;;SOFTY;PAPEL HIG;LAGO PUELO;PAPEL;103;;25;JOHANA VIGIL;AXUM;;SOFTYS;False;133170;1;Lista General;Articulo de limpieza - A;43791;05-10-2026;759-GABRIEL PEREZ;SOFTYS;1;0,00000000;12040,70
27806;"PTE.J.D.PERON 2634";VALENTIN ALSINA;2026-10-06;06-10-2026;05-10-2026;FAC-A0002-00011588;Venta;ELEBES;1501554;2,00;55547,24;67212,16;GABRIEL REGINO PELIZZARI;;0,00 %;28;Nadia Diaz;281;PH HIGIENOL DH BALANCE 30M X4/10;27773,62;3441;"";Otros;Articulo de limpieza;38308,44;HERNAN RIVERO;0,00;$;2;SOFTYS ARGENTINA S.A;0,00000000;0,00;Contado;07-10-2026 08:13;;HIGIENOL;Softy;;SOFTY;PAPEL HIG;LAGO PUELO;PAPEL;;;25;JOHANA VIGIL;AXUM;;SOFTYS;False;133170;1;Lista General;Articulo de limpieza - A;43791;05-10-2026;759-GABRIEL PEREZ;SOFTYS;1;0,00000000;27773,62
849;"GALICIA 402";Avellaneda;2026-10-06;06-10-2026;05-10-2026;FAC-A0002-00011591;Venta;ELEBES;1505708;1,00;22612,61;27361,26;GÛmez Fleitas blasida;;0,00 %;24;Cecilia Gauchez;241;RC SUSEEX CLS MEGARROLO ALTO 200X1;22612,61;3441;"";ALMACEN;ALMACEN;16750,08;HERNAN RIVERO;0,00;$;2;SOFTYS ARGENTINA S.A;0,00000000;0,00;Contado;07-10-2026 08:13;;SUSSEX;Softy;;SOFTY;ROLLO DE COCINA;LAGO PUELO;PAPEL;;;25;JOHANA VIGIL;AXUM;;SOFTYS;False;133192;1;Lista General;ALMACEN - A;43798;05-10-2026;759-GABRIEL PEREZ;SOFTYS;1;0,00000000;22612,61
849;"GALICIA 402";Avellaneda;2026-10-06;06-10-2026;05-10-2026;FAC-A0002-00011591;Venta;ELEBES;1505688;1,00;15533,64;18795,70;GÛmez Fleitas blasida;;5,00 %;24;Cecilia Gauchez;241;RC Sussex clasico mas blanco 50px3/10;15533,64;3441;"";ALMACEN;ALMACEN;12112,00;HERNAN RIVERO;817,56;$;2;SOFTYS ARGENTINA S.A;0,00000000;0,00;Contado;07-10-2026 08:13;;SUSSEX;Softy;;SOFTY;ROLLO DE COCINA;LAGO PUELO;PAPEL;83;;25;JOHANA VIGIL;AXUM;;SOFTYS;False;133192;1;Lista General;ALMACEN - A;43798;05-10-2026;759-GABRIEL PEREZ;SOFTYS;1;0,00000000;15533,64
102007;"Mexico 861 0";Avellaneda;2026-10-06;06-10-2026;05-10-2026;FAC-A0002-00011592;Venta;ELEBES;1509764;1,00;0,00;0,00;Bertero Ana Isabel;;100,00 %;27;Samanta Dogliotti;271;TF NORMAL T/SUAVE EXT ALGODON 8x54;0,00;3441;"";Tradicionales;Almacen;585,27;HERNAN RIVERO;848,64;$;2;SOFTYS ARGENTINA S.A;0,00000000;0,00;Efectivo;07-10-2026 08:13;;LADYSOFT;Softy;;SOFTY;TOALLA FEMENINA;LAGO PUELO;PAPEL;65;;25;JOHANA VIGIL;AXUM;;SOFTYS;False;133248;1;Lista General;Almacen - A;43803;05-10-2026;759-GABRIEL PEREZ;SOFTYS;1;0,00000000;0,00
102007;"Mexico 861 0";Avellaneda;2026-10-06;06-10-2026;05-10-2026;FAC-A0002-00011592;Venta;ELEBES;1509764;10,00;8486,40;10268,54;Bertero Ana Isabel;;0,00 %;27;Samanta Dogliotti;271;TF NORMAL T/SUAVE EXT ALGODON 8x54;848,64;3441;"";Tradicionales;Almacen;5852,70;HERNAN RIVERO;0,00;$;2;SOFTYS ARGENTINA S.A;0,00000000;0,00;Efectivo;07-10-2026 08:13;;LADYSOFT;Softy;;SOFTY;TOALLA FEMENINA;LAGO PUELO;PAPEL;;;25;JOHANA VIGIL;AXUM;;SOFTYS;False;133248;1;Lista General;Almacen - A;43803;05-10-2026;759-GABRIEL PEREZ;SOFTYS;1;0,00000000;848,64
103349;"Uruguay 998 0";Avellaneda;2026-10-06;06-10-2026;05-10-2026;FAC-A0002-00011595;Venta;ELEBES;1509764;1,00;0,00;0,00;Vera Natalia;;100,00 %;27;Samanta Dogliotti;271;TF NORMAL T/SUAVE EXT ALGODON 8x54;0,00;3441;"";Tradicionales;Almacen;585,27;HERNAN RIVERO;848,64;$;2;SOFTYS ARGENTINA S.A;0,00000000;0,00;Efectivo;07-10-2026 08:13;;LADYSOFT;Softy;;SOFTY;TOALLA FEMENINA;LAGO PUELO;PAPEL;65;;25;JOHANA VIGIL;AXUM;;SOFTYS;False;133285;1;Lista General;Almacen - A;43807;05-10-2026;759-GABRIEL PEREZ;SOFTYS;1;0,00000000;0,00
103349;"Uruguay 998 0";Avellaneda;2026-10-06;06-10-2026;05-10-2026;FAC-A0002-00011595;Venta;ELEBES;1509764;10,00;8486,40;10268,54;Vera Natalia;;0,00 %;27;Samanta Dogliotti;271;TF NORMAL T/SUAVE EXT ALGODON 8x54;848,64;3441;"";Tradicionales;Almacen;5852,70;HERNAN RIVERO;0,00;$;2;SOFTYS ARGENTINA S.A;0,00000000;0,00;Efectivo;07-10-2026 08:13;;LADYSOFT;Softy;;SOFTY;TOALLA FEMENINA;LAGO PUELO;PAPEL;;;25;JOHANA VIGIL;AXUM;;SOFTYS;False;133285;1;Lista General;Almacen - A;43807;05-10-2026;759-GABRIEL PEREZ;SOFTYS;1;0,00000000;848,64
23386;"Joaquin V. Gonzalez - (AUTOSERVICIOS) 2086";ALTE BROWN;2026-10-06;06-10-2026;05-10-2026;FAC-A0002-00011597;Venta;ELEBES;1509762;12,00;14066,28;17020,20;Chen shaoqin;;0,00 %;061;Nailah Guzman;0611;TF NOCTUR EXT A 8x32;1172,19;3447;"";AUTOSERVICIO;Autoservicio A;9700,92;WALTER JANIUK;0,00;$;2;SOFTYS ARGENTINA S.A;0,00000000;0,00;Contado;07-10-2026 08:05;;LADYSOFT;Softy;;SOFTY;TOALLA FEMENINA;LAGO PUELO;PAPEL;;;300;Bruno Centurion;AXUM;;SOFTYS;False;132913;0;Lista General;Autoservicio A - A;43933;05-10-2026;5553-JORGE MONZON;SOFTYS;1;0,00000000;1172,19
23386;"Joaquin V. Gonzalez - (AUTOSERVICIOS) 2086";ALTE BROWN;2026-10-06;06-10-2026;05-10-2026;FAC-A0002-00011597;Venta;ELEBES;1509766;12,00;10989,60;13297,42;Chen shaoqin;;0,00 %;061;Nailah Guzman;0611;TF T/SECA NORMAL MAS PROTECC 8x54;915,80;3447;"";AUTOSERVICIO;Autoservicio A;7579,08;WALTER JANIUK;0,00;$;2;SOFTYS ARGENTINA S.A;0,00000000;0,00;Contado;07-10-2026 08:05;;LADYSOFT;Softy;;SOFTY;TOALLA FEMENINA;LAGO PUELO;PAPEL;;;300;Bruno Centurion;AXUM;;SOFTYS;False;132913;0;Lista General;Autoservicio A - A;43933;05-10-2026;5553-JORGE MONZON;SOFTYS;1;0,00000000;915,80
23386;"Joaquin V. Gonzalez - (AUTOSERVICIOS) 2086";ALTE BROWN;2026-10-06;06-10-2026;05-10-2026;FAC-A0002-00011597;Venta;ELEBES;1509755;12,00;14396,04;17419,21;Chen shaoqin;;0,00 %;061;Nailah Guzman;0611;TF UD T/SECA LADYSOFT ULTRA PROTECT 8;1199,67;3447;"";AUTOSERVICIO;Autoservicio A;9928,32;WALTER JANIUK;0,00;$;2;SOFTYS ARGENTINA S.A;0,00000000;0,00;Contado;07-10-2026 08:05;;LADYSOFT;Softy;;SOFTY;TOALLA FEMENINA;LAGO PUELO;PAPEL;;;300;Bruno Centurion;AXUM;;SOFTYS;False;132913;0;Lista General;Autoservicio A - A;43933;05-10-2026;5553-JORGE MONZON;SOFTYS;1;0,00000000;1199,67
23208;"JUAN A. VUCETICH ESQ. C. DEL CAMPO - (AUTOSERVICIOS) 285";LONGCHAMPS;2026-10-06;06-10-2026;05-10-2026;FAC-B0002-00016793;Venta;ELEBES;1501627;5,00;60203,52;72846,26;MARTINEZ NADIA;;10,00 %;062;Nahuel Martinez;0621;PH Higienol HS Balanced 20mx4/12;12040,70;3447;"";ALMACEN;ALMACEN;47441,70;WALTER JANIUK;1337,86;$;2;SOFTYS ARGENTINA S.A;0,00000000;0,00;Contado;07-10-2026 08:05;;HIGIENOL;Softy;;SOFTY;PAPEL HIG;LAGO PUELO;PAPEL;103;;300;Bruno Centurion;AXUM;;SOFTYS;False;132950;0;Lista General;ALMACEN - A;43939;05-10-2026;5553-JORGE MONZON;SOFTYS;1;0,00000000;12040,70
23208;"JUAN A. VUCETICH ESQ. C. DEL CAMPO - (AUTOSERVICIOS) 285";LONGCHAMPS;2026-10-06;06-10-2026;05-10-2026;FAC-B0002-00016793;Venta;ELEBES;1505688;3,00;46600,92;56387,11;MARTINEZ NADIA;;5,00 %;062;Nahuel Martinez;0621;RC Sussex clasico mas blanco 50px3/10;15533,64;3447;"";ALMACEN;ALMACEN;36336,00;WALTER JANIUK;817,56;$;2;SOFTYS ARGENTINA S.A;0,00000000;0,00;Contado;07-10-2026 08:05;;SUSSEX;Softy;;SOFTY;ROLLO DE COCINA;LAGO PUELO;PAPEL;83;;300;Bruno Centurion;AXUM;;SOFTYS;False;132950;0;Lista General;ALMACEN - A;43939;05-10-2026;5553-JORGE MONZON;SOFTYS;1;0,00000000;15533,64
23208;"JUAN A. VUCETICH ESQ. C. DEL CAMPO - (AUTOSERVICIOS) 285";LONGCHAMPS;2026-10-06;06-10-2026;05-10-2026;FAC-B0002-00016793;Venta;ELEBES;1503131;10,00;24754,60;29953,07;MARTINEZ NADIA;;0,00 %;062;Nahuel Martinez;0621;TH BABYSEC PREMIUM X45/10;2475,46;3447;"";ALMACEN;ALMACEN;17072,10;WALTER JANIUK;0,00;$;2;SOFTYS ARGENTINA S.A;0,00000000;0,00;Contado;07-10-2026 08:05;;BABYSEC;Softy;;SOFTY;TOALLA HUMEDA;LAGO PUELO;PAPEL;;;300;Bruno Centurion;AXUM;;SOFTYS;False;132950;0;Lista General;ALMACEN - A;43939;05-10-2026;5553-JORGE MONZON;SOFTYS;1;0,00000000;2475,46
23208;"JUAN A. VUCETICH ESQ. C. DEL CAMPO - (AUTOSERVICIOS) 285";LONGCHAMPS;2026-10-06;06-10-2026;05-10-2026;FAC-B0002-00016793;Venta;ELEBES;1503118;10,00;16353,60;19787,86;MARTINEZ NADIA;;0,00 %;062;Nahuel Martinez;0621;TH BABYSEC ULTRA 50/24;1635,36;3447;"";ALMACEN;ALMACEN;11278,30;WALTER JANIUK;0,00;$;2;SOFTYS ARGENTINA S.A;0,00000000;0,00;Contado;07-10-2026 08:05;;BABYSEC;;;;;;PAPEL;;;300;Bruno Centurion;AXUM;;SOFTYS;False;132950;0;Lista General;ALMACEN - A;43939;05-10-2026;5553-JORGE MONZON;SOFTYS;1;0,00000000;1635,36
23230;"ONCATIVO - (AUTOSERVICIOS) 18";BURZACO;2026-10-06;06-10-2026;05-10-2026;FAC-B0002-00016796;Venta;ELEBES;1501627;2,00;24081,41;29138,50;MARIA INES GONZALEZ;;10,00 %;062;Nahuel Martinez;0621;PH Higienol HS Balanced 20mx4/12;12040,70;3447;"";ALMACEN;ALMACEN;18976,68;WALTER JANIUK;1337,86;$;2;SOFTYS ARGENTINA S.A;0,00000000;0,00;Contado;07-10-2026 08:05;;HIGIENOL;Softy;;SOFTY;PAPEL HIG;LAGO PUELO;PAPEL;103;;300;Bruno Centurion;AXUM;;SOFTYS;False;133099;0;Lista General;ALMACEN - A;43955;05-10-2026;5553-JORGE MONZON;SOFTYS;1;0,00000000;12040,70
23858;"ALSINA - (TRADICIONAL) 380";BURZACO;2026-10-06;06-10-2026;05-10-2026;FAC-A0002-00011598;Venta;ELEBES;1501627;1,00;12040,70;14569,25;FACUNDO GUILLERMO GARBAGNATI;;10,00 %;061;Nailah Guzman;0611;PH Higienol HS Balanced 20mx4/12;12040,70;3447;"";Farmacias y PerfumerÌas;Perfumeria;9488,34;WALTER JANIUK;1337,86;$;2;SOFTYS ARGENTINA S.A;0,00000000;0,00;Contado;07-10-2026 08:05;;HIGIENOL;Softy;;SOFTY;PAPEL HIG;LAGO PUELO;PAPEL;103;;300;Bruno Centurion;AXUM;;SOFTYS;False;133115;0;Lista General;Perfumeria - A;43956;05-10-2026;5553-JORGE MONZON;SOFTYS;1;0,00000000;12040,70
23858;"ALSINA - (TRADICIONAL) 380";BURZACO;2026-10-06;06-10-2026;05-10-2026;FAC-A0002-00011598;Venta;ELEBES;1505688;1,00;15533,64;18795,70;FACUNDO GUILLERMO GARBAGNATI;;5,00 %;061;Nailah Guzman;0611;RC Sussex clasico mas blanco 50px3/10;15533,64;3447;"";Farmacias y PerfumerÌas;Perfumeria;12112,00;WALTER JANIUK;817,56;$;2;SOFTYS ARGENTINA S.A;0,00000000;0,00;Contado;07-10-2026 08:05;;SUSSEX;Softy;;SOFTY;ROLLO DE COCINA;LAGO PUELO;PAPEL;83;;300;Bruno Centurion;AXUM;;SOFTYS;False;133115;0;Lista General;Perfumeria - A;43956;05-10-2026;5553-JORGE MONZON;SOFTYS;1;0,00000000;15533,64
23200;"LAPRIDA - (TRADICIONAL) 302";LONGCHAMPS;2026-10-06;06-10-2026;05-10-2026;FAC-B0002-00016798;Venta;ELEBES;1509762;20,00;23443,80;28367,00;ROJAS ELSA;;0,00 %;062;Nahuel Martinez;0621;TF NOCTUR EXT A 8x32;1172,19;3447;"";ALMACEN;ALMACEN;16168,20;WALTER JANIUK;0,00;$;2;SOFTYS ARGENTINA S.A;0,00000000;0,00;Contado;07-10-2026 08:05;;LADYSOFT;Softy;;SOFTY;TOALLA FEMENINA;LAGO PUELO;PAPEL;;;300;Bruno Centurion;AXUM;;SOFTYS;False;133276;0;Lista General;ALMACEN - A;43972;05-10-2026;5553-JORGE MONZON;SOFTYS;1;0,00000000;1172,19
23200;"LAPRIDA - (TRADICIONAL) 302";LONGCHAMPS;2026-10-06;06-10-2026;05-10-2026;FAC-B0002-00016798;Venta;ELEBES;1509755;20,00;23993,40;29032,01;ROJAS ELSA;;0,00 %;062;Nahuel Martinez;0621;TF UD T/SECA LADYSOFT ULTRA PROTECT 8;1199,67;3447;"";ALMACEN;ALMACEN;16547,20;WALTER JANIUK;0,00;$;2;SOFTYS ARGENTINA S.A;0,00000000;0,00;Contado;07-10-2026 08:05;;LADYSOFT;Softy;;SOFTY;TOALLA FEMENINA;LAGO PUELO;PAPEL;;;300;Bruno Centurion;AXUM;;SOFTYS;False;133276;0;Lista General;ALMACEN - A;43972;05-10-2026;5553-JORGE MONZON;SOFTYS;1;0,00000000;1199,67
29200;"CALLE 20 ENT 159/160 - (PERFUMERIA) 5943";BERAZATEGUI;2026-10-06;06-10-2026;05-10-2026;FAC-A0006-00000254;Venta;Empresa LAGOPUELO;1503118;6,00;9812,16;11872,71;PATRICIA VARGAS RODRIGUEZ;;0,00 %;5;Eliana Huber;51;TH BABYSEC ULTRA 50/24;1635,36;3443;"Venta modificada el 2026-10-06 06:25:02";Farmacias y PerfumerÌas;Perfumeria;6766,98;JUAN ESCOTO;0,00;$;2;SOFTYS ARGENTINA S.A;0,00000000;0,00;Contado;07-10-2026 08:13;;BABYSEC;;;;;;PAPEL;;;25;JOHANA VIGIL;AXUM;;SOFTYS;False;133049;0;Lista General;Perfumeria - A;43825;05-10-2026;757-JUAN PABLO JUAREZ;SOFTYS;1;0,00000000;1635,36
29231;"amenedo 811";BURZACO;2026-10-06;06-10-2026;05-10-2026;FAC-B0006-00000281;Venta;Empresa LAGOPUELO;1503131;20,00;49509,20;59906,13;Carlos Dante de santis;;0,00 %;063;Daniel Martin;0631;TH BABYSEC PREMIUM X45/10;2475,46;3444;"Venta modificada el 2026-10-05 09:08:55";Otros;PaÒalera;34144,20;CLAUDIO GARCIA;0,00;$;2;SOFTYS ARGENTINA S.A;0,00000000;0,00;7 dÌas fecha de factura;;;BABYSEC;Softy;;SOFTY;TOALLA HUMEDA;LAGO PUELO;PAPEL;;;300;Bruno Centurion;AXUM;;SOFTYS;False;132802;1;Lista General;PaÒalera - A;43993, 43994;05-10-2026;58-ARON BOLLINI;SOFTYS;1;0,00000000;2475,46
29231;"amenedo 811";BURZACO;2026-10-06;06-10-2026;05-10-2026;FAC-B0006-00000281;Venta;Empresa LAGOPUELO;1503118;24,00;39248,64;47490,85;Carlos Dante de santis;;0,00 %;063;Daniel Martin;0631;TH BABYSEC ULTRA 50/24;1635,36;3444;"Venta modificada el 2026-10-05 09:08:55";Otros;PaÒalera;27067,92;CLAUDIO GARCIA;0,00;$;2;SOFTYS ARGENTINA S.A;0,00000000;0,00;7 dÌas fecha de factura;;;BABYSEC;;;;;;PAPEL;;;300;Bruno Centurion;AXUM;;SOFTYS;False;132802;1;Lista General;PaÒalera - A;43993, 43994;05-10-2026;58-ARON BOLLINI;SOFTYS;1;0,00000000;1635,36
29231;"amenedo 811";BURZACO;2026-10-06;06-10-2026;05-10-2026;FAC-B0006-00000281;Venta;Empresa LAGOPUELO;1503126;12,00;34975,80;42320,72;Carlos Dante de santis;;0,00 %;063;Daniel Martin;0631;TH Babysec Multiuso x 120 un;2914,65;3444;"Venta modificada el 2026-10-05 09:08:55";Otros;PaÒalera;25908,00;CLAUDIO GARCIA;0,00;$;2;SOFTYS ARGENTINA S.A;0,00000000;0,00;7 dÌas fecha de factura;;;BABYSEC;Softy;;;SOFTYS;;PAPEL;;;300;Bruno Centurion;AXUM;;SOFTYS;False;132802;1;Lista General;PaÒalera - A;43993, 43994;05-10-2026;58-ARON BOLLINI;SOFTYS;1;0,00000000;2914,65
25087;"COMB. MALVINAS - (TRADICIONAL) 2567";ADROGUE;2026-10-06;06-10-2026;02-10-2026;FAC-B0002-00016799;Venta;ELEBES;1509755;20,00;23993,40;29032,01;MARTA MURUCHI;;0,00 %;063;Daniel Martin;0635;TF UD T/SECA LADYSOFT ULTRA PROTECT 8;1199,67;3444;"";ALMACEN;ALMACEN;16547,20;CLAUDIO GARCIA;0,00;$;2;SOFTYS ARGENTINA S.A;0,00000000;0,00;Contado;;;LADYSOFT;Softy;;SOFTY;TOALLA FEMENINA;LAGO PUELO;PAPEL;;;300;Bruno Centurion;AXUM;;SOFTYS;False;132238;1;Lista General;ALMACEN - A;43977;05-10-2026;58-ARON BOLLINI;SOFTYS;1;0,00000000;1199,67
25087;"COMB. MALVINAS - (TRADICIONAL) 2567";ADROGUE;2026-10-06;06-10-2026;02-10-2026;FAC-B0002-00016799;Venta;ELEBES;1509756;10,00;23337,10;28237,89;MARTA MURUCHI;;0,00 %;063;Daniel Martin;0635;TF UD T/SECA LADYSOFT UL PRT 16u;2333,71;3444;"";ALMACEN;ALMACEN;16094,60;CLAUDIO GARCIA;0,00;$;2;SOFTYS ARGENTINA S.A;0,00000000;0,00;Contado;;;LADYSOFT;Softy;;SOFTY;TOALLA FEMENINA;LAGO PUELO;PAPEL;;;300;Bruno Centurion;AXUM;;SOFTYS;False;132238;1;Lista General;ALMACEN - A;43977;05-10-2026;58-ARON BOLLINI;SOFTYS;1;0,00000000;2333,71
25087;"COMB. MALVINAS - (TRADICIONAL) 2567";ADROGUE;2026-10-06;06-10-2026;02-10-2026;FAC-B0002-00016799;Venta;ELEBES;1509749;10,00;13004,20;15735,08;MARTA MURUCHI;;0,00 %;063;Daniel Martin;0635;PD ladysoft clasicos 20x30;1300,42;3444;"";ALMACEN;ALMACEN;8968,40;CLAUDIO GARCIA;0,00;$;2;SOFTYS ARGENTINA S.A;0,00000000;0,00;Contado;;;LADYSOFT;Softy;;SOFTY;PROTECTOR DIARIO;LAGO PUELO;PAPEL;;;300;Bruno Centurion;AXUM;;SOFTYS;False;132238;1;Lista General;ALMACEN - A;43977;05-10-2026;58-ARON BOLLINI;SOFTYS;1;0,00000000;1300,42
23571;"Francisco Cafferata - (TRADICIONAL) 1032";TURDERA;2026-10-06;06-10-2026;05-10-2026;FAC-B0002-00016800;Venta;ELEBES;1509755;6,00;7198,02;8709,60;GARCIA MIRTA;;0,00 %;063;Daniel Martin;0631;TF UD T/SECA LADYSOFT ULTRA PROTECT 8;1199,67;3444;"";ALMACEN;ALMACEN;4964,16;CLAUDIO GARCIA;0,00;$;2;SOFTYS ARGENTINA S.A;0,00000000;0,00;Contado;;;LADYSOFT;Softy;;SOFTY;TOALLA FEMENINA;LAGO PUELO;PAPEL;;;300;Bruno Centurion;AXUM;;SOFTYS;False;133073;1;Lista General;ALMACEN - A;44006;05-10-2026;58-ARON BOLLINI;SOFTYS;1;0,00000000;1199,67
23571;"Francisco Cafferata - (TRADICIONAL) 1032";TURDERA;2026-10-06;06-10-2026;05-10-2026;FAC-B0002-00016800;Venta;ELEBES;1509758;6,00;6694,44;8100,27;GARCIA MIRTA;;0,00 %;063;Daniel Martin;0631;TF UD T/SUAVE EXT ALGO 8X40;1115,74;3444;"";ALMACEN;ALMACEN;4616,88;CLAUDIO GARCIA;0,00;$;2;SOFTYS ARGENTINA S.A;0,00000000;0,00;Contado;;;LADYSOFT;Softy;;SOFTY;TOALLA FEMENINA;LAGO PUELO;PAPEL;;;300;Bruno Centurion;AXUM;;SOFTYS;False;133073;1;Lista General;ALMACEN - A;44006;05-10-2026;58-ARON BOLLINI;SOFTYS;1;0,00000000;1115,74
23571;"Francisco Cafferata - (TRADICIONAL) 1032";TURDERA;2026-10-06;06-10-2026;05-10-2026;FAC-B0002-00016800;Venta;ELEBES;1505496;3,00;3722,25;4503,92;GARCIA MIRTA;;0,00 %;063;Daniel Martin;0631;PO ELITE ST CON ALGODON X10 PACK 6;1240,75;3444;"";ALMACEN;ALMACEN;2567,07;CLAUDIO GARCIA;0,00;$;2;SOFTYS ARGENTINA S.A;0,00000000;0,00;Contado;;;ELITE;Softy;;SOFTY;PAÒUELOS;LAGO PUELO;PAPEL;;;300;Bruno Centurion;AXUM;;SOFTYS;False;133073;1;Lista General;ALMACEN - A;44006;05-10-2026;58-ARON BOLLINI;SOFTYS;1;0,00000000;1240,75
23565;"Florida 1214";BURZACO;2026-10-06;06-10-2026;05-10-2026;FAC-A0002-00011600;Venta;ELEBES;1501553;1,00;22551,25;27287,01;PASZCZUUK JUAN CARLOS;;15,00 %;063;Daniel Martin;0631;PH HIGIENOL DH PLUS FUSI”N 30M x4/10;22551,25;3444;"";ALMACEN;ALMACEN;17199,92;CLAUDIO GARCIA;3979,63;$;2;SOFTYS ARGENTINA S.A;0,00000000;0,00;Contado;;;HIGIENOL;Softy;;SOFTY;PAPEL HIG;LAGO PUELO;PAPEL;81;;300;Bruno Centurion;AXUM;;SOFTYS;False;133104;1;Lista General;ALMACEN - A;44013;05-10-2026;58-ARON BOLLINI;SOFTYS;1;0,00000000;22551,25
23576;"Coronel Mariano Echenaguc√≠a - (TRADICIONAL) 958";BURZACO;2026-10-06;06-10-2026;05-10-2026;FAC-A0002-00011601;Venta;ELEBES;1501627;2,00;24081,41;29138,50;HUGO CAMELINO;;10,00 %;063;Daniel Martin;0631;PH Higienol HS Balanced 20mx4/12;12040,70;3444;"";Otros;SIN SUB;18976,68;CLAUDIO GARCIA;1337,86;$;2;SOFTYS ARGENTINA S.A;0,00000000;0,00;Contado;;;HIGIENOL;Softy;;SOFTY;PAPEL HIG;LAGO PUELO;PAPEL;103;;300;Bruno Centurion;AXUM;;SOFTYS;False;133213;1;Lista General;SIN SUB - A;44020;05-10-2026;58-ARON BOLLINI;SOFTYS;1;0,00000000;12040,70
29159;"DRAGO 383";MALVINAS ARGENTINAS;2026-10-06;06-10-2026;05-10-2026;FAC-B0002-00016802;Venta;ELEBES;1501627;2,00;24081,41;29138,50;GONZALEZ MARIA;;10,00 %;063;Daniel Martin;0631;PH Higienol HS Balanced 20mx4/12;12040,70;3444;"";ALMACEN;ALMACEN;18976,68;CLAUDIO GARCIA;1337,86;$;2;SOFTYS ARGENTINA S.A;0,00000000;0,00;Contado;;;HIGIENOL;Softy;;SOFTY;PAPEL HIG;LAGO PUELO;PAPEL;103;;300;Bruno Centurion;AXUM;;SOFTYS;False;133231;1;Lista General;ALMACEN - A;44023;05-10-2026;58-ARON BOLLINI;SOFTYS;1;0,00000000;12040,70
29159;"DRAGO 383";MALVINAS ARGENTINAS;2026-10-06;06-10-2026;05-10-2026;FAC-B0002-00016802;Venta;ELEBES;1509749;3,00;3901,26;4720,52;GONZALEZ MARIA;;0,00 %;063;Daniel Martin;0631;PD ladysoft clasicos 20x30;1300,42;3444;"";ALMACEN;ALMACEN;2690,52;CLAUDIO GARCIA;0,00;$;2;SOFTYS ARGENTINA S.A;0,00000000;0,00;Contado;;;LADYSOFT;Softy;;SOFTY;PROTECTOR DIARIO;LAGO PUELO;PAPEL;;;300;Bruno Centurion;AXUM;;SOFTYS;False;133231;1;Lista General;ALMACEN - A;44023;05-10-2026;58-ARON BOLLINI;SOFTYS;1;0,00000000;1300,42
29159;"DRAGO 383";MALVINAS ARGENTINAS;2026-10-06;06-10-2026;05-10-2026;FAC-B0002-00016802;Venta;ELEBES;1503131;2,00;4950,92;5990,61;GONZALEZ MARIA;;0,00 %;063;Daniel Martin;0631;TH BABYSEC PREMIUM X45/10;2475,46;3444;"";ALMACEN;ALMACEN;3414,42;CLAUDIO GARCIA;0,00;$;2;SOFTYS ARGENTINA S.A;0,00000000;0,00;Contado;;;BABYSEC;Softy;;SOFTY;TOALLA HUMEDA;LAGO PUELO;PAPEL;;;300;Bruno Centurion;AXUM;;SOFTYS;False;133231;1;Lista General;ALMACEN - A;44023;05-10-2026;58-ARON BOLLINI;SOFTYS;1;0,00000000;2475,46
5944;"URQUIZA 1010";Ezeiza;2026-10-06;06-10-2026;05-10-2026;FAC-A0002-00011603;Venta;ELEBES;1503131;20,00;49509,20;59906,13;ZHENHAO ZHUANG;;0,00 %;075;Julieta Yegros;0751;TH BABYSEC PREMIUM X45/10;2475,46;3446;"";AUTOSERVICIO;AUTOSERVICIO;34144,20;IVAN MONTOYA;0,00;$;2;SOFTYS ARGENTINA S.A;0,00000000;0,00;Contado;07-10-2026 08:10;;BABYSEC;Softy;;SOFTY;TOALLA HUMEDA;LAGO PUELO;PAPEL;;;300;Bruno Centurion;AXUM;;SOFTYS;False;133024;0;Lista General;AUTOSERVICIO - C;44072;05-10-2026;509-LUCAS GODOY;SOFTYS;1;0,00000000;2475,46
5944;"URQUIZA 1010";Ezeiza;2026-10-06;06-10-2026;05-10-2026;FAC-A0002-00011603;Venta;ELEBES;1501627;10,00;113717,76;137598,49;ZHENHAO ZHUANG;;15,00 %;075;Julieta Yegros;0751;PH Higienol HS Balanced 20mx4/12;11371,78;3446;"";AUTOSERVICIO;AUTOSERVICIO;94883,40;IVAN MONTOYA;2006,78;$;2;SOFTYS ARGENTINA S.A;0,00000000;0,00;Contado;07-10-2026 08:10;;HIGIENOL;Softy;;SOFTY;PAPEL HIG;LAGO PUELO;PAPEL;103;;300;Bruno Centurion;AXUM;;SOFTYS;False;133024;0;Lista General;AUTOSERVICIO - C;44072;05-10-2026;509-LUCAS GODOY;SOFTYS;1;0,00000000;11371,78
5944;"URQUIZA 1010";Ezeiza;2026-10-06;06-10-2026;05-10-2026;FAC-A0002-00011603;Venta;ELEBES;1501618;4,00;76128,36;92115,32;ZHENHAO ZHUANG;;0,00 %;075;Julieta Yegros;0751;PH HIG  FRESH ALOE 30M X4/12;19032,09;3446;"";AUTOSERVICIO;AUTOSERVICIO;52502,32;IVAN MONTOYA;0,00;$;2;SOFTYS ARGENTINA S.A;0,00000000;0,00;Contado;07-10-2026 08:10;;HIGIENOL;Softy;;SOFTY;PAPEL HIG;LAGO PUELO;PAPEL;;;300;Bruno Centurion;AXUM;;SOFTYS;False;133024;0;Lista General;AUTOSERVICIO - C;44072;05-10-2026;509-LUCAS GODOY;SOFTYS;1;0,00000000;19032,09
29066;"C. GRAL BELGRANO 1415";BERNAL OESTE;2026-10-06;06-10-2026;05-10-2026;FAC-B0002-00016804;Venta;ELEBES;1501585;1,00;36501,38;44166,67;SILVIA MOLINA ;;0,00 %;056;Ezequiel Ferreira;0561;PH HIGIENOL HS MAX ALOE PANAL 80M X4;36501,38;3445;"";ALMACEN;ALMACEN;24669,76;LEONARDO SANTA CRUZ;0,00;$;2;SOFTYS ARGENTINA S.A;0,00000000;0,00;Contado;07-10-2026 08:44;;HIGIENOL;Softy;;SOFTY;PAPEL HIG;LAGO PUELO;PAPEL;;;300;Bruno Centurion;AXUM;;SOFTYS;False;132968;0;Lista General;ALMACEN - A;43853;05-10-2026;509-LUCAS GODOY;SOFTYS;1;0,00000000;36501,38
928;"CALLE 809 2734";Quilmes Oeste;2026-10-06;06-10-2026;05-10-2026;FAC-A0006-00000261;Venta;Empresa LAGOPUELO;1509749;60,00;60321,96;72989,57;Guzman Ruben;;5,00 %;076;Martin Di Giorno;0761;PD ladysoft clasicos 20x30;1005,37;3445;"Venta modificada el 2026-10-06 06:40:22";Mayoristas Perfumeros;Mayoristas Perfumeros;53810,40;LEONARDO SANTA CRUZ;52,91;$;2;SOFTYS ARGENTINA S.A;0,00000000;0,00;Contado;07-10-2026 08:44;;LADYSOFT;Softy;;SOFTY;PROTECTOR DIARIO;LAGO PUELO;PAPEL;;;300;Bruno Centurion;AXUM;;SOFTYS;False;133048;0;Mayorista;Mayoristas Perfumeros - A;43864;05-10-2026;509-LUCAS GODOY;SOFTYS;1;0,00000000;1005,37
928;"CALLE 809 2734";Quilmes Oeste;2026-10-06;06-10-2026;05-10-2026;FAC-A0006-00000261;Venta;Empresa LAGOPUELO;1509750;20,00;52886,50;63992,67;Guzman Ruben;;5,00 %;076;Martin Di Giorno;0761;PD LADYSOFT CLASICOS 56x10;2644,33;3445;"Venta modificada el 2026-10-06 06:40:22";Mayoristas Perfumeros;Mayoristas Perfumeros;47178,00;LEONARDO SANTA CRUZ;139,18;$;2;SOFTYS ARGENTINA S.A;0,00000000;0,00;Contado;07-10-2026 08:44;;LADYSOFT;Softy;;SOFTY;PROTECTOR DIARIO;LAGO PUELO;PAPEL;;;300;Bruno Centurion;AXUM;;SOFTYS;False;133048;0;Mayorista;Mayoristas Perfumeros - A;43864;05-10-2026;509-LUCAS GODOY;SOFTYS;1;0,00000000;2644,33
928;"CALLE 809 2734";Quilmes Oeste;2026-10-06;06-10-2026;05-10-2026;FAC-A0006-00000261;Venta;Empresa LAGOPUELO;1509758;80,00;69006,48;83497,84;Guzman Ruben;;5,00 %;076;Martin Di Giorno;0761;TF UD T/SUAVE EXT ALGO 8X40;862,58;3445;"Venta modificada el 2026-10-06 06:40:22";Mayoristas Perfumeros;Mayoristas Perfumeros;61558,40;LEONARDO SANTA CRUZ;45,40;$;2;SOFTYS ARGENTINA S.A;0,00000000;0,00;Contado;07-10-2026 08:44;;LADYSOFT;Softy;;SOFTY;TOALLA FEMENINA;LAGO PUELO;PAPEL;;;300;Bruno Centurion;AXUM;;SOFTYS;False;133048;0;Mayorista;Mayoristas Perfumeros - A;43864;05-10-2026;509-LUCAS GODOY;SOFTYS;1;0,00000000;862,58
928;"CALLE 809 2734";Quilmes Oeste;2026-10-06;06-10-2026;05-10-2026;FAC-A0006-00000261;Venta;Empresa LAGOPUELO;1509759;40,00;65890,48;79727,48;Guzman Ruben;;5,00 %;076;Martin Di Giorno;0761;TF UD T/SUAVE EXT ALG 16x20;1647,26;3445;"Venta modificada el 2026-10-06 06:40:22";Mayoristas Perfumeros;Mayoristas Perfumeros;58778,00;LEONARDO SANTA CRUZ;86,70;$;2;SOFTYS ARGENTINA S.A;0,00000000;0,00;Contado;07-10-2026 08:44;;LADYSOFT;Softy;;SOFTY;TOALLA FEMENINA;LAGO PUELO;PAPEL;;;300;Bruno Centurion;AXUM;;SOFTYS;False;133048;0;Mayorista;Mayoristas Perfumeros - A;43864;05-10-2026;509-LUCAS GODOY;SOFTYS;1;0,00000000;1647,26
928;"CALLE 809 2734";Quilmes Oeste;2026-10-06;06-10-2026;05-10-2026;FAC-A0006-00000261;Venta;Empresa LAGOPUELO;1509762;128,00;115996,67;140355,97;Guzman Ruben;;5,00 %;076;Martin Di Giorno;0761;TF NOCTUR EXT A 8x32;906,22;3445;"Venta modificada el 2026-10-06 06:40:22";Mayoristas Perfumeros;Mayoristas Perfumeros;103476,48;LEONARDO SANTA CRUZ;47,70;$;2;SOFTYS ARGENTINA S.A;0,00000000;0,00;Contado;07-10-2026 08:44;;LADYSOFT;Softy;;SOFTY;TOALLA FEMENINA;LAGO PUELO;PAPEL;;;300;Bruno Centurion;AXUM;;SOFTYS;False;133048;0;Mayorista;Mayoristas Perfumeros - A;43864;05-10-2026;509-LUCAS GODOY;SOFTYS;1;0,00000000;906,22
928;"CALLE 809 2734";Quilmes Oeste;2026-10-06;06-10-2026;05-10-2026;FAC-A0006-00000261;Venta;Empresa LAGOPUELO;1509763;64,00;112072,03;135607,16;Guzman Ruben;;5,00 %;076;Martin Di Giorno;0761;TF Nocturna EXT ALGODON 16X16;1751,13;3445;"Venta modificada el 2026-10-06 06:40:22";Mayoristas Perfumeros;Mayoristas Perfumeros;99975,04;LEONARDO SANTA CRUZ;92,16;$;2;SOFTYS ARGENTINA S.A;0,00000000;0,00;Contado;07-10-2026 08:44;;LADYSOFT;Softy;;SOFTY;TOALLA FEMENINA;LAGO PUELO;PAPEL;;;300;Bruno Centurion;AXUM;;SOFTYS;False;133048;0;Mayorista;Mayoristas Perfumeros - A;43864;05-10-2026;509-LUCAS GODOY;SOFTYS;1;0,00000000;1751,13
928;"CALLE 809 2734";Quilmes Oeste;2026-10-06;06-10-2026;05-10-2026;FAC-A0006-00000261;Venta;Empresa LAGOPUELO;1509756;180,00;324756,36;392955,20;Guzman Ruben;;5,00 %;076;Martin Di Giorno;0761;TF UD T/SECA LADYSOFT UL PRT 16u;1804,20;3445;"Venta modificada el 2026-10-06 06:40:22";Mayoristas Perfumeros;Mayoristas Perfumeros;289702,80;LEONARDO SANTA CRUZ;94,96;$;2;SOFTYS ARGENTINA S.A;0,00000000;0,00;Contado;07-10-2026 08:44;;LADYSOFT;Softy;;SOFTY;TOALLA FEMENINA;LAGO PUELO;PAPEL;;;300;Bruno Centurion;AXUM;;SOFTYS;False;133048;0;Mayorista;Mayoristas Perfumeros - A;43864;05-10-2026;509-LUCAS GODOY;SOFTYS;1;0,00000000;1804,20
5212;"LORENZINI 1845";FLORENCIO VARELA;2026-10-06;05-10-2026;06-10-2026;NCR-A0006-00000036;DevoluciÛn por Rechazo;Empresa LAGOPUELO;1509761;-6,00;-4771,32;-5773,30;PATRICIA LILIANA RUIZ;SIN DINERO;0,00 %;6;Nieves Alegre;65;TF LADYSOFT COMFORT EXT ALGODON 8x54;795,22;3428;"";AUTOSERVICIO;AUTOSERVICIO;-3290,58;CLAUDIO GARCIA;0,00;$;2;SOFTYS ARGENTINA S.A;0,00000000;0,00;Contado;06-10-2026 08:59;;LADYSOFT;Softy;;SOFTY;TOALLA FEMENINA;LAGO PUELO;PAPEL;;;25;JOHANA VIGIL;Gescom;FAC-A0006-00000246;;True;133389;0;Lista General;AUTOSERVICIO - A;;01-01-2000;;SOFTYS;1;0,00000000;795,22
5212;"LORENZINI 1845";FLORENCIO VARELA;2026-10-06;05-10-2026;06-10-2026;NCR-A0006-00000036;DevoluciÛn por Rechazo;Empresa LAGOPUELO;1509762;-6,00;-7033,14;-8510,10;PATRICIA LILIANA RUIZ;SIN DINERO;0,00 %;6;Nieves Alegre;65;TF NOCTUR EXT A 8x32;1172,19;3428;"";AUTOSERVICIO;AUTOSERVICIO;-4850,46;CLAUDIO GARCIA;0,00;$;2;SOFTYS ARGENTINA S.A;0,00000000;0,00;Contado;06-10-2026 08:59;;LADYSOFT;Softy;;SOFTY;TOALLA FEMENINA;LAGO PUELO;PAPEL;;;25;JOHANA VIGIL;Gescom;FAC-A0006-00000246;;True;133389;0;Lista General;AUTOSERVICIO - A;;01-01-2000;;SOFTYS;1;0,00000000;1172,19
5212;"LORENZINI 1845";FLORENCIO VARELA;2026-10-06;05-10-2026;06-10-2026;NCR-A0006-00000036;DevoluciÛn por Rechazo;Empresa LAGOPUELO;1501553;-1,00;-22551,25;-27287,01;PATRICIA LILIANA RUIZ;SIN DINERO;15,00 %;6;Nieves Alegre;65;PH HIGIENOL DH PLUS FUSI”N 30M x4/10;22551,25;3428;"";AUTOSERVICIO;AUTOSERVICIO;-17199,92;CLAUDIO GARCIA;3979,63;$;2;SOFTYS ARGENTINA S.A;0,00000000;0,00;Contado;06-10-2026 08:59;;HIGIENOL;Softy;;SOFTY;PAPEL HIG;LAGO PUELO;PAPEL;81;;25;JOHANA VIGIL;Gescom;FAC-A0006-00000246;;True;133389;0;Lista General;AUTOSERVICIO - A;;01-01-2000;;SOFTYS;1;0,00000000;22551,25
2717;"GORRITI 850";FLORENCIO VARELA;2026-10-06;05-10-2026;06-10-2026;NCR-B0002-00005650;DevoluciÛn por Rechazo;ELEBES;1509766;-20,00;-16955,60;-20516,28;EDUARDO ALBERTO CACERES;CERRADO DENTRO DE HORARIO;0,00 %;6;Nieves Alegre;65;TF T/SECA NORMAL MAS PROTECC 8x54;847,78;3428;"";ALMACEN;ALMACEN;-12631,80;CLAUDIO GARCIA;0,00;$;2;SOFTYS ARGENTINA S.A;0,00000000;0,00;Contado;06-10-2026 08:59;;LADYSOFT;Softy;;SOFTY;TOALLA FEMENINA;LAGO PUELO;PAPEL;;;25;JOHANA VIGIL;Gescom;FAC-B0002-00016750;;True;133391;0;Lista General;ALMACEN - A;;01-01-2000;;SOFTYS;1;0,00000000;847,78
2717;"GORRITI 850";FLORENCIO VARELA;2026-10-06;05-10-2026;06-10-2026;NCR-B0002-00005650;DevoluciÛn por Rechazo;ELEBES;1509764;-20,00;-15690,40;-18985,38;EDUARDO ALBERTO CACERES;CERRADO DENTRO DE HORARIO;0,00 %;6;Nieves Alegre;65;TF NORMAL T/SUAVE EXT ALGODON 8x54;784,52;3428;"";ALMACEN;ALMACEN;-11705,40;CLAUDIO GARCIA;0,00;$;2;SOFTYS ARGENTINA S.A;0,00000000;0,00;Contado;06-10-2026 08:59;;LADYSOFT;Softy;;SOFTY;TOALLA FEMENINA;LAGO PUELO;PAPEL;;;25;JOHANA VIGIL;Gescom;FAC-B0002-00016750;;True;133391;0;Lista General;ALMACEN - A;;01-01-2000;;SOFTYS;1;0,00000000;784,52
2717;"GORRITI 850";FLORENCIO VARELA;2026-10-06;05-10-2026;06-10-2026;NCR-B0002-00005650;DevoluciÛn por Rechazo;ELEBES;1509764;-2,00;0,00;0,00;EDUARDO ALBERTO CACERES;CERRADO DENTRO DE HORARIO;100,00 %;6;Nieves Alegre;65;TF NORMAL T/SUAVE EXT ALGODON 8x54;0,00;3428;"";ALMACEN;ALMACEN;-1170,54;CLAUDIO GARCIA;784,52;$;2;SOFTYS ARGENTINA S.A;0,00000000;0,00;Contado;06-10-2026 08:59;;LADYSOFT;Softy;;SOFTY;TOALLA FEMENINA;LAGO PUELO;PAPEL;65;;25;JOHANA VIGIL;Gescom;FAC-B0002-00016750;;True;133391;0;Lista General;ALMACEN - A;;01-01-2000;;SOFTYS;1;0,00000000;0,00
2717;"GORRITI 850";FLORENCIO VARELA;2026-10-06;05-10-2026;06-10-2026;NCR-B0002-00005651;DevoluciÛn por Rechazo;ELEBES;1509766;-10,00;-9158,00;-11081,18;EDUARDO ALBERTO CACERES;CERRADO DENTRO DE HORARIO;0,00 %;6;Nieves Alegre;65;TF T/SECA NORMAL MAS PROTECC 8x54;915,80;3428;"";ALMACEN;ALMACEN;-6315,90;CLAUDIO GARCIA;0,00;$;2;SOFTYS ARGENTINA S.A;0,00000000;0,00;Contado;06-10-2026 08:59;;LADYSOFT;Softy;;SOFTY;TOALLA FEMENINA;LAGO PUELO;PAPEL;;;25;JOHANA VIGIL;Gescom;FAC-B0002-00016753;;True;133392;0;Lista General;ALMACEN - A;;01-01-2000;;SOFTYS;1;0,00000000;915,80
2717;"GORRITI 850";FLORENCIO VARELA;2026-10-06;05-10-2026;06-10-2026;NCR-B0002-00005651;DevoluciÛn por Rechazo;ELEBES;1509764;-10,00;-8486,40;-10268,54;EDUARDO ALBERTO CACERES;CERRADO DENTRO DE HORARIO;0,00 %;6;Nieves Alegre;65;TF NORMAL T/SUAVE EXT ALGODON 8x54;848,64;3428;"";ALMACEN;ALMACEN;-5852,70;CLAUDIO GARCIA;0,00;$;2;SOFTYS ARGENTINA S.A;0,00000000;0,00;Contado;06-10-2026 08:59;;LADYSOFT;Softy;;SOFTY;TOALLA FEMENINA;LAGO PUELO;PAPEL;;;25;JOHANA VIGIL;Gescom;FAC-B0002-00016753;;True;133392;0;Lista General;ALMACEN - A;;01-01-2000;;SOFTYS;1;0,00000000;848,64
2717;"GORRITI 850";FLORENCIO VARELA;2026-10-06;05-10-2026;06-10-2026;NCR-B0002-00005651;DevoluciÛn por Rechazo;ELEBES;1509761;-10,00;-7952,20;-9622,16;EDUARDO ALBERTO CACERES;CERRADO DENTRO DE HORARIO;0,00 %;6;Nieves Alegre;65;TF LADYSOFT COMFORT EXT ALGODON 8x54;795,22;3428;"";ALMACEN;ALMACEN;-5484,30;CLAUDIO GARCIA;0,00;$;2;SOFTYS ARGENTINA S.A;0,00000000;0,00;Contado;06-10-2026 08:59;;LADYSOFT;Softy;;SOFTY;TOALLA FEMENINA;LAGO PUELO;PAPEL;;;25;JOHANA VIGIL;Gescom;FAC-B0002-00016753;;True;133392;0;Lista General;ALMACEN - A;;01-01-2000;;SOFTYS;1;0,00000000;795,22
2717;"GORRITI 850";FLORENCIO VARELA;2026-10-06;05-10-2026;06-10-2026;NCR-B0002-00005651;DevoluciÛn por Rechazo;ELEBES;1509764;-1,00;0,00;0,00;EDUARDO ALBERTO CACERES;CERRADO DENTRO DE HORARIO;100,00 %;6;Nieves Alegre;65;TF NORMAL T/SUAVE EXT ALGODON 8x54;0,00;3428;"";ALMACEN;ALMACEN;-585,27;CLAUDIO GARCIA;848,64;$;2;SOFTYS ARGENTINA S.A;0,00000000;0,00;Contado;06-10-2026 08:59;;LADYSOFT;Softy;;SOFTY;TOALLA FEMENINA;LAGO PUELO;PAPEL;65;;25;JOHANA VIGIL;Gescom;FAC-B0002-00016753;;True;133392;0;Lista General;ALMACEN - A;;01-01-2000;;SOFTYS;1;0,00000000;0,00
1743;"CALLE 2 502";BERAZATEGUI;2026-10-06;05-10-2026;06-10-2026;NCR-B0002-00005653;DevoluciÛn por Rechazo;ELEBES;1509749;-6,00;-7802,52;-9441,05;OJEDA MARIA;NO QUIERE EL CLIENTE;0,00 %;5;Eliana Huber;55;PD ladysoft clasicos 20x30;1300,42;3428;"";KIOSCO;KIOSCO;-5381,04;CLAUDIO GARCIA;0,00;$;2;SOFTYS ARGENTINA S.A;0,00000000;0,00;Contado;06-10-2026 08:59;;LADYSOFT;Softy;;SOFTY;PROTECTOR DIARIO;LAGO PUELO;PAPEL;;;25;JOHANA VIGIL;Gescom;FAC-B0002-00016759;;True;133396;0;Lista General;KIOSCO - A;;01-01-2000;;SOFTYS;1;0,00000000;1300,42
3492;"LAMADRID 1352";Quilmes;2026-10-07;07-10-2026;06-10-2026;FAC-A0001-00343657;Venta;LAGOPUELO S.A;1503118;24,00;39248,64;47490,85;LIN XIUJUAN;;0,00 %;054;Leonel Caruso;0542;TH BABYSEC ULTRA 50/24;1635,36;3459;"";AUTOSERVICIO;AUTOSERVICIO;27067,92;LEONARDO SANTA CRUZ;0,00;$;2;SOFTYS ARGENTINA S.A;0,00000000;0,00;Contado;;;BABYSEC;;;;;;PAPEL;;;300;Bruno Centurion;AXUM;;SOFTYS;False;133458;1;Lista General;AUTOSERVICIO - A;44482;06-10-2026;5553-JORGE MONZON;SOFTYS;1;0,00000000;1635,36
35916;"Jose  Lopez 167 0";BERNAL ;2026-10-07;07-10-2026;06-10-2026;FAC-A0001-00343659;Venta;LAGOPUELO S.A;1509762;32,00;37510,08;45387,20;Super Fare 1969;;0,00 %;053;Verona Abati;0532;TF NOCTUR EXT A 8x32;1172,19;3459;"";AUTOSERVICIO;AUTOSERVICIO;25869,12;LEONARDO SANTA CRUZ;0,00;$;2;SOFTYS ARGENTINA S.A;0,00000000;0,00;Efectivo;;;LADYSOFT;Softy;;SOFTY;TOALLA FEMENINA;LAGO PUELO;PAPEL;;;300;Bruno Centurion;AXUM;;SOFTYS;False;133511;1;Lista General;AUTOSERVICIO - A;44485;06-10-2026;5553-JORGE MONZON;SOFTYS;1;0,00000000;1172,19
35916;"Jose  Lopez 167 0";BERNAL ;2026-10-07;07-10-2026;06-10-2026;FAC-A0001-00343659;Venta;LAGOPUELO S.A;1503131;10,00;24754,60;29953,07;Super Fare 1969;;0,00 %;053;Verona Abati;0532;TH BABYSEC PREMIUM X45/10;2475,46;3459;"";AUTOSERVICIO;AUTOSERVICIO;17072,10;LEONARDO SANTA CRUZ;0,00;$;2;SOFTYS ARGENTINA S.A;0,00000000;0,00;Efectivo;;;BABYSEC;Softy;;SOFTY;TOALLA HUMEDA;LAGO PUELO;PAPEL;;;300;Bruno Centurion;AXUM;;SOFTYS;False;133511;1;Lista General;AUTOSERVICIO - A;44485;06-10-2026;5553-JORGE MONZON;SOFTYS;1;0,00000000;2475,46
23837;"AV. DARDO ROCHA - (AUTOSERVICIOS) 23";BERNAL ESTE;2026-10-07;07-10-2026;06-10-2026;FAC-A0001-00343662;Venta;LAGOPUELO S.A;1504079;15,00;32917,59;39830,28;XU DONG;;10,00 %;054;Leonel Caruso;0542;PL BABYSEC ULTRASOFT XXG 8/15;2194,51;3459;"";AUTOSERVICIO;Autoservicio B;27092,70;LEONARDO SANTA CRUZ;243,83;$;2;SOFTYS ARGENTINA S.A;0,00000000;0,00;Contado;;;BABYSEC;Softy;;SOFTY;PAÒAL;LAGO PUELO;PAPEL;;;300;Bruno Centurion;AXUM;;SOFTYS;False;133527;1;Lista General;Autoservicio B - A;44489;06-10-2026;5553-JORGE MONZON;SOFTYS;1;0,00000000;2194,51
23837;"AV. DARDO ROCHA - (AUTOSERVICIOS) 23";BERNAL ESTE;2026-10-07;07-10-2026;06-10-2026;FAC-A0001-00343662;Venta;LAGOPUELO S.A;1505496;35,00;43426,25;52545,76;XU DONG;;0,00 %;054;Leonel Caruso;0542;PO ELITE ST CON ALGODON X10 PACK 6;1240,75;3459;"";AUTOSERVICIO;Autoservicio B;29949,15;LEONARDO SANTA CRUZ;0,00;$;2;SOFTYS ARGENTINA S.A;0,00000000;0,00;Contado;;;ELITE;Softy;;SOFTY;PAÒUELOS;LAGO PUELO;PAPEL;;;300;Bruno Centurion;AXUM;;SOFTYS;False;133527;1;Lista General;Autoservicio B - A;44489;06-10-2026;5553-JORGE MONZON;SOFTYS;1;0,00000000;1240,75
23837;"AV. DARDO ROCHA - (AUTOSERVICIOS) 23";BERNAL ESTE;2026-10-07;07-10-2026;06-10-2026;FAC-A0001-00343662;Venta;LAGOPUELO S.A;1503131;10,00;24754,60;29953,07;XU DONG;;0,00 %;054;Leonel Caruso;0542;TH BABYSEC PREMIUM X45/10;2475,46;3459;"";AUTOSERVICIO;Autoservicio B;17072,10;LEONARDO SANTA CRUZ;0,00;$;2;SOFTYS ARGENTINA S.A;0,00000000;0,00;Contado;;;BABYSEC;Softy;;SOFTY;TOALLA HUMEDA;LAGO PUELO;PAPEL;;;300;Bruno Centurion;AXUM;;SOFTYS;False;133527;1;Lista General;Autoservicio B - A;44489;06-10-2026;5553-JORGE MONZON;SOFTYS;1;0,00000000;2475,46
22672;"PATRICIOS P/D: - (AUTOSERVICIOS) 175";BERNAL ESTE;2026-10-07;07-10-2026;06-10-2026;FAC-A0001-00343665;Venta;LAGOPUELO S.A;1509761;8,00;6361,76;7697,73;(061027) CHEN GUOFU;;0,00 %;053;Verona Abati;0532;TF LADYSOFT COMFORT EXT ALGODON 8x54;795,22;3459;"";AUTOSERVICIO;Autoservicio B;4387,44;LEONARDO SANTA CRUZ;0,00;$;2;SOFTYS ARGENTINA S.A;0,00000000;0,00;Contado;;;LADYSOFT;Softy;;SOFTY;TOALLA FEMENINA;LAGO PUELO;PAPEL;;;300;Bruno Centurion;AXUM;;SOFTYS;False;133540;1;Lista General;Autoservicio B - A;44494;06-10-2026;5553-JORGE MONZON;SOFTYS;1;0,00000000;795,22
22672;"PATRICIOS P/D: - (AUTOSERVICIOS) 175";BERNAL ESTE;2026-10-07;07-10-2026;06-10-2026;FAC-A0001-00343665;Venta;LAGOPUELO S.A;1509756;8,00;18669,68;22590,31;(061027) CHEN GUOFU;;0,00 %;053;Verona Abati;0532;TF UD T/SECA LADYSOFT UL PRT 16u;2333,71;3459;"";AUTOSERVICIO;Autoservicio B;12875,68;LEONARDO SANTA CRUZ;0,00;$;2;SOFTYS ARGENTINA S.A;0,00000000;0,00;Contado;;;LADYSOFT;Softy;;SOFTY;TOALLA FEMENINA;LAGO PUELO;PAPEL;;;300;Bruno Centurion;AXUM;;SOFTYS;False;133540;1;Lista General;Autoservicio B - A;44494;06-10-2026;5553-JORGE MONZON;SOFTYS;1;0,00000000;2333,71
22672;"PATRICIOS P/D: - (AUTOSERVICIOS) 175";BERNAL ESTE;2026-10-07;07-10-2026;06-10-2026;FAC-A0001-00343665;Venta;LAGOPUELO S.A;1509755;6,00;7198,02;8709,60;(061027) CHEN GUOFU;;0,00 %;053;Verona Abati;0532;TF UD T/SECA LADYSOFT ULTRA PROTECT 8;1199,67;3459;"";AUTOSERVICIO;Autoservicio B;4964,16;LEONARDO SANTA CRUZ;0,00;$;2;SOFTYS ARGENTINA S.A;0,00000000;0,00;Contado;;;LADYSOFT;Softy;;SOFTY;TOALLA FEMENINA;LAGO PUELO;PAPEL;;;300;Bruno Centurion;AXUM;;SOFTYS;False;133540;1;Lista General;Autoservicio B - A;44494;06-10-2026;5553-JORGE MONZON;SOFTYS;1;0,00000000;1199,67
22672;"PATRICIOS P/D: - (AUTOSERVICIOS) 175";BERNAL ESTE;2026-10-07;07-10-2026;06-10-2026;FAC-A0001-00343667;Venta;LAGOPUELO S.A;1502607;1,00;27858,59;33708,89;(061027) CHEN GUOFU;;0,00 %;053;Verona Abati;0532;PH ELITE ULTRA DH SOFT T C/ALG 30Mx4;27858,59;3459;"";AUTOSERVICIO;Autoservicio B;18637,00;LEONARDO SANTA CRUZ;0,00;$;2;SOFTYS ARGENTINA S.A;0,00000000;0,00;Contado;;;ELITE;Softy;;SOFTY;PAPEL HIG;LAGO PUELO;PAPEL;;;300;Bruno Centurion;AXUM;;SOFTYS;False;133553;1;Lista General;Autoservicio B - A;44496;06-10-2026;5553-JORGE MONZON;SOFTYS;1;0,00000000;27858,59
22672;"PATRICIOS P/D: - (AUTOSERVICIOS) 175";BERNAL ESTE;2026-10-07;07-10-2026;06-10-2026;FAC-A0001-00343667;Venta;LAGOPUELO S.A;1501585;1,00;36501,38;44166,67;(061027) CHEN GUOFU;;0,00 %;053;Verona Abati;0532;PH HIGIENOL HS MAX ALOE PANAL 80M X4;36501,38;3459;"";AUTOSERVICIO;Autoservicio B;24669,76;LEONARDO SANTA CRUZ;0,00;$;2;SOFTYS ARGENTINA S.A;0,00000000;0,00;Contado;;;HIGIENOL;Softy;;SOFTY;PAPEL HIG;LAGO PUELO;PAPEL;;;300;Bruno Centurion;AXUM;;SOFTYS;False;133553;1;Lista General;Autoservicio B - A;44496;06-10-2026;5553-JORGE MONZON;SOFTYS;1;0,00000000;36501,38
22672;"PATRICIOS P/D: - (AUTOSERVICIOS) 175";BERNAL ESTE;2026-10-07;07-10-2026;06-10-2026;FAC-A0001-00343667;Venta;LAGOPUELO S.A;1502206;1,00;26373,10;31911,45;(061027) CHEN GUOFU;;0,00 %;053;Verona Abati;0532;RC ELITE ULTRA CON ALGODON 120p x2/10;26373,10;3459;"";AUTOSERVICIO;Autoservicio B;19535,63;LEONARDO SANTA CRUZ;0,00;$;2;SOFTYS ARGENTINA S.A;0,00000000;0,00;Contado;;;ELITE;Softy;;SOFTY;ROLLO DE COCINA;LAGO PUELO;PAPEL;;;300;Bruno Centurion;AXUM;;SOFTYS;False;133553;1;Lista General;Autoservicio B - A;44496;06-10-2026;5553-JORGE MONZON;SOFTYS;1;0,00000000;26373,10
22672;"PATRICIOS P/D: - (AUTOSERVICIOS) 175";BERNAL ESTE;2026-10-07;07-10-2026;06-10-2026;FAC-A0001-00343667;Venta;LAGOPUELO S.A;1502610;1,00;24485,25;29627,15;(061027) CHEN GUOFU;;0,00 %;053;Verona Abati;0532;PH ELITE HS CLS C/ALGODON 30M X6/10;24485,25;3459;"";AUTOSERVICIO;Autoservicio B;16886,38;LEONARDO SANTA CRUZ;0,00;$;2;SOFTYS ARGENTINA S.A;0,00000000;0,00;Contado;;;ELITE;Softy;;SOFTY;PAPEL HIG;LAGO PUELO;PAPEL;;;300;Bruno Centurion;AXUM;;SOFTYS;False;133553;1;Lista General;Autoservicio B - A;44496;06-10-2026;5553-JORGE MONZON;SOFTYS;1;0,00000000;24485,25
22672;"PATRICIOS P/D: - (AUTOSERVICIOS) 175";BERNAL ESTE;2026-10-07;07-10-2026;06-10-2026;FAC-A0001-00343667;Venta;LAGOPUELO S.A;1507915;1,00;35672,58;43163,82;(061027) CHEN GUOFU;;0,00 %;053;Verona Abati;0532;PH HIGIENOL DH YAPA 50X x4 ;35672,58;3459;"";AUTOSERVICIO;Autoservicio B;24601,78;LEONARDO SANTA CRUZ;0,00;$;2;SOFTYS ARGENTINA S.A;0,00000000;0,00;Contado;;;HIGIENOL;Softy;;SOFTY;PAPEL HIG;LAGO PUELO;PAPEL;;;300;Bruno Centurion;AXUM;;SOFTYS;False;133553;1;Lista General;Autoservicio B - A;44496;06-10-2026;5553-JORGE MONZON;SOFTYS;1;0,00000000;35672,58
3058;"MORENO 516";QUILMES;2026-10-07;07-10-2026;06-10-2026;FAC-A0001-00343668;Venta;LAGOPUELO S.A;1509764;6,00;5091,84;6161,13;YAN QUIN;;0,00 %;2;Fernanda Cejas;22;TF NORMAL T/SUAVE EXT ALGODON 8x54;848,64;3459;"";AUTOSERVICIO;AUTOSERVICIO;3511,62;LEONARDO SANTA CRUZ;0,00;$;2;SOFTYS ARGENTINA S.A;0,00000000;0,00;Contado;;;LADYSOFT;Softy;;SOFTY;TOALLA FEMENINA;LAGO PUELO;PAPEL;;;25;JOHANA VIGIL;AXUM;;SOFTYS;False;133558;1;Lista General;AUTOSERVICIO - A;44498;06-10-2026;5553-JORGE MONZON;SOFTYS;1;0,00000000;848,64
3058;"MORENO 516";QUILMES;2026-10-07;07-10-2026;06-10-2026;FAC-A0001-00343668;Venta;LAGOPUELO S.A;1509766;6,00;5494,80;6648,71;YAN QUIN;;0,00 %;2;Fernanda Cejas;22;TF T/SECA NORMAL MAS PROTECC 8x54;915,80;3459;"";AUTOSERVICIO;AUTOSERVICIO;3789,54;LEONARDO SANTA CRUZ;0,00;$;2;SOFTYS ARGENTINA S.A;0,00000000;0,00;Contado;;;LADYSOFT;Softy;;SOFTY;TOALLA FEMENINA;LAGO PUELO;PAPEL;;;25;JOHANA VIGIL;AXUM;;SOFTYS;False;133558;1;Lista General;AUTOSERVICIO - A;44498;06-10-2026;5553-JORGE MONZON;SOFTYS;1;0,00000000;915,80
3058;"MORENO 516";QUILMES;2026-10-07;07-10-2026;06-10-2026;FAC-A0001-00343668;Venta;LAGOPUELO S.A;1509755;6,00;7198,02;8709,60;YAN QUIN;;0,00 %;2;Fernanda Cejas;22;TF UD T/SECA LADYSOFT ULTRA PROTECT 8;1199,67;3459;"";AUTOSERVICIO;AUTOSERVICIO;4964,16;LEONARDO SANTA CRUZ;0,00;$;2;SOFTYS ARGENTINA S.A;0,00000000;0,00;Contado;;;LADYSOFT;Softy;;SOFTY;TOALLA FEMENINA;LAGO PUELO;PAPEL;;;25;JOHANA VIGIL;AXUM;;SOFTYS;False;133558;1;Lista General;AUTOSERVICIO - A;44498;06-10-2026;5553-JORGE MONZON;SOFTYS;1;0,00000000;1199,67
3058;"MORENO 516";QUILMES;2026-10-07;07-10-2026;06-10-2026;FAC-A0001-00343668;Venta;LAGOPUELO S.A;1509758;6,00;6694,44;8100,27;YAN QUIN;;0,00 %;2;Fernanda Cejas;22;TF UD T/SUAVE EXT ALGO 8X40;1115,74;3459;"";AUTOSERVICIO;AUTOSERVICIO;4616,88;LEONARDO SANTA CRUZ;0,00;$;2;SOFTYS ARGENTINA S.A;0,00000000;0,00;Contado;;;LADYSOFT;Softy;;SOFTY;TOALLA FEMENINA;LAGO PUELO;PAPEL;;;25;JOHANA VIGIL;AXUM;;SOFTYS;False;133558;1;Lista General;AUTOSERVICIO - A;44498;06-10-2026;5553-JORGE MONZON;SOFTYS;1;0,00000000;1115,74
3058;"MORENO 516";QUILMES;2026-10-07;07-10-2026;06-10-2026;FAC-A0001-00343668;Venta;LAGOPUELO S.A;1509762;6,00;7033,14;8510,10;YAN QUIN;;0,00 %;2;Fernanda Cejas;22;TF NOCTUR EXT A 8x32;1172,19;3459;"";AUTOSERVICIO;AUTOSERVICIO;4850,46;LEONARDO SANTA CRUZ;0,00;$;2;SOFTYS ARGENTINA S.A;0,00000000;0,00;Contado;;;LADYSOFT;Softy;;SOFTY;TOALLA FEMENINA;LAGO PUELO;PAPEL;;;25;JOHANA VIGIL;AXUM;;SOFTYS;False;133558;1;Lista General;AUTOSERVICIO - A;44498;06-10-2026;5553-JORGE MONZON;SOFTYS;1;0,00000000;1172,19
3058;"MORENO 516";QUILMES;2026-10-07;07-10-2026;06-10-2026;FAC-A0001-00343668;Venta;LAGOPUELO S.A;1509749;6,00;7802,52;9441,05;YAN QUIN;;0,00 %;2;Fernanda Cejas;22;PD ladysoft clasicos 20x30;1300,42;3459;"";AUTOSERVICIO;AUTOSERVICIO;5381,04;LEONARDO SANTA CRUZ;0,00;$;2;SOFTYS ARGENTINA S.A;0,00000000;0,00;Contado;;;LADYSOFT;Softy;;SOFTY;PROTECTOR DIARIO;LAGO PUELO;PAPEL;;;25;JOHANA VIGIL;AXUM;;SOFTYS;False;133558;1;Lista General;AUTOSERVICIO - A;44498;06-10-2026;5553-JORGE MONZON;SOFTYS;1;0,00000000;1300,42
3058;"MORENO 516";QUILMES;2026-10-07;07-10-2026;06-10-2026;FAC-A0001-00343668;Venta;LAGOPUELO S.A;1501627;15,00;170576,64;206397,73;YAN QUIN;;15,00 %;2;Fernanda Cejas;22;PH Higienol HS Balanced 20mx4/12;11371,78;3459;"";AUTOSERVICIO;AUTOSERVICIO;142325,10;LEONARDO SANTA CRUZ;2006,78;$;2;SOFTYS ARGENTINA S.A;0,00000000;0,00;Contado;;;HIGIENOL;Softy;;SOFTY;PAPEL HIG;LAGO PUELO;PAPEL;103;;25;JOHANA VIGIL;AXUM;;SOFTYS;False;133558;1;Lista General;AUTOSERVICIO - A;44498;06-10-2026;5553-JORGE MONZON;SOFTYS;1;0,00000000;11371,78
3625;"NICOLAS VIDELA 179";QUILMES;2026-10-07;07-10-2026;06-10-2026;FAC-A0001-00343669;Venta;LAGOPUELO S.A;1501627;1,00;12040,70;14569,25;CASTILLO MARIA ALEJANDRA;;10,00 %;2;Fernanda Cejas;22;PH Higienol HS Balanced 20mx4/12;12040,70;3459;"";AUTOSERVICIO;AUTOSERVICIO;9488,34;LEONARDO SANTA CRUZ;1337,86;$;2;SOFTYS ARGENTINA S.A;0,00000000;0,00;Contado;;;HIGIENOL;Softy;;SOFTY;PAPEL HIG;LAGO PUELO;PAPEL;103;;25;JOHANA VIGIL;AXUM;;SOFTYS;False;133588;1;Lista General;AUTOSERVICIO - A;44500;06-10-2026;5553-JORGE MONZON;SOFTYS;1;0,00000000;12040,70
3625;"NICOLAS VIDELA 179";QUILMES;2026-10-07;07-10-2026;06-10-2026;FAC-A0001-00343669;Venta;LAGOPUELO S.A;1503131;5,00;12377,30;14976,53;CASTILLO MARIA ALEJANDRA;;0,00 %;2;Fernanda Cejas;22;TH BABYSEC PREMIUM X45/10;2475,46;3459;"";AUTOSERVICIO;AUTOSERVICIO;8536,05;LEONARDO SANTA CRUZ;0,00;$;2;SOFTYS ARGENTINA S.A;0,00000000;0,00;Contado;;;BABYSEC;Softy;;SOFTY;TOALLA HUMEDA;LAGO PUELO;PAPEL;;;25;JOHANA VIGIL;AXUM;;SOFTYS;False;133588;1;Lista General;AUTOSERVICIO - A;44500;06-10-2026;5553-JORGE MONZON;SOFTYS;1;0,00000000;2475,46
3625;"NICOLAS VIDELA 179";QUILMES;2026-10-07;07-10-2026;06-10-2026;FAC-A0001-00343669;Venta;LAGOPUELO S.A;1509766;5,00;4579,00;5540,59;CASTILLO MARIA ALEJANDRA;;0,00 %;2;Fernanda Cejas;22;TF T/SECA NORMAL MAS PROTECC 8x54;915,80;3459;"";AUTOSERVICIO;AUTOSERVICIO;3157,95;LEONARDO SANTA CRUZ;0,00;$;2;SOFTYS ARGENTINA S.A;0,00000000;0,00;Contado;;;LADYSOFT;Softy;;SOFTY;TOALLA FEMENINA;LAGO PUELO;PAPEL;;;25;JOHANA VIGIL;AXUM;;SOFTYS;False;133588;1;Lista General;AUTOSERVICIO - A;44500;06-10-2026;5553-JORGE MONZON;SOFTYS;1;0,00000000;915,80
3625;"NICOLAS VIDELA 179";QUILMES;2026-10-07;07-10-2026;06-10-2026;FAC-A0001-00343669;Venta;LAGOPUELO S.A;1509764;5,00;4243,20;5134,27;CASTILLO MARIA ALEJANDRA;;0,00 %;2;Fernanda Cejas;22;TF NORMAL T/SUAVE EXT ALGODON 8x54;848,64;3459;"";AUTOSERVICIO;AUTOSERVICIO;2926,35;LEONARDO SANTA CRUZ;0,00;$;2;SOFTYS ARGENTINA S.A;0,00000000;0,00;Contado;;;LADYSOFT;Softy;;SOFTY;TOALLA FEMENINA;LAGO PUELO;PAPEL;;;25;JOHANA VIGIL;AXUM;;SOFTYS;False;133588;1;Lista General;AUTOSERVICIO - A;44500;06-10-2026;5553-JORGE MONZON;SOFTYS;1;0,00000000;848,64
105516;"Patricios 651 0";BERNAL ;2026-10-07;07-10-2026;06-10-2026;FAC-A0001-00343671;Venta;LAGOPUELO S.A;1509766;25,00;22895,00;27702,95;Ding Ximei;;0,00 %;053;Verona Abati;0532;TF T/SECA NORMAL MAS PROTECC 8x54;915,80;3459;"";AUTOSERVICIO;AUTOSERVICIO;15789,75;LEONARDO SANTA CRUZ;0,00;$;2;SOFTYS ARGENTINA S.A;0,00000000;0,00;Efectivo;;;LADYSOFT;Softy;;SOFTY;TOALLA FEMENINA;LAGO PUELO;PAPEL;;;300;Bruno Centurion;AXUM;;SOFTYS;False;133616;1;Lista General;AUTOSERVICIO - A;44502;06-10-2026;5553-JORGE MONZON;SOFTYS;1;0,00000000;915,80
105516;"Patricios 651 0";BERNAL ;2026-10-07;07-10-2026;06-10-2026;FAC-A0001-00343671;Venta;LAGOPUELO S.A;1509762;12,00;14066,28;17020,20;Ding Ximei;;0,00 %;053;Verona Abati;0532;TF NOCTUR EXT A 8x32;1172,19;3459;"";AUTOSERVICIO;AUTOSERVICIO;9700,92;LEONARDO SANTA CRUZ;0,00;$;2;SOFTYS ARGENTINA S.A;0,00000000;0,00;Efectivo;;;LADYSOFT;Softy;;SOFTY;TOALLA FEMENINA;LAGO PUELO;PAPEL;;;300;Bruno Centurion;AXUM;;SOFTYS;False;133616;1;Lista General;AUTOSERVICIO - A;44502;06-10-2026;5553-JORGE MONZON;SOFTYS;1;0,00000000;1172,19
105516;"Patricios 651 0";BERNAL ;2026-10-07;07-10-2026;06-10-2026;FAC-A0001-00343671;Venta;LAGOPUELO S.A;1509755;25,00;29991,75;36290,02;Ding Ximei;;0,00 %;053;Verona Abati;0532;TF UD T/SECA LADYSOFT ULTRA PROTECT 8;1199,67;3459;"";AUTOSERVICIO;AUTOSERVICIO;20684,00;LEONARDO SANTA CRUZ;0,00;$;2;SOFTYS ARGENTINA S.A;0,00000000;0,00;Efectivo;;;LADYSOFT;Softy;;SOFTY;TOALLA FEMENINA;LAGO PUELO;PAPEL;;;300;Bruno Centurion;AXUM;;SOFTYS;False;133616;1;Lista General;AUTOSERVICIO - A;44502;06-10-2026;5553-JORGE MONZON;SOFTYS;1;0,00000000;1199,67
4814;"BROWN 334";QUILMES;2026-10-07;07-10-2026;06-10-2026;FAC-A0001-00343674;Venta;LAGOPUELO S.A;1501585;1,00;36501,38;44166,67;MARTRES GISELA NIEVES;;0,00 %;2;Fernanda Cejas;22;PH HIGIENOL HS MAX ALOE PANAL 80M X4;36501,38;3459;"";AUTOSERVICIO;AUTOSERVICIO;24669,76;LEONARDO SANTA CRUZ;0,00;$;2;SOFTYS ARGENTINA S.A;0,00000000;0,00;Contado;;;HIGIENOL;Softy;;SOFTY;PAPEL HIG;LAGO PUELO;PAPEL;;;25;JOHANA VIGIL;AXUM;;SOFTYS;False;133693;1;Lista General;AUTOSERVICIO - A;44508;06-10-2026;5553-JORGE MONZON;SOFTYS;1;0,00000000;36501,38
4814;"BROWN 334";QUILMES;2026-10-07;07-10-2026;06-10-2026;FAC-A0001-00343674;Venta;LAGOPUELO S.A;1501584;1,00;46504,33;56270,24;MARTRES GISELA NIEVES;;0,00 %;2;Fernanda Cejas;22;PH HIGIENOL HS MAX ALOE PANAL 100M 4x/10;46504,33;3459;"";AUTOSERVICIO;AUTOSERVICIO;32071,95;LEONARDO SANTA CRUZ;0,00;$;2;SOFTYS ARGENTINA S.A;0,00000000;0,00;Contado;;;HIGIENOL;Softy;;SOFTY;PAPEL HIG;LAGO PUELO;PAPEL;;;25;JOHANA VIGIL;AXUM;;SOFTYS;False;133693;1;Lista General;AUTOSERVICIO - A;44508;06-10-2026;5553-JORGE MONZON;SOFTYS;1;0,00000000;46504,33
4814;"BROWN 334";QUILMES;2026-10-07;07-10-2026;06-10-2026;FAC-A0001-00343674;Venta;LAGOPUELO S.A;1501553;1,00;22551,25;27287,01;MARTRES GISELA NIEVES;;15,00 %;2;Fernanda Cejas;22;PH HIGIENOL DH PLUS FUSI”N 30M x4/10;22551,25;3459;"";AUTOSERVICIO;AUTOSERVICIO;17199,92;LEONARDO SANTA CRUZ;3979,63;$;2;SOFTYS ARGENTINA S.A;0,00000000;0,00;Contado;;;HIGIENOL;Softy;;SOFTY;PAPEL HIG;LAGO PUELO;PAPEL;81;;25;JOHANA VIGIL;AXUM;;SOFTYS;False;133693;1;Lista General;AUTOSERVICIO - A;44508;06-10-2026;5553-JORGE MONZON;SOFTYS;1;0,00000000;22551,25
4814;"BROWN 334";QUILMES;2026-10-07;07-10-2026;06-10-2026;FAC-A0001-00343674;Venta;LAGOPUELO S.A;1505688;2,00;31067,28;37591,41;MARTRES GISELA NIEVES;;5,00 %;2;Fernanda Cejas;22;RC Sussex clasico mas blanco 50px3/10;15533,64;3459;"";AUTOSERVICIO;AUTOSERVICIO;24224,00;LEONARDO SANTA CRUZ;817,56;$;2;SOFTYS ARGENTINA S.A;0,00000000;0,00;Contado;;;SUSSEX;Softy;;SOFTY;ROLLO DE COCINA;LAGO PUELO;PAPEL;83;;25;JOHANA VIGIL;AXUM;;SOFTYS;False;133693;1;Lista General;AUTOSERVICIO - A;44508;06-10-2026;5553-JORGE MONZON;SOFTYS;1;0,00000000;15533,64
4814;"BROWN 334";QUILMES;2026-10-07;07-10-2026;06-10-2026;FAC-A0001-00343674;Venta;LAGOPUELO S.A;1505708;1,00;22612,61;27361,26;MARTRES GISELA NIEVES;;0,00 %;2;Fernanda Cejas;22;RC SUSEEX CLS MEGARROLO ALTO 200X1;22612,61;3459;"";AUTOSERVICIO;AUTOSERVICIO;16750,08;LEONARDO SANTA CRUZ;0,00;$;2;SOFTYS ARGENTINA S.A;0,00000000;0,00;Contado;;;SUSSEX;Softy;;SOFTY;ROLLO DE COCINA;LAGO PUELO;PAPEL;;;25;JOHANA VIGIL;AXUM;;SOFTYS;False;133693;1;Lista General;AUTOSERVICIO - A;44508;06-10-2026;5553-JORGE MONZON;SOFTYS;1;0,00000000;22612,61
4814;"BROWN 334";QUILMES;2026-10-07;07-10-2026;06-10-2026;FAC-A0001-00343674;Venta;LAGOPUELO S.A;1505776;10,00;13987,30;16924,63;MARTRES GISELA NIEVES;;0,00 %;2;Fernanda Cejas;22;SE SUSSEX HS 30X30 BLANCA X80;1398,73;3459;"";AUTOSERVICIO;AUTOSERVICIO;10361,00;LEONARDO SANTA CRUZ;0,00;$;2;SOFTYS ARGENTINA S.A;0,00000000;0,00;Contado;;;SUSSEX;Softy;;SOFTY;SERVILLETA;LAGO PUELO;PAPEL;;;25;JOHANA VIGIL;AXUM;;SOFTYS;False;133693;1;Lista General;AUTOSERVICIO - A;44508;06-10-2026;5553-JORGE MONZON;SOFTYS;1;0,00000000;1398,73
4814;"BROWN 334";QUILMES;2026-10-07;07-10-2026;06-10-2026;FAC-A0001-00343674;Venta;LAGOPUELO S.A;1509761;12,00;9542,64;11546,59;MARTRES GISELA NIEVES;;0,00 %;2;Fernanda Cejas;22;TF LADYSOFT COMFORT EXT ALGODON 8x54;795,22;3459;"";AUTOSERVICIO;AUTOSERVICIO;6581,16;LEONARDO SANTA CRUZ;0,00;$;2;SOFTYS ARGENTINA S.A;0,00000000;0,00;Contado;;;LADYSOFT;Softy;;SOFTY;TOALLA FEMENINA;LAGO PUELO;PAPEL;;;25;JOHANA VIGIL;AXUM;;SOFTYS;False;133693;1;Lista General;AUTOSERVICIO - A;44508;06-10-2026;5553-JORGE MONZON;SOFTYS;1;0,00000000;795,22
4814;"BROWN 334";QUILMES;2026-10-07;07-10-2026;06-10-2026;FAC-A0001-00343674;Venta;LAGOPUELO S.A;1509762;12,00;14066,28;17020,20;MARTRES GISELA NIEVES;;0,00 %;2;Fernanda Cejas;22;TF NOCTUR EXT A 8x32;1172,19;3459;"";AUTOSERVICIO;AUTOSERVICIO;9700,92;LEONARDO SANTA CRUZ;0,00;$;2;SOFTYS ARGENTINA S.A;0,00000000;0,00;Contado;;;LADYSOFT;Softy;;SOFTY;TOALLA FEMENINA;LAGO PUELO;PAPEL;;;25;JOHANA VIGIL;AXUM;;SOFTYS;False;133693;1;Lista General;AUTOSERVICIO - A;44508;06-10-2026;5553-JORGE MONZON;SOFTYS;1;0,00000000;1172,19
4814;"BROWN 334";QUILMES;2026-10-07;07-10-2026;06-10-2026;FAC-A0001-00343674;Venta;LAGOPUELO S.A;1509749;12,00;15605,04;18882,10;MARTRES GISELA NIEVES;;0,00 %;2;Fernanda Cejas;22;PD ladysoft clasicos 20x30;1300,42;3459;"";AUTOSERVICIO;AUTOSERVICIO;10762,08;LEONARDO SANTA CRUZ;0,00;$;2;SOFTYS ARGENTINA S.A;0,00000000;0,00;Contado;;;LADYSOFT;Softy;;SOFTY;PROTECTOR DIARIO;LAGO PUELO;PAPEL;;;25;JOHANA VIGIL;AXUM;;SOFTYS;False;133693;1;Lista General;AUTOSERVICIO - A;44508;06-10-2026;5553-JORGE MONZON;SOFTYS;1;0,00000000;1300,42
3608;"MORENO 313";Quilmes;2026-10-07;07-10-2026;06-10-2026;FAC-A0001-00343678;Venta;LAGOPUELO S.A;1509762;12,00;14066,28;17020,20;WANG JINGEIANG;;0,00 %;2;Fernanda Cejas;22;TF NOCTUR EXT A 8x32;1172,19;3459;"";AUTOSERVICIO;AUTOSERVICIO;9700,92;LEONARDO SANTA CRUZ;0,00;$;2;SOFTYS ARGENTINA S.A;0,00000000;0,00;Contado;;;LADYSOFT;Softy;;SOFTY;TOALLA FEMENINA;LAGO PUELO;PAPEL;;;25;JOHANA VIGIL;AXUM;;SOFTYS;False;133772;1;Lista General;AUTOSERVICIO - A;44513;06-10-2026;5553-JORGE MONZON;SOFTYS;1;0,00000000;1172,19
3171;"SAAVEDRA 270";Quilmes;2026-10-07;07-10-2026;06-10-2026;FAC-A0001-00343683;Venta;LAGOPUELO S.A;1501627;15,00;170576,64;206397,73;CHEN MEIJIAO;;15,00 %;2;Fernanda Cejas;22;PH Higienol HS Balanced 20mx4/12;11371,78;3459;"";AUTOSERVICIO;AUTOSERVICIO;142325,10;LEONARDO SANTA CRUZ;2006,78;$;2;SOFTYS ARGENTINA S.A;0,00000000;0,00;Contado;;;HIGIENOL;Softy;;SOFTY;PAPEL HIG;LAGO PUELO;PAPEL;103;;25;JOHANA VIGIL;AXUM;;SOFTYS;False;133815;1;Lista General;AUTOSERVICIO - A;44519;06-10-2026;5553-JORGE MONZON;SOFTYS;1;0,00000000;11371,78
3171;"SAAVEDRA 270";Quilmes;2026-10-07;07-10-2026;06-10-2026;FAC-A0001-00343683;Venta;LAGOPUELO S.A;1503118;24,00;39248,64;47490,85;CHEN MEIJIAO;;0,00 %;2;Fernanda Cejas;22;TH BABYSEC ULTRA 50/24;1635,36;3459;"";AUTOSERVICIO;AUTOSERVICIO;27067,92;LEONARDO SANTA CRUZ;0,00;$;2;SOFTYS ARGENTINA S.A;0,00000000;0,00;Contado;;;BABYSEC;;;;;;PAPEL;;;25;JOHANA VIGIL;AXUM;;SOFTYS;False;133815;1;Lista General;AUTOSERVICIO - A;44519;06-10-2026;5553-JORGE MONZON;SOFTYS;1;0,00000000;1635,36
22602;"AVELLANEDA - (AUTOSERVICIOS) 1155";BERNAL ESTE;2026-10-07;07-10-2026;06-10-2026;FAC-A0001-00343686;Venta;LAGOPUELO S.A;1509755;6,00;7198,02;8709,60;TANG JINPING;;0,00 %;054;Leonel Caruso;0542;TF UD T/SECA LADYSOFT ULTRA PROTECT 8;1199,67;3459;"";AUTOSERVICIO;Autoservicio B;4964,16;LEONARDO SANTA CRUZ;0,00;$;2;SOFTYS ARGENTINA S.A;0,00000000;0,00;Contado;;;LADYSOFT;Softy;;SOFTY;TOALLA FEMENINA;LAGO PUELO;PAPEL;;;300;Bruno Centurion;AXUM;;SOFTYS;False;133822;1;Lista General;Autoservicio B - A;44522;06-10-2026;5553-JORGE MONZON;SOFTYS;1;0,00000000;1199,67
22602;"AVELLANEDA - (AUTOSERVICIOS) 1155";BERNAL ESTE;2026-10-07;07-10-2026;06-10-2026;FAC-A0001-00343686;Venta;LAGOPUELO S.A;1509756;6,00;14002,26;16942,73;TANG JINPING;;0,00 %;054;Leonel Caruso;0542;TF UD T/SECA LADYSOFT UL PRT 16u;2333,71;3459;"";AUTOSERVICIO;Autoservicio B;9656,76;LEONARDO SANTA CRUZ;0,00;$;2;SOFTYS ARGENTINA S.A;0,00000000;0,00;Contado;;;LADYSOFT;Softy;;SOFTY;TOALLA FEMENINA;LAGO PUELO;PAPEL;;;300;Bruno Centurion;AXUM;;SOFTYS;False;133822;1;Lista General;Autoservicio B - A;44522;06-10-2026;5553-JORGE MONZON;SOFTYS;1;0,00000000;2333,71
22601;"AVELLANEDA P/D: - (AUTOSERVICIOS) 427";BERNAL ESTE;2026-10-07;07-10-2026;06-10-2026;FAC-A0001-00343688;Venta;LAGOPUELO S.A;1509759;20,00;41335,77;50016,29;wu hong da;;3,00 %;054;Leonel Caruso;0542;TF UD T/SUAVE EXT ALG 16x20;2066,79;3459;"";AUTOSERVICIO;Autoservicio B;29389,00;LEONARDO SANTA CRUZ;63,92;$;2;SOFTYS ARGENTINA S.A;0,00000000;0,00;Contado;;;LADYSOFT;Softy;;SOFTY;TOALLA FEMENINA;LAGO PUELO;PAPEL;;;300;Bruno Centurion;AXUM;;SOFTYS;False;133867;1;Lista General;Autoservicio B - A;44526;06-10-2026;5553-JORGE MONZON;SOFTYS;1;0,00000000;2066,79
22601;"AVELLANEDA P/D: - (AUTOSERVICIOS) 427";BERNAL ESTE;2026-10-07;07-10-2026;06-10-2026;FAC-A0001-00343688;Venta;LAGOPUELO S.A;1509765;27,00;43532,49;52674,32;wu hong da;;3,00 %;054;Leonel Caruso;0542;TF NORMALT/SUAVE EXT ALG 16x27;1612,31;3459;"";AUTOSERVICIO;Autoservicio B;30950,91;LEONARDO SANTA CRUZ;49,87;$;2;SOFTYS ARGENTINA S.A;0,00000000;0,00;Contado;;;LADYSOFT;Softy;;SOFTY;TOALLA FEMENINA;LAGO PUELO;PAPEL;;;300;Bruno Centurion;AXUM;;SOFTYS;False;133867;1;Lista General;Autoservicio B - A;44526;06-10-2026;5553-JORGE MONZON;SOFTYS;1;0,00000000;1612,31
22601;"AVELLANEDA P/D: - (AUTOSERVICIOS) 427";BERNAL ESTE;2026-10-07;07-10-2026;06-10-2026;FAC-A0001-00343688;Venta;LAGOPUELO S.A;1509756;20,00;45273,97;54781,51;wu hong da;;3,00 %;054;Leonel Caruso;0542;TF UD T/SECA LADYSOFT UL PRT 16u;2263,70;3459;"";AUTOSERVICIO;Autoservicio B;32189,20;LEONARDO SANTA CRUZ;70,01;$;2;SOFTYS ARGENTINA S.A;0,00000000;0,00;Contado;;;LADYSOFT;Softy;;SOFTY;TOALLA FEMENINA;LAGO PUELO;PAPEL;;;300;Bruno Centurion;AXUM;;SOFTYS;False;133867;1;Lista General;Autoservicio B - A;44526;06-10-2026;5553-JORGE MONZON;SOFTYS;1;0,00000000;2263,70
22601;"AVELLANEDA P/D: - (AUTOSERVICIOS) 427";BERNAL ESTE;2026-10-07;07-10-2026;06-10-2026;FAC-A0001-00343688;Venta;LAGOPUELO S.A;1509760;15,00;44105,56;53367,73;wu hong da;;3,00 %;054;Leonel Caruso;0542;TD UF T/Suave Ladysoft EXT ALGOD”N 24x15;2940,37;3459;"";AUTOSERVICIO;Autoservicio B;31358,40;LEONARDO SANTA CRUZ;90,94;$;2;SOFTYS ARGENTINA S.A;0,00000000;0,00;Contado;;;LADYSOFT;Softy;;SOFTY;TOALLA FEMENINA;LAGO PUELO;PAPEL;;;300;Bruno Centurion;AXUM;;SOFTYS;False;133867;1;Lista General;Autoservicio B - A;44526;06-10-2026;5553-JORGE MONZON;SOFTYS;1;0,00000000;2940,37
22601;"AVELLANEDA P/D: - (AUTOSERVICIOS) 427";BERNAL ESTE;2026-10-07;07-10-2026;06-10-2026;FAC-A0001-00343688;Venta;LAGOPUELO S.A;1509757;15,00;48501,84;58687,23;wu hong da;;3,00 %;054;Leonel Caruso;0542;TF UD T/SECA LADYSOFT UL PTEC 24u;3233,46;3459;"";AUTOSERVICIO;Autoservicio B;34484,10;LEONARDO SANTA CRUZ;100,00;$;2;SOFTYS ARGENTINA S.A;0,00000000;0,00;Contado;;;LADYSOFT;Softy;;SOFTY;TOALLA FEMENINA;LAGO PUELO;PAPEL;;;300;Bruno Centurion;AXUM;;SOFTYS;False;133867;1;Lista General;Autoservicio B - A;44526;06-10-2026;5553-JORGE MONZON;SOFTYS;1;0,00000000;3233,46
460;"CALLE 53 (entre 148 y 149. Hudson) 4873";Berazategui;2026-10-07;07-10-2026;06-10-2026;FAC-A0001-00343690;Venta;LAGOPUELO S.A;1501553;1,00;22551,25;27287,01;Sandra Stigliano;;15,00 %;052;Nicole Sosa;0522;PH HIGIENOL DH PLUS FUSI”N 30M x4/10;22551,25;3457;"";ALMACEN;ALMACEN;17199,92;JUAN ESCOTO;3979,63;$;2;SOFTYS ARGENTINA S.A;0,00000000;0,00;Efectivo;;;HIGIENOL;Softy;;SOFTY;PAPEL HIG;LAGO PUELO;PAPEL;81;;300;Bruno Centurion;AXUM;;SOFTYS;False;133499;1;Lista General;ALMACEN - A;44433;06-10-2026;757-JUAN PABLO JUAREZ;SOFTYS;1;0,00000000;22551,25
322004;"AV. 14 5184";BERAZATEGUI;2026-10-07;07-10-2026;06-10-2026;FAC-A0001-00343692;Venta;LAGOPUELO S.A;1509764;1,00;0,00;0,00;PACO MOLLO SEBASTIAN†††††††;;100,00 %;5;Eliana Huber;52;TF NORMAL T/SUAVE EXT ALGODON 8x54;0,00;3457;"";ALMACEN;ALMACEN;585,27;JUAN ESCOTO;848,64;$;2;SOFTYS ARGENTINA S.A;0,00000000;0,00;Contado;;;LADYSOFT;Softy;;SOFTY;TOALLA FEMENINA;LAGO PUELO;PAPEL;65;;25;JOHANA VIGIL;AXUM;;SOFTYS;False;133508;1;Lista General;ALMACEN - A;44434;06-10-2026;757-JUAN PABLO JUAREZ;SOFTYS;1;0,00000000;0,00
322004;"AV. 14 5184";BERAZATEGUI;2026-10-07;07-10-2026;06-10-2026;FAC-A0001-00343692;Venta;LAGOPUELO S.A;1509756;10,00;23337,10;28237,89;PACO MOLLO SEBASTIAN†††††††;;0,00 %;5;Eliana Huber;52;TF UD T/SECA LADYSOFT UL PRT 16u;2333,71;3457;"";ALMACEN;ALMACEN;16094,60;JUAN ESCOTO;0,00;$;2;SOFTYS ARGENTINA S.A;0,00000000;0,00;Contado;;;LADYSOFT;Softy;;SOFTY;TOALLA FEMENINA;LAGO PUELO;PAPEL;;;25;JOHANA VIGIL;AXUM;;SOFTYS;False;133508;1;Lista General;ALMACEN - A;44434;06-10-2026;757-JUAN PABLO JUAREZ;SOFTYS;1;0,00000000;2333,71
322004;"AV. 14 5184";BERAZATEGUI;2026-10-07;07-10-2026;06-10-2026;FAC-A0001-00343692;Venta;LAGOPUELO S.A;1509765;10,00;16621,80;20112,38;PACO MOLLO SEBASTIAN†††††††;;0,00 %;5;Eliana Huber;52;TF NORMALT/SUAVE EXT ALG 16x27;1662,18;3457;"";ALMACEN;ALMACEN;11463,30;JUAN ESCOTO;0,00;$;2;SOFTYS ARGENTINA S.A;0,00000000;0,00;Contado;;;LADYSOFT;Softy;;SOFTY;TOALLA FEMENINA;LAGO PUELO;PAPEL;;;25;JOHANA VIGIL;AXUM;;SOFTYS;False;133508;1;Lista General;ALMACEN - A;44434;06-10-2026;757-JUAN PABLO JUAREZ;SOFTYS;1;0,00000000;1662,18
322004;"AV. 14 5184";BERAZATEGUI;2026-10-07;07-10-2026;06-10-2026;FAC-A0001-00343692;Venta;LAGOPUELO S.A;1509762;10,00;11721,90;14183,50;PACO MOLLO SEBASTIAN†††††††;;0,00 %;5;Eliana Huber;52;TF NOCTUR EXT A 8x32;1172,19;3457;"";ALMACEN;ALMACEN;8084,10;JUAN ESCOTO;0,00;$;2;SOFTYS ARGENTINA S.A;0,00000000;0,00;Contado;;;LADYSOFT;Softy;;SOFTY;TOALLA FEMENINA;LAGO PUELO;PAPEL;;;25;JOHANA VIGIL;AXUM;;SOFTYS;False;133508;1;Lista General;ALMACEN - A;44434;06-10-2026;757-JUAN PABLO JUAREZ;SOFTYS;1;0,00000000;1172,19
322004;"AV. 14 5184";BERAZATEGUI;2026-10-07;07-10-2026;06-10-2026;FAC-A0001-00343692;Venta;LAGOPUELO S.A;1509768;8,00;7802,48;9441,00;PACO MOLLO SEBASTIAN†††††††;;0,00 %;5;Eliana Huber;52;TF NORMAL T/SUAVE PIEL SENSIBLE 8x54;975,31;3457;"";ALMACEN;ALMACEN;5381,04;JUAN ESCOTO;0,00;$;2;SOFTYS ARGENTINA S.A;0,00000000;0,00;Contado;;;LADYSOFT;Softy;;SOFTY;TOALLA FEMENINA;LAGO PUELO;PAPEL;;;25;JOHANA VIGIL;AXUM;;SOFTYS;False;133508;1;Lista General;ALMACEN - A;44434;06-10-2026;757-JUAN PABLO JUAREZ;SOFTYS;1;0,00000000;975,31
322004;"AV. 14 5184";BERAZATEGUI;2026-10-07;07-10-2026;06-10-2026;FAC-A0001-00343692;Venta;LAGOPUELO S.A;1509764;10,00;8486,40;10268,54;PACO MOLLO SEBASTIAN†††††††;;0,00 %;5;Eliana Huber;52;TF NORMAL T/SUAVE EXT ALGODON 8x54;848,64;3457;"";ALMACEN;ALMACEN;5852,70;JUAN ESCOTO;0,00;$;2;SOFTYS ARGENTINA S.A;0,00000000;0,00;Contado;;;LADYSOFT;Softy;;SOFTY;TOALLA FEMENINA;LAGO PUELO;PAPEL;;;25;JOHANA VIGIL;AXUM;;SOFTYS;False;133508;1;Lista General;ALMACEN - A;44434;06-10-2026;757-JUAN PABLO JUAREZ;SOFTYS;1;0,00000000;848,64
322004;"AV. 14 5184";BERAZATEGUI;2026-10-07;07-10-2026;06-10-2026;FAC-A0001-00343692;Venta;LAGOPUELO S.A;1509763;6,00;13590,30;16444,26;PACO MOLLO SEBASTIAN†††††††;;0,00 %;5;Eliana Huber;52;TF Nocturna EXT ALGODON 16X16;2265,05;3457;"";ALMACEN;ALMACEN;9372,66;JUAN ESCOTO;0,00;$;2;SOFTYS ARGENTINA S.A;0,00000000;0,00;Contado;;;LADYSOFT;Softy;;SOFTY;TOALLA FEMENINA;LAGO PUELO;PAPEL;;;25;JOHANA VIGIL;AXUM;;SOFTYS;False;133508;1;Lista General;ALMACEN - A;44434;06-10-2026;757-JUAN PABLO JUAREZ;SOFTYS;1;0,00000000;2265,05
322004;"AV. 14 5184";BERAZATEGUI;2026-10-07;07-10-2026;06-10-2026;FAC-A0001-00343692;Venta;LAGOPUELO S.A;1509749;6,00;7802,52;9441,05;PACO MOLLO SEBASTIAN†††††††;;0,00 %;5;Eliana Huber;52;PD ladysoft clasicos 20x30;1300,42;3457;"";ALMACEN;ALMACEN;5381,04;JUAN ESCOTO;0,00;$;2;SOFTYS ARGENTINA S.A;0,00000000;0,00;Contado;;;LADYSOFT;Softy;;SOFTY;PROTECTOR DIARIO;LAGO PUELO;PAPEL;;;25;JOHANA VIGIL;AXUM;;SOFTYS;False;133508;1;Lista General;ALMACEN - A;44434;06-10-2026;757-JUAN PABLO JUAREZ;SOFTYS;1;0,00000000;1300,42
322004;"AV. 14 5184";BERAZATEGUI;2026-10-07;07-10-2026;06-10-2026;FAC-A0001-00343692;Venta;LAGOPUELO S.A;1503118;10,00;16353,60;19787,86;PACO MOLLO SEBASTIAN†††††††;;0,00 %;5;Eliana Huber;52;TH BABYSEC ULTRA 50/24;1635,36;3457;"";ALMACEN;ALMACEN;11278,30;JUAN ESCOTO;0,00;$;2;SOFTYS ARGENTINA S.A;0,00000000;0,00;Contado;;;BABYSEC;;;;;;PAPEL;;;25;JOHANA VIGIL;AXUM;;SOFTYS;False;133508;1;Lista General;ALMACEN - A;44434;06-10-2026;757-JUAN PABLO JUAREZ;SOFTYS;1;0,00000000;1635,36
2004;"Calle 56 N 4410";Berazategui;2026-10-07;07-10-2026;06-10-2026;FAC-A0001-00343695;Venta;LAGOPUELO S.A;1509764;6,00;5091,84;6161,13;ALEJANDRO MIGUEL ANGEL;;0,00 %;052;Nicole Sosa;0522;TF NORMAL T/SUAVE EXT ALGODON 8x54;848,64;3457;"";ALMACEN;ALMACEN;3511,62;JUAN ESCOTO;0,00;$;2;SOFTYS ARGENTINA S.A;0,00000000;0,00;Contado;;;LADYSOFT;Softy;;SOFTY;TOALLA FEMENINA;LAGO PUELO;PAPEL;;;300;Bruno Centurion;AXUM;;SOFTYS;False;133521;1;Lista General;ALMACEN - A;44436;06-10-2026;757-JUAN PABLO JUAREZ;SOFTYS;1;0,00000000;848,64
2004;"Calle 56 N 4410";Berazategui;2026-10-07;07-10-2026;06-10-2026;FAC-A0001-00343695;Venta;LAGOPUELO S.A;1509766;6,00;5494,80;6648,71;ALEJANDRO MIGUEL ANGEL;;0,00 %;052;Nicole Sosa;0522;TF T/SECA NORMAL MAS PROTECC 8x54;915,80;3457;"";ALMACEN;ALMACEN;3789,54;JUAN ESCOTO;0,00;$;2;SOFTYS ARGENTINA S.A;0,00000000;0,00;Contado;;;LADYSOFT;Softy;;SOFTY;TOALLA FEMENINA;LAGO PUELO;PAPEL;;;300;Bruno Centurion;AXUM;;SOFTYS;False;133521;1;Lista General;ALMACEN - A;44436;06-10-2026;757-JUAN PABLO JUAREZ;SOFTYS;1;0,00000000;915,80
1316;"CALLE 16 5403";Berazategui;2026-10-07;07-10-2026;06-10-2026;FAC-A0001-00343698;Venta;LAGOPUELO S.A;1509761;54,00;41653,62;50400,88;MOLLMARK S.R.L.††††††††††††;;3,00 %;5;Eliana Huber;52;TF LADYSOFT COMFORT EXT ALGODON 8x54;771,36;3457;"Venta modificada el 2026-10-06 12:58:55";AUTOSERVICIO;AUTOSERVICIO;29615,22;JUAN ESCOTO;23,86;$;2;SOFTYS ARGENTINA S.A;0,00000000;0,00;Contado;;;LADYSOFT;Softy;;SOFTY;TOALLA FEMENINA;LAGO PUELO;PAPEL;;;25;JOHANA VIGIL;AXUM;;SOFTYS;False;133551;1;Lista General;AUTOSERVICIO - A;44443;06-10-2026;757-JUAN PABLO JUAREZ;SOFTYS;1;0,00000000;771,36
1316;"CALLE 16 5403";Berazategui;2026-10-07;07-10-2026;06-10-2026;FAC-A0001-00343698;Venta;LAGOPUELO S.A;1509756;20,00;45273,97;54781,51;MOLLMARK S.R.L.††††††††††††;;3,00 %;5;Eliana Huber;52;TF UD T/SECA LADYSOFT UL PRT 16u;2263,70;3457;"Venta modificada el 2026-10-06 12:58:55";AUTOSERVICIO;AUTOSERVICIO;32189,20;JUAN ESCOTO;70,01;$;2;SOFTYS ARGENTINA S.A;0,00000000;0,00;Contado;;;LADYSOFT;Softy;;SOFTY;TOALLA FEMENINA;LAGO PUELO;PAPEL;;;25;JOHANA VIGIL;AXUM;;SOFTYS;False;133551;1;Lista General;AUTOSERVICIO - A;44443;06-10-2026;757-JUAN PABLO JUAREZ;SOFTYS;1;0,00000000;2263,70
1316;"CALLE 16 5403";Berazategui;2026-10-07;07-10-2026;06-10-2026;FAC-A0001-00343698;Venta;LAGOPUELO S.A;1509764;54,00;44451,76;53786,63;MOLLMARK S.R.L.††††††††††††;;3,00 %;5;Eliana Huber;52;TF NORMAL T/SUAVE EXT ALGODON 8x54;823,18;3457;"Venta modificada el 2026-10-06 12:58:55";AUTOSERVICIO;AUTOSERVICIO;31604,58;JUAN ESCOTO;25,46;$;2;SOFTYS ARGENTINA S.A;0,00000000;0,00;Contado;;;LADYSOFT;Softy;;SOFTY;TOALLA FEMENINA;LAGO PUELO;PAPEL;;;25;JOHANA VIGIL;AXUM;;SOFTYS;False;133551;1;Lista General;AUTOSERVICIO - A;44443;06-10-2026;757-JUAN PABLO JUAREZ;SOFTYS;1;0,00000000;823,18
1351;"AV.†55 Y 148 0";Berazategui;2026-10-07;07-10-2026;06-10-2026;FAC-A0001-00343699;Venta;LAGOPUELO S.A;1505688;30,00;441482,40;534193,70;DI LUCA ARMANDO HUGO Y MARI;;10,00 %;052;Nicole Sosa;0522;RC Sussex clasico mas blanco 50px3/10;14716,08;3457;"";AUTOSERVICIO;AUTOSERVICIO;363360,00;JUAN ESCOTO;1635,12;$;2;SOFTYS ARGENTINA S.A;0,00000000;0,00;Contado;;;SUSSEX;Softy;;SOFTY;ROLLO DE COCINA;LAGO PUELO;PAPEL;83;;300;Bruno Centurion;AXUM;;SOFTYS;False;133630;1;Lista General;AUTOSERVICIO - A;44441;06-10-2026;757-JUAN PABLO JUAREZ;SOFTYS;1;0,00000000;14716,08
1351;"AV.†55 Y 148 0";Berazategui;2026-10-07;07-10-2026;06-10-2026;FAC-A0001-00343699;Venta;LAGOPUELO S.A;1509755;6,00;7198,02;8709,60;DI LUCA ARMANDO HUGO Y MARI;;0,00 %;052;Nicole Sosa;0522;TF UD T/SECA LADYSOFT ULTRA PROTECT 8;1199,67;3457;"";AUTOSERVICIO;AUTOSERVICIO;4964,16;JUAN ESCOTO;0,00;$;2;SOFTYS ARGENTINA S.A;0,00000000;0,00;Contado;;;LADYSOFT;Softy;;SOFTY;TOALLA FEMENINA;LAGO PUELO;PAPEL;;;300;Bruno Centurion;AXUM;;SOFTYS;False;133630;1;Lista General;AUTOSERVICIO - A;44441;06-10-2026;757-JUAN PABLO JUAREZ;SOFTYS;1;0,00000000;1199,67
2292;"AV. BEMBERG 5072";Berazategui;2026-10-07;07-10-2026;06-10-2026;FAC-A0001-00343700;Venta;LAGOPUELO S.A;1509764;2,00;0,00;0,00;BEMBERG SRL;;100,00 %;052;Nicole Sosa;0522;TF NORMAL T/SUAVE EXT ALGODON 8x54;0,00;3457;"";AUTOSERVICIO;AUTOSERVICIO;1170,54;JUAN ESCOTO;848,64;$;2;SOFTYS ARGENTINA S.A;0,00000000;0,00;Contado;;;LADYSOFT;Softy;;SOFTY;TOALLA FEMENINA;LAGO PUELO;PAPEL;65;;300;Bruno Centurion;AXUM;;SOFTYS;False;133682;1;Lista General;AUTOSERVICIO - A;44442;06-10-2026;757-JUAN PABLO JUAREZ;SOFTYS;1;0,00000000;0,00
2292;"AV. BEMBERG 5072";Berazategui;2026-10-07;07-10-2026;06-10-2026;FAC-A0001-00343700;Venta;LAGOPUELO S.A;1509764;24,00;20367,36;24644,51;BEMBERG SRL;;0,00 %;052;Nicole Sosa;0522;TF NORMAL T/SUAVE EXT ALGODON 8x54;848,64;3457;"";AUTOSERVICIO;AUTOSERVICIO;14046,48;JUAN ESCOTO;0,00;$;2;SOFTYS ARGENTINA S.A;0,00000000;0,00;Contado;;;LADYSOFT;Softy;;SOFTY;TOALLA FEMENINA;LAGO PUELO;PAPEL;;;300;Bruno Centurion;AXUM;;SOFTYS;False;133682;1;Lista General;AUTOSERVICIO - A;44442;06-10-2026;757-JUAN PABLO JUAREZ;SOFTYS;1;0,00000000;848,64
2292;"AV. BEMBERG 5072";Berazategui;2026-10-07;07-10-2026;06-10-2026;FAC-A0001-00343700;Venta;LAGOPUELO S.A;1509765;24,00;39892,32;48269,71;BEMBERG SRL;;0,00 %;052;Nicole Sosa;0522;TF NORMALT/SUAVE EXT ALG 16x27;1662,18;3457;"";AUTOSERVICIO;AUTOSERVICIO;27511,92;JUAN ESCOTO;0,00;$;2;SOFTYS ARGENTINA S.A;0,00000000;0,00;Contado;;;LADYSOFT;Softy;;SOFTY;TOALLA FEMENINA;LAGO PUELO;PAPEL;;;300;Bruno Centurion;AXUM;;SOFTYS;False;133682;1;Lista General;AUTOSERVICIO - A;44442;06-10-2026;757-JUAN PABLO JUAREZ;SOFTYS;1;0,00000000;1662,18
2292;"AV. BEMBERG 5072";Berazategui;2026-10-07;07-10-2026;06-10-2026;FAC-A0001-00343700;Venta;LAGOPUELO S.A;1509756;12,00;28004,52;33885,47;BEMBERG SRL;;0,00 %;052;Nicole Sosa;0522;TF UD T/SECA LADYSOFT UL PRT 16u;2333,71;3457;"";AUTOSERVICIO;AUTOSERVICIO;19313,52;JUAN ESCOTO;0,00;$;2;SOFTYS ARGENTINA S.A;0,00000000;0,00;Contado;;;LADYSOFT;Softy;;SOFTY;TOALLA FEMENINA;LAGO PUELO;PAPEL;;;300;Bruno Centurion;AXUM;;SOFTYS;False;133682;1;Lista General;AUTOSERVICIO - A;44442;06-10-2026;757-JUAN PABLO JUAREZ;SOFTYS;1;0,00000000;2333,71
2292;"AV. BEMBERG 5072";Berazategui;2026-10-07;07-10-2026;06-10-2026;FAC-A0001-00343700;Venta;LAGOPUELO S.A;1509768;24,00;23407,44;28323,00;BEMBERG SRL;;0,00 %;052;Nicole Sosa;0522;TF NORMAL T/SUAVE PIEL SENSIBLE 8x54;975,31;3457;"";AUTOSERVICIO;AUTOSERVICIO;16143,12;JUAN ESCOTO;0,00;$;2;SOFTYS ARGENTINA S.A;0,00000000;0,00;Contado;;;LADYSOFT;Softy;;SOFTY;TOALLA FEMENINA;LAGO PUELO;PAPEL;;;300;Bruno Centurion;AXUM;;SOFTYS;False;133682;1;Lista General;AUTOSERVICIO - A;44442;06-10-2026;757-JUAN PABLO JUAREZ;SOFTYS;1;0,00000000;975,31
2292;"AV. BEMBERG 5072";Berazategui;2026-10-07;07-10-2026;06-10-2026;FAC-A0001-00343700;Venta;LAGOPUELO S.A;1509759;12,00;25568,52;30937,91;BEMBERG SRL;;0,00 %;052;Nicole Sosa;0522;TF UD T/SUAVE EXT ALG 16x20;2130,71;3457;"";AUTOSERVICIO;AUTOSERVICIO;17633,40;JUAN ESCOTO;0,00;$;2;SOFTYS ARGENTINA S.A;0,00000000;0,00;Contado;;;LADYSOFT;Softy;;SOFTY;TOALLA FEMENINA;LAGO PUELO;PAPEL;;;300;Bruno Centurion;AXUM;;SOFTYS;False;133682;1;Lista General;AUTOSERVICIO - A;44442;06-10-2026;757-JUAN PABLO JUAREZ;SOFTYS;1;0,00000000;2130,71
2380;"Calle 155 N 837";Berazategui;2026-10-07;07-10-2026;06-10-2026;FAC-A0001-00343701;Venta;LAGOPUELO S.A;1509755;8,00;9597,36;11612,81;Palermo Mauro;;0,00 %;5;Eliana Huber;52;TF UD T/SECA LADYSOFT ULTRA PROTECT 8;1199,67;3457;"";AUTOSERVICIO;AUTOSERVICIO;6618,88;JUAN ESCOTO;0,00;$;2;SOFTYS ARGENTINA S.A;0,00000000;0,00;Contado;;;LADYSOFT;Softy;;SOFTY;TOALLA FEMENINA;LAGO PUELO;PAPEL;;;25;JOHANA VIGIL;AXUM;;SOFTYS;False;133745;1;Lista General;AUTOSERVICIO - A;44444;06-10-2026;757-JUAN PABLO JUAREZ;SOFTYS;1;0,00000000;1199,67
2380;"Calle 155 N 837";Berazategui;2026-10-07;07-10-2026;06-10-2026;FAC-A0001-00343701;Venta;LAGOPUELO S.A;1509749;8,00;10403,36;12588,07;Palermo Mauro;;0,00 %;5;Eliana Huber;52;PD ladysoft clasicos 20x30;1300,42;3457;"";AUTOSERVICIO;AUTOSERVICIO;7174,72;JUAN ESCOTO;0,00;$;2;SOFTYS ARGENTINA S.A;0,00000000;0,00;Contado;;;LADYSOFT;Softy;;SOFTY;PROTECTOR DIARIO;LAGO PUELO;PAPEL;;;25;JOHANA VIGIL;AXUM;;SOFTYS;False;133745;1;Lista General;AUTOSERVICIO - A;44444;06-10-2026;757-JUAN PABLO JUAREZ;SOFTYS;1;0,00000000;1300,42
2380;"Calle 155 N 837";Berazategui;2026-10-07;07-10-2026;06-10-2026;FAC-A0001-00343701;Venta;LAGOPUELO S.A;1509768;8,00;7802,48;9441,00;Palermo Mauro;;0,00 %;5;Eliana Huber;52;TF NORMAL T/SUAVE PIEL SENSIBLE 8x54;975,31;3457;"";AUTOSERVICIO;AUTOSERVICIO;5381,04;JUAN ESCOTO;0,00;$;2;SOFTYS ARGENTINA S.A;0,00000000;0,00;Contado;;;LADYSOFT;Softy;;SOFTY;TOALLA FEMENINA;LAGO PUELO;PAPEL;;;25;JOHANA VIGIL;AXUM;;SOFTYS;False;133745;1;Lista General;AUTOSERVICIO - A;44444;06-10-2026;757-JUAN PABLO JUAREZ;SOFTYS;1;0,00000000;975,31
2380;"Calle 155 N 837";Berazategui;2026-10-07;07-10-2026;06-10-2026;FAC-A0001-00343701;Venta;LAGOPUELO S.A;1509761;8,00;6361,76;7697,73;Palermo Mauro;;0,00 %;5;Eliana Huber;52;TF LADYSOFT COMFORT EXT ALGODON 8x54;795,22;3457;"";AUTOSERVICIO;AUTOSERVICIO;4387,44;JUAN ESCOTO;0,00;$;2;SOFTYS ARGENTINA S.A;0,00000000;0,00;Contado;;;LADYSOFT;Softy;;SOFTY;TOALLA FEMENINA;LAGO PUELO;PAPEL;;;25;JOHANA VIGIL;AXUM;;SOFTYS;False;133745;1;Lista General;AUTOSERVICIO - A;44444;06-10-2026;757-JUAN PABLO JUAREZ;SOFTYS;1;0,00000000;795,22
2380;"Calle 155 N 837";Berazategui;2026-10-07;07-10-2026;06-10-2026;FAC-A0001-00343701;Venta;LAGOPUELO S.A;1501618;1,00;19032,09;23028,83;Palermo Mauro;;0,00 %;5;Eliana Huber;52;PH HIG  FRESH ALOE 30M X4/12;19032,09;3457;"";AUTOSERVICIO;AUTOSERVICIO;13125,58;JUAN ESCOTO;0,00;$;2;SOFTYS ARGENTINA S.A;0,00000000;0,00;Contado;;;HIGIENOL;Softy;;SOFTY;PAPEL HIG;LAGO PUELO;PAPEL;;;25;JOHANA VIGIL;AXUM;;SOFTYS;False;133745;1;Lista General;AUTOSERVICIO - A;44444;06-10-2026;757-JUAN PABLO JUAREZ;SOFTYS;1;0,00000000;19032,09
2380;"Calle 155 N 837";Berazategui;2026-10-07;07-10-2026;06-10-2026;FAC-A0001-00343701;Venta;LAGOPUELO S.A;1501590;1,00;21356,12;25840,91;Palermo Mauro;;0,00 %;5;Eliana Huber;52;PH HIGIENOL HS  MAX 80X6;21356,12;3457;"";AUTOSERVICIO;AUTOSERVICIO;14728,36;JUAN ESCOTO;0,00;$;2;SOFTYS ARGENTINA S.A;0,00000000;0,00;Contado;;;HIGIENOL;Softy;;SOFTY;PAPEL HIG;LAGO PUELO;PAPEL;;;25;JOHANA VIGIL;AXUM;;SOFTYS;False;133745;1;Lista General;AUTOSERVICIO - A;44444;06-10-2026;757-JUAN PABLO JUAREZ;SOFTYS;1;0,00000000;21356,12
2380;"Calle 155 N 837";Berazategui;2026-10-07;07-10-2026;06-10-2026;FAC-A0001-00343701;Venta;LAGOPUELO S.A;1505776;15,00;20980,95;25386,95;Palermo Mauro;;0,00 %;5;Eliana Huber;52;SE SUSSEX HS 30X30 BLANCA X80;1398,73;3457;"";AUTOSERVICIO;AUTOSERVICIO;15541,50;JUAN ESCOTO;0,00;$;2;SOFTYS ARGENTINA S.A;0,00000000;0,00;Contado;;;SUSSEX;Softy;;SOFTY;SERVILLETA;LAGO PUELO;PAPEL;;;25;JOHANA VIGIL;AXUM;;SOFTYS;False;133745;1;Lista General;AUTOSERVICIO - A;44444;06-10-2026;757-JUAN PABLO JUAREZ;SOFTYS;1;0,00000000;1398,73
2380;"Calle 155 N 837";Berazategui;2026-10-07;07-10-2026;06-10-2026;FAC-A0001-00343701;Venta;LAGOPUELO S.A;1505708;1,00;22612,61;27361,26;Palermo Mauro;;0,00 %;5;Eliana Huber;52;RC SUSEEX CLS MEGARROLO ALTO 200X1;22612,61;3457;"";AUTOSERVICIO;AUTOSERVICIO;16750,08;JUAN ESCOTO;0,00;$;2;SOFTYS ARGENTINA S.A;0,00000000;0,00;Contado;;;SUSSEX;Softy;;SOFTY;ROLLO DE COCINA;LAGO PUELO;PAPEL;;;25;JOHANA VIGIL;AXUM;;SOFTYS;False;133745;1;Lista General;AUTOSERVICIO - A;44444;06-10-2026;757-JUAN PABLO JUAREZ;SOFTYS;1;0,00000000;22612,61
2144;"Calle 55 N 5402";Berazategui;2026-10-07;07-10-2026;06-10-2026;FAC-A0001-00343703;Venta;LAGOPUELO S.A;1501553;1,00;22551,25;27287,01;LACAVA NANCY;;15,00 %;052;Nicole Sosa;0522;PH HIGIENOL DH PLUS FUSI”N 30M x4/10;22551,25;3457;"";AUTOSERVICIO;AUTOSERVICIO;17199,92;JUAN ESCOTO;3979,63;$;2;SOFTYS ARGENTINA S.A;0,00000000;0,00;Contado;;;HIGIENOL;Softy;;SOFTY;PAPEL HIG;LAGO PUELO;PAPEL;81;;300;Bruno Centurion;AXUM;;SOFTYS;False;133750;1;Lista General;AUTOSERVICIO - A;44447;06-10-2026;757-JUAN PABLO JUAREZ;SOFTYS;1;0,00000000;22551,25
2144;"Calle 55 N 5402";Berazategui;2026-10-07;07-10-2026;06-10-2026;FAC-A0001-00343703;Venta;LAGOPUELO S.A;1501622;1,00;23319,52;28216,62;LACAVA NANCY;;0,00 %;052;Nicole Sosa;0522;PH HIG FRESH ALOE30m x6/10;23319,52;3457;"";AUTOSERVICIO;AUTOSERVICIO;16082,43;JUAN ESCOTO;0,00;$;2;SOFTYS ARGENTINA S.A;0,00000000;0,00;Contado;;;HIGIENOL;Softy;;SOFTY;PAPEL HIG;LAGO PUELO;PAPEL;;;300;Bruno Centurion;AXUM;;SOFTYS;False;133750;1;Lista General;AUTOSERVICIO - A;44447;06-10-2026;757-JUAN PABLO JUAREZ;SOFTYS;1;0,00000000;23319,52
2144;"Calle 55 N 5402";Berazategui;2026-10-07;07-10-2026;06-10-2026;FAC-A0001-00343703;Venta;LAGOPUELO S.A;1509762;12,00;14066,28;17020,20;LACAVA NANCY;;0,00 %;052;Nicole Sosa;0522;TF NOCTUR EXT A 8x32;1172,19;3457;"";AUTOSERVICIO;AUTOSERVICIO;9700,92;JUAN ESCOTO;0,00;$;2;SOFTYS ARGENTINA S.A;0,00000000;0,00;Contado;;;LADYSOFT;Softy;;SOFTY;TOALLA FEMENINA;LAGO PUELO;PAPEL;;;300;Bruno Centurion;AXUM;;SOFTYS;False;133750;1;Lista General;AUTOSERVICIO - A;44447;06-10-2026;757-JUAN PABLO JUAREZ;SOFTYS;1;0,00000000;1172,19
2144;"Calle 55 N 5402";Berazategui;2026-10-07;07-10-2026;06-10-2026;FAC-A0001-00343703;Venta;LAGOPUELO S.A;1509755;6,00;7198,02;8709,60;LACAVA NANCY;;0,00 %;052;Nicole Sosa;0522;TF UD T/SECA LADYSOFT ULTRA PROTECT 8;1199,67;3457;"";AUTOSERVICIO;AUTOSERVICIO;4964,16;JUAN ESCOTO;0,00;$;2;SOFTYS ARGENTINA S.A;0,00000000;0,00;Contado;;;LADYSOFT;Softy;;SOFTY;TOALLA FEMENINA;LAGO PUELO;PAPEL;;;300;Bruno Centurion;AXUM;;SOFTYS;False;133750;1;Lista General;AUTOSERVICIO - A;44447;06-10-2026;757-JUAN PABLO JUAREZ;SOFTYS;1;0,00000000;1199,67
2144;"Calle 55 N 5402";Berazategui;2026-10-07;07-10-2026;06-10-2026;FAC-A0001-00343703;Venta;LAGOPUELO S.A;1509761;6,00;4771,32;5773,30;LACAVA NANCY;;0,00 %;052;Nicole Sosa;0522;TF LADYSOFT COMFORT EXT ALGODON 8x54;795,22;3457;"";AUTOSERVICIO;AUTOSERVICIO;3290,58;JUAN ESCOTO;0,00;$;2;SOFTYS ARGENTINA S.A;0,00000000;0,00;Contado;;;LADYSOFT;Softy;;SOFTY;TOALLA FEMENINA;LAGO PUELO;PAPEL;;;300;Bruno Centurion;AXUM;;SOFTYS;False;133750;1;Lista General;AUTOSERVICIO - A;44447;06-10-2026;757-JUAN PABLO JUAREZ;SOFTYS;1;0,00000000;795,22
1338;"AV. MITRE 668";Berazategui;2026-10-07;07-10-2026;06-10-2026;FAC-A0001-00343705;Venta;LAGOPUELO S.A;1501627;1,00;12040,70;14569,25;Valencia Celina Ester;;10,00 %;5;Eliana Huber;52;PH Higienol HS Balanced 20mx4/12;12040,70;3457;"";AUTOSERVICIO;AUTOSERVICIO;9488,34;JUAN ESCOTO;1337,86;$;2;SOFTYS ARGENTINA S.A;0,00000000;0,00;Contado;;;HIGIENOL;Softy;;SOFTY;PAPEL HIG;LAGO PUELO;PAPEL;103;;25;JOHANA VIGIL;AXUM;;SOFTYS;False;133776;1;Lista General;AUTOSERVICIO - A;44449;06-10-2026;757-JUAN PABLO JUAREZ;SOFTYS;1;0,00000000;12040,70
1338;"AV. MITRE 668";Berazategui;2026-10-07;07-10-2026;06-10-2026;FAC-A0001-00343705;Venta;LAGOPUELO S.A;1509768;12,00;11703,72;14161,50;Valencia Celina Ester;;0,00 %;5;Eliana Huber;52;TF NORMAL T/SUAVE PIEL SENSIBLE 8x54;975,31;3457;"";AUTOSERVICIO;AUTOSERVICIO;8071,56;JUAN ESCOTO;0,00;$;2;SOFTYS ARGENTINA S.A;0,00000000;0,00;Contado;;;LADYSOFT;Softy;;SOFTY;TOALLA FEMENINA;LAGO PUELO;PAPEL;;;25;JOHANA VIGIL;AXUM;;SOFTYS;False;133776;1;Lista General;AUTOSERVICIO - A;44449;06-10-2026;757-JUAN PABLO JUAREZ;SOFTYS;1;0,00000000;975,31
1338;"AV. MITRE 668";Berazategui;2026-10-07;07-10-2026;06-10-2026;FAC-A0001-00343705;Venta;LAGOPUELO S.A;1509759;12,00;25568,52;30937,91;Valencia Celina Ester;;0,00 %;5;Eliana Huber;52;TF UD T/SUAVE EXT ALG 16x20;2130,71;3457;"";AUTOSERVICIO;AUTOSERVICIO;17633,40;JUAN ESCOTO;0,00;$;2;SOFTYS ARGENTINA S.A;0,00000000;0,00;Contado;;;LADYSOFT;Softy;;SOFTY;TOALLA FEMENINA;LAGO PUELO;PAPEL;;;25;JOHANA VIGIL;AXUM;;SOFTYS;False;133776;1;Lista General;AUTOSERVICIO - A;44449;06-10-2026;757-JUAN PABLO JUAREZ;SOFTYS;1;0,00000000;2130,71
1338;"AV. MITRE 668";Berazategui;2026-10-07;07-10-2026;06-10-2026;FAC-A0001-00343705;Venta;LAGOPUELO S.A;1509765;6,00;9973,08;12067,43;Valencia Celina Ester;;0,00 %;5;Eliana Huber;52;TF NORMALT/SUAVE EXT ALG 16x27;1662,18;3457;"";AUTOSERVICIO;AUTOSERVICIO;6877,98;JUAN ESCOTO;0,00;$;2;SOFTYS ARGENTINA S.A;0,00000000;0,00;Contado;;;LADYSOFT;Softy;;SOFTY;TOALLA FEMENINA;LAGO PUELO;PAPEL;;;25;JOHANA VIGIL;AXUM;;SOFTYS;False;133776;1;Lista General;AUTOSERVICIO - A;44449;06-10-2026;757-JUAN PABLO JUAREZ;SOFTYS;1;0,00000000;1662,18
1338;"AV. MITRE 668";Berazategui;2026-10-07;07-10-2026;06-10-2026;FAC-A0001-00343705;Venta;LAGOPUELO S.A;1509762;12,00;14066,28;17020,20;Valencia Celina Ester;;0,00 %;5;Eliana Huber;52;TF NOCTUR EXT A 8x32;1172,19;3457;"";AUTOSERVICIO;AUTOSERVICIO;9700,92;JUAN ESCOTO;0,00;$;2;SOFTYS ARGENTINA S.A;0,00000000;0,00;Contado;;;LADYSOFT;Softy;;SOFTY;TOALLA FEMENINA;LAGO PUELO;PAPEL;;;25;JOHANA VIGIL;AXUM;;SOFTYS;False;133776;1;Lista General;AUTOSERVICIO - A;44449;06-10-2026;757-JUAN PABLO JUAREZ;SOFTYS;1;0,00000000;1172,19
1338;"AV. MITRE 668";Berazategui;2026-10-07;07-10-2026;06-10-2026;FAC-A0001-00343705;Venta;LAGOPUELO S.A;1509763;6,00;13590,30;16444,26;Valencia Celina Ester;;0,00 %;5;Eliana Huber;52;TF Nocturna EXT ALGODON 16X16;2265,05;3457;"";AUTOSERVICIO;AUTOSERVICIO;9372,66;JUAN ESCOTO;0,00;$;2;SOFTYS ARGENTINA S.A;0,00000000;0,00;Contado;;;LADYSOFT;Softy;;SOFTY;TOALLA FEMENINA;LAGO PUELO;PAPEL;;;25;JOHANA VIGIL;AXUM;;SOFTYS;False;133776;1;Lista General;AUTOSERVICIO - A;44449;06-10-2026;757-JUAN PABLO JUAREZ;SOFTYS;1;0,00000000;2265,05
1338;"AV. MITRE 668";Berazategui;2026-10-07;07-10-2026;06-10-2026;FAC-A0001-00343705;Venta;LAGOPUELO S.A;1503118;6,00;9812,16;11872,71;Valencia Celina Ester;;0,00 %;5;Eliana Huber;52;TH BABYSEC ULTRA 50/24;1635,36;3457;"";AUTOSERVICIO;AUTOSERVICIO;6766,98;JUAN ESCOTO;0,00;$;2;SOFTYS ARGENTINA S.A;0,00000000;0,00;Contado;;;BABYSEC;;;;;;PAPEL;;;25;JOHANA VIGIL;AXUM;;SOFTYS;False;133776;1;Lista General;AUTOSERVICIO - A;44449;06-10-2026;757-JUAN PABLO JUAREZ;SOFTYS;1;0,00000000;1635,36
3699;"AV 14 2907";BERAZATEGUI;2026-10-07;07-10-2026;06-10-2026;FAC-A0001-00343706;Venta;LAGOPUELO S.A;1501553;2,00;45102,50;54574,02;AUTOSERVICIO KD S. A.;;15,00 %;4;Selene Pawlikowski;42;PH HIGIENOL DH PLUS FUSI”N 30M x4/10;22551,25;3457;"";AUTOSERVICIO;AUTOSERVICIO;34399,84;JUAN ESCOTO;3979,63;$;2;SOFTYS ARGENTINA S.A;0,00000000;0,00;Contado;;;HIGIENOL;Softy;;SOFTY;PAPEL HIG;LAGO PUELO;PAPEL;81;;25;JOHANA VIGIL;AXUM;;SOFTYS;False;133813;1;Lista General;AUTOSERVICIO - A;44450;06-10-2026;757-JUAN PABLO JUAREZ;SOFTYS;1;0,00000000;22551,25
3699;"AV 14 2907";BERAZATEGUI;2026-10-07;07-10-2026;06-10-2026;FAC-A0001-00343706;Venta;LAGOPUELO S.A;1501627;2,00;24081,41;29138,50;AUTOSERVICIO KD S. A.;;10,00 %;4;Selene Pawlikowski;42;PH Higienol HS Balanced 20mx4/12;12040,70;3457;"";AUTOSERVICIO;AUTOSERVICIO;18976,68;JUAN ESCOTO;1337,86;$;2;SOFTYS ARGENTINA S.A;0,00000000;0,00;Contado;;;HIGIENOL;Softy;;SOFTY;PAPEL HIG;LAGO PUELO;PAPEL;103;;25;JOHANA VIGIL;AXUM;;SOFTYS;False;133813;1;Lista General;AUTOSERVICIO - A;44450;06-10-2026;757-JUAN PABLO JUAREZ;SOFTYS;1;0,00000000;12040,70
3699;"AV 14 2907";BERAZATEGUI;2026-10-07;07-10-2026;06-10-2026;FAC-A0001-00343706;Venta;LAGOPUELO S.A;1501900;1,00;29848,57;36116,77;AUTOSERVICIO KD S. A.;;0,00 %;4;Selene Pawlikowski;42;PH HS HIGIENOL RINDE PANAL 50 M X4/;29848,57;3457;"";AUTOSERVICIO;AUTOSERVICIO;20585,22;JUAN ESCOTO;0,00;$;2;SOFTYS ARGENTINA S.A;0,00000000;0,00;Contado;;;HIGIENOL;Softy;;SOFTY;PAPEL HIG;LAGO PUELO;PAPEL;;;25;JOHANA VIGIL;AXUM;;SOFTYS;False;133813;1;Lista General;AUTOSERVICIO - A;44450;06-10-2026;757-JUAN PABLO JUAREZ;SOFTYS;1;0,00000000;29848,57
3699;"AV 14 2907";BERAZATEGUI;2026-10-07;07-10-2026;06-10-2026;FAC-A0001-00343706;Venta;LAGOPUELO S.A;1501854;1,00;17507,23;21183,75;AUTOSERVICIO KD S. A.;;0,00 %;4;Selene Pawlikowski;42;PH Higienol Texturado 30m x4/12;17507,23;3457;"";AUTOSERVICIO;AUTOSERVICIO;12073,95;JUAN ESCOTO;0,00;$;2;SOFTYS ARGENTINA S.A;0,00000000;0,00;Contado;;;HIGIENOL;Softy;;SOFTY;PAPEL HIG;LAGO PUELO;PAPEL;;;25;JOHANA VIGIL;AXUM;;SOFTYS;False;133813;1;Lista General;AUTOSERVICIO - A;44450;06-10-2026;757-JUAN PABLO JUAREZ;SOFTYS;1;0,00000000;17507,23
3699;"AV 14 2907";BERAZATEGUI;2026-10-07;07-10-2026;06-10-2026;FAC-A0001-00343706;Venta;LAGOPUELO S.A;1501618;1,00;19032,09;23028,83;AUTOSERVICIO KD S. A.;;0,00 %;4;Selene Pawlikowski;42;PH HIG  FRESH ALOE 30M X4/12;19032,09;3457;"";AUTOSERVICIO;AUTOSERVICIO;13125,58;JUAN ESCOTO;0,00;$;2;SOFTYS ARGENTINA S.A;0,00000000;0,00;Contado;;;HIGIENOL;Softy;;SOFTY;PAPEL HIG;LAGO PUELO;PAPEL;;;25;JOHANA VIGIL;AXUM;;SOFTYS;False;133813;1;Lista General;AUTOSERVICIO - A;44450;06-10-2026;757-JUAN PABLO JUAREZ;SOFTYS;1;0,00000000;19032,09
3699;"AV 14 2907";BERAZATEGUI;2026-10-07;07-10-2026;06-10-2026;FAC-A0001-00343706;Venta;LAGOPUELO S.A;1502607;1,00;27858,59;33708,89;AUTOSERVICIO KD S. A.;;0,00 %;4;Selene Pawlikowski;42;PH ELITE ULTRA DH SOFT T C/ALG 30Mx4;27858,59;3457;"";AUTOSERVICIO;AUTOSERVICIO;18637,00;JUAN ESCOTO;0,00;$;2;SOFTYS ARGENTINA S.A;0,00000000;0,00;Contado;;;ELITE;Softy;;SOFTY;PAPEL HIG;LAGO PUELO;PAPEL;;;25;JOHANA VIGIL;AXUM;;SOFTYS;False;133813;1;Lista General;AUTOSERVICIO - A;44450;06-10-2026;757-JUAN PABLO JUAREZ;SOFTYS;1;0,00000000;27858,59
13050;"Calle 21 N 3193";Berazategui;2026-10-07;07-10-2026;06-10-2026;FAC-A0001-00343711;Venta;LAGOPUELO S.A;1509761;54,00;42941,88;51959,67;SERRUDO ANALIA SOLEDAD;;0,00 %;4;Selene Pawlikowski;42;TF LADYSOFT COMFORT EXT ALGODON 8x54;795,22;3457;"";AUTOSERVICIO;AUTOSERVICIO;29615,22;JUAN ESCOTO;0,00;$;2;SOFTYS ARGENTINA S.A;0,00000000;0,00;Contado;;;LADYSOFT;Softy;;SOFTY;TOALLA FEMENINA;LAGO PUELO;PAPEL;;;25;JOHANA VIGIL;AXUM;;SOFTYS;False;133914;1;Lista General;AUTOSERVICIO - A;44459;06-10-2026;757-JUAN PABLO JUAREZ;SOFTYS;1;0,00000000;795,22
13050;"Calle 21 N 3193";Berazategui;2026-10-07;07-10-2026;06-10-2026;FAC-A0001-00343711;Venta;LAGOPUELO S.A;1509760;15,00;45469,65;55018,28;SERRUDO ANALIA SOLEDAD;;0,00 %;4;Selene Pawlikowski;42;TD UF T/Suave Ladysoft EXT ALGOD”N 24x15;3031,31;3457;"";AUTOSERVICIO;AUTOSERVICIO;31358,40;JUAN ESCOTO;0,00;$;2;SOFTYS ARGENTINA S.A;0,00000000;0,00;Contado;;;LADYSOFT;Softy;;SOFTY;TOALLA FEMENINA;LAGO PUELO;PAPEL;;;25;JOHANA VIGIL;AXUM;;SOFTYS;False;133914;1;Lista General;AUTOSERVICIO - A;44459;06-10-2026;757-JUAN PABLO JUAREZ;SOFTYS;1;0,00000000;3031,31
13050;"Calle 21 N 3193";Berazategui;2026-10-07;07-10-2026;06-10-2026;FAC-A0001-00343711;Venta;LAGOPUELO S.A;1509756;20,00;46674,20;56475,78;SERRUDO ANALIA SOLEDAD;;0,00 %;4;Selene Pawlikowski;42;TF UD T/SECA LADYSOFT UL PRT 16u;2333,71;3457;"";AUTOSERVICIO;AUTOSERVICIO;32189,20;JUAN ESCOTO;0,00;$;2;SOFTYS ARGENTINA S.A;0,00000000;0,00;Contado;;;LADYSOFT;Softy;;SOFTY;TOALLA FEMENINA;LAGO PUELO;PAPEL;;;25;JOHANA VIGIL;AXUM;;SOFTYS;False;133914;1;Lista General;AUTOSERVICIO - A;44459;06-10-2026;757-JUAN PABLO JUAREZ;SOFTYS;1;0,00000000;2333,71
23352;"Gervasio M√©ndez - (AUTOSERVICIOS) 180";GLEW;2026-10-07;07-10-2026;06-10-2026;FAC-A0001-00343715;Venta;LAGOPUELO S.A;1509766;54,00;49453,20;59838,37;QI YIGUANG;;0,00 %;062;Nahuel Martinez;0622;TF T/SECA NORMAL MAS PROTECC 8x54;915,80;3462;"";AUTOSERVICIO;Autoservicio B;34105,86;HERNAN RIVERO;0,00;$;2;SOFTYS ARGENTINA S.A;0,00000000;0,00;Contado;;;LADYSOFT;Softy;;SOFTY;TOALLA FEMENINA;LAGO PUELO;PAPEL;;;300;Bruno Centurion;AXUM;;SOFTYS;False;133467;1;Lista General;Autoservicio B - A;44573;06-10-2026;58-ARON BOLLINI;SOFTYS;1;0,00000000;915,80
23352;"Gervasio M√©ndez - (AUTOSERVICIOS) 180";GLEW;2026-10-07;07-10-2026;06-10-2026;FAC-A0001-00343715;Venta;LAGOPUELO S.A;1509749;30,00;39012,60;47205,25;QI YIGUANG;;0,00 %;062;Nahuel Martinez;0622;PD ladysoft clasicos 20x30;1300,42;3462;"";AUTOSERVICIO;Autoservicio B;26905,20;HERNAN RIVERO;0,00;$;2;SOFTYS ARGENTINA S.A;0,00000000;0,00;Contado;;;LADYSOFT;Softy;;SOFTY;PROTECTOR DIARIO;LAGO PUELO;PAPEL;;;300;Bruno Centurion;AXUM;;SOFTYS;False;133467;1;Lista General;Autoservicio B - A;44573;06-10-2026;58-ARON BOLLINI;SOFTYS;1;0,00000000;1300,42
23350;"Antonio Lamberti 596";ALTE BROWN;2026-10-07;07-10-2026;06-10-2026;FAC-A0001-00343717;Venta;LAGOPUELO S.A;1503118;24,00;39248,64;47490,85;LI YUQING;;0,00 %;062;Nahuel Martinez;0622;TH BABYSEC ULTRA 50/24;1635,36;3462;"";AUTOSERVICIO;Autoservicio B;27067,92;HERNAN RIVERO;0,00;$;2;SOFTYS ARGENTINA S.A;0,00000000;0,00;Contado;;;BABYSEC;;;;;;PAPEL;;;300;Bruno Centurion;AXUM;;SOFTYS;False;133474;1;Lista General;Autoservicio B - A;44575;06-10-2026;58-ARON BOLLINI;SOFTYS;1;0,00000000;1635,36
23350;"Antonio Lamberti 596";ALTE BROWN;2026-10-07;07-10-2026;06-10-2026;FAC-A0001-00343717;Venta;LAGOPUELO S.A;1509766;10,00;9158,00;11081,18;LI YUQING;;0,00 %;062;Nahuel Martinez;0622;TF T/SECA NORMAL MAS PROTECC 8x54;915,80;3462;"";AUTOSERVICIO;Autoservicio B;6315,90;HERNAN RIVERO;0,00;$;2;SOFTYS ARGENTINA S.A;0,00000000;0,00;Contado;;;LADYSOFT;Softy;;SOFTY;TOALLA FEMENINA;LAGO PUELO;PAPEL;;;300;Bruno Centurion;AXUM;;SOFTYS;False;133474;1;Lista General;Autoservicio B - A;44575;06-10-2026;58-ARON BOLLINI;SOFTYS;1;0,00000000;915,80
23350;"Antonio Lamberti 596";ALTE BROWN;2026-10-07;07-10-2026;06-10-2026;FAC-A0001-00343717;Venta;LAGOPUELO S.A;1509756;20,00;46674,20;56475,78;LI YUQING;;0,00 %;062;Nahuel Martinez;0622;TF UD T/SECA LADYSOFT UL PRT 16u;2333,71;3462;"";AUTOSERVICIO;Autoservicio B;32189,20;HERNAN RIVERO;0,00;$;2;SOFTYS ARGENTINA S.A;0,00000000;0,00;Contado;;;LADYSOFT;Softy;;SOFTY;TOALLA FEMENINA;LAGO PUELO;PAPEL;;;300;Bruno Centurion;AXUM;;SOFTYS;False;133474;1;Lista General;Autoservicio B - A;44575;06-10-2026;58-ARON BOLLINI;SOFTYS;1;0,00000000;2333,71
23350;"Antonio Lamberti 596";ALTE BROWN;2026-10-07;07-10-2026;06-10-2026;FAC-A0001-00343717;Venta;LAGOPUELO S.A;1509755;40,00;47986,80;58064,03;LI YUQING;;0,00 %;062;Nahuel Martinez;0622;TF UD T/SECA LADYSOFT ULTRA PROTECT 8;1199,67;3462;"";AUTOSERVICIO;Autoservicio B;33094,40;HERNAN RIVERO;0,00;$;2;SOFTYS ARGENTINA S.A;0,00000000;0,00;Contado;;;LADYSOFT;Softy;;SOFTY;TOALLA FEMENINA;LAGO PUELO;PAPEL;;;300;Bruno Centurion;AXUM;;SOFTYS;False;133474;1;Lista General;Autoservicio B - A;44575;06-10-2026;58-ARON BOLLINI;SOFTYS;1;0,00000000;1199,67
5623;"RAUL SOLDI - (TRADITIONAL TRADE) 177";GLEW;2026-10-07;07-10-2026;06-10-2026;FAC-A0001-00343720;Venta;LAGOPUELO S.A;1509764;5,00;0,00;0,00;ESTILO TROTE S.A.;;100,00 %;062;Nahuel Martinez;0622;TF NORMAL T/SUAVE EXT ALGODON 8x54;0,00;3462;"";AUTOSERVICIO;Autoservicio B;2926,35;HERNAN RIVERO;848,64;$;2;SOFTYS ARGENTINA S.A;0,00000000;0,00;Contado;;;LADYSOFT;Softy;;SOFTY;TOALLA FEMENINA;LAGO PUELO;PAPEL;65;;300;Bruno Centurion;AXUM;;SOFTYS;False;133500;1;Lista General;Autoservicio B - A;44578;06-10-2026;58-ARON BOLLINI;SOFTYS;1;0,00000000;0,00
5623;"RAUL SOLDI - (TRADITIONAL TRADE) 177";GLEW;2026-10-07;07-10-2026;06-10-2026;FAC-A0001-00343720;Venta;LAGOPUELO S.A;1501618;2,00;38064,18;46057,66;ESTILO TROTE S.A.;;0,00 %;062;Nahuel Martinez;0622;PH HIG  FRESH ALOE 30M X4/12;19032,09;3462;"";AUTOSERVICIO;Autoservicio B;26251,16;HERNAN RIVERO;0,00;$;2;SOFTYS ARGENTINA S.A;0,00000000;0,00;Contado;;;HIGIENOL;Softy;;SOFTY;PAPEL HIG;LAGO PUELO;PAPEL;;;300;Bruno Centurion;AXUM;;SOFTYS;False;133500;1;Lista General;Autoservicio B - A;44578;06-10-2026;58-ARON BOLLINI;SOFTYS;1;0,00000000;19032,09
5623;"RAUL SOLDI - (TRADITIONAL TRADE) 177";GLEW;2026-10-07;07-10-2026;06-10-2026;FAC-A0001-00343720;Venta;LAGOPUELO S.A;1501553;5,00;112756,24;136435,05;ESTILO TROTE S.A.;;15,00 %;062;Nahuel Martinez;0622;PH HIGIENOL DH PLUS FUSI”N 30M x4/10;22551,25;3462;"";AUTOSERVICIO;Autoservicio B;85999,60;HERNAN RIVERO;3979,63;$;2;SOFTYS ARGENTINA S.A;0,00000000;0,00;Contado;;;HIGIENOL;Softy;;SOFTY;PAPEL HIG;LAGO PUELO;PAPEL;81;;300;Bruno Centurion;AXUM;;SOFTYS;False;133500;1;Lista General;Autoservicio B - A;44578;06-10-2026;58-ARON BOLLINI;SOFTYS;1;0,00000000;22551,25
5623;"RAUL SOLDI - (TRADITIONAL TRADE) 177";GLEW;2026-10-07;07-10-2026;06-10-2026;FAC-A0001-00343720;Venta;LAGOPUELO S.A;1501627;5,00;60203,52;72846,26;ESTILO TROTE S.A.;;10,00 %;062;Nahuel Martinez;0622;PH Higienol HS Balanced 20mx4/12;12040,70;3462;"";AUTOSERVICIO;Autoservicio B;47441,70;HERNAN RIVERO;1337,86;$;2;SOFTYS ARGENTINA S.A;0,00000000;0,00;Contado;;;HIGIENOL;Softy;;SOFTY;PAPEL HIG;LAGO PUELO;PAPEL;103;;300;Bruno Centurion;AXUM;;SOFTYS;False;133500;1;Lista General;Autoservicio B - A;44578;06-10-2026;58-ARON BOLLINI;SOFTYS;1;0,00000000;12040,70
5623;"RAUL SOLDI - (TRADITIONAL TRADE) 177";GLEW;2026-10-07;07-10-2026;06-10-2026;FAC-A0001-00343720;Venta;LAGOPUELO S.A;1503118;10,00;16353,60;19787,86;ESTILO TROTE S.A.;;0,00 %;062;Nahuel Martinez;0622;TH BABYSEC ULTRA 50/24;1635,36;3462;"";AUTOSERVICIO;Autoservicio B;11278,30;HERNAN RIVERO;0,00;$;2;SOFTYS ARGENTINA S.A;0,00000000;0,00;Contado;;;BABYSEC;;;;;;PAPEL;;;300;Bruno Centurion;AXUM;;SOFTYS;False;133500;1;Lista General;Autoservicio B - A;44578;06-10-2026;58-ARON BOLLINI;SOFTYS;1;0,00000000;1635,36
5623;"RAUL SOLDI - (TRADITIONAL TRADE) 177";GLEW;2026-10-07;07-10-2026;06-10-2026;FAC-A0001-00343720;Venta;LAGOPUELO S.A;1503131;10,00;24754,60;29953,07;ESTILO TROTE S.A.;;0,00 %;062;Nahuel Martinez;0622;TH BABYSEC PREMIUM X45/10;2475,46;3462;"";AUTOSERVICIO;Autoservicio B;17072,10;HERNAN RIVERO;0,00;$;2;SOFTYS ARGENTINA S.A;0,00000000;0,00;Contado;;;BABYSEC;Softy;;SOFTY;TOALLA HUMEDA;LAGO PUELO;PAPEL;;;300;Bruno Centurion;AXUM;;SOFTYS;False;133500;1;Lista General;Autoservicio B - A;44578;06-10-2026;58-ARON BOLLINI;SOFTYS;1;0,00000000;2475,46
5623;"RAUL SOLDI - (TRADITIONAL TRADE) 177";GLEW;2026-10-07;07-10-2026;06-10-2026;FAC-A0001-00343720;Venta;LAGOPUELO S.A;1509766;54,00;49453,20;59838,37;ESTILO TROTE S.A.;;0,00 %;062;Nahuel Martinez;0622;TF T/SECA NORMAL MAS PROTECC 8x54;915,80;3462;"";AUTOSERVICIO;Autoservicio B;34105,86;HERNAN RIVERO;0,00;$;2;SOFTYS ARGENTINA S.A;0,00000000;0,00;Contado;;;LADYSOFT;Softy;;SOFTY;TOALLA FEMENINA;LAGO PUELO;PAPEL;;;300;Bruno Centurion;AXUM;;SOFTYS;False;133500;1;Lista General;Autoservicio B - A;44578;06-10-2026;58-ARON BOLLINI;SOFTYS;1;0,00000000;915,80
5623;"RAUL SOLDI - (TRADITIONAL TRADE) 177";GLEW;2026-10-07;07-10-2026;06-10-2026;FAC-A0001-00343720;Venta;LAGOPUELO S.A;1509764;54,00;45826,56;55450,14;ESTILO TROTE S.A.;;0,00 %;062;Nahuel Martinez;0622;TF NORMAL T/SUAVE EXT ALGODON 8x54;848,64;3462;"";AUTOSERVICIO;Autoservicio B;31604,58;HERNAN RIVERO;0,00;$;2;SOFTYS ARGENTINA S.A;0,00000000;0,00;Contado;;;LADYSOFT;Softy;;SOFTY;TOALLA FEMENINA;LAGO PUELO;PAPEL;;;300;Bruno Centurion;AXUM;;SOFTYS;False;133500;1;Lista General;Autoservicio B - A;44578;06-10-2026;58-ARON BOLLINI;SOFTYS;1;0,00000000;848,64
5623;"RAUL SOLDI - (TRADITIONAL TRADE) 177";GLEW;2026-10-07;07-10-2026;06-10-2026;FAC-A0001-00343720;Venta;LAGOPUELO S.A;1509749;30,00;39012,60;47205,25;ESTILO TROTE S.A.;;0,00 %;062;Nahuel Martinez;0622;PD ladysoft clasicos 20x30;1300,42;3462;"";AUTOSERVICIO;Autoservicio B;26905,20;HERNAN RIVERO;0,00;$;2;SOFTYS ARGENTINA S.A;0,00000000;0,00;Contado;;;LADYSOFT;Softy;;SOFTY;PROTECTOR DIARIO;LAGO PUELO;PAPEL;;;300;Bruno Centurion;AXUM;;SOFTYS;False;133500;1;Lista General;Autoservicio B - A;44578;06-10-2026;58-ARON BOLLINI;SOFTYS;1;0,00000000;1300,42
5623;"RAUL SOLDI - (TRADITIONAL TRADE) 177";GLEW;2026-10-07;07-10-2026;06-10-2026;FAC-A0001-00343720;Venta;LAGOPUELO S.A;1509769;12,00;63483,48;76815,01;ESTILO TROTE S.A.;;0,00 %;062;Nahuel Martinez;0622;PD RESPIRABLES 100/12;5290,29;3462;"";AUTOSERVICIO;Autoservicio B;43781,64;HERNAN RIVERO;0,00;$;2;SOFTYS ARGENTINA S.A;0,00000000;0,00;Contado;;;LADYSOFT;Softy;;SOFTY;PROTECTOR DIARIO;LAGO PUELO;PAPEL;;;300;Bruno Centurion;AXUM;;SOFTYS;False;133500;1;Lista General;Autoservicio B - A;44578;06-10-2026;58-ARON BOLLINI;SOFTYS;1;0,00000000;5290,29
5623;"RAUL SOLDI - (TRADITIONAL TRADE) 177";GLEW;2026-10-07;07-10-2026;06-10-2026;FAC-A0001-00343720;Venta;LAGOPUELO S.A;1509763;16,00;36240,80;43851,37;ESTILO TROTE S.A.;;0,00 %;062;Nahuel Martinez;0622;TF Nocturna EXT ALGODON 16X16;2265,05;3462;"";AUTOSERVICIO;Autoservicio B;24993,76;HERNAN RIVERO;0,00;$;2;SOFTYS ARGENTINA S.A;0,00000000;0,00;Contado;;;LADYSOFT;Softy;;SOFTY;TOALLA FEMENINA;LAGO PUELO;PAPEL;;;300;Bruno Centurion;AXUM;;SOFTYS;False;133500;1;Lista General;Autoservicio B - A;44578;06-10-2026;58-ARON BOLLINI;SOFTYS;1;0,00000000;2265,05
5623;"RAUL SOLDI - (TRADITIONAL TRADE) 177";GLEW;2026-10-07;07-10-2026;06-10-2026;FAC-A0001-00343720;Venta;LAGOPUELO S.A;1509762;32,00;37510,08;45387,20;ESTILO TROTE S.A.;;0,00 %;062;Nahuel Martinez;0622;TF NOCTUR EXT A 8x32;1172,19;3462;"";AUTOSERVICIO;Autoservicio B;25869,12;HERNAN RIVERO;0,00;$;2;SOFTYS ARGENTINA S.A;0,00000000;0,00;Contado;;;LADYSOFT;Softy;;SOFTY;TOALLA FEMENINA;LAGO PUELO;PAPEL;;;300;Bruno Centurion;AXUM;;SOFTYS;False;133500;1;Lista General;Autoservicio B - A;44578;06-10-2026;58-ARON BOLLINI;SOFTYS;1;0,00000000;1172,19
5623;"RAUL SOLDI - (TRADITIONAL TRADE) 177";GLEW;2026-10-07;07-10-2026;06-10-2026;FAC-A0001-00343720;Venta;LAGOPUELO S.A;1509756;20,00;46674,20;56475,78;ESTILO TROTE S.A.;;0,00 %;062;Nahuel Martinez;0622;TF UD T/SECA LADYSOFT UL PRT 16u;2333,71;3462;"";AUTOSERVICIO;Autoservicio B;32189,20;HERNAN RIVERO;0,00;$;2;SOFTYS ARGENTINA S.A;0,00000000;0,00;Contado;;;LADYSOFT;Softy;;SOFTY;TOALLA FEMENINA;LAGO PUELO;PAPEL;;;300;Bruno Centurion;AXUM;;SOFTYS;False;133500;1;Lista General;Autoservicio B - A;44578;06-10-2026;58-ARON BOLLINI;SOFTYS;1;0,00000000;2333,71
23349;"Ra√∫l Soldi - (AUTOSERVICIOS) 172";GLEW;2026-10-07;07-10-2026;06-10-2026;FAC-A0001-00343723;Venta;LAGOPUELO S.A;1509764;1,00;0,00;0,00;HE JIANGLUN;;100,00 %;062;Nahuel Martinez;0622;TF NORMAL T/SUAVE EXT ALGODON 8x54;0,00;3462;"";AUTOSERVICIO;Autoservicio B;585,27;HERNAN RIVERO;848,64;$;2;SOFTYS ARGENTINA S.A;0,00000000;0,00;Contado;;;LADYSOFT;Softy;;SOFTY;TOALLA FEMENINA;LAGO PUELO;PAPEL;65;;300;Bruno Centurion;AXUM;;SOFTYS;False;133536;1;Lista General;Autoservicio B - A;44581;06-10-2026;58-ARON BOLLINI;SOFTYS;1;0,00000000;0,00
23349;"Ra√∫l Soldi - (AUTOSERVICIOS) 172";GLEW;2026-10-07;07-10-2026;06-10-2026;FAC-A0001-00343723;Venta;LAGOPUELO S.A;1509762;15,00;17582,85;21275,25;HE JIANGLUN;;0,00 %;062;Nahuel Martinez;0622;TF NOCTUR EXT A 8x32;1172,19;3462;"";AUTOSERVICIO;Autoservicio B;12126,15;HERNAN RIVERO;0,00;$;2;SOFTYS ARGENTINA S.A;0,00000000;0,00;Contado;;;LADYSOFT;Softy;;SOFTY;TOALLA FEMENINA;LAGO PUELO;PAPEL;;;300;Bruno Centurion;AXUM;;SOFTYS;False;133536;1;Lista General;Autoservicio B - A;44581;06-10-2026;58-ARON BOLLINI;SOFTYS;1;0,00000000;1172,19
23349;"Ra√∫l Soldi - (AUTOSERVICIOS) 172";GLEW;2026-10-07;07-10-2026;06-10-2026;FAC-A0001-00343723;Venta;LAGOPUELO S.A;1509763;10,00;22650,50;27407,11;HE JIANGLUN;;0,00 %;062;Nahuel Martinez;0622;TF Nocturna EXT ALGODON 16X16;2265,05;3462;"";AUTOSERVICIO;Autoservicio B;15621,10;HERNAN RIVERO;0,00;$;2;SOFTYS ARGENTINA S.A;0,00000000;0,00;Contado;;;LADYSOFT;Softy;;SOFTY;TOALLA FEMENINA;LAGO PUELO;PAPEL;;;300;Bruno Centurion;AXUM;;SOFTYS;False;133536;1;Lista General;Autoservicio B - A;44581;06-10-2026;58-ARON BOLLINI;SOFTYS;1;0,00000000;2265,05
23349;"Ra√∫l Soldi - (AUTOSERVICIOS) 172";GLEW;2026-10-07;07-10-2026;06-10-2026;FAC-A0001-00343723;Venta;LAGOPUELO S.A;1509764;15,00;12729,60;15402,82;HE JIANGLUN;;0,00 %;062;Nahuel Martinez;0622;TF NORMAL T/SUAVE EXT ALGODON 8x54;848,64;3462;"";AUTOSERVICIO;Autoservicio B;8779,05;HERNAN RIVERO;0,00;$;2;SOFTYS ARGENTINA S.A;0,00000000;0,00;Contado;;;LADYSOFT;Softy;;SOFTY;TOALLA FEMENINA;LAGO PUELO;PAPEL;;;300;Bruno Centurion;AXUM;;SOFTYS;False;133536;1;Lista General;Autoservicio B - A;44581;06-10-2026;58-ARON BOLLINI;SOFTYS;1;0,00000000;848,64
23349;"Ra√∫l Soldi - (AUTOSERVICIOS) 172";GLEW;2026-10-07;07-10-2026;06-10-2026;FAC-A0001-00343723;Venta;LAGOPUELO S.A;1509765;10,00;16621,80;20112,38;HE JIANGLUN;;0,00 %;062;Nahuel Martinez;0622;TF NORMALT/SUAVE EXT ALG 16x27;1662,18;3462;"";AUTOSERVICIO;Autoservicio B;11463,30;HERNAN RIVERO;0,00;$;2;SOFTYS ARGENTINA S.A;0,00000000;0,00;Contado;;;LADYSOFT;Softy;;SOFTY;TOALLA FEMENINA;LAGO PUELO;PAPEL;;;300;Bruno Centurion;AXUM;;SOFTYS;False;133536;1;Lista General;Autoservicio B - A;44581;06-10-2026;58-ARON BOLLINI;SOFTYS;1;0,00000000;1662,18
23349;"Ra√∫l Soldi - (AUTOSERVICIOS) 172";GLEW;2026-10-07;07-10-2026;06-10-2026;FAC-A0001-00343723;Venta;LAGOPUELO S.A;1509755;15,00;17995,05;21774,01;HE JIANGLUN;;0,00 %;062;Nahuel Martinez;0622;TF UD T/SECA LADYSOFT ULTRA PROTECT 8;1199,67;3462;"";AUTOSERVICIO;Autoservicio B;12410,40;HERNAN RIVERO;0,00;$;2;SOFTYS ARGENTINA S.A;0,00000000;0,00;Contado;;;LADYSOFT;Softy;;SOFTY;TOALLA FEMENINA;LAGO PUELO;PAPEL;;;300;Bruno Centurion;AXUM;;SOFTYS;False;133536;1;Lista General;Autoservicio B - A;44581;06-10-2026;58-ARON BOLLINI;SOFTYS;1;0,00000000;1199,67
23349;"Ra√∫l Soldi - (AUTOSERVICIOS) 172";GLEW;2026-10-07;07-10-2026;06-10-2026;FAC-A0001-00343723;Venta;LAGOPUELO S.A;1509758;15,00;16736,10;20250,68;HE JIANGLUN;;0,00 %;062;Nahuel Martinez;0622;TF UD T/SUAVE EXT ALGO 8X40;1115,74;3462;"";AUTOSERVICIO;Autoservicio B;11542,20;HERNAN RIVERO;0,00;$;2;SOFTYS ARGENTINA S.A;0,00000000;0,00;Contado;;;LADYSOFT;Softy;;SOFTY;TOALLA FEMENINA;LAGO PUELO;PAPEL;;;300;Bruno Centurion;AXUM;;SOFTYS;False;133536;1;Lista General;Autoservicio B - A;44581;06-10-2026;58-ARON BOLLINI;SOFTYS;1;0,00000000;1115,74
23349;"Ra√∫l Soldi - (AUTOSERVICIOS) 172";GLEW;2026-10-07;07-10-2026;06-10-2026;FAC-A0001-00343723;Venta;LAGOPUELO S.A;1509756;10,00;23337,10;28237,89;HE JIANGLUN;;0,00 %;062;Nahuel Martinez;0622;TF UD T/SECA LADYSOFT UL PRT 16u;2333,71;3462;"";AUTOSERVICIO;Autoservicio B;16094,60;HERNAN RIVERO;0,00;$;2;SOFTYS ARGENTINA S.A;0,00000000;0,00;Contado;;;LADYSOFT;Softy;;SOFTY;TOALLA FEMENINA;LAGO PUELO;PAPEL;;;300;Bruno Centurion;AXUM;;SOFTYS;False;133536;1;Lista General;Autoservicio B - A;44581;06-10-2026;58-ARON BOLLINI;SOFTYS;1;0,00000000;2333,71
23349;"Ra√∫l Soldi - (AUTOSERVICIOS) 172";GLEW;2026-10-07;07-10-2026;06-10-2026;FAC-A0001-00343723;Venta;LAGOPUELO S.A;1509768;15,00;14629,65;17701,88;HE JIANGLUN;;0,00 %;062;Nahuel Martinez;0622;TF NORMAL T/SUAVE PIEL SENSIBLE 8x54;975,31;3462;"";AUTOSERVICIO;Autoservicio B;10089,45;HERNAN RIVERO;0,00;$;2;SOFTYS ARGENTINA S.A;0,00000000;0,00;Contado;;;LADYSOFT;Softy;;SOFTY;TOALLA FEMENINA;LAGO PUELO;PAPEL;;;300;Bruno Centurion;AXUM;;SOFTYS;False;133536;1;Lista General;Autoservicio B - A;44581;06-10-2026;58-ARON BOLLINI;SOFTYS;1;0,00000000;975,31
23349;"Ra√∫l Soldi - (AUTOSERVICIOS) 172";GLEW;2026-10-07;07-10-2026;06-10-2026;FAC-A0001-00343723;Venta;LAGOPUELO S.A;1509760;6,00;18187,86;22007,31;HE JIANGLUN;;0,00 %;062;Nahuel Martinez;0622;TD UF T/Suave Ladysoft EXT ALGOD”N 24x15;3031,31;3462;"";AUTOSERVICIO;Autoservicio B;12543,36;HERNAN RIVERO;0,00;$;2;SOFTYS ARGENTINA S.A;0,00000000;0,00;Contado;;;LADYSOFT;Softy;;SOFTY;TOALLA FEMENINA;LAGO PUELO;PAPEL;;;300;Bruno Centurion;AXUM;;SOFTYS;False;133536;1;Lista General;Autoservicio B - A;44581;06-10-2026;58-ARON BOLLINI;SOFTYS;1;0,00000000;3031,31
23349;"Ra√∫l Soldi - (AUTOSERVICIOS) 172";GLEW;2026-10-07;07-10-2026;06-10-2026;FAC-A0001-00343723;Venta;LAGOPUELO S.A;1509757;6,00;20000,76;24200,92;HE JIANGLUN;;0,00 %;062;Nahuel Martinez;0622;TF UD T/SECA LADYSOFT UL PTEC 24u;3333,46;3462;"";AUTOSERVICIO;Autoservicio B;13793,64;HERNAN RIVERO;0,00;$;2;SOFTYS ARGENTINA S.A;0,00000000;0,00;Contado;;;LADYSOFT;Softy;;SOFTY;TOALLA FEMENINA;LAGO PUELO;PAPEL;;;300;Bruno Centurion;AXUM;;SOFTYS;False;133536;1;Lista General;Autoservicio B - A;44581;06-10-2026;58-ARON BOLLINI;SOFTYS;1;0,00000000;3333,46
23349;"Ra√∫l Soldi - (AUTOSERVICIOS) 172";GLEW;2026-10-07;07-10-2026;06-10-2026;FAC-A0001-00343723;Venta;LAGOPUELO S.A;1509749;15,00;19506,30;23602,62;HE JIANGLUN;;0,00 %;062;Nahuel Martinez;0622;PD ladysoft clasicos 20x30;1300,42;3462;"";AUTOSERVICIO;Autoservicio B;13452,60;HERNAN RIVERO;0,00;$;2;SOFTYS ARGENTINA S.A;0,00000000;0,00;Contado;;;LADYSOFT;Softy;;SOFTY;PROTECTOR DIARIO;LAGO PUELO;PAPEL;;;300;Bruno Centurion;AXUM;;SOFTYS;False;133536;1;Lista General;Autoservicio B - A;44581;06-10-2026;58-ARON BOLLINI;SOFTYS;1;0,00000000;1300,42
23931;"SARMIENTO - (AUTOSERVICIOS) 397";GLEW;2026-10-07;07-10-2026;06-10-2026;FAC-A0001-00343725;Venta;LAGOPUELO S.A;1503131;10,00;24754,60;29953,07;FENG ZHENG;;0,00 %;062;Nahuel Martinez;0622;TH BABYSEC PREMIUM X45/10;2475,46;3462;"";AUTOSERVICIO;Autoservicio B;17072,10;HERNAN RIVERO;0,00;$;2;SOFTYS ARGENTINA S.A;0,00000000;0,00;Contado;;;BABYSEC;Softy;;SOFTY;TOALLA HUMEDA;LAGO PUELO;PAPEL;;;300;Bruno Centurion;AXUM;;SOFTYS;False;133567;1;Lista General;Autoservicio B - A;44583;06-10-2026;58-ARON BOLLINI;SOFTYS;1;0,00000000;2475,46
23174;"Av. Pres. Hipolito Yrigoyen - (AUTOSERVICIOS) 21706";LONGCHAMPS;2026-10-07;07-10-2026;06-10-2026;FAC-A0001-00343729;Venta;LAGOPUELO S.A;1504078;15,00;32917,59;39830,28;ZHENG YAN;;10,00 %;062;Nahuel Martinez;0622;PL BABYSEC ULTRASOFT XG X8/15;2194,51;3462;"";AUTOSERVICIO;Autoservicio A;27092,70;HERNAN RIVERO;243,83;$;2;SOFTYS ARGENTINA S.A;0,00000000;0,00;Contado;;;BABYSEC;Softy;;SOFTY;PAÒAL;LAGO PUELO;PAPEL;;;300;Bruno Centurion;AXUM;;SOFTYS;False;133605;1;Lista General;Autoservicio A - A;44587;06-10-2026;58-ARON BOLLINI;SOFTYS;1;0,00000000;2194,51
23174;"Av. Pres. Hipolito Yrigoyen - (AUTOSERVICIOS) 21706";LONGCHAMPS;2026-10-07;07-10-2026;06-10-2026;FAC-A0001-00343729;Venta;LAGOPUELO S.A;1504079;15,00;32917,59;39830,28;ZHENG YAN;;10,00 %;062;Nahuel Martinez;0622;PL BABYSEC ULTRASOFT XXG 8/15;2194,51;3462;"";AUTOSERVICIO;Autoservicio A;27092,70;HERNAN RIVERO;243,83;$;2;SOFTYS ARGENTINA S.A;0,00000000;0,00;Contado;;;BABYSEC;Softy;;SOFTY;PAÒAL;LAGO PUELO;PAPEL;;;300;Bruno Centurion;AXUM;;SOFTYS;False;133605;1;Lista General;Autoservicio A - A;44587;06-10-2026;58-ARON BOLLINI;SOFTYS;1;0,00000000;2194,51
23174;"Av. Pres. Hipolito Yrigoyen - (AUTOSERVICIOS) 21706";LONGCHAMPS;2026-10-07;07-10-2026;06-10-2026;FAC-A0001-00343729;Venta;LAGOPUELO S.A;1509763;16,00;36240,80;43851,37;ZHENG YAN;;0,00 %;062;Nahuel Martinez;0622;TF Nocturna EXT ALGODON 16X16;2265,05;3462;"";AUTOSERVICIO;Autoservicio A;24993,76;HERNAN RIVERO;0,00;$;2;SOFTYS ARGENTINA S.A;0,00000000;0,00;Contado;;;LADYSOFT;Softy;;SOFTY;TOALLA FEMENINA;LAGO PUELO;PAPEL;;;300;Bruno Centurion;AXUM;;SOFTYS;False;133605;1;Lista General;Autoservicio A - A;44587;06-10-2026;58-ARON BOLLINI;SOFTYS;1;0,00000000;2265,05
23174;"Av. Pres. Hipolito Yrigoyen - (AUTOSERVICIOS) 21706";LONGCHAMPS;2026-10-07;07-10-2026;06-10-2026;FAC-A0001-00343729;Venta;LAGOPUELO S.A;1509761;54,00;42941,88;51959,67;ZHENG YAN;;0,00 %;062;Nahuel Martinez;0622;TF LADYSOFT COMFORT EXT ALGODON 8x54;795,22;3462;"";AUTOSERVICIO;Autoservicio A;29615,22;HERNAN RIVERO;0,00;$;2;SOFTYS ARGENTINA S.A;0,00000000;0,00;Contado;;;LADYSOFT;Softy;;SOFTY;TOALLA FEMENINA;LAGO PUELO;PAPEL;;;300;Bruno Centurion;AXUM;;SOFTYS;False;133605;1;Lista General;Autoservicio A - A;44587;06-10-2026;58-ARON BOLLINI;SOFTYS;1;0,00000000;795,22
23193;"Eva Duarte de Peron 1130";GUERNICA;2026-10-07;07-10-2026;06-10-2026;FAC-A0001-00343730;Venta;LAGOPUELO S.A;1501553;1,00;22551,25;27287,01;BARRETO MARIA CELESTE;;15,00 %;061;Nailah Guzman;0612;PH HIGIENOL DH PLUS FUSI”N 30M x4/10;22551,25;3462;"";AUTOSERVICIO;Autoservicio B;17199,92;HERNAN RIVERO;3979,63;$;2;SOFTYS ARGENTINA S.A;0,00000000;0,00;Contado;;;HIGIENOL;Softy;;SOFTY;PAPEL HIG;LAGO PUELO;PAPEL;81;;300;Bruno Centurion;AXUM;;SOFTYS;False;133646;1;Lista General;Autoservicio B - A;44588;06-10-2026;58-ARON BOLLINI;SOFTYS;1;0,00000000;22551,25
23193;"Eva Duarte de Peron 1130";GUERNICA;2026-10-07;07-10-2026;06-10-2026;FAC-A0001-00343730;Venta;LAGOPUELO S.A;1501618;1,00;19032,09;23028,83;BARRETO MARIA CELESTE;;0,00 %;061;Nailah Guzman;0612;PH HIG  FRESH ALOE 30M X4/12;19032,09;3462;"";AUTOSERVICIO;Autoservicio B;13125,58;HERNAN RIVERO;0,00;$;2;SOFTYS ARGENTINA S.A;0,00000000;0,00;Contado;;;HIGIENOL;Softy;;SOFTY;PAPEL HIG;LAGO PUELO;PAPEL;;;300;Bruno Centurion;AXUM;;SOFTYS;False;133646;1;Lista General;Autoservicio B - A;44588;06-10-2026;58-ARON BOLLINI;SOFTYS;1;0,00000000;19032,09
23193;"Eva Duarte de Peron 1130";GUERNICA;2026-10-07;07-10-2026;06-10-2026;FAC-A0001-00343730;Venta;LAGOPUELO S.A;1507915;1,00;35672,58;43163,82;BARRETO MARIA CELESTE;;0,00 %;061;Nailah Guzman;0612;PH HIGIENOL DH YAPA 50X x4 ;35672,58;3462;"";AUTOSERVICIO;Autoservicio B;24601,78;HERNAN RIVERO;0,00;$;2;SOFTYS ARGENTINA S.A;0,00000000;0,00;Contado;;;HIGIENOL;Softy;;SOFTY;PAPEL HIG;LAGO PUELO;PAPEL;;;300;Bruno Centurion;AXUM;;SOFTYS;False;133646;1;Lista General;Autoservicio B - A;44588;06-10-2026;58-ARON BOLLINI;SOFTYS;1;0,00000000;35672,58
23193;"Eva Duarte de Peron 1130";GUERNICA;2026-10-07;07-10-2026;06-10-2026;FAC-A0001-00343730;Venta;LAGOPUELO S.A;1501590;2,00;42712,24;51681,81;BARRETO MARIA CELESTE;;0,00 %;061;Nailah Guzman;0612;PH HIGIENOL HS  MAX 80X6;21356,12;3462;"";AUTOSERVICIO;Autoservicio B;29456,72;HERNAN RIVERO;0,00;$;2;SOFTYS ARGENTINA S.A;0,00000000;0,00;Contado;;;HIGIENOL;Softy;;SOFTY;PAPEL HIG;LAGO PUELO;PAPEL;;;300;Bruno Centurion;AXUM;;SOFTYS;False;133646;1;Lista General;Autoservicio B - A;44588;06-10-2026;58-ARON BOLLINI;SOFTYS;1;0,00000000;21356,12
23193;"Eva Duarte de Peron 1130";GUERNICA;2026-10-07;07-10-2026;06-10-2026;FAC-A0001-00343730;Venta;LAGOPUELO S.A;1501854;1,00;17507,23;21183,75;BARRETO MARIA CELESTE;;0,00 %;061;Nailah Guzman;0612;PH Higienol Texturado 30m x4/12;17507,23;3462;"";AUTOSERVICIO;Autoservicio B;12073,95;HERNAN RIVERO;0,00;$;2;SOFTYS ARGENTINA S.A;0,00000000;0,00;Contado;;;HIGIENOL;Softy;;SOFTY;PAPEL HIG;LAGO PUELO;PAPEL;;;300;Bruno Centurion;AXUM;;SOFTYS;False;133646;1;Lista General;Autoservicio B - A;44588;06-10-2026;58-ARON BOLLINI;SOFTYS;1;0,00000000;17507,23
23193;"Eva Duarte de Peron 1130";GUERNICA;2026-10-07;07-10-2026;06-10-2026;FAC-A0001-00343730;Venta;LAGOPUELO S.A;1502607;2,00;55717,18;67417,79;BARRETO MARIA CELESTE;;0,00 %;061;Nailah Guzman;0612;PH ELITE ULTRA DH SOFT T C/ALG 30Mx4;27858,59;3462;"";AUTOSERVICIO;Autoservicio B;37274,00;HERNAN RIVERO;0,00;$;2;SOFTYS ARGENTINA S.A;0,00000000;0,00;Contado;;;ELITE;Softy;;SOFTY;PAPEL HIG;LAGO PUELO;PAPEL;;;300;Bruno Centurion;AXUM;;SOFTYS;False;133646;1;Lista General;Autoservicio B - A;44588;06-10-2026;58-ARON BOLLINI;SOFTYS;1;0,00000000;27858,59
23193;"Eva Duarte de Peron 1130";GUERNICA;2026-10-07;07-10-2026;06-10-2026;FAC-A0001-00343730;Venta;LAGOPUELO S.A;1505698;1,00;15545,68;18810,27;BARRETO MARIA CELESTE;;0,00 %;061;Nailah Guzman;0612;RC SUSSEX PREMIUM MAXI 100P;15545,68;3462;"";AUTOSERVICIO;Autoservicio B;11515,32;HERNAN RIVERO;0,00;$;2;SOFTYS ARGENTINA S.A;0,00000000;0,00;Contado;;;SUSSEX;Softy;;SOFTY;ROLLO DE COCINA;LAGO PUELO;PAPEL;;;300;Bruno Centurion;AXUM;;SOFTYS;False;133646;1;Lista General;Autoservicio B - A;44588;06-10-2026;58-ARON BOLLINI;SOFTYS;1;0,00000000;15545,68
23193;"Eva Duarte de Peron 1130";GUERNICA;2026-10-07;07-10-2026;06-10-2026;FAC-A0001-00343730;Venta;LAGOPUELO S.A;1505689;1,00;20542,19;24856,05;BARRETO MARIA CELESTE;;0,00 %;061;Nailah Guzman;0612;RC SUSSEX ULTRA 60P x 3/10;20542,19;3462;"";AUTOSERVICIO;Autoservicio B;15216,44;HERNAN RIVERO;0,00;$;2;SOFTYS ARGENTINA S.A;0,00000000;0,00;Contado;;;SUSSEX;Softy;;SOFTY;ROLLO DE COCINA;LAGO PUELO;PAPEL;;;300;Bruno Centurion;AXUM;;SOFTYS;False;133646;1;Lista General;Autoservicio B - A;44588;06-10-2026;58-ARON BOLLINI;SOFTYS;1;0,00000000;20542,19
29131;"CLARK - (AUTOSERVICIOS) 548";GLEW;2026-10-07;07-10-2026;06-10-2026;FAC-A0001-00343735;Venta;LAGOPUELO S.A;1501627;1,00;12040,70;14569,25;LIANG TIAN;;10,00 %;062;Nahuel Martinez;0622;PH Higienol HS Balanced 20mx4/12;12040,70;3462;"";AUTOSERVICIO;Autoservicio B;9488,34;HERNAN RIVERO;1337,86;$;2;SOFTYS ARGENTINA S.A;0,00000000;0,00;Contado;;;HIGIENOL;Softy;;SOFTY;PAPEL HIG;LAGO PUELO;PAPEL;103;;300;Bruno Centurion;AXUM;;SOFTYS;False;133660;1;Lista General;Autoservicio B - A;44594;06-10-2026;58-ARON BOLLINI;SOFTYS;1;0,00000000;12040,70
29131;"CLARK - (AUTOSERVICIOS) 548";GLEW;2026-10-07;07-10-2026;06-10-2026;FAC-A0001-00343735;Venta;LAGOPUELO S.A;1509766;24,00;21979,20;26594,83;LIANG TIAN;;0,00 %;062;Nahuel Martinez;0622;TF T/SECA NORMAL MAS PROTECC 8x54;915,80;3462;"";AUTOSERVICIO;Autoservicio B;15158,16;HERNAN RIVERO;0,00;$;2;SOFTYS ARGENTINA S.A;0,00000000;0,00;Contado;;;LADYSOFT;Softy;;SOFTY;TOALLA FEMENINA;LAGO PUELO;PAPEL;;;300;Bruno Centurion;AXUM;;SOFTYS;False;133660;1;Lista General;Autoservicio B - A;44594;06-10-2026;58-ARON BOLLINI;SOFTYS;1;0,00000000;915,80
23946;"JUSTICIA - (AUTOSERVICIOS) 2957";LONGCHAMPS;2026-10-07;07-10-2026;06-10-2026;FAC-A0001-00343741;Venta;LAGOPUELO S.A;1509755;20,00;23993,40;29032,01;SHI QIN;;0,00 %;062;Nahuel Martinez;0622;TF UD T/SECA LADYSOFT ULTRA PROTECT 8;1199,67;3462;"";AUTOSERVICIO;Autoservicio A;16547,20;HERNAN RIVERO;0,00;$;2;SOFTYS ARGENTINA S.A;0,00000000;0,00;Contado;;;LADYSOFT;Softy;;SOFTY;TOALLA FEMENINA;LAGO PUELO;PAPEL;;;300;Bruno Centurion;AXUM;;SOFTYS;False;133751;1;Lista General;Autoservicio A - A;44602;06-10-2026;58-ARON BOLLINI;SOFTYS;1;0,00000000;1199,67
28097;"ALFONSINA STORNI - (AUTOSERVICIOS) 2038";LONGCHAMPS;2026-10-07;07-10-2026;06-10-2026;FAC-A0001-00343742;Venta;LAGOPUELO S.A;1509764;5,00;0,00;0,00;LIN WANG;;100,00 %;062;Nahuel Martinez;0622;TF NORMAL T/SUAVE EXT ALGODON 8x54;0,00;3462;"";AUTOSERVICIO;Autoservicio B;2926,35;HERNAN RIVERO;848,64;$;2;SOFTYS ARGENTINA S.A;0,00000000;0,00;Contado;;;LADYSOFT;Softy;;SOFTY;TOALLA FEMENINA;LAGO PUELO;PAPEL;65;;300;Bruno Centurion;AXUM;;SOFTYS;False;133834;1;Lista General;Autoservicio B - A;44603;06-10-2026;58-ARON BOLLINI;SOFTYS;1;0,00000000;0,00
28097;"ALFONSINA STORNI - (AUTOSERVICIOS) 2038";LONGCHAMPS;2026-10-07;07-10-2026;06-10-2026;FAC-A0001-00343742;Venta;LAGOPUELO S.A;1509764;54,00;45826,56;55450,14;LIN WANG;;0,00 %;062;Nahuel Martinez;0622;TF NORMAL T/SUAVE EXT ALGODON 8x54;848,64;3462;"";AUTOSERVICIO;Autoservicio B;31604,58;HERNAN RIVERO;0,00;$;2;SOFTYS ARGENTINA S.A;0,00000000;0,00;Contado;;;LADYSOFT;Softy;;SOFTY;TOALLA FEMENINA;LAGO PUELO;PAPEL;;;300;Bruno Centurion;AXUM;;SOFTYS;False;133834;1;Lista General;Autoservicio B - A;44603;06-10-2026;58-ARON BOLLINI;SOFTYS;1;0,00000000;848,64
28097;"ALFONSINA STORNI - (AUTOSERVICIOS) 2038";LONGCHAMPS;2026-10-07;07-10-2026;06-10-2026;FAC-A0001-00343742;Venta;LAGOPUELO S.A;1509765;27,00;44878,86;54303,42;LIN WANG;;0,00 %;062;Nahuel Martinez;0622;TF NORMALT/SUAVE EXT ALG 16x27;1662,18;3462;"";AUTOSERVICIO;Autoservicio B;30950,91;HERNAN RIVERO;0,00;$;2;SOFTYS ARGENTINA S.A;0,00000000;0,00;Contado;;;LADYSOFT;Softy;;SOFTY;TOALLA FEMENINA;LAGO PUELO;PAPEL;;;300;Bruno Centurion;AXUM;;SOFTYS;False;133834;1;Lista General;Autoservicio B - A;44603;06-10-2026;58-ARON BOLLINI;SOFTYS;1;0,00000000;1662,18
28097;"ALFONSINA STORNI - (AUTOSERVICIOS) 2038";LONGCHAMPS;2026-10-07;07-10-2026;06-10-2026;FAC-A0001-00343742;Venta;LAGOPUELO S.A;1509763;16,00;36240,80;43851,37;LIN WANG;;0,00 %;062;Nahuel Martinez;0622;TF Nocturna EXT ALGODON 16X16;2265,05;3462;"";AUTOSERVICIO;Autoservicio B;24993,76;HERNAN RIVERO;0,00;$;2;SOFTYS ARGENTINA S.A;0,00000000;0,00;Contado;;;LADYSOFT;Softy;;SOFTY;TOALLA FEMENINA;LAGO PUELO;PAPEL;;;300;Bruno Centurion;AXUM;;SOFTYS;False;133834;1;Lista General;Autoservicio B - A;44603;06-10-2026;58-ARON BOLLINI;SOFTYS;1;0,00000000;2265,05
28097;"ALFONSINA STORNI - (AUTOSERVICIOS) 2038";LONGCHAMPS;2026-10-07;07-10-2026;06-10-2026;FAC-A0001-00343742;Venta;LAGOPUELO S.A;1501553;60,00;1114296,96;1348299,32;LIN WANG;;30,00 %;062;Nahuel Martinez;0622;PH HIGIENOL DH PLUS FUSI”N 30M x4/10;18571,62;3462;"";AUTOSERVICIO;Autoservicio B;1031995,20;HERNAN RIVERO;7959,26;$;2;SOFTYS ARGENTINA S.A;0,00000000;0,00;Contado;;;HIGIENOL;Softy;;SOFTY;PAPEL HIG;LAGO PUELO;PAPEL;81;;300;Bruno Centurion;AXUM;;SOFTYS;False;133834;1;Lista General;Autoservicio B - A;44603;06-10-2026;58-ARON BOLLINI;SOFTYS;1;0,00000000;18571,62
23364;"GALVEZ - (TRADICIONAL) 3030";ALTE BROWN;2026-10-07;07-10-2026;06-10-2026;FAC-A0001-00343743;Venta;LAGOPUELO S.A;1503118;24,00;39248,64;47490,85;WANG BINYAN;;0,00 %;062;Nahuel Martinez;0622;TH BABYSEC ULTRA 50/24;1635,36;3462;"";AUTOSERVICIO;Autoservicio B;27067,92;HERNAN RIVERO;0,00;$;2;SOFTYS ARGENTINA S.A;0,00000000;0,00;Contado;;;BABYSEC;;;;;;PAPEL;;;300;Bruno Centurion;AXUM;;SOFTYS;False;133890;1;Lista General;Autoservicio B - A;44606;06-10-2026;58-ARON BOLLINI;SOFTYS;1;0,00000000;1635,36
23364;"GALVEZ - (TRADICIONAL) 3030";ALTE BROWN;2026-10-07;07-10-2026;06-10-2026;FAC-A0001-00343743;Venta;LAGOPUELO S.A;1509761;12,00;9542,64;11546,59;WANG BINYAN;;0,00 %;062;Nahuel Martinez;0622;TF LADYSOFT COMFORT EXT ALGODON 8x54;795,22;3462;"";AUTOSERVICIO;Autoservicio B;6581,16;HERNAN RIVERO;0,00;$;2;SOFTYS ARGENTINA S.A;0,00000000;0,00;Contado;;;LADYSOFT;Softy;;SOFTY;TOALLA FEMENINA;LAGO PUELO;PAPEL;;;300;Bruno Centurion;AXUM;;SOFTYS;False;133890;1;Lista General;Autoservicio B - A;44606;06-10-2026;58-ARON BOLLINI;SOFTYS;1;0,00000000;795,22
23364;"GALVEZ - (TRADICIONAL) 3030";ALTE BROWN;2026-10-07;07-10-2026;06-10-2026;FAC-A0001-00343743;Venta;LAGOPUELO S.A;1509762;12,00;14066,28;17020,20;WANG BINYAN;;0,00 %;062;Nahuel Martinez;0622;TF NOCTUR EXT A 8x32;1172,19;3462;"";AUTOSERVICIO;Autoservicio B;9700,92;HERNAN RIVERO;0,00;$;2;SOFTYS ARGENTINA S.A;0,00000000;0,00;Contado;;;LADYSOFT;Softy;;SOFTY;TOALLA FEMENINA;LAGO PUELO;PAPEL;;;300;Bruno Centurion;AXUM;;SOFTYS;False;133890;1;Lista General;Autoservicio B - A;44606;06-10-2026;58-ARON BOLLINI;SOFTYS;1;0,00000000;1172,19
23364;"GALVEZ - (TRADICIONAL) 3030";ALTE BROWN;2026-10-07;07-10-2026;06-10-2026;FAC-A0001-00343743;Venta;LAGOPUELO S.A;1509767;12,00;16282,80;19702,19;WANG BINYAN;;0,00 %;062;Nahuel Martinez;0622;TF UD TSUAVE ACTIVE 8X40;1356,90;3462;"";AUTOSERVICIO;Autoservicio B;11229,48;HERNAN RIVERO;0,00;$;2;SOFTYS ARGENTINA S.A;0,00000000;0,00;Contado;;;LADYSOFT;Softy;;SOFTY;TOALLA FEMENINA;LAGO PUELO;PAPEL;;;300;Bruno Centurion;AXUM;;SOFTYS;False;133890;1;Lista General;Autoservicio B - A;44606;06-10-2026;58-ARON BOLLINI;SOFTYS;1;0,00000000;1356,90
29232;"YERBAL - (AUTOSERVICIOS) 999";GLEW;2026-10-07;07-10-2026;06-10-2026;FAC-A0001-00343744;Venta;LAGOPUELO S.A;1509762;6,00;7033,14;8510,10;CHANGBING HUANG;;0,00 %;061;Nailah Guzman;0612;TF NOCTUR EXT A 8x32;1172,19;3462;"";AUTOSERVICIO;Autoservicio A;4850,46;HERNAN RIVERO;0,00;$;2;SOFTYS ARGENTINA S.A;0,00000000;0,00;Contado;;;LADYSOFT;Softy;;SOFTY;TOALLA FEMENINA;LAGO PUELO;PAPEL;;;300;Bruno Centurion;AXUM;;SOFTYS;False;133917;1;Lista General;Autoservicio A - A;44610;06-10-2026;58-ARON BOLLINI;SOFTYS;1;0,00000000;1172,19
29232;"YERBAL - (AUTOSERVICIOS) 999";GLEW;2026-10-07;07-10-2026;06-10-2026;FAC-A0001-00343744;Venta;LAGOPUELO S.A;1509755;10,00;11996,70;14516,01;CHANGBING HUANG;;0,00 %;061;Nailah Guzman;0612;TF UD T/SECA LADYSOFT ULTRA PROTECT 8;1199,67;3462;"";AUTOSERVICIO;Autoservicio A;8273,60;HERNAN RIVERO;0,00;$;2;SOFTYS ARGENTINA S.A;0,00000000;0,00;Contado;;;LADYSOFT;Softy;;SOFTY;TOALLA FEMENINA;LAGO PUELO;PAPEL;;;300;Bruno Centurion;AXUM;;SOFTYS;False;133917;1;Lista General;Autoservicio A - A;44610;06-10-2026;58-ARON BOLLINI;SOFTYS;1;0,00000000;1199,67
29232;"YERBAL - (AUTOSERVICIOS) 999";GLEW;2026-10-07;07-10-2026;06-10-2026;FAC-A0001-00343744;Venta;LAGOPUELO S.A;1509756;6,00;14002,26;16942,73;CHANGBING HUANG;;0,00 %;061;Nailah Guzman;0612;TF UD T/SECA LADYSOFT UL PRT 16u;2333,71;3462;"";AUTOSERVICIO;Autoservicio A;9656,76;HERNAN RIVERO;0,00;$;2;SOFTYS ARGENTINA S.A;0,00000000;0,00;Contado;;;LADYSOFT;Softy;;SOFTY;TOALLA FEMENINA;LAGO PUELO;PAPEL;;;300;Bruno Centurion;AXUM;;SOFTYS;False;133917;1;Lista General;Autoservicio A - A;44610;06-10-2026;58-ARON BOLLINI;SOFTYS;1;0,00000000;2333,71
29232;"YERBAL - (AUTOSERVICIOS) 999";GLEW;2026-10-07;07-10-2026;06-10-2026;FAC-A0001-00343744;Venta;LAGOPUELO S.A;1509759;6,00;12784,26;15468,95;CHANGBING HUANG;;0,00 %;061;Nailah Guzman;0612;TF UD T/SUAVE EXT ALG 16x20;2130,71;3462;"";AUTOSERVICIO;Autoservicio A;8816,70;HERNAN RIVERO;0,00;$;2;SOFTYS ARGENTINA S.A;0,00000000;0,00;Contado;;;LADYSOFT;Softy;;SOFTY;TOALLA FEMENINA;LAGO PUELO;PAPEL;;;300;Bruno Centurion;AXUM;;SOFTYS;False;133917;1;Lista General;Autoservicio A - A;44610;06-10-2026;58-ARON BOLLINI;SOFTYS;1;0,00000000;2130,71
29232;"YERBAL - (AUTOSERVICIOS) 999";GLEW;2026-10-07;07-10-2026;06-10-2026;FAC-A0001-00343744;Venta;LAGOPUELO S.A;1509768;6,00;5851,86;7080,75;CHANGBING HUANG;;0,00 %;061;Nailah Guzman;0612;TF NORMAL T/SUAVE PIEL SENSIBLE 8x54;975,31;3462;"";AUTOSERVICIO;Autoservicio A;4035,78;HERNAN RIVERO;0,00;$;2;SOFTYS ARGENTINA S.A;0,00000000;0,00;Contado;;;LADYSOFT;Softy;;SOFTY;TOALLA FEMENINA;LAGO PUELO;PAPEL;;;300;Bruno Centurion;AXUM;;SOFTYS;False;133917;1;Lista General;Autoservicio A - A;44610;06-10-2026;58-ARON BOLLINI;SOFTYS;1;0,00000000;975,31
29232;"YERBAL - (AUTOSERVICIOS) 999";GLEW;2026-10-07;07-10-2026;06-10-2026;FAC-A0001-00343744;Venta;LAGOPUELO S.A;1509769;6,00;31741,74;38407,51;CHANGBING HUANG;;0,00 %;061;Nailah Guzman;0612;PD RESPIRABLES 100/12;5290,29;3462;"";AUTOSERVICIO;Autoservicio A;21890,82;HERNAN RIVERO;0,00;$;2;SOFTYS ARGENTINA S.A;0,00000000;0,00;Contado;;;LADYSOFT;Softy;;SOFTY;PROTECTOR DIARIO;LAGO PUELO;PAPEL;;;300;Bruno Centurion;AXUM;;SOFTYS;False;133917;1;Lista General;Autoservicio A - A;44610;06-10-2026;58-ARON BOLLINI;SOFTYS;1;0,00000000;5290,29
28093;"AV HIPOLITO YRIGOYEN 19231";LONGCHAMPS;2026-10-07;07-10-2026;06-10-2026;FAC-A0001-00343746;Venta;LAGOPUELO S.A;1501627;15,00;200678,40;242820,86;MI CABA—A;;0,00 %;062;Nahuel Martinez;0622;PH Higienol HS Balanced 20mx4/12;13378,56;3462;"";MAYORISTA;MAYORISTA;142325,10;HERNAN RIVERO;0,00;$;2;SOFTYS ARGENTINA S.A;0,00000000;0,00;7 dÌas fecha de factura;;;HIGIENOL;Softy;;SOFTY;PAPEL HIG;LAGO PUELO;PAPEL;;;300;Bruno Centurion;AXUM;;SOFTYS;False;133964;1;Lista General;MAYORISTA - A;44611;06-10-2026;58-ARON BOLLINI;SOFTYS;1;0,00000000;13378,56
28093;"AV HIPOLITO YRIGOYEN 19231";LONGCHAMPS;2026-10-07;07-10-2026;06-10-2026;FAC-A0001-00343746;Venta;LAGOPUELO S.A;1501553;15,00;318370,56;385228,38;MI CABA—A;;20,00 %;062;Nahuel Martinez;0622;PH HIGIENOL DH PLUS FUSI”N 30M x4/10;21224,70;3462;"";MAYORISTA;MAYORISTA;257998,80;HERNAN RIVERO;5306,18;$;2;SOFTYS ARGENTINA S.A;0,00000000;0,00;7 dÌas fecha de factura;;;HIGIENOL;Softy;;SOFTY;PAPEL HIG;LAGO PUELO;PAPEL;81;;300;Bruno Centurion;AXUM;;SOFTYS;False;133964;1;Lista General;MAYORISTA - A;44611;06-10-2026;58-ARON BOLLINI;SOFTYS;1;0,00000000;21224,70
6377;"AV. EVA PERON 7499";Varela ;2026-10-07;07-10-2026;05-10-2026;FAC-A0001-00343748;Venta;LAGOPUELO S.A;1509757;15,00;50001,90;60502,30;Zhou Xinchen;;0,00 %;7;Myrian Lertora;75;TF UD T/SECA LADYSOFT UL PTEC 24u;3333,46;3455;"";AUTOSERVICIO;AUTOSERVICIO;34484,10;IVAN MONTOYA;0,00;$;2;SOFTYS ARGENTINA S.A;0,00000000;0,00;Contado;;;LADYSOFT;Softy;;SOFTY;TOALLA FEMENINA;LAGO PUELO;PAPEL;;;25;JOHANA VIGIL;Gescom;;;False;133348;1;Lista General;AUTOSERVICIO - A;44470;06-10-2026;757-JUAN PABLO JUAREZ;SOFTYS;1;0,00000000;3333,46
2283;"CALLE 762 935";Varela ;2026-10-07;07-10-2026;05-10-2026;FAC-A0001-00343750;Venta;LAGOPUELO S.A;1501554;2,00;55547,24;67212,16;MAMANI CALLATA SOFIA;;0,00 %;7;Myrian Lertora;75;PH HIGIENOL DH BALANCE 30M X4/10;27773,62;3455;"";ALMACEN;ALMACEN;38308,44;IVAN MONTOYA;0,00;$;2;SOFTYS ARGENTINA S.A;0,00000000;0,00;Contado;;;HIGIENOL;Softy;;SOFTY;PAPEL HIG;LAGO PUELO;PAPEL;;;25;JOHANA VIGIL;Gescom;;;False;133350;1;Lista General;ALMACEN - A;44472;06-10-2026;757-JUAN PABLO JUAREZ;SOFTYS;1;0,00000000;27773,62
323070;"JUAN BROWN 1136";FLORENCIO VARELA;2026-10-07;07-10-2026;06-10-2026;FAC-A0001-00343752;Venta;LAGOPUELO S.A;1509764;10,00;8486,40;10268,54;YOUHE WENG;;0,00 %;7;Myrian Lertora;72;TF NORMAL T/SUAVE EXT ALGODON 8x54;848,64;3455;"";AUTOSERVICIO;AUTOSERVICIO;5852,70;IVAN MONTOYA;0,00;$;2;SOFTYS ARGENTINA S.A;0,00000000;0,00;Contado;;;LADYSOFT;Softy;;SOFTY;TOALLA FEMENINA;LAGO PUELO;PAPEL;;;25;JOHANA VIGIL;AXUM;;SOFTYS;False;133918;1;Lista General;AUTOSERVICIO - A;44478;06-10-2026;757-JUAN PABLO JUAREZ;SOFTYS;1;0,00000000;848,64
323070;"JUAN BROWN 1136";FLORENCIO VARELA;2026-10-07;07-10-2026;06-10-2026;FAC-A0001-00343752;Venta;LAGOPUELO S.A;1509762;10,00;11721,90;14183,50;YOUHE WENG;;0,00 %;7;Myrian Lertora;72;TF NOCTUR EXT A 8x32;1172,19;3455;"";AUTOSERVICIO;AUTOSERVICIO;8084,10;IVAN MONTOYA;0,00;$;2;SOFTYS ARGENTINA S.A;0,00000000;0,00;Contado;;;LADYSOFT;Softy;;SOFTY;TOALLA FEMENINA;LAGO PUELO;PAPEL;;;25;JOHANA VIGIL;AXUM;;SOFTYS;False;133918;1;Lista General;AUTOSERVICIO - A;44478;06-10-2026;757-JUAN PABLO JUAREZ;SOFTYS;1;0,00000000;1172,19
323070;"JUAN BROWN 1136";FLORENCIO VARELA;2026-10-07;07-10-2026;06-10-2026;FAC-A0001-00343752;Venta;LAGOPUELO S.A;1509763;10,00;22650,50;27407,11;YOUHE WENG;;0,00 %;7;Myrian Lertora;72;TF Nocturna EXT ALGODON 16X16;2265,05;3455;"";AUTOSERVICIO;AUTOSERVICIO;15621,10;IVAN MONTOYA;0,00;$;2;SOFTYS ARGENTINA S.A;0,00000000;0,00;Contado;;;LADYSOFT;Softy;;SOFTY;TOALLA FEMENINA;LAGO PUELO;PAPEL;;;25;JOHANA VIGIL;AXUM;;SOFTYS;False;133918;1;Lista General;AUTOSERVICIO - A;44478;06-10-2026;757-JUAN PABLO JUAREZ;SOFTYS;1;0,00000000;2265,05
323070;"JUAN BROWN 1136";FLORENCIO VARELA;2026-10-07;07-10-2026;06-10-2026;FAC-A0001-00343752;Venta;LAGOPUELO S.A;1509755;10,00;11996,70;14516,01;YOUHE WENG;;0,00 %;7;Myrian Lertora;72;TF UD T/SECA LADYSOFT ULTRA PROTECT 8;1199,67;3455;"";AUTOSERVICIO;AUTOSERVICIO;8273,60;IVAN MONTOYA;0,00;$;2;SOFTYS ARGENTINA S.A;0,00000000;0,00;Contado;;;LADYSOFT;Softy;;SOFTY;TOALLA FEMENINA;LAGO PUELO;PAPEL;;;25;JOHANA VIGIL;AXUM;;SOFTYS;False;133918;1;Lista General;AUTOSERVICIO - A;44478;06-10-2026;757-JUAN PABLO JUAREZ;SOFTYS;1;0,00000000;1199,67
323070;"JUAN BROWN 1136";FLORENCIO VARELA;2026-10-07;07-10-2026;06-10-2026;FAC-A0001-00343752;Venta;LAGOPUELO S.A;1509756;10,00;23337,10;28237,89;YOUHE WENG;;0,00 %;7;Myrian Lertora;72;TF UD T/SECA LADYSOFT UL PRT 16u;2333,71;3455;"";AUTOSERVICIO;AUTOSERVICIO;16094,60;IVAN MONTOYA;0,00;$;2;SOFTYS ARGENTINA S.A;0,00000000;0,00;Contado;;;LADYSOFT;Softy;;SOFTY;TOALLA FEMENINA;LAGO PUELO;PAPEL;;;25;JOHANA VIGIL;AXUM;;SOFTYS;False;133918;1;Lista General;AUTOSERVICIO - A;44478;06-10-2026;757-JUAN PABLO JUAREZ;SOFTYS;1;0,00000000;2333,71
27892;"GENERAL HORNOS - (ARTICULO DE LIMPIEZA) 1427";LOMAS DE ZAMORA;2026-10-07;07-10-2026;06-10-2026;FAC-A0001-00343755;Venta;LAGOPUELO S.A;1501553;10,00;212247,04;256818,92;ANA KARINA SANTOS;;20,00 %;073;Florencia Cubilla;0732;PH HIGIENOL DH PLUS FUSI”N 30M x4/10;21224,70;3456;"";Otros;Articulo de limpieza;171999,20;NAHUEL MONTOYA;5306,18;$;2;SOFTYS ARGENTINA S.A;0,00000000;0,00;Contado;;;HIGIENOL;Softy;;SOFTY;PAPEL HIG;LAGO PUELO;PAPEL;81;;300;Bruno Centurion;AXUM;;SOFTYS;False;133399;1;Lista General;Articulo de limpieza - A;44388;06-10-2026;509-LUCAS GODOY;SOFTYS;1;0,00000000;21224,70
29102;"BOEDO - (TRADICIONAL) 541";LOMAS DE ZAMORA;2026-10-07;07-10-2026;06-10-2026;FAC-A0001-00343756;Venta;LAGOPUELO S.A;1503118;24,00;39248,64;47490,85;SILVIA MU—OZ APAZA;;0,00 %;074;Romina Baez;0742;TH BABYSEC ULTRA 50/24;1635,36;3456;"";KIOSCO;KIOSCO;27067,92;NAHUEL MONTOYA;0,00;$;2;SOFTYS ARGENTINA S.A;0,00000000;0,00;Contado;;;BABYSEC;;;;;;PAPEL;;;300;Bruno Centurion;AXUM;;SOFTYS;False;133454;1;Lista General;KIOSCO - A;44389;06-10-2026;509-LUCAS GODOY;SOFTYS;1;0,00000000;1635,36
27502;"SANTA FE - (AUTOSERVICIOS) 337";LOMAS DE ZAMORA;2026-10-07;07-10-2026;06-10-2026;FAC-A0001-00343762;Venta;LAGOPUELO S.A;1501627;15,00;170576,64;206397,73;WANG YONGHUI;;15,00 %;073;Florencia Cubilla;0732;PH Higienol HS Balanced 20mx4/12;11371,78;3456;"";AUTOSERVICIO;Autoservicio B;142325,10;NAHUEL MONTOYA;2006,78;$;2;SOFTYS ARGENTINA S.A;0,00000000;0,00;Contado;;;HIGIENOL;Softy;;SOFTY;PAPEL HIG;LAGO PUELO;PAPEL;103;;300;Bruno Centurion;AXUM;;SOFTYS;False;133586;1;Lista General;Autoservicio B - A;44399;06-10-2026;509-LUCAS GODOY;SOFTYS;1;0,00000000;11371,78
27512;"Corrientes - (AUTOSERVICIOS) 575";LOMAS DE ZAMORA;2026-10-07;07-10-2026;06-10-2026;FAC-A0001-00343764;Venta;LAGOPUELO S.A;1503118;20,00;32707,20;39575,71;Li han;;0,00 %;074;Romina Baez;0742;TH BABYSEC ULTRA 50/24;1635,36;3456;"";AUTOSERVICIO;Autoservicio A;22556,60;NAHUEL MONTOYA;0,00;$;2;SOFTYS ARGENTINA S.A;0,00000000;0,00;Contado;;;BABYSEC;;;;;;PAPEL;;;300;Bruno Centurion;AXUM;;SOFTYS;False;133753;1;Lista General;Autoservicio A - A;44411;06-10-2026;509-LUCAS GODOY;SOFTYS;1;0,00000000;1635,36
27512;"Corrientes - (AUTOSERVICIOS) 575";LOMAS DE ZAMORA;2026-10-07;07-10-2026;06-10-2026;FAC-A0001-00343764;Venta;LAGOPUELO S.A;1509749;12,00;15605,04;18882,10;Li han;;0,00 %;074;Romina Baez;0742;PD ladysoft clasicos 20x30;1300,42;3456;"";AUTOSERVICIO;Autoservicio A;10762,08;NAHUEL MONTOYA;0,00;$;2;SOFTYS ARGENTINA S.A;0,00000000;0,00;Contado;;;LADYSOFT;Softy;;SOFTY;PROTECTOR DIARIO;LAGO PUELO;PAPEL;;;300;Bruno Centurion;AXUM;;SOFTYS;False;133753;1;Lista General;Autoservicio A - A;44411;06-10-2026;509-LUCAS GODOY;SOFTYS;1;0,00000000;1300,42
27528;"Frias - (AUTOSERVICIOS) 922";LOMAS DE ZAMORA;2026-10-07;07-10-2026;06-10-2026;FAC-A0001-00343769;Venta;LAGOPUELO S.A;1503118;12,00;19624,32;23745,43;Chen Fengyu;;0,00 %;074;Romina Baez;0742;TH BABYSEC ULTRA 50/24;1635,36;3456;"";AUTOSERVICIO;Autoservicio A;13533,96;NAHUEL MONTOYA;0,00;$;2;SOFTYS ARGENTINA S.A;0,00000000;0,00;Contado;;;BABYSEC;;;;;;PAPEL;;;300;Bruno Centurion;AXUM;;SOFTYS;False;133802;1;Lista General;Autoservicio A - A;44417;06-10-2026;509-LUCAS GODOY;SOFTYS;1;0,00000000;1635,36
27528;"Frias - (AUTOSERVICIOS) 922";LOMAS DE ZAMORA;2026-10-07;07-10-2026;06-10-2026;FAC-A0001-00343769;Venta;LAGOPUELO S.A;1503131;12,00;29705,52;35943,68;Chen Fengyu;;0,00 %;074;Romina Baez;0742;TH BABYSEC PREMIUM X45/10;2475,46;3456;"";AUTOSERVICIO;Autoservicio A;20486,52;NAHUEL MONTOYA;0,00;$;2;SOFTYS ARGENTINA S.A;0,00000000;0,00;Contado;;;BABYSEC;Softy;;SOFTY;TOALLA HUMEDA;LAGO PUELO;PAPEL;;;300;Bruno Centurion;AXUM;;SOFTYS;False;133802;1;Lista General;Autoservicio A - A;44417;06-10-2026;509-LUCAS GODOY;SOFTYS;1;0,00000000;2475,46
27528;"Frias - (AUTOSERVICIOS) 922";LOMAS DE ZAMORA;2026-10-07;07-10-2026;06-10-2026;FAC-A0001-00343769;Venta;LAGOPUELO S.A;1509762;12,00;14066,28;17020,20;Chen Fengyu;;0,00 %;074;Romina Baez;0742;TF NOCTUR EXT A 8x32;1172,19;3456;"";AUTOSERVICIO;Autoservicio A;9700,92;NAHUEL MONTOYA;0,00;$;2;SOFTYS ARGENTINA S.A;0,00000000;0,00;Contado;;;LADYSOFT;Softy;;SOFTY;TOALLA FEMENINA;LAGO PUELO;PAPEL;;;300;Bruno Centurion;AXUM;;SOFTYS;False;133802;1;Lista General;Autoservicio A - A;44417;06-10-2026;509-LUCAS GODOY;SOFTYS;1;0,00000000;1172,19
27528;"Frias - (AUTOSERVICIOS) 922";LOMAS DE ZAMORA;2026-10-07;07-10-2026;06-10-2026;FAC-A0001-00343769;Venta;LAGOPUELO S.A;1509757;6,00;20000,76;24200,92;Chen Fengyu;;0,00 %;074;Romina Baez;0742;TF UD T/SECA LADYSOFT UL PTEC 24u;3333,46;3456;"";AUTOSERVICIO;Autoservicio A;13793,64;NAHUEL MONTOYA;0,00;$;2;SOFTYS ARGENTINA S.A;0,00000000;0,00;Contado;;;LADYSOFT;Softy;;SOFTY;TOALLA FEMENINA;LAGO PUELO;PAPEL;;;300;Bruno Centurion;AXUM;;SOFTYS;False;133802;1;Lista General;Autoservicio A - A;44417;06-10-2026;509-LUCAS GODOY;SOFTYS;1;0,00000000;3333,46
27743;"SAAVEDRA ENTRE GORRITI Y LORIA - (PERFUMERIA) 130";LOMAS DE ZAMORA;2026-10-07;07-10-2026;06-10-2026;FAC-A0001-00343773;Venta;LAGOPUELO S.A;1503118;6,00;9812,16;11872,71;SERGIO ;;0,00 %;074;Romina Baez;0742;TH BABYSEC ULTRA 50/24;1635,36;3456;"";Farmacias y PerfumerÌas;Perfumeria;6766,98;NAHUEL MONTOYA;0,00;$;2;SOFTYS ARGENTINA S.A;0,00000000;0,00;Contado;;;BABYSEC;;;;;;PAPEL;;;300;Bruno Centurion;AXUM;;SOFTYS;False;133855;1;Lista General;Perfumeria - A;44421;06-10-2026;509-LUCAS GODOY;SOFTYS;1;0,00000000;1635,36
837;"HERNANDARIAS 1346";REMEDIOS DE ESCALADA;2026-10-07;07-10-2026;06-10-2026;FAC-A0001-00343778;Venta;LAGOPUELO S.A;1509764;6,00;5091,84;6161,13;ZHUANG YANZHU;;0,00 %;073;Florencia Cubilla;0732;TF NORMAL T/SUAVE EXT ALGODON 8x54;848,64;3456;"Venta modificada el 2026-10-06 17:29:36";AUTOSERVICIO;AUTOSERVICIO;3511,62;NAHUEL MONTOYA;0,00;$;2;SOFTYS ARGENTINA S.A;0,00000000;0,00;Contado;;;LADYSOFT;Softy;;SOFTY;TOALLA FEMENINA;LAGO PUELO;PAPEL;;;300;Bruno Centurion;AXUM;;SOFTYS;False;133920;1;Lista General;AUTOSERVICIO - A;44427;06-10-2026;509-LUCAS GODOY;SOFTYS;1;0,00000000;848,64
100029;"San Martin 3629 0";REMEDIOS DE ESCALADA;2026-10-07;07-10-2026;06-10-2026;FAC-A0001-00343782;Venta;LAGOPUELO S.A;1509758;6,00;6694,44;8100,27;Yan Zhusong;;0,00 %;27;Samanta Dogliotti;272;TF UD T/SUAVE EXT ALGO 8X40;1115,74;3454;"";AUTOSERVICIO;AUTOSERVICIO;4616,88;SIMON OLIVERA;0,00;$;2;SOFTYS ARGENTINA S.A;0,00000000;0,00;Efectivo;;;LADYSOFT;Softy;;SOFTY;TOALLA FEMENINA;LAGO PUELO;PAPEL;;;25;JOHANA VIGIL;AXUM;;SOFTYS;False;133579;1;Lista General;AUTOSERVICIO - A;44349;06-10-2026;759-GABRIEL PEREZ;SOFTYS;1;0,00000000;1115,74
107796;"Mendoza 3259 0";LANUS;2026-10-07;07-10-2026;06-10-2026;FAC-A0001-00343786;Venta;LAGOPUELO S.A;1501553;3,00;67653,74;81861,03;Feng Teng;;15,00 %;28;Nadia Diaz;282;PH HIGIENOL DH PLUS FUSI”N 30M x4/10;22551,25;3454;"";AUTOSERVICIO;AUTOSERVICIO;51599,76;SIMON OLIVERA;3979,63;$;2;SOFTYS ARGENTINA S.A;0,00000000;0,00;Efectivo;;;HIGIENOL;Softy;;SOFTY;PAPEL HIG;LAGO PUELO;PAPEL;81;;25;JOHANA VIGIL;AXUM;;SOFTYS;False;133686;1;Lista General;AUTOSERVICIO - A;44356;06-10-2026;759-GABRIEL PEREZ;SOFTYS;1;0,00000000;22551,25
102108;"Viamonte 731 0";LANUS;2026-10-07;07-10-2026;06-10-2026;FAC-A0001-00343789;Venta;LAGOPUELO S.A;1509755;10,00;11996,70;14516,01;Sol Radiante S.R.L;;0,00 %;29;Camila Navarrete;292;TF UD T/SECA LADYSOFT ULTRA PROTECT 8;1199,67;3454;"";AUTOSERVICIO;AUTOSERVICIO;8273,60;SIMON OLIVERA;0,00;$;2;SOFTYS ARGENTINA S.A;0,00000000;0,00;Efectivo;;;LADYSOFT;Softy;;SOFTY;TOALLA FEMENINA;LAGO PUELO;PAPEL;;;25;JOHANA VIGIL;AXUM;;SOFTYS;False;133723;1;Lista General;AUTOSERVICIO - A;44359;06-10-2026;759-GABRIEL PEREZ;SOFTYS;1;0,00000000;1199,67
104258;"25 De Mayo 1531 0";LANUS;2026-10-07;07-10-2026;06-10-2026;FAC-A0001-00343792;Venta;LAGOPUELO S.A;1501627;10,00;113717,76;137598,49;Huang Liumin;;15,00 %;29;Camila Navarrete;292;PH Higienol HS Balanced 20mx4/12;11371,78;3454;"";AUTOSERVICIO;AUTOSERVICIO;94883,40;SIMON OLIVERA;2006,78;$;2;SOFTYS ARGENTINA S.A;0,00000000;0,00;Efectivo;;;HIGIENOL;Softy;;SOFTY;PAPEL HIG;LAGO PUELO;PAPEL;103;;25;JOHANA VIGIL;AXUM;;SOFTYS;False;133762;1;Lista General;AUTOSERVICIO - A;44362;06-10-2026;759-GABRIEL PEREZ;SOFTYS;1;0,00000000;11371,78
5538;"J. IGNACIO RUCCI 2177 2177";VALENTIN ALSINA;2026-10-07;07-10-2026;06-10-2026;FAC-A0001-00343797;Venta;LAGOPUELO S.A;1503131;3,00;7426,38;8985,92;DORA PEREZ;;0,00 %;24;Cecilia Gauchez;242;TH BABYSEC PREMIUM X45/10;2475,46;3454;"";KIOSCO;KIOSCO;5121,63;SIMON OLIVERA;0,00;$;2;SOFTYS ARGENTINA S.A;0,00000000;0,00;Efectivo;;;BABYSEC;Softy;;SOFTY;TOALLA HUMEDA;LAGO PUELO;PAPEL;;;25;JOHANA VIGIL;AXUM;;SOFTYS;False;133861;1;Lista General;KIOSCO - A;44367;06-10-2026;759-GABRIEL PEREZ;SOFTYS;1;0,00000000;2475,46
5538;"J. IGNACIO RUCCI 2177 2177";VALENTIN ALSINA;2026-10-07;07-10-2026;06-10-2026;FAC-A0001-00343797;Venta;LAGOPUELO S.A;1501627;2,00;24081,41;29138,50;DORA PEREZ;;10,00 %;24;Cecilia Gauchez;242;PH Higienol HS Balanced 20mx4/12;12040,70;3454;"";KIOSCO;KIOSCO;18976,68;SIMON OLIVERA;1337,86;$;2;SOFTYS ARGENTINA S.A;0,00000000;0,00;Efectivo;;;HIGIENOL;Softy;;SOFTY;PAPEL HIG;LAGO PUELO;PAPEL;103;;25;JOHANA VIGIL;AXUM;;SOFTYS;False;133861;1;Lista General;KIOSCO - A;44367;06-10-2026;759-GABRIEL PEREZ;SOFTYS;1;0,00000000;12040,70
5538;"J. IGNACIO RUCCI 2177 2177";VALENTIN ALSINA;2026-10-07;07-10-2026;06-10-2026;FAC-A0001-00343797;Venta;LAGOPUELO S.A;1505496;3,00;3722,25;4503,92;DORA PEREZ;;0,00 %;24;Cecilia Gauchez;242;PO ELITE ST CON ALGODON X10 PACK 6;1240,75;3454;"";KIOSCO;KIOSCO;2567,07;SIMON OLIVERA;0,00;$;2;SOFTYS ARGENTINA S.A;0,00000000;0,00;Efectivo;;;ELITE;Softy;;SOFTY;PAÒUELOS;LAGO PUELO;PAPEL;;;25;JOHANA VIGIL;AXUM;;SOFTYS;False;133861;1;Lista General;KIOSCO - A;44367;06-10-2026;759-GABRIEL PEREZ;SOFTYS;1;0,00000000;1240,75
103398;"Rucci 2423 0";LANUS;2026-10-07;07-10-2026;06-10-2026;FAC-A0001-00343799;Venta;LAGOPUELO S.A;1509749;12,00;15605,04;18882,10;Guo Fangren;;0,00 %;24;Cecilia Gauchez;242;PD ladysoft clasicos 20x30;1300,42;3454;"";AUTOSERVICIO;AUTOSERVICIO;10762,08;SIMON OLIVERA;0,00;$;2;SOFTYS ARGENTINA S.A;0,00000000;0,00;Efectivo;;;LADYSOFT;Softy;;SOFTY;PROTECTOR DIARIO;LAGO PUELO;PAPEL;;;25;JOHANA VIGIL;AXUM;;SOFTYS;False;133933;1;Lista General;AUTOSERVICIO - A;44374;06-10-2026;759-GABRIEL PEREZ;SOFTYS;1;0,00000000;1300,42
106448;"Moreno 116 0";Lanus;2026-10-07;07-10-2026;06-10-2026;FAC-A0001-00343800;Venta;LAGOPUELO S.A;1505496;4,00;4963,00;6005,23;Fernando Daniel Isabella;;0,00 %;30;Oriana Songini;302;PO ELITE ST CON ALGODON X10 PACK 6;1240,75;3454;"";Tradicionales;Almacen;3422,76;SIMON OLIVERA;0,00;$;2;SOFTYS ARGENTINA S.A;0,00000000;0,00;Efectivo;;;ELITE;Softy;;SOFTY;PAÒUELOS;LAGO PUELO;PAPEL;;;25;JOHANA VIGIL;AXUM;;SOFTYS;False;133943;1;Lista General;Almacen - A;44375;06-10-2026;759-GABRIEL PEREZ;SOFTYS;1;0,00000000;1240,75
106448;"Moreno 116 0";Lanus;2026-10-07;07-10-2026;06-10-2026;FAC-A0001-00343800;Venta;LAGOPUELO S.A;1509762;8,00;9377,52;11346,80;Fernando Daniel Isabella;;0,00 %;30;Oriana Songini;302;TF NOCTUR EXT A 8x32;1172,19;3454;"";Tradicionales;Almacen;6467,28;SIMON OLIVERA;0,00;$;2;SOFTYS ARGENTINA S.A;0,00000000;0,00;Efectivo;;;LADYSOFT;Softy;;SOFTY;TOALLA FEMENINA;LAGO PUELO;PAPEL;;;25;JOHANA VIGIL;AXUM;;SOFTYS;False;133943;1;Lista General;Almacen - A;44375;06-10-2026;759-GABRIEL PEREZ;SOFTYS;1;0,00000000;1172,19
106448;"Moreno 116 0";Lanus;2026-10-07;07-10-2026;06-10-2026;FAC-A0001-00343800;Venta;LAGOPUELO S.A;1509766;8,00;7326,40;8864,94;Fernando Daniel Isabella;;0,00 %;30;Oriana Songini;302;TF T/SECA NORMAL MAS PROTECC 8x54;915,80;3454;"";Tradicionales;Almacen;5052,72;SIMON OLIVERA;0,00;$;2;SOFTYS ARGENTINA S.A;0,00000000;0,00;Efectivo;;;LADYSOFT;Softy;;SOFTY;TOALLA FEMENINA;LAGO PUELO;PAPEL;;;25;JOHANA VIGIL;AXUM;;SOFTYS;False;133943;1;Lista General;Almacen - A;44375;06-10-2026;759-GABRIEL PEREZ;SOFTYS;1;0,00000000;915,80
106448;"Moreno 116 0";Lanus;2026-10-07;07-10-2026;06-10-2026;FAC-A0001-00343800;Venta;LAGOPUELO S.A;1509764;8,00;6789,12;8214,84;Fernando Daniel Isabella;;0,00 %;30;Oriana Songini;302;TF NORMAL T/SUAVE EXT ALGODON 8x54;848,64;3454;"";Tradicionales;Almacen;4682,16;SIMON OLIVERA;0,00;$;2;SOFTYS ARGENTINA S.A;0,00000000;0,00;Efectivo;;;LADYSOFT;Softy;;SOFTY;TOALLA FEMENINA;LAGO PUELO;PAPEL;;;25;JOHANA VIGIL;AXUM;;SOFTYS;False;133943;1;Lista General;Almacen - A;44375;06-10-2026;759-GABRIEL PEREZ;SOFTYS;1;0,00000000;848,64
103393;"Tagle 3874 0";LANUS;2026-10-07;07-10-2026;06-10-2026;FAC-A0001-00343801;Venta;LAGOPUELO S.A;1509765;27,00;44878,86;54303,42;Zheng Xiuqin;;0,00 %;27;Samanta Dogliotti;272;TF NORMALT/SUAVE EXT ALG 16x27;1662,18;3454;"";AUTOSERVICIO;AUTOSERVICIO;30950,91;SIMON OLIVERA;0,00;$;2;SOFTYS ARGENTINA S.A;0,00000000;0,00;Efectivo;;;LADYSOFT;Softy;;SOFTY;TOALLA FEMENINA;LAGO PUELO;PAPEL;;;25;JOHANA VIGIL;AXUM;;SOFTYS;False;133948;1;Lista General;AUTOSERVICIO - A;44376;06-10-2026;759-GABRIEL PEREZ;SOFTYS;1;0,00000000;1662,18
101115;"Gral. Olazabal N 4282 1 0";LANUS;2026-10-07;07-10-2026;06-10-2026;FAC-A0001-00343805;Venta;LAGOPUELO S.A;1504078;15,00;32917,59;39830,28;He Yangxing;;10,00 %;27;Samanta Dogliotti;272;PL BABYSEC ULTRASOFT XG X8/15;2194,51;3454;"";AUTOSERVICIO;AUTOSERVICIO;27092,70;SIMON OLIVERA;243,83;$;2;SOFTYS ARGENTINA S.A;0,00000000;0,00;Efectivo;;;BABYSEC;Softy;;SOFTY;PAÒAL;LAGO PUELO;PAPEL;;;25;JOHANA VIGIL;AXUM;;SOFTYS;False;133973;1;Lista General;AUTOSERVICIO - A;44384;06-10-2026;759-GABRIEL PEREZ;SOFTYS;1;0,00000000;2194,51
101115;"Gral. Olazabal N 4282 1 0";LANUS;2026-10-07;07-10-2026;06-10-2026;FAC-A0001-00343805;Venta;LAGOPUELO S.A;1509756;6,00;14002,26;16942,73;He Yangxing;;0,00 %;27;Samanta Dogliotti;272;TF UD T/SECA LADYSOFT UL PRT 16u;2333,71;3454;"";AUTOSERVICIO;AUTOSERVICIO;9656,76;SIMON OLIVERA;0,00;$;2;SOFTYS ARGENTINA S.A;0,00000000;0,00;Efectivo;;;LADYSOFT;Softy;;SOFTY;TOALLA FEMENINA;LAGO PUELO;PAPEL;;;25;JOHANA VIGIL;AXUM;;SOFTYS;False;133973;1;Lista General;AUTOSERVICIO - A;44384;06-10-2026;759-GABRIEL PEREZ;SOFTYS;1;0,00000000;2333,71
23664;"TOMAS A EDISON - (AUTOSERVICIOS) 555";EL JAGUEL;2026-10-07;07-10-2026;06-10-2026;FAC-A0001-00343809;Venta;LAGOPUELO S.A;1509759;20,00;42614,20;51563,18;YAN SHIYUMEI;;0,00 %;064;Karina Fernandez;0642;TF UD T/SUAVE EXT ALG 16x20;2130,71;3458;"";AUTOSERVICIO;Autoservicio A;29389,00;WALTER JANIUK;0,00;$;2;SOFTYS ARGENTINA S.A;0,00000000;0,00;Contado;;;LADYSOFT;Softy;;SOFTY;TOALLA FEMENINA;LAGO PUELO;PAPEL;;;300;Bruno Centurion;AXUM;;SOFTYS;False;133401;1;Lista General;Autoservicio A - A;44535;06-10-2026;759-GABRIEL PEREZ;SOFTYS;1;0,00000000;2130,71
27660;"TUYUTI - (TRADICIONAL) 1098";EZEIZA;2026-10-07;07-10-2026;06-10-2026;FAC-A0001-00343813;Venta;LAGOPUELO S.A;1501627;1,00;12040,70;14569,25;FABRICIO ESCURRA ILJUSZYK;;10,00 %;075;Julieta Yegros;0752;PH Higienol HS Balanced 20mx4/12;12040,70;3458;"";AUTOSERVICIO;Autoservicio B;9488,34;WALTER JANIUK;1337,86;$;2;SOFTYS ARGENTINA S.A;0,00000000;0,00;Contado;;;HIGIENOL;Softy;;SOFTY;PAPEL HIG;LAGO PUELO;PAPEL;103;;300;Bruno Centurion;AXUM;;SOFTYS;False;133442;1;Lista General;Autoservicio B - A;44538;06-10-2026;759-GABRIEL PEREZ;SOFTYS;1;0,00000000;12040,70
29055;"EDISON - (TRADICIONAL) 1476";EL JAGUEL;2026-10-07;07-10-2026;06-10-2026;FAC-A0001-00343821;Venta;LAGOPUELO S.A;1505688;1,00;15533,64;18795,70;VERONICA VIVIANA ALVAREZ;;5,00 %;064;Karina Fernandez;0642;RC Sussex clasico mas blanco 50px3/10;15533,64;3458;"";AUTOSERVICIO;Autoservicio B;12112,00;WALTER JANIUK;817,56;$;2;SOFTYS ARGENTINA S.A;0,00000000;0,00;Contado;;;SUSSEX;Softy;;SOFTY;ROLLO DE COCINA;LAGO PUELO;PAPEL;83;;300;Bruno Centurion;AXUM;;SOFTYS;False;133593;1;Lista General;Autoservicio B - A;44546;06-10-2026;759-GABRIEL PEREZ;SOFTYS;1;0,00000000;15533,64
27462;"Diego Laure - (AUTOSERVICIOS) 1085";EZEIZA;2026-10-07;07-10-2026;06-10-2026;FAC-A0001-00343823;Venta;LAGOPUELO S.A;1507915;1,00;35672,58;43163,82;Xue Fang Fang;;0,00 %;075;Julieta Yegros;0752;PH HIGIENOL DH YAPA 50X x4 ;35672,58;3458;"";AUTOSERVICIO;Autoservicio A;24601,78;WALTER JANIUK;0,00;$;2;SOFTYS ARGENTINA S.A;0,00000000;0,00;Contado;;;HIGIENOL;Softy;;SOFTY;PAPEL HIG;LAGO PUELO;PAPEL;;;300;Bruno Centurion;AXUM;;SOFTYS;False;133604;1;Lista General;Autoservicio A - A;44548;06-10-2026;759-GABRIEL PEREZ;SOFTYS;1;0,00000000;35672,58
23785;"CABILDO - (TRADICIONAL) 513";ESTEBAN ECHEVERR√¬çA;2026-10-07;07-10-2026;06-10-2026;FAC-A0001-00343825;Venta;LAGOPUELO S.A;1505688;1,00;15533,64;18795,70;MONTIEL ELPIDIO ANTOLIN;;5,00 %;064;Karina Fernandez;0642;RC Sussex clasico mas blanco 50px3/10;15533,64;3458;"";ALMACEN;ALMACEN;12112,00;WALTER JANIUK;817,56;$;2;SOFTYS ARGENTINA S.A;0,00000000;0,00;Contado;;;SUSSEX;Softy;;SOFTY;ROLLO DE COCINA;LAGO PUELO;PAPEL;83;;300;Bruno Centurion;AXUM;;SOFTYS;False;133635;1;Lista General;ALMACEN - A;44549;06-10-2026;759-GABRIEL PEREZ;SOFTYS;1;0,00000000;15533,64
23841;"Evita - (PA√‚ÄòALERA) 883";EL JAGUEL;2026-10-07;07-10-2026;06-10-2026;FAC-A0001-00343833;Venta;LAGOPUELO S.A;1509757;15,00;50001,90;60502,30;Gonzalez Fernando;;0,00 %;064;Karina Fernandez;0642;TF UD T/SECA LADYSOFT UL PTEC 24u;3333,46;3458;"";Otros;PaÒalera;34484,10;WALTER JANIUK;0,00;$;2;SOFTYS ARGENTINA S.A;0,00000000;0,00;Contado;;;LADYSOFT;Softy;;SOFTY;TOALLA FEMENINA;LAGO PUELO;PAPEL;;;300;Bruno Centurion;AXUM;;SOFTYS;False;133900;1;Lista General;PaÒalera - A;44569;06-10-2026;759-GABRIEL PEREZ;SOFTYS;1;0,00000000;3333,46
103790;"Estanislao Zeballos 1097 0";BERNAL ;2026-10-07;07-10-2026;06-10-2026;FAC-B0001-00018735;Venta;LAGOPUELO S.A;1509764;1,00;0,00;0,00;Romero Veronica;;100,00 %;054;Leonel Caruso;0542;TF NORMAL T/SUAVE EXT ALGODON 8x54;0,00;3459;"";Tradicionales;Almacen;585,27;LEONARDO SANTA CRUZ;848,64;$;2;SOFTYS ARGENTINA S.A;0,00000000;0,00;Efectivo;;;LADYSOFT;Softy;;SOFTY;TOALLA FEMENINA;LAGO PUELO;PAPEL;65;;300;Bruno Centurion;AXUM;;SOFTYS;False;133642;1;Lista General;Almacen - A;44506;06-10-2026;5553-JORGE MONZON;SOFTYS;1;0,00000000;0,00
103790;"Estanislao Zeballos 1097 0";BERNAL ;2026-10-07;07-10-2026;06-10-2026;FAC-B0001-00018735;Venta;LAGOPUELO S.A;1509764;12,00;10183,68;12322,25;Romero Veronica;;0,00 %;054;Leonel Caruso;0542;TF NORMAL T/SUAVE EXT ALGODON 8x54;848,64;3459;"";Tradicionales;Almacen;7023,24;LEONARDO SANTA CRUZ;0,00;$;2;SOFTYS ARGENTINA S.A;0,00000000;0,00;Efectivo;;;LADYSOFT;Softy;;SOFTY;TOALLA FEMENINA;LAGO PUELO;PAPEL;;;300;Bruno Centurion;AXUM;;SOFTYS;False;133642;1;Lista General;Almacen - A;44506;06-10-2026;5553-JORGE MONZON;SOFTYS;1;0,00000000;848,64
4319;"LAMADRID 202";Quilmes;2026-10-07;07-10-2026;06-10-2026;FAC-B0001-00018737;Venta;LAGOPUELO S.A;1509764;5,00;4243,20;5134,27;RAMOS JOSE IGNACIO;;0,00 %;053;Verona Abati;0532;TF NORMAL T/SUAVE EXT ALGODON 8x54;848,64;3459;"";ALMACEN;ALMACEN;2926,35;LEONARDO SANTA CRUZ;0,00;$;2;SOFTYS ARGENTINA S.A;0,00000000;0,00;Contado;;;LADYSOFT;Softy;;SOFTY;TOALLA FEMENINA;LAGO PUELO;PAPEL;;;300;Bruno Centurion;AXUM;;SOFTYS;False;133893;1;Lista General;ALMACEN - A;44529;06-10-2026;5553-JORGE MONZON;SOFTYS;1;0,00000000;848,64
6429;"MANUEL IGLESIAS 1503";Varela ;2026-10-07;07-10-2026;05-10-2026;FAC-B0001-00018741;Venta;LAGOPUELO S.A;1501553;2,00;45102,50;54574,02;RAMIREZ VANESA;;15,00 %;7;Myrian Lertora;71;PH HIGIENOL DH PLUS FUSI”N 30M x4/10;22551,25;3455;"";ALMACEN;ALMACEN;34399,84;IVAN MONTOYA;3979,63;$;2;SOFTYS ARGENTINA S.A;0,00000000;0,00;Contado;;;HIGIENOL;Softy;;SOFTY;PAPEL HIG;LAGO PUELO;PAPEL;81;;25;JOHANA VIGIL;AXUM;;SOFTYS;False;133125;1;Lista General;ALMACEN - A;44469;06-10-2026;757-JUAN PABLO JUAREZ;SOFTYS;1;0,00000000;22551,25
5489;"MADRID 1608";FLORENCIO VARELA;2026-10-07;07-10-2026;05-10-2026;FAC-B0001-00018742;Venta;LAGOPUELO S.A;1501627;1,00;12040,70;14569,25;PIRES JORGE ORLANDO;;10,00 %;7;Myrian Lertora;75;PH Higienol HS Balanced 20mx4/12;12040,70;3455;"";AUTOSERVICIO;AUTOSERVICIO;9488,34;IVAN MONTOYA;1337,86;$;2;SOFTYS ARGENTINA S.A;0,00000000;0,00;Contado;;;HIGIENOL;Softy;;SOFTY;PAPEL HIG;LAGO PUELO;PAPEL;103;;25;JOHANA VIGIL;Gescom;;;False;133354;1;Lista General;AUTOSERVICIO - A;44476;06-10-2026;757-JUAN PABLO JUAREZ;SOFTYS;1;0,00000000;12040,70
5489;"MADRID 1608";FLORENCIO VARELA;2026-10-07;07-10-2026;05-10-2026;FAC-B0001-00018742;Venta;LAGOPUELO S.A;1501618;1,00;19032,09;23028,83;PIRES JORGE ORLANDO;;0,00 %;7;Myrian Lertora;75;PH HIG  FRESH ALOE 30M X4/12;19032,09;3455;"";AUTOSERVICIO;AUTOSERVICIO;13125,58;IVAN MONTOYA;0,00;$;2;SOFTYS ARGENTINA S.A;0,00000000;0,00;Contado;;;HIGIENOL;Softy;;SOFTY;PAPEL HIG;LAGO PUELO;PAPEL;;;25;JOHANA VIGIL;Gescom;;;False;133354;1;Lista General;AUTOSERVICIO - A;44476;06-10-2026;757-JUAN PABLO JUAREZ;SOFTYS;1;0,00000000;19032,09
5489;"MADRID 1608";FLORENCIO VARELA;2026-10-07;07-10-2026;05-10-2026;FAC-B0001-00018742;Venta;LAGOPUELO S.A;1501622;1,00;23319,52;28216,62;PIRES JORGE ORLANDO;;0,00 %;7;Myrian Lertora;75;PH HIG FRESH ALOE30m x6/10;23319,52;3455;"";AUTOSERVICIO;AUTOSERVICIO;16082,43;IVAN MONTOYA;0,00;$;2;SOFTYS ARGENTINA S.A;0,00000000;0,00;Contado;;;HIGIENOL;Softy;;SOFTY;PAPEL HIG;LAGO PUELO;PAPEL;;;25;JOHANA VIGIL;Gescom;;;False;133354;1;Lista General;AUTOSERVICIO - A;44476;06-10-2026;757-JUAN PABLO JUAREZ;SOFTYS;1;0,00000000;23319,52
5489;"MADRID 1608";FLORENCIO VARELA;2026-10-07;07-10-2026;05-10-2026;FAC-B0001-00018742;Venta;LAGOPUELO S.A;1502610;1,00;24485,25;29627,15;PIRES JORGE ORLANDO;;0,00 %;7;Myrian Lertora;75;PH ELITE HS CLS C/ALGODON 30M X6/10;24485,25;3455;"";AUTOSERVICIO;AUTOSERVICIO;16886,38;IVAN MONTOYA;0,00;$;2;SOFTYS ARGENTINA S.A;0,00000000;0,00;Contado;;;ELITE;Softy;;SOFTY;PAPEL HIG;LAGO PUELO;PAPEL;;;25;JOHANA VIGIL;Gescom;;;False;133354;1;Lista General;AUTOSERVICIO - A;44476;06-10-2026;757-JUAN PABLO JUAREZ;SOFTYS;1;0,00000000;24485,25
5489;"MADRID 1608";FLORENCIO VARELA;2026-10-07;07-10-2026;05-10-2026;FAC-B0001-00018742;Venta;LAGOPUELO S.A;1509244;1,00;21555,76;26082,47;PIRES JORGE ORLANDO;;0,00 %;7;Myrian Lertora;75;PH NOBLE HS 30X6;21555,76;3455;"";AUTOSERVICIO;AUTOSERVICIO;14866,04;IVAN MONTOYA;0,00;$;2;SOFTYS ARGENTINA S.A;0,00000000;0,00;Contado;;;NOBLE;Softy;;SOFTY;PAPEL HIG;LAGO PUELO;PAPEL;;;25;JOHANA VIGIL;Gescom;;;False;133354;1;Lista General;AUTOSERVICIO - A;44476;06-10-2026;757-JUAN PABLO JUAREZ;SOFTYS;1;0,00000000;21555,76
5489;"MADRID 1608";FLORENCIO VARELA;2026-10-07;07-10-2026;05-10-2026;FAC-B0001-00018742;Venta;LAGOPUELO S.A;1509232;1,00;13179,71;15947,45;PIRES JORGE ORLANDO;;0,00 %;7;Myrian Lertora;75;RC NOBLE 40P x3/10;13179,71;3455;"";AUTOSERVICIO;AUTOSERVICIO;9762,75;IVAN MONTOYA;0,00;$;2;SOFTYS ARGENTINA S.A;0,00000000;0,00;Contado;;;NOBLE;Softy;;SOFTY;ROLLO DE COCINA;LAGO PUELO;PAPEL;;;25;JOHANA VIGIL;Gescom;;;False;133354;1;Lista General;AUTOSERVICIO - A;44476;06-10-2026;757-JUAN PABLO JUAREZ;SOFTYS;1;0,00000000;13179,71
761;"PTE ARTURO ILLIA - 1038";FLORENCIO VARELA;2026-10-07;07-10-2026;06-10-2026;FAC-B0001-00018743;Venta;LAGOPUELO S.A;1501618;1,00;19032,09;23028,83;CLAUDIA CINALLI ;;0,00 %;7;Myrian Lertora;72;PH HIG  FRESH ALOE 30M X4/12;19032,09;3455;"";ALMACEN;ALMACEN;13125,58;IVAN MONTOYA;0,00;$;2;SOFTYS ARGENTINA S.A;0,00000000;0,00;Contado;;;HIGIENOL;Softy;;SOFTY;PAPEL HIG;LAGO PUELO;PAPEL;;;25;JOHANA VIGIL;AXUM;;SOFTYS;False;133619;1;Lista General;ALMACEN - A;44477;06-10-2026;757-JUAN PABLO JUAREZ;SOFTYS;1;0,00000000;19032,09
106390;"25 De Mayo 665 0";Lanus;2026-10-07;07-10-2026;06-10-2026;FAC-B0001-00018749;Venta;LAGOPUELO S.A;1505688;1,00;15533,64;18795,70;Omar Torres;;5,00 %;29;Camila Navarrete;292;RC Sussex clasico mas blanco 50px3/10;15533,64;3454;"";Tradicionales;Almacen;12112,00;SIMON OLIVERA;817,56;$;2;SOFTYS ARGENTINA S.A;0,00000000;0,00;Efectivo;;;SUSSEX;Softy;;SOFTY;ROLLO DE COCINA;LAGO PUELO;PAPEL;83;;25;JOHANA VIGIL;AXUM;;SOFTYS;False;133894;1;Lista General;Almacen - A;44371;06-10-2026;759-GABRIEL PEREZ;SOFTYS;1;0,00000000;15533,64
29093;"CABILDO - (TRADICIONAL) 770";EL JAGUEL;2026-10-07;07-10-2026;06-10-2026;FAC-B0001-00018752;Venta;LAGOPUELO S.A;1505708;1,00;22612,61;27361,26;COLQUE SILVIA ;;0,00 %;064;Karina Fernandez;0642;RC SUSEEX CLS MEGARROLO ALTO 200X1;22612,61;3458;"";ALMACEN;ALMACEN;16750,08;WALTER JANIUK;0,00;$;2;SOFTYS ARGENTINA S.A;0,00000000;0,00;Contado;;;SUSSEX;Softy;;SOFTY;ROLLO DE COCINA;LAGO PUELO;PAPEL;;;300;Bruno Centurion;AXUM;;SOFTYS;False;133585;1;Lista General;ALMACEN - A;44545;06-10-2026;759-GABRIEL PEREZ;SOFTYS;1;0,00000000;22612,61
29093;"CABILDO - (TRADICIONAL) 770";EL JAGUEL;2026-10-07;07-10-2026;06-10-2026;FAC-B0001-00018752;Venta;LAGOPUELO S.A;1502613;1,00;19982,46;24178,78;COLQUE SILVIA ;;0,00 %;064;Karina Fernandez;0642;PH ELITE HS 30M X4 /12;19982,46;3458;"";ALMACEN;ALMACEN;13781,01;WALTER JANIUK;0,00;$;2;SOFTYS ARGENTINA S.A;0,00000000;0,00;Contado;;;ELITE;Softy;;SOFTY;PAPEL HIG;LAGO PUELO;PAPEL;;;300;Bruno Centurion;AXUM;;SOFTYS;False;133585;1;Lista General;ALMACEN - A;44545;06-10-2026;759-GABRIEL PEREZ;SOFTYS;1;0,00000000;19982,46
23774;"LA CALANDRIA - (KIOSCOS/MAXI) 50";ESTEBAN ECHEVERR√¬çA;2026-10-07;07-10-2026;06-10-2026;FAC-B0001-00018753;Venta;LAGOPUELO S.A;1504079;4,00;8778,02;10621,41;BENITEZ TERESA;;10,00 %;064;Karina Fernandez;0642;PL BABYSEC ULTRASOFT XXG 8/15;2194,51;3458;"";ALMACEN;ALMACEN;7224,72;WALTER JANIUK;243,83;$;2;SOFTYS ARGENTINA S.A;0,00000000;0,00;Contado;;;BABYSEC;Softy;;SOFTY;PAÒAL;LAGO PUELO;PAPEL;;;300;Bruno Centurion;AXUM;;SOFTYS;False;133732;1;Lista General;ALMACEN - A;44560;06-10-2026;759-GABRIEL PEREZ;SOFTYS;1;0,00000000;2194,51
23774;"LA CALANDRIA - (KIOSCOS/MAXI) 50";ESTEBAN ECHEVERR√¬çA;2026-10-07;07-10-2026;06-10-2026;FAC-B0001-00018753;Venta;LAGOPUELO S.A;1503118;4,00;6541,44;7915,14;BENITEZ TERESA;;0,00 %;064;Karina Fernandez;0642;TH BABYSEC ULTRA 50/24;1635,36;3458;"";ALMACEN;ALMACEN;4511,32;WALTER JANIUK;0,00;$;2;SOFTYS ARGENTINA S.A;0,00000000;0,00;Contado;;;BABYSEC;;;;;;PAPEL;;;300;Bruno Centurion;AXUM;;SOFTYS;False;133732;1;Lista General;ALMACEN - A;44560;06-10-2026;759-GABRIEL PEREZ;SOFTYS;1;0,00000000;1635,36
23775;"GUTIERREZ - (TRADICIONAL) 2736";ESTEBAN ECHEVERR√¬çA;2026-10-07;07-10-2026;06-10-2026;FAC-B0001-00018754;Venta;LAGOPUELO S.A;1504079;4,00;8778,02;10621,41;LESCANO CARMEN;;10,00 %;064;Karina Fernandez;0642;PL BABYSEC ULTRASOFT XXG 8/15;2194,51;3458;"";ALMACEN;ALMACEN;7224,72;WALTER JANIUK;243,83;$;2;SOFTYS ARGENTINA S.A;0,00000000;0,00;Contado;;;BABYSEC;Softy;;SOFTY;PAÒAL;LAGO PUELO;PAPEL;;;300;Bruno Centurion;AXUM;;SOFTYS;False;133764;1;Lista General;ALMACEN - A;44561;06-10-2026;759-GABRIEL PEREZ;SOFTYS;1;0,00000000;2194,51
23662;"EVITA - (PERFUMERIA) 633";EL JAGUEL;2026-10-07;07-10-2026;06-10-2026;FAC-B0001-00018757;Venta;LAGOPUELO S.A;1509756;20,00;46674,20;56475,78;ELIZABETH BUSTAMANTE;;0,00 %;064;Karina Fernandez;0642;TF UD T/SECA LADYSOFT UL PRT 16u;2333,71;3458;"";Farmacias y PerfumerÌas;Perfumeria;32189,20;WALTER JANIUK;0,00;$;2;SOFTYS ARGENTINA S.A;0,00000000;0,00;Contado;;;LADYSOFT;Softy;;SOFTY;TOALLA FEMENINA;LAGO PUELO;PAPEL;;;300;Bruno Centurion;AXUM;;SOFTYS;False;133840;1;Lista General;Perfumeria - A;44568;06-10-2026;759-GABRIEL PEREZ;SOFTYS;1;0,00000000;2333,71
27664;"SANTA ANGELA - (TRADICIONAL) 402";LA UNION;2026-10-07;06-10-2026;07-10-2026;NCR-A0001-00048876;DevoluciÛn por Rechazo;LAGOPUELO S.A;1509749;-10,00;-12371,60;-14969,64;SILVESTRE NINAJA;CERRADO DENTRO DE HORARIO;0,00 %;075;Julieta Yegros;;PD ladysoft clasicos 20x30;1237,16;3446;"";ALMACEN;ALMACEN;-8968,40;IVAN MONTOYA;0,00;$;2;SOFTYS ARGENTINA S.A;0,00000000;0,00;Contado;07-10-2026 08:10;;LADYSOFT;Softy;;SOFTY;PROTECTOR DIARIO;LAGO PUELO;PAPEL;;;300;Bruno Centurion;Gescom;FAC-A0001-00343600;;True;134006;0;Lista General;ALMACEN - A;;01-01-2000;;SOFTYS;1;0,00000000;1237,16
27664;"SANTA ANGELA - (TRADICIONAL) 402";LA UNION;2026-10-07;06-10-2026;07-10-2026;NCR-A0001-00048876;DevoluciÛn por Rechazo;LAGOPUELO S.A;1509764;-10,00;-7845,20;-9492,69;SILVESTRE NINAJA;CERRADO DENTRO DE HORARIO;0,00 %;075;Julieta Yegros;;TF NORMAL T/SUAVE EXT ALGODON 8x54;784,52;3446;"";ALMACEN;ALMACEN;-5852,70;IVAN MONTOYA;0,00;$;2;SOFTYS ARGENTINA S.A;0,00000000;0,00;Contado;07-10-2026 08:10;;LADYSOFT;Softy;;SOFTY;TOALLA FEMENINA;LAGO PUELO;PAPEL;;;300;Bruno Centurion;Gescom;FAC-A0001-00343600;;True;134006;0;Lista General;ALMACEN - A;;01-01-2000;;SOFTYS;1;0,00000000;784,52
27664;"SANTA ANGELA - (TRADICIONAL) 402";LA UNION;2026-10-07;06-10-2026;07-10-2026;NCR-A0001-00048876;DevoluciÛn por Rechazo;LAGOPUELO S.A;1509761;-10,00;-7357,50;-8902,58;SILVESTRE NINAJA;CERRADO DENTRO DE HORARIO;0,00 %;075;Julieta Yegros;;TF LADYSOFT COMFORT EXT ALGODON 8x54;735,75;3446;"";ALMACEN;ALMACEN;-5484,30;IVAN MONTOYA;0,00;$;2;SOFTYS ARGENTINA S.A;0,00000000;0,00;Contado;07-10-2026 08:10;;LADYSOFT;Softy;;SOFTY;TOALLA FEMENINA;LAGO PUELO;PAPEL;;;300;Bruno Centurion;Gescom;FAC-A0001-00343600;;True;134006;0;Lista General;ALMACEN - A;;01-01-2000;;SOFTYS;1;0,00000000;735,75
27664;"SANTA ANGELA - (TRADICIONAL) 402";LA UNION;2026-10-07;06-10-2026;07-10-2026;NCR-A0001-00048876;DevoluciÛn por Rechazo;LAGOPUELO S.A;1509764;-1,00;0,00;0,00;SILVESTRE NINAJA;CERRADO DENTRO DE HORARIO;100,00 %;075;Julieta Yegros;;TF NORMAL T/SUAVE EXT ALGODON 8x54;0,00;3446;"";ALMACEN;ALMACEN;-585,27;IVAN MONTOYA;784,52;$;2;SOFTYS ARGENTINA S.A;0,00000000;0,00;Contado;07-10-2026 08:10;;LADYSOFT;Softy;;SOFTY;TOALLA FEMENINA;LAGO PUELO;PAPEL;65;;300;Bruno Centurion;Gescom;FAC-A0001-00343600;;True;134006;0;Lista General;ALMACEN - A;;01-01-2000;;SOFTYS;1;0,00000000;0,00
23390;"Dardo Rocha - (AUTOSERVICIOS) 688";BURZACO;2026-10-07;06-10-2026;07-10-2026;NCR-A0001-00048882;DevoluciÛn por Rechazo;LAGOPUELO S.A;1509756;-10,00;-23337,10;-28237,89;CHEN YOULOMG;RECHAZA, MUY CARO;0,00 %;061;Nailah Guzman;;TF UD T/SECA LADYSOFT UL PRT 16u;2333,71;3447;"";AUTOSERVICIO;Autoservicio B;-16094,60;WALTER JANIUK;0,00;$;2;SOFTYS ARGENTINA S.A;0,00000000;0,00;Contado;07-10-2026 08:05;;LADYSOFT;Softy;;SOFTY;TOALLA FEMENINA;LAGO PUELO;PAPEL;;;300;Bruno Centurion;Gescom;FAC-A0001-00343525;;True;134016;0;Lista General;Autoservicio B - A;;01-01-2000;;SOFTYS;1;0,00000000;2333,71
23390;"Dardo Rocha - (AUTOSERVICIOS) 688";BURZACO;2026-10-07;06-10-2026;07-10-2026;NCR-A0001-00048882;DevoluciÛn por Rechazo;LAGOPUELO S.A;1509759;-10,00;-21307,10;-25781,59;CHEN YOULOMG;RECHAZA, MUY CARO;0,00 %;061;Nailah Guzman;;TF UD T/SUAVE EXT ALG 16x20;2130,71;3447;"";AUTOSERVICIO;Autoservicio B;-14694,50;WALTER JANIUK;0,00;$;2;SOFTYS ARGENTINA S.A;0,00000000;0,00;Contado;07-10-2026 08:05;;LADYSOFT;Softy;;SOFTY;TOALLA FEMENINA;LAGO PUELO;PAPEL;;;300;Bruno Centurion;Gescom;FAC-A0001-00343525;;True;134016;0;Lista General;Autoservicio B - A;;01-01-2000;;SOFTYS;1;0,00000000;2130,71
23390;"Dardo Rocha - (AUTOSERVICIOS) 688";BURZACO;2026-10-07;06-10-2026;07-10-2026;NCR-A0001-00048882;DevoluciÛn por Rechazo;LAGOPUELO S.A;1509763;-10,00;-22650,50;-27407,11;CHEN YOULOMG;RECHAZA, MUY CARO;0,00 %;061;Nailah Guzman;;TF Nocturna EXT ALGODON 16X16;2265,05;3447;"";AUTOSERVICIO;Autoservicio B;-15621,10;WALTER JANIUK;0,00;$;2;SOFTYS ARGENTINA S.A;0,00000000;0,00;Contado;07-10-2026 08:05;;LADYSOFT;Softy;;SOFTY;TOALLA FEMENINA;LAGO PUELO;PAPEL;;;300;Bruno Centurion;Gescom;FAC-A0001-00343525;;True;134016;0;Lista General;Autoservicio B - A;;01-01-2000;;SOFTYS;1;0,00000000;2265,05
3086;"AVDA SANTA FE Y CALLE 889";SAN FRANCISCO SOLANO;2026-10-07;06-10-2026;07-10-2026;NCR-A0001-00048894;DevoluciÛn por Rechazo;LAGOPUELO S.A;1505688;-1,00;-15533,64;-18795,70;EVELIN GISEL GAUNA;NO QUIERE EL CLIENTE;5,00 %;056;Ezequiel Ferreira;;RC Sussex clasico mas blanco 50px3/10;15533,64;3445;"";AUTOSERVICIO;AUTOSERVICIO;-12112,00;LEONARDO SANTA CRUZ;817,56;$;2;SOFTYS ARGENTINA S.A;0,00000000;0,00;Contado;07-10-2026 08:44;;SUSSEX;Softy;;SOFTY;ROLLO DE COCINA;LAGO PUELO;PAPEL;83;;300;Bruno Centurion;Gescom;FAC-A0001-00343636;;True;134033;0;Lista General;AUTOSERVICIO - A;;01-01-2000;;SOFTYS;1;0,00000000;15533,64
3086;"AVDA SANTA FE Y CALLE 889";SAN FRANCISCO SOLANO;2026-10-07;06-10-2026;07-10-2026;NCR-A0001-00048894;DevoluciÛn por Rechazo;LAGOPUELO S.A;1501627;-1,00;-12040,70;-14569,25;EVELIN GISEL GAUNA;NO QUIERE EL CLIENTE;10,00 %;056;Ezequiel Ferreira;;PH Higienol HS Balanced 20mx4/12;12040,70;3445;"";AUTOSERVICIO;AUTOSERVICIO;-9488,34;LEONARDO SANTA CRUZ;1337,86;$;2;SOFTYS ARGENTINA S.A;0,00000000;0,00;Contado;07-10-2026 08:44;;HIGIENOL;Softy;;SOFTY;PAPEL HIG;LAGO PUELO;PAPEL;103;;300;Bruno Centurion;Gescom;FAC-A0001-00343636;;True;134033;0;Lista General;AUTOSERVICIO - A;;01-01-2000;;SOFTYS;1;0,00000000;12040,70
3086;"AVDA SANTA FE Y CALLE 889";SAN FRANCISCO SOLANO;2026-10-07;06-10-2026;07-10-2026;NCR-A0001-00048894;DevoluciÛn por Rechazo;LAGOPUELO S.A;1505708;-1,00;-22612,61;-27361,26;EVELIN GISEL GAUNA;NO QUIERE EL CLIENTE;0,00 %;056;Ezequiel Ferreira;;RC SUSEEX CLS MEGARROLO ALTO 200X1;22612,61;3445;"";AUTOSERVICIO;AUTOSERVICIO;-16750,08;LEONARDO SANTA CRUZ;0,00;$;2;SOFTYS ARGENTINA S.A;0,00000000;0,00;Contado;07-10-2026 08:44;;SUSSEX;Softy;;SOFTY;ROLLO DE COCINA;LAGO PUELO;PAPEL;;;300;Bruno Centurion;Gescom;FAC-A0001-00343636;;True;134033;0;Lista General;AUTOSERVICIO - A;;01-01-2000;;SOFTYS;1;0,00000000;22612,61
29529;"LOS MOLINOS E/LOS ALAMOS Y HUGO AGUILAR - (TRADICIONAL) 829";LA UNION;2026-10-07;06-10-2026;07-10-2026;NCR-B0001-00002613;DevoluciÛn por Rechazo;LAGOPUELO S.A;1509764;-10,00;-7845,20;-9492,69;GABRIELA CECILIA ALFONSO;CERRADO DENTRO DE HORARIO;0,00 %;075;Julieta Yegros;;TF NORMAL T/SUAVE EXT ALGODON 8x54;784,52;3446;"";KIOSCO;KIOSCO;-5852,70;IVAN MONTOYA;0,00;$;2;SOFTYS ARGENTINA S.A;0,00000000;0,00;Contado;07-10-2026 08:10;;LADYSOFT;Softy;;SOFTY;TOALLA FEMENINA;LAGO PUELO;PAPEL;;;300;Bruno Centurion;Gescom;FAC-B0001-00018713;;True;134007;0;Lista General;KIOSCO - A;;01-01-2000;;SOFTYS;1;0,00000000;784,52
29529;"LOS MOLINOS E/LOS ALAMOS Y HUGO AGUILAR - (TRADICIONAL) 829";LA UNION;2026-10-07;06-10-2026;07-10-2026;NCR-B0001-00002613;DevoluciÛn por Rechazo;LAGOPUELO S.A;1509764;-1,00;0,00;0,00;GABRIELA CECILIA ALFONSO;CERRADO DENTRO DE HORARIO;100,00 %;075;Julieta Yegros;;TF NORMAL T/SUAVE EXT ALGODON 8x54;0,00;3446;"";KIOSCO;KIOSCO;-585,27;IVAN MONTOYA;784,52;$;2;SOFTYS ARGENTINA S.A;0,00000000;0,00;Contado;07-10-2026 08:10;;LADYSOFT;Softy;;SOFTY;TOALLA FEMENINA;LAGO PUELO;PAPEL;65;;300;Bruno Centurion;Gescom;FAC-B0001-00018713;;True;134007;0;Lista General;KIOSCO - A;;01-01-2000;;SOFTYS;1;0,00000000;0,00
27405;"Viamonte - (AUTOSERVICIOS) 1045";BANFIELD;2026-10-07;05-10-2026;07-10-2026;NCR-B0001-00002615;DevoluciÛn por Rechazo;LAGOPUELO S.A;1502607;-5,00;-139292,95;-168544,47;Lin Shaobo;NO QUIERE EL CLIENTE;0,00 %;073;Florencia Cubilla;;PH ELITE ULTRA DH SOFT T C/ALG 30Mx4;27858,59;3427;"";AUTOSERVICIO;Autoservicio A;-93185,00;NAHUEL MONTOYA;0,00;$;2;SOFTYS ARGENTINA S.A;0,00000000;0,00;Contado;07-10-2026 08:19;;ELITE;Softy;;SOFTY;PAPEL HIG;LAGO PUELO;PAPEL;;;300;Bruno Centurion;Gescom;FAC-B0001-00018669;;True;134019;0;Lista General;Autoservicio A - A;;01-01-2000;;SOFTYS;1;0,00000000;27858,59
2406;"AV PRES DR NESTOR KIRCHNER 5444";Berazategui;2026-10-07;07-10-2026;06-10-2026;FAC-A0002-00011624;Venta;ELEBES;1505496;6,00;7444,50;9007,85;VINK VANESA MARIELA;;0,00 %;052;Nicole Sosa;0522;PO ELITE ST CON ALGODON X10 PACK 6;1240,75;3457;"";AUTOSERVICIO;AUTOSERVICIO;5134,14;JUAN ESCOTO;0,00;$;2;SOFTYS ARGENTINA S.A;0,00000000;0,00;Contado;;;ELITE;Softy;;SOFTY;PAÒUELOS;LAGO PUELO;PAPEL;;;300;Bruno Centurion;AXUM;;SOFTYS;False;133851;1;Lista General;AUTOSERVICIO - A;44455;06-10-2026;757-JUAN PABLO JUAREZ;SOFTYS;1;0,00000000;1240,75
13115;"Calle 165 N 6434";BERAZATEGUI;2026-10-07;07-10-2026;06-10-2026;FAC-A0002-00011626;Venta;ELEBES;1509764;6,00;5091,84;6161,13;VARELA YESICA;;0,00 %;052;Nicole Sosa;0522;TF NORMAL T/SUAVE EXT ALGODON 8x54;848,64;3457;"";ALMACEN;ALMACEN;3511,62;JUAN ESCOTO;0,00;$;2;SOFTYS ARGENTINA S.A;0,00000000;0,00;Contado;;;LADYSOFT;Softy;;SOFTY;TOALLA FEMENINA;LAGO PUELO;PAPEL;;;300;Bruno Centurion;AXUM;;SOFTYS;False;133949;1;Lista General;ALMACEN - A;44463;06-10-2026;757-JUAN PABLO JUAREZ;SOFTYS;1;0,00000000;848,64
13115;"Calle 165 N 6434";BERAZATEGUI;2026-10-07;07-10-2026;06-10-2026;FAC-A0002-00011626;Venta;ELEBES;1509766;6,00;5494,80;6648,71;VARELA YESICA;;0,00 %;052;Nicole Sosa;0522;TF T/SECA NORMAL MAS PROTECC 8x54;915,80;3457;"";ALMACEN;ALMACEN;3789,54;JUAN ESCOTO;0,00;$;2;SOFTYS ARGENTINA S.A;0,00000000;0,00;Contado;;;LADYSOFT;Softy;;SOFTY;TOALLA FEMENINA;LAGO PUELO;PAPEL;;;300;Bruno Centurion;AXUM;;SOFTYS;False;133949;1;Lista General;ALMACEN - A;44463;06-10-2026;757-JUAN PABLO JUAREZ;SOFTYS;1;0,00000000;915,80
13115;"Calle 165 N 6434";BERAZATEGUI;2026-10-07;07-10-2026;06-10-2026;FAC-A0002-00011626;Venta;ELEBES;1509761;6,00;4771,32;5773,30;VARELA YESICA;;0,00 %;052;Nicole Sosa;0522;TF LADYSOFT COMFORT EXT ALGODON 8x54;795,22;3457;"";ALMACEN;ALMACEN;3290,58;JUAN ESCOTO;0,00;$;2;SOFTYS ARGENTINA S.A;0,00000000;0,00;Contado;;;LADYSOFT;Softy;;SOFTY;TOALLA FEMENINA;LAGO PUELO;PAPEL;;;300;Bruno Centurion;AXUM;;SOFTYS;False;133949;1;Lista General;ALMACEN - A;44463;06-10-2026;757-JUAN PABLO JUAREZ;SOFTYS;1;0,00000000;795,22
13115;"Calle 165 N 6434";BERAZATEGUI;2026-10-07;07-10-2026;06-10-2026;FAC-A0002-00011626;Venta;ELEBES;1509755;6,00;7198,02;8709,60;VARELA YESICA;;0,00 %;052;Nicole Sosa;0522;TF UD T/SECA LADYSOFT ULTRA PROTECT 8;1199,67;3457;"";ALMACEN;ALMACEN;4964,16;JUAN ESCOTO;0,00;$;2;SOFTYS ARGENTINA S.A;0,00000000;0,00;Contado;;;LADYSOFT;Softy;;SOFTY;TOALLA FEMENINA;LAGO PUELO;PAPEL;;;300;Bruno Centurion;AXUM;;SOFTYS;False;133949;1;Lista General;ALMACEN - A;44463;06-10-2026;757-JUAN PABLO JUAREZ;SOFTYS;1;0,00000000;1199,67
5644;"CALLE 106 E/125 Y 127 - (TRADITIONAL TRADE) 1859";GUERNICA;2026-10-07;07-10-2026;06-10-2026;FAC-B0002-00016835;Venta;ELEBES;1503118;10,00;16353,60;19787,86;REINA CARABAJAL;;0,00 %;061;Nailah Guzman;0612;TH BABYSEC ULTRA 50/24;1635,36;3462;"";Otros;Articulo de limpieza;11278,30;HERNAN RIVERO;0,00;$;2;SOFTYS ARGENTINA S.A;0,00000000;0,00;Contado;;;BABYSEC;;;;;;PAPEL;;;300;Bruno Centurion;AXUM;;SOFTYS;False;133726;1;Lista General;Articulo de limpieza - A;44600;06-10-2026;58-ARON BOLLINI;SOFTYS;1;0,00000000;1635,36
23259;"AVENIDA EVA PERON - (TRADICIONAL) 2010";GUERNICA;2026-10-07;07-10-2026;06-10-2026;FAC-A0002-00011628;Venta;ELEBES;1501627;3,00;36122,11;43707,76;GERARDO GASTON GOICOECHEA;;10,00 %;061;Nailah Guzman;0612;PH Higienol HS Balanced 20mx4/12;12040,70;3462;"";KIOSCO;KIOSCO;28465,02;HERNAN RIVERO;1337,86;$;2;SOFTYS ARGENTINA S.A;0,00000000;0,00;Contado;;;HIGIENOL;Softy;;SOFTY;PAPEL HIG;LAGO PUELO;PAPEL;103;;300;Bruno Centurion;AXUM;;SOFTYS;False;133858;1;Lista General;KIOSCO - A;44604;06-10-2026;58-ARON BOLLINI;SOFTYS;1;0,00000000;12040,70
23259;"AVENIDA EVA PERON - (TRADICIONAL) 2010";GUERNICA;2026-10-07;07-10-2026;06-10-2026;FAC-A0002-00011628;Venta;ELEBES;1503118;10,00;16353,60;19787,86;GERARDO GASTON GOICOECHEA;;0,00 %;061;Nailah Guzman;0612;TH BABYSEC ULTRA 50/24;1635,36;3462;"";KIOSCO;KIOSCO;11278,30;HERNAN RIVERO;0,00;$;2;SOFTYS ARGENTINA S.A;0,00000000;0,00;Contado;;;BABYSEC;;;;;;PAPEL;;;300;Bruno Centurion;AXUM;;SOFTYS;False;133858;1;Lista General;KIOSCO - A;44604;06-10-2026;58-ARON BOLLINI;SOFTYS;1;0,00000000;1635,36
23863;"CALLE AL 293 ESQUINA 103 - (KIOSCOS/MAXI) 124";GUERNICA;2026-10-07;07-10-2026;06-10-2026;FAC-A0002-00011629;Venta;ELEBES;1509762;6,00;7033,14;8510,10;N˙Òez Nancy VerÛnica ;;0,00 %;061;Nailah Guzman;0612;TF NOCTUR EXT A 8x32;1172,19;3462;"";KIOSCO;KIOSCO;4850,46;HERNAN RIVERO;0,00;$;2;SOFTYS ARGENTINA S.A;0,00000000;0,00;Contado;;;LADYSOFT;Softy;;SOFTY;TOALLA FEMENINA;LAGO PUELO;PAPEL;;;300;Bruno Centurion;AXUM;;SOFTYS;False;133911;1;Lista General;KIOSCO - A;44607;06-10-2026;58-ARON BOLLINI;SOFTYS;1;0,00000000;1172,19
23863;"CALLE AL 293 ESQUINA 103 - (KIOSCOS/MAXI) 124";GUERNICA;2026-10-07;07-10-2026;06-10-2026;FAC-A0002-00011629;Venta;ELEBES;1505496;3,00;3722,25;4503,92;N˙Òez Nancy VerÛnica ;;0,00 %;061;Nailah Guzman;0612;PO ELITE ST CON ALGODON X10 PACK 6;1240,75;3462;"";KIOSCO;KIOSCO;2567,07;HERNAN RIVERO;0,00;$;2;SOFTYS ARGENTINA S.A;0,00000000;0,00;Contado;;;ELITE;Softy;;SOFTY;PAÒUELOS;LAGO PUELO;PAPEL;;;300;Bruno Centurion;AXUM;;SOFTYS;False;133911;1;Lista General;KIOSCO - A;44607;06-10-2026;58-ARON BOLLINI;SOFTYS;1;0,00000000;1240,75
25059;"AV EVA PERON - RUTA PCIAL 53 5716";FLORENCIO VARELA;2026-10-07;07-10-2026;05-10-2026;FAC-A0006-00000265;Venta;Empresa LAGOPUELO;1509762;20,00;23443,80;28367,00;JOSE ALBERTO CORONEL;;0,00 %;7;Myrian Lertora;75;TF NOCTUR EXT A 8x32;1172,19;3455;"";Farmacias y PerfumerÌas;Perfumeria;16168,20;IVAN MONTOYA;0,00;$;2;SOFTYS ARGENTINA S.A;0,00000000;0,00;Contado;;;LADYSOFT;Softy;;SOFTY;TOALLA FEMENINA;LAGO PUELO;PAPEL;;;25;JOHANA VIGIL;Gescom;;;False;133352;1;Lista General;Perfumeria - A;44474;06-10-2026;757-JUAN PABLO JUAREZ;SOFTYS;1;0,00000000;1172,19
25059;"AV EVA PERON - RUTA PCIAL 53 5716";FLORENCIO VARELA;2026-10-07;07-10-2026;05-10-2026;FAC-A0006-00000265;Venta;Empresa LAGOPUELO;1509758;20,00;22314,80;27000,91;JOSE ALBERTO CORONEL;;0,00 %;7;Myrian Lertora;75;TF UD T/SUAVE EXT ALGO 8X40;1115,74;3455;"";Farmacias y PerfumerÌas;Perfumeria;15389,60;IVAN MONTOYA;0,00;$;2;SOFTYS ARGENTINA S.A;0,00000000;0,00;Contado;;;LADYSOFT;Softy;;SOFTY;TOALLA FEMENINA;LAGO PUELO;PAPEL;;;25;JOHANA VIGIL;Gescom;;;False;133352;1;Lista General;Perfumeria - A;44474;06-10-2026;757-JUAN PABLO JUAREZ;SOFTYS;1;0,00000000;1115,74
25059;"AV EVA PERON - RUTA PCIAL 53 5716";FLORENCIO VARELA;2026-10-07;07-10-2026;05-10-2026;FAC-A0006-00000265;Venta;Empresa LAGOPUELO;1509768;20,00;19506,20;23602,50;JOSE ALBERTO CORONEL;;0,00 %;7;Myrian Lertora;75;TF NORMAL T/SUAVE PIEL SENSIBLE 8x54;975,31;3455;"";Farmacias y PerfumerÌas;Perfumeria;13452,60;IVAN MONTOYA;0,00;$;2;SOFTYS ARGENTINA S.A;0,00000000;0,00;Contado;;;LADYSOFT;Softy;;SOFTY;TOALLA FEMENINA;LAGO PUELO;PAPEL;;;25;JOHANA VIGIL;Gescom;;;False;133352;1;Lista General;Perfumeria - A;44474;06-10-2026;757-JUAN PABLO JUAREZ;SOFTYS;1;0,00000000;975,31
25059;"AV EVA PERON - RUTA PCIAL 53 5716";FLORENCIO VARELA;2026-10-07;07-10-2026;05-10-2026;FAC-A0006-00000265;Venta;Empresa LAGOPUELO;1509761;20,00;15904,40;19244,32;JOSE ALBERTO CORONEL;;0,00 %;7;Myrian Lertora;75;TF LADYSOFT COMFORT EXT ALGODON 8x54;795,22;3455;"";Farmacias y PerfumerÌas;Perfumeria;10968,60;IVAN MONTOYA;0,00;$;2;SOFTYS ARGENTINA S.A;0,00000000;0,00;Contado;;;LADYSOFT;Softy;;SOFTY;TOALLA FEMENINA;LAGO PUELO;PAPEL;;;25;JOHANA VIGIL;Gescom;;;False;133352;1;Lista General;Perfumeria - A;44474;06-10-2026;757-JUAN PABLO JUAREZ;SOFTYS;1;0,00000000;795,22
29314;"presidente peron 1774";LOMAS DE ZAMORA;2026-10-07;07-10-2026;06-10-2026;FAC-A0006-00000268;Venta;Empresa LAGOPUELO;1509764;5,00;0,00;0,00;CLAUDIO ROBERTO BAZAN;;100,00 %;074;Romina Baez;0742;TF NORMAL T/SUAVE EXT ALGODON 8x54;0,00;3456;"Venta modificada el 2026-10-06 09:48:45";MAYORISTA;MAYORISTA;2926,35;NAHUEL MONTOYA;848,64;$;2;SOFTYS ARGENTINA S.A;0,00000000;0,00;Contado;;;LADYSOFT;Softy;;SOFTY;TOALLA FEMENINA;LAGO PUELO;PAPEL;65;;300;Bruno Centurion;AXUM;;SOFTYS;False;133448;1;Lista General;MAYORISTA - A;44404;06-10-2026;509-LUCAS GODOY;SOFTYS;1;0,00000000;0,00
29314;"presidente peron 1774";LOMAS DE ZAMORA;2026-10-07;07-10-2026;06-10-2026;FAC-A0006-00000268;Venta;Empresa LAGOPUELO;1509758;40,00;44629,60;54001,82;CLAUDIO ROBERTO BAZAN;;0,00 %;074;Romina Baez;0742;TF UD T/SUAVE EXT ALGO 8X40;1115,74;3456;"Venta modificada el 2026-10-06 09:48:45";MAYORISTA;MAYORISTA;30779,20;NAHUEL MONTOYA;0,00;$;2;SOFTYS ARGENTINA S.A;0,00000000;0,00;Contado;;;LADYSOFT;Softy;;SOFTY;TOALLA FEMENINA;LAGO PUELO;PAPEL;;;300;Bruno Centurion;AXUM;;SOFTYS;False;133448;1;Lista General;MAYORISTA - A;44404;06-10-2026;509-LUCAS GODOY;SOFTYS;1;0,00000000;1115,74
29314;"presidente peron 1774";LOMAS DE ZAMORA;2026-10-07;07-10-2026;06-10-2026;FAC-A0006-00000268;Venta;Empresa LAGOPUELO;1509755;40,00;47986,80;58064,03;CLAUDIO ROBERTO BAZAN;;0,00 %;074;Romina Baez;0742;TF UD T/SECA LADYSOFT ULTRA PROTECT 8;1199,67;3456;"Venta modificada el 2026-10-06 09:48:45";MAYORISTA;MAYORISTA;33094,40;NAHUEL MONTOYA;0,00;$;2;SOFTYS ARGENTINA S.A;0,00000000;0,00;Contado;;;LADYSOFT;Softy;;SOFTY;TOALLA FEMENINA;LAGO PUELO;PAPEL;;;300;Bruno Centurion;AXUM;;SOFTYS;False;133448;1;Lista General;MAYORISTA - A;44404;06-10-2026;509-LUCAS GODOY;SOFTYS;1;0,00000000;1199,67
29314;"presidente peron 1774";LOMAS DE ZAMORA;2026-10-07;07-10-2026;06-10-2026;FAC-A0006-00000268;Venta;Empresa LAGOPUELO;1509761;54,00;42941,88;51959,67;CLAUDIO ROBERTO BAZAN;;0,00 %;074;Romina Baez;0742;TF LADYSOFT COMFORT EXT ALGODON 8x54;795,22;3456;"Venta modificada el 2026-10-06 09:48:45";MAYORISTA;MAYORISTA;29615,22;NAHUEL MONTOYA;0,00;$;2;SOFTYS ARGENTINA S.A;0,00000000;0,00;Contado;;;LADYSOFT;Softy;;SOFTY;TOALLA FEMENINA;LAGO PUELO;PAPEL;;;300;Bruno Centurion;AXUM;;SOFTYS;False;133448;1;Lista General;MAYORISTA - A;44404;06-10-2026;509-LUCAS GODOY;SOFTYS;1;0,00000000;795,22
29314;"presidente peron 1774";LOMAS DE ZAMORA;2026-10-07;07-10-2026;06-10-2026;FAC-A0006-00000268;Venta;Empresa LAGOPUELO;1509764;54,00;45826,56;55450,14;CLAUDIO ROBERTO BAZAN;;0,00 %;074;Romina Baez;0742;TF NORMAL T/SUAVE EXT ALGODON 8x54;848,64;3456;"Venta modificada el 2026-10-06 09:48:45";MAYORISTA;MAYORISTA;31604,58;NAHUEL MONTOYA;0,00;$;2;SOFTYS ARGENTINA S.A;0,00000000;0,00;Contado;;;LADYSOFT;Softy;;SOFTY;TOALLA FEMENINA;LAGO PUELO;PAPEL;;;300;Bruno Centurion;AXUM;;SOFTYS;False;133448;1;Lista General;MAYORISTA - A;44404;06-10-2026;509-LUCAS GODOY;SOFTYS;1;0,00000000;848,64
29314;"presidente peron 1774";LOMAS DE ZAMORA;2026-10-07;07-10-2026;06-10-2026;FAC-A0006-00000268;Venta;Empresa LAGOPUELO;1503131;10,00;24754,60;29953,07;CLAUDIO ROBERTO BAZAN;;0,00 %;074;Romina Baez;0742;TH BABYSEC PREMIUM X45/10;2475,46;3456;"Venta modificada el 2026-10-06 09:48:45";MAYORISTA;MAYORISTA;17072,10;NAHUEL MONTOYA;0,00;$;2;SOFTYS ARGENTINA S.A;0,00000000;0,00;Contado;;;BABYSEC;Softy;;SOFTY;TOALLA HUMEDA;LAGO PUELO;PAPEL;;;300;Bruno Centurion;AXUM;;SOFTYS;False;133448;1;Lista General;MAYORISTA - A;44404;06-10-2026;509-LUCAS GODOY;SOFTYS;1;0,00000000;2475,46
29314;"presidente peron 1774";LOMAS DE ZAMORA;2026-10-07;07-10-2026;06-10-2026;FAC-A0006-00000268;Venta;Empresa LAGOPUELO;1501627;10,00;133785,60;161880,58;CLAUDIO ROBERTO BAZAN;;0,00 %;074;Romina Baez;0742;PH Higienol HS Balanced 20mx4/12;13378,56;3456;"Venta modificada el 2026-10-06 09:48:45";MAYORISTA;MAYORISTA;94883,40;NAHUEL MONTOYA;0,00;$;2;SOFTYS ARGENTINA S.A;0,00000000;0,00;Contado;;;HIGIENOL;Softy;;SOFTY;PAPEL HIG;LAGO PUELO;PAPEL;;;300;Bruno Centurion;AXUM;;SOFTYS;False;133448;1;Lista General;MAYORISTA - A;44404;06-10-2026;509-LUCAS GODOY;SOFTYS;1;0,00000000;13378,56
29314;"presidente peron 1774";LOMAS DE ZAMORA;2026-10-07;07-10-2026;06-10-2026;FAC-A0006-00000268;Venta;Empresa LAGOPUELO;1501618;5,00;95160,45;115144,14;CLAUDIO ROBERTO BAZAN;;0,00 %;074;Romina Baez;0742;PH HIG  FRESH ALOE 30M X4/12;19032,09;3456;"Venta modificada el 2026-10-06 09:48:45";MAYORISTA;MAYORISTA;65627,90;NAHUEL MONTOYA;0,00;$;2;SOFTYS ARGENTINA S.A;0,00000000;0,00;Contado;;;HIGIENOL;Softy;;SOFTY;PAPEL HIG;LAGO PUELO;PAPEL;;;300;Bruno Centurion;AXUM;;SOFTYS;False;133448;1;Lista General;MAYORISTA - A;44404;06-10-2026;509-LUCAS GODOY;SOFTYS;1;0,00000000;19032,09
107602;"Manuel Maza 2755 0";LANUS;2026-10-07;07-10-2026;06-10-2026;FAC-A0002-00011632;Venta;ELEBES;1501586;1,00;30835,45;37310,89;Weng de;;0,00 %;26;Sabrina Pereyra;262;PH HIGIENOL HS MAX 50x4;30835,45;3454;"";AUTOSERVICIO;AUTOSERVICIO;21265,83;SIMON OLIVERA;0,00;$;2;SOFTYS ARGENTINA S.A;0,00000000;0,00;Efectivo;;;HIGIENOL;Softy;;SOFTY;PAPEL HIG;LAGO PUELO;PAPEL;;;25;JOHANA VIGIL;AXUM;;SOFTYS;False;133431;1;Lista General;AUTOSERVICIO - A;44343;06-10-2026;759-GABRIEL PEREZ;SOFTYS;1;0,00000000;30835,45
101070;"Murature nro∫ 4310 1 0";LANUS;2026-10-07;07-10-2026;06-10-2026;FAC-B0002-00016838;Venta;ELEBES;1503118;6,00;9812,16;11872,71;Cabrera Maximiliano;;0,00 %;27;Samanta Dogliotti;272;TH BABYSEC ULTRA 50/24;1635,36;3454;"";KIOSCO;KIOSCO;6766,98;SIMON OLIVERA;0,00;$;2;SOFTYS ARGENTINA S.A;0,00000000;0,00;Efectivo;;;BABYSEC;;;;;;PAPEL;;;25;JOHANA VIGIL;AXUM;;SOFTYS;False;133872;1;Lista General;KIOSCO - A;44369;06-10-2026;759-GABRIEL PEREZ;SOFTYS;1;0,00000000;1635,36
23858;"ALSINA - (TRADICIONAL) 380";BURZACO;2026-10-07;06-10-2026;07-10-2026;NCR-A0002-00003858;DevoluciÛn por Rechazo;ELEBES;1501627;-1,00;-12040,70;-14569,25;FACUNDO GUILLERMO GARBAGNATI;SIN DINERO;10,00 %;061;Nailah Guzman;;PH Higienol HS Balanced 20mx4/12;12040,70;3447;"";Farmacias y PerfumerÌas;Perfumeria;-9488,34;WALTER JANIUK;1337,86;$;2;SOFTYS ARGENTINA S.A;0,00000000;0,00;Contado;07-10-2026 08:05;;HIGIENOL;Softy;;SOFTY;PAPEL HIG;LAGO PUELO;PAPEL;103;;300;Bruno Centurion;Gescom;FAC-A0002-00011598;;True;134015;0;Lista General;Perfumeria - A;;01-01-2000;;SOFTYS;1;0,00000000;12040,70
23858;"ALSINA - (TRADICIONAL) 380";BURZACO;2026-10-07;06-10-2026;07-10-2026;NCR-A0002-00003858;DevoluciÛn por Rechazo;ELEBES;1505688;-1,00;-15533,64;-18795,70;FACUNDO GUILLERMO GARBAGNATI;SIN DINERO;5,00 %;061;Nailah Guzman;;RC Sussex clasico mas blanco 50px3/10;15533,64;3447;"";Farmacias y PerfumerÌas;Perfumeria;-12112,00;WALTER JANIUK;817,56;$;2;SOFTYS ARGENTINA S.A;0,00000000;0,00;Contado;07-10-2026 08:05;;SUSSEX;Softy;;SOFTY;ROLLO DE COCINA;LAGO PUELO;PAPEL;83;;300;Bruno Centurion;Gescom;FAC-A0002-00011598;;True;134015;0;Lista General;Perfumeria - A;;01-01-2000;;SOFTYS;1;0,00000000;15533,64
