Cliente;Direccion;Localidad;FechaComprobante;FechaEntrega;FechaCarga;NroComprobante;TipoDeVenta;Empresa;Codigo;CantBase;ImporteNetoItem;ImporteItem;RazonSocial;MotivoDevolucion;Descuento;CodVendedor;Vendedor;RutaPreventa;Articulo;NetoItem;Reparto;ComentarioInterno;Ramo;Subramo;PrecioCosto;Chofer;valorDescuento;Mon_Simbolo;Mon_Decimales;Proveedor;PesoKg;ImpuestoInterno;CondicionPago;FechaLiquidacion;ComboCodigo;Marca;Linea;Sabor;Calibre;Familia;Rubro;Tags;Promociones;SegmentoRentabilidad;CodSupervisor;NomSupervisor;Origen;ComprobanteReferencia;Etiqueta;VentaDirecta;NumeroVenta;Pendiente;ListaPrecio;Taxonomia;OrdenPreparacion;FechaPreparacion;Bodeguistas;EtiquetaItem;UnidadFactor;PesoKgReal;NetoItemReal
2717;GORRITI 850;FLORENCIO VARELA;2026-10-05;05-10-2026;28-09-2026;FAC-B-130099;Venta;ELEBES;1509766;20,00;16955,60;20516,28;EDUARDO ALBERTO CACERES;;0,00 %;6;Nieves Alegre;;TF T/SECA NORMAL MAS PROTECC 8x54;847,78;3428;;2;ALMACEN;584,68;CLAUDIO GARCIA;;$;2;SOFTYS ARGENTINA S.A;;;CON;;;;;;;TOALLA FEMENINA;;;;;25;JOHANA VIGIL;AXUM;;;False;130099;0;1;;;;;;1;;847,78
2717;GORRITI 850;FLORENCIO VARELA;2026-10-05;05-10-2026;28-09-2026;FAC-B-130099;Venta;ELEBES;1509764;20,00;15690,40;18985,38;EDUARDO ALBERTO CACERES;;0,00 %;6;Nieves Alegre;;TF NORMAL T/SUAVE EXT ALGODON 8x54;784,52;3428;;2;ALMACEN;541,05;CLAUDIO GARCIA;;$;2;SOFTYS ARGENTINA S.A;;;CON;;;;;;;TOALLA FEMENINA;;;;;25;JOHANA VIGIL;AXUM;;;False;130099;0;1;;;;;;1;;784,52
2717;GORRITI 850;FLORENCIO VARELA;2026-10-05;05-10-2026;28-09-2026;FAC-B-130099;Venta;ELEBES;1509764;2,00;0,00;0,00;EDUARDO ALBERTO CACERES;;100,00 %;6;Nieves Alegre;;TF NORMAL T/SUAVE EXT ALGODON 8x54;0,00;3428;;2;ALMACEN;541,05;CLAUDIO GARCIA;;$;2;SOFTYS ARGENTINA S.A;;;CON;;;;;;;TOALLA FEMENINA;;;;;25;JOHANA VIGIL;AXUM;;;False;130099;0;1;;;;;;1;;0,00
27773;LAS FLORES 454;WILDE;2026-10-02;02-10-2026;28-09-2026;FAC-A-130126;Venta;LAGOPUELO S.A;1501553;15,00;272678,94;329941,51;GABRIEL GERMAN ROSSO;;26,00 %;30;Oriana Songini;;PH HIGIENOL DH PLUS FUSI”N 30M x4/10;18178,60;3409;;georgalos-803;Perfumeria;15925,88;SIMON OLIVERA;;$;2;SOFTYS ARGENTINA S.A;;;CON;;;;;;;PAPEL HIG;;;;;25;JOHANA VIGIL;AXUM;;;False;130126;0;1;;;;;;1;;18178,60
27773;LAS FLORES 454;WILDE;2026-10-02;02-10-2026;28-09-2026;FAC-A-130126;Venta;LAGOPUELO S.A;1504088;20,00;237366,90;287213,95;GABRIEL GERMAN ROSSO;;10,00 %;30;Oriana Songini;;PL BABYSEC ULTRSOFT XXG x50/4;11868,35;3409;;georgalos-803;Perfumeria;9768,18;SIMON OLIVERA;;$;2;SOFTYS ARGENTINA S.A;;;CON;;;;;;;PAÒAL;;;;;25;JOHANA VIGIL;AXUM;;;False;130126;0;1;;;;;;1;;11868,35
27660;TUYUTI - (TRADICIONAL) 1098;EZEIZA;2026-10-01;01-10-2026;29-09-2026;FAC-A-130300;Venta;LAGOPUELO S.A;1509764;6,00;4707,12;5695,62;FABRICIO ESCURRA ILJUSZYK;;0,00 %;075;Julieta Yegros;;TF NORMAL T/SUAVE EXT ALGODON 8x54;784,52;3395;;3;Autoservicio B;541,05;LEONARDO SANTA CRUZ;;$;2;SOFTYS ARGENTINA S.A;;;CON;;;;;;;TOALLA FEMENINA;;;;;300;Bruno Centurion;AXUM;;;False;130300;0;1;;;;;;1;;784,52
27832;MADRE SELVA ESQ DEFENSA 3610;TEMPERLEY;2026-10-01;01-10-2026;29-09-2026;FAC-A-130304;Venta;ELEBES;1505434;6,00;8128,26;9835,19;ISABEL CARMEN SANTUCHO;;0,00 %;063;Daniel Martin;;PO FACIALES ELITE BOX SOFT TOUCH x90;1354,71;3399;;2;ALMACEN;934,28;SIMON OLIVERA;;$;2;SOFTYS ARGENTINA S.A;;;CON;;;;;;;PAÒUELOS;;;;;300;Bruno Centurion;AXUM;;;False;130304;0;1;;;;;;1;;1354,71
27832;MADRE SELVA ESQ DEFENSA 3610;TEMPERLEY;2026-10-01;01-10-2026;29-09-2026;FAC-A-130304;Venta;ELEBES;1501553;1,00;18915,57;22887,83;ISABEL CARMEN SANTUCHO;;23,00 %;063;Daniel Martin;;PH HIGIENOL DH PLUS FUSI”N 30M x4/10;18915,57;3399;;2;ALMACEN;15925,88;SIMON OLIVERA;;$;2;SOFTYS ARGENTINA S.A;;;CON;;;;;;;PAPEL HIG;;;;;300;Bruno Centurion;AXUM;;;False;130304;0;1;;;;;;1;;18915,57
23664;TOMAS A EDISON - (AUTOSERVICIOS) 555;EL JAGUEL;2026-10-01;01-10-2026;29-09-2026;FAC-A-130325;Venta;LAGOPUELO S.A;1509762;32,00;35693,12;43188,68;YAN SHIYUMEI;;0,00 %;064;Karina Fernandez;;TF NOCTUR EXT A 8x32;1115,41;3395;;3;Autoservicio A;769,25;LEONARDO SANTA CRUZ;;$;2;SOFTYS ARGENTINA S.A;;;CON;;;;;;;TOALLA FEMENINA;;;;;300;Bruno Centurion;AXUM;;;False;130325;0;1;;;;;;1;;1115,41
23664;TOMAS A EDISON - (AUTOSERVICIOS) 555;EL JAGUEL;2026-10-01;01-10-2026;29-09-2026;FAC-A-130325;Venta;LAGOPUELO S.A;1509763;16,00;34512,48;41760,10;YAN SHIYUMEI;;0,00 %;064;Karina Fernandez;;TF Nocturna EXT ALGODON 16X16;2157,03;3395;;3;Autoservicio A;1487,60;LEONARDO SANTA CRUZ;;$;2;SOFTYS ARGENTINA S.A;;;CON;;;;;;;TOALLA FEMENINA;;;;;300;Bruno Centurion;AXUM;;;False;130325;0;1;;;;;;1;;2157,03
23664;TOMAS A EDISON - (AUTOSERVICIOS) 555;EL JAGUEL;2026-10-01;01-10-2026;29-09-2026;FAC-A-130325;Venta;LAGOPUELO S.A;1509755;20,00;22621,00;27371,41;YAN SHIYUMEI;;0,00 %;064;Karina Fernandez;;TF UD T/SECA LADYSOFT ULTRA PROTECT 8;1131,05;3395;;3;Autoservicio A;780,04;LEONARDO SANTA CRUZ;;$;2;SOFTYS ARGENTINA S.A;;;CON;;;;;;;TOALLA FEMENINA;;;;;300;Bruno Centurion;AXUM;;;False;130325;0;1;;;;;;1;;1131,05
23664;TOMAS A EDISON - (AUTOSERVICIOS) 555;EL JAGUEL;2026-10-01;01-10-2026;29-09-2026;FAC-A-130325;Venta;LAGOPUELO S.A;1509756;20,00;44012,80;53255,49;YAN SHIYUMEI;;0,00 %;064;Karina Fernandez;;TF UD T/SECA LADYSOFT UL PRT 16u;2200,64;3395;;3;Autoservicio A;1517,68;LEONARDO SANTA CRUZ;;$;2;SOFTYS ARGENTINA S.A;;;CON;;;;;;;TOALLA FEMENINA;;;;;300;Bruno Centurion;AXUM;;;False;130325;0;1;;;;;;1;;2200,64
1142;Calle 253 1351;BERAZATEGUI;2026-10-01;01-10-2026;29-09-2026;FAC-A-130484;Venta;LAGOPUELO S.A;1502610;1,00;22904,08;27713,94;HUANCO CARLOS ARIEL;;0,00 %;051;Ezequiel Valente;;PH ELITE HS CLS C/ALGODON 30M X6/10;22904,08;3397;;3;AUTOSERVICIO;15795,92;JUAN ESCOTO;;$;2;SOFTYS ARGENTINA S.A;;;CON;;;;;;;PAPEL HIG;;;;;300;Bruno Centurion;AXUM;;;False;130484;0;1;;;;;;1;;22904,08
1142;Calle 253 1351;BERAZATEGUI;2026-10-01;01-10-2026;29-09-2026;FAC-A-130484;Venta;LAGOPUELO S.A;1502607;1,00;25677,44;31069,70;HUANCO CARLOS ARIEL;;0,00 %;051;Ezequiel Valente;;PH ELITE ULTRA DH SOFT T C/ALG 30Mx4;25677,44;3397;;3;AUTOSERVICIO;17177,84;JUAN ESCOTO;;$;2;SOFTYS ARGENTINA S.A;;;CON;;;;;;;PAPEL HIG;;;;;300;Bruno Centurion;AXUM;;;False;130484;0;1;;;;;;1;;25677,44
1142;Calle 253 1351;BERAZATEGUI;2026-10-01;01-10-2026;29-09-2026;FAC-A-130484;Venta;LAGOPUELO S.A;1505688;2,00;30085,11;36402,99;HUANCO CARLOS ARIEL;;5,00 %;051;Ezequiel Valente;;RC Sussex clasico mas blanco 50px3/10;15042,56;3397;;3;AUTOSERVICIO;11729,09;JUAN ESCOTO;;$;2;SOFTYS ARGENTINA S.A;;;CON;;;;;;;ROLLO DE COCINA;;;;;300;Bruno Centurion;AXUM;;;False;130484;0;1;;;;;;1;;15042,56
1142;Calle 253 1351;BERAZATEGUI;2026-10-01;01-10-2026;29-09-2026;FAC-A-130484;Venta;LAGOPUELO S.A;1505708;1,00;20733,71;25087,79;HUANCO CARLOS ARIEL;;0,00 %;051;Ezequiel Valente;;RC SUSEEX CLS MEGARROLO ALTO 200X1;20733,71;3397;;3;AUTOSERVICIO;15358,30;JUAN ESCOTO;;$;2;SOFTYS ARGENTINA S.A;;;CON;;;;;;;ROLLO DE COCINA;;;;;300;Bruno Centurion;AXUM;;;False;130484;0;1;;;;;;1;;20733,71
1142;Calle 253 1351;BERAZATEGUI;2026-10-01;01-10-2026;29-09-2026;FAC-A-130484;Venta;LAGOPUELO S.A;1501585;1,00;33261,99;40247,01;HUANCO CARLOS ARIEL;;0,00 %;051;Ezequiel Valente;;PH HIGIENOL HS MAX ALOE PANAL 80M X4;33261,99;3397;;3;AUTOSERVICIO;22480,39;JUAN ESCOTO;;$;2;SOFTYS ARGENTINA S.A;;;CON;;;;;;;PAPEL HIG;;;;;300;Bruno Centurion;AXUM;;;False;130484;0;1;;;;;;1;;33261,99
1142;Calle 253 1351;BERAZATEGUI;2026-10-01;01-10-2026;29-09-2026;FAC-A-130484;Venta;LAGOPUELO S.A;1501584;1,00;42849,97;51848,46;HUANCO CARLOS ARIEL;;0,00 %;051;Ezequiel Valente;;PH HIGIENOL HS MAX ALOE PANAL 100M 4x/10;42849,97;3397;;3;AUTOSERVICIO;29551,70;JUAN ESCOTO;;$;2;SOFTYS ARGENTINA S.A;;;CON;;;;;;;PAPEL HIG;;;;;300;Bruno Centurion;AXUM;;;False;130484;0;1;;;;;;1;;42849,97
1142;Calle 253 1351;BERAZATEGUI;2026-10-01;01-10-2026;29-09-2026;FAC-A-130484;Venta;LAGOPUELO S.A;1501554;1,00;26579,76;32161,51;HUANCO CARLOS ARIEL;;0,00 %;051;Ezequiel Valente;;PH HIGIENOL DH BALANCE 30M X4/10;26579,76;3397;;3;AUTOSERVICIO;18330,87;JUAN ESCOTO;;$;2;SOFTYS ARGENTINA S.A;;;CON;;;;;;;PAPEL HIG;;;;;300;Bruno Centurion;AXUM;;;False;130484;0;1;;;;;;1;;26579,76
1142;Calle 253 1351;BERAZATEGUI;2026-10-01;01-10-2026;29-09-2026;FAC-A-130484;Venta;LAGOPUELO S.A;1501618;1,00;17868,50;21620,89;HUANCO CARLOS ARIEL;;0,00 %;051;Ezequiel Valente;;PH HIG  FRESH ALOE 30M X4/12;17868,50;3397;;3;AUTOSERVICIO;12323,10;JUAN ESCOTO;;$;2;SOFTYS ARGENTINA S.A;;;CON;;;;;;;PAPEL HIG;;;;;300;Bruno Centurion;AXUM;;;False;130484;0;1;;;;;;1;;17868,50
23538;Frias - (AUTOSERVICIOS) 5488;SAN JOSE;2026-10-01;01-10-2026;29-09-2026;FAC-A-130517;Venta;LAGOPUELO S.A;1503131;10,00;20628,80;24960,85;XUE JIANGCAIMEI;;0,00 %;063;Daniel Martin;;TH BABYSEC PREMIUM X45/10;2062,88;3399;;3;Autoservicio A;1422,68;SIMON OLIVERA;;$;2;SOFTYS ARGENTINA S.A;;;CON;;;;;;;TOALLA HUMEDA;;;;;300;Bruno Centurion;AXUM;;;False;130517;0;1;;;;;;1;;2062,88
23774;LA CALANDRIA - (KIOSCOS/MAXI) 50;ESTEBAN ECHEVERR√¬çA;2026-10-01;01-10-2026;29-09-2026;FAC-B-130520;Venta;LAGOPUELO S.A;1509762;10,00;11154,10;13496,46;BENITEZ TERESA;;0,00 %;064;Karina Fernandez;;TF NOCTUR EXT A 8x32;1115,41;3395;;2;ALMACEN;769,25;LEONARDO SANTA CRUZ;;$;2;SOFTYS ARGENTINA S.A;;;CON;;;;;;;TOALLA FEMENINA;;;;;300;Bruno Centurion;AXUM;;;False;130520;0;1;;;;;;1;;1115,41
2978;AV. MILAZZO 809 ESQUINA CNO GRAL BELGRANO 0;Berazategui;2026-10-01;01-10-2026;29-09-2026;FAC-A-130523;Venta;LAGOPUELO S.A;1501585;1,00;33261,99;40247,01;MONTERO JORGE MARCELO;;0,00 %;051;Ezequiel Valente;;PH HIGIENOL HS MAX ALOE PANAL 80M X4;33261,99;3397;;3;AUTOSERVICIO;22480,39;JUAN ESCOTO;;$;2;SOFTYS ARGENTINA S.A;;;CON;;;;;;;PAPEL HIG;;;;;300;Bruno Centurion;AXUM;;;False;130523;0;1;;;;;;1;;33261,99
2978;AV. MILAZZO 809 ESQUINA CNO GRAL BELGRANO 0;Berazategui;2026-10-01;01-10-2026;29-09-2026;FAC-A-130523;Venta;LAGOPUELO S.A;1505708;10,00;207337,10;250877,89;MONTERO JORGE MARCELO;;0,00 %;051;Ezequiel Valente;;RC SUSEEX CLS MEGARROLO ALTO 200X1;20733,71;3397;;3;AUTOSERVICIO;15358,30;JUAN ESCOTO;;$;2;SOFTYS ARGENTINA S.A;;;CON;;;;;;;ROLLO DE COCINA;;;;;300;Bruno Centurion;AXUM;;;False;130523;0;1;;;;;;1;;20733,71
27459;Ramos Mejia - (TRADICIONAL) 646;EZEIZA;2026-10-01;01-10-2026;29-09-2026;FAC-A-130536;Venta;LAGOPUELO S.A;1501553;2,00;37831,13;45775,67;Bertola Emiliano Damian;;23,00 %;075;Julieta Yegros;;PH HIGIENOL DH PLUS FUSI”N 30M x4/10;18915,57;3395;;2;ALMACEN;15925,88;LEONARDO SANTA CRUZ;;$;2;SOFTYS ARGENTINA S.A;;;CON;;;;;;;PAPEL HIG;;;;;300;Bruno Centurion;AXUM;;;False;130536;0;1;;;;;;1;;18915,57
27459;Ramos Mejia - (TRADICIONAL) 646;EZEIZA;2026-10-01;01-10-2026;29-09-2026;FAC-A-130536;Venta;LAGOPUELO S.A;1501618;2,00;35737,00;43241,77;Bertola Emiliano Damian;;0,00 %;075;Julieta Yegros;;PH HIG  FRESH ALOE 30M X4/12;17868,50;3395;;2;ALMACEN;12323,10;LEONARDO SANTA CRUZ;;$;2;SOFTYS ARGENTINA S.A;;;CON;;;;;;;PAPEL HIG;;;;;300;Bruno Centurion;AXUM;;;False;130536;0;1;;;;;;1;;17868,50
27459;Ramos Mejia - (TRADICIONAL) 646;EZEIZA;2026-10-01;01-10-2026;29-09-2026;FAC-A-130536;Venta;LAGOPUELO S.A;1501585;1,00;33261,99;40247,01;Bertola Emiliano Damian;;0,00 %;075;Julieta Yegros;;PH HIGIENOL HS MAX ALOE PANAL 80M X4;33261,99;3395;;2;ALMACEN;22480,39;LEONARDO SANTA CRUZ;;$;2;SOFTYS ARGENTINA S.A;;;CON;;;;;;;PAPEL HIG;;;;;300;Bruno Centurion;AXUM;;;False;130536;0;1;;;;;;1;;33261,99
27459;Ramos Mejia - (TRADICIONAL) 646;EZEIZA;2026-10-01;01-10-2026;29-09-2026;FAC-A-130536;Venta;LAGOPUELO S.A;1505688;2,00;30085,11;36402,99;Bertola Emiliano Damian;;5,00 %;075;Julieta Yegros;;RC Sussex clasico mas blanco 50px3/10;15042,56;3395;;2;ALMACEN;11729,09;LEONARDO SANTA CRUZ;;$;2;SOFTYS ARGENTINA S.A;;;CON;;;;;;;ROLLO DE COCINA;;;;;300;Bruno Centurion;AXUM;;;False;130536;0;1;;;;;;1;;15042,56
27459;Ramos Mejia - (TRADICIONAL) 646;EZEIZA;2026-10-01;01-10-2026;29-09-2026;FAC-A-130536;Venta;LAGOPUELO S.A;1509755;10,00;11310,50;13685,71;Bertola Emiliano Damian;;0,00 %;075;Julieta Yegros;;TF UD T/SECA LADYSOFT ULTRA PROTECT 8;1131,05;3395;;2;ALMACEN;780,04;LEONARDO SANTA CRUZ;;$;2;SOFTYS ARGENTINA S.A;;;CON;;;;;;;TOALLA FEMENINA;;;;;300;Bruno Centurion;AXUM;;;False;130536;0;1;;;;;;1;;1131,05
27459;Ramos Mejia - (TRADICIONAL) 646;EZEIZA;2026-10-01;01-10-2026;29-09-2026;FAC-A-130536;Venta;LAGOPUELO S.A;1509764;10,00;7845,20;9492,69;Bertola Emiliano Damian;;0,00 %;075;Julieta Yegros;;TF NORMAL T/SUAVE EXT ALGODON 8x54;784,52;3395;;2;ALMACEN;541,05;LEONARDO SANTA CRUZ;;$;2;SOFTYS ARGENTINA S.A;;;CON;;;;;;;TOALLA FEMENINA;;;;;300;Bruno Centurion;AXUM;;;False;130536;0;1;;;;;;1;;784,52
27459;Ramos Mejia - (TRADICIONAL) 646;EZEIZA;2026-10-01;01-10-2026;29-09-2026;FAC-A-130536;Venta;LAGOPUELO S.A;1509766;10,00;8477,80;10258,14;Bertola Emiliano Damian;;0,00 %;075;Julieta Yegros;;TF T/SECA NORMAL MAS PROTECC 8x54;847,78;3395;;2;ALMACEN;584,68;LEONARDO SANTA CRUZ;;$;2;SOFTYS ARGENTINA S.A;;;CON;;;;;;;TOALLA FEMENINA;;;;;300;Bruno Centurion;AXUM;;;False;130536;0;1;;;;;;1;;847,78
27459;Ramos Mejia - (TRADICIONAL) 646;EZEIZA;2026-10-01;01-10-2026;29-09-2026;FAC-A-130536;Venta;LAGOPUELO S.A;1509761;10,00;7357,50;8902,58;Bertola Emiliano Damian;;0,00 %;075;Julieta Yegros;;TF LADYSOFT COMFORT EXT ALGODON 8x54;735,75;3395;;2;ALMACEN;507,41;LEONARDO SANTA CRUZ;;$;2;SOFTYS ARGENTINA S.A;;;CON;;;;;;;TOALLA FEMENINA;;;;;300;Bruno Centurion;AXUM;;;False;130536;0;1;;;;;;1;;735,75
27459;Ramos Mejia - (TRADICIONAL) 646;EZEIZA;2026-10-01;01-10-2026;29-09-2026;FAC-A-130536;Venta;LAGOPUELO S.A;1509762;10,00;11154,10;13496,46;Bertola Emiliano Damian;;0,00 %;075;Julieta Yegros;;TF NOCTUR EXT A 8x32;1115,41;3395;;2;ALMACEN;769,25;LEONARDO SANTA CRUZ;;$;2;SOFTYS ARGENTINA S.A;;;CON;;;;;;;TOALLA FEMENINA;;;;;300;Bruno Centurion;AXUM;;;False;130536;0;1;;;;;;1;;1115,41
27459;Ramos Mejia - (TRADICIONAL) 646;EZEIZA;2026-10-01;01-10-2026;29-09-2026;FAC-A-130536;Venta;LAGOPUELO S.A;1509749;10,00;12371,60;14969,64;Bertola Emiliano Damian;;0,00 %;075;Julieta Yegros;;PD ladysoft clasicos 20x30;1237,16;3395;;2;ALMACEN;853,21;LEONARDO SANTA CRUZ;;$;2;SOFTYS ARGENTINA S.A;;;CON;;;;;;;PROTECTOR DIARIO;;;;;300;Bruno Centurion;AXUM;;;False;130536;0;1;;;;;;1;;1237,16
27459;Ramos Mejia - (TRADICIONAL) 646;EZEIZA;2026-10-01;01-10-2026;29-09-2026;FAC-A-130536;Venta;LAGOPUELO S.A;1509764;1,00;0,00;0,00;Bertola Emiliano Damian;;100,00 %;075;Julieta Yegros;;TF NORMAL T/SUAVE EXT ALGODON 8x54;0,00;3395;;2;ALMACEN;541,05;LEONARDO SANTA CRUZ;;$;2;SOFTYS ARGENTINA S.A;;;CON;;;;;;;TOALLA FEMENINA;;;;;300;Bruno Centurion;AXUM;;;False;130536;0;1;;;;;;1;;0,00
23773;EL CEIBO - (TRADICIONAL) 189;ESTEBAN ECHEVERR√¬çA;2026-10-01;01-10-2026;29-09-2026;FAC-B-130543;Venta;LAGOPUELO S.A;1501553;1,00;18915,57;22887,83;CLERI FRANCISCO;;23,00 %;064;Karina Fernandez;;PH HIGIENOL DH PLUS FUSI”N 30M x4/10;18915,57;3395;;OTR;SIN SUB;15925,88;LEONARDO SANTA CRUZ;;$;2;SOFTYS ARGENTINA S.A;;;CON;;;;;;;PAPEL HIG;;;;;300;Bruno Centurion;AXUM;;;False;130543;0;1;;;;;;1;;18915,57
23773;EL CEIBO - (TRADICIONAL) 189;ESTEBAN ECHEVERR√¬çA;2026-10-01;01-10-2026;29-09-2026;FAC-B-130543;Venta;LAGOPUELO S.A;1509232;1,00;13167,71;15932,93;CLERI FRANCISCO;;0,00 %;064;Karina Fernandez;;RC NOBLE 40P x3/10;13167,71;3395;;OTR;SIN SUB;9753,86;LEONARDO SANTA CRUZ;;$;2;SOFTYS ARGENTINA S.A;;;CON;;;;;;;ROLLO DE COCINA;;;;;300;Bruno Centurion;AXUM;;;False;130543;0;1;;;;;;1;;13167,71
27455;Racedo - (AUTOSERVICIOS) 205;EZEIZA;2026-10-01;01-10-2026;29-09-2026;FAC-A-130547;Venta;LAGOPUELO S.A;1501553;60,00;1017018,74;1230592,67;He Danhong;;31,00 %;075;Julieta Yegros;;PH HIGIENOL DH PLUS FUSI”N 30M x4/10;16950,31;3395;;3;Autoservicio A;15925,88;LEONARDO SANTA CRUZ;;$;2;SOFTYS ARGENTINA S.A;;;CON;;;;;;;PAPEL HIG;;;;;300;Bruno Centurion;AXUM;;;False;130547;0;1;;;;;;1;;16950,31
27455;Racedo - (AUTOSERVICIOS) 205;EZEIZA;2026-10-01;01-10-2026;29-09-2026;FAC-A-130547;Venta;LAGOPUELO S.A;1503131;10,00;20628,80;24960,85;He Danhong;;0,00 %;075;Julieta Yegros;;TH BABYSEC PREMIUM X45/10;2062,88;3395;;3;Autoservicio A;1422,68;LEONARDO SANTA CRUZ;;$;2;SOFTYS ARGENTINA S.A;;;CON;;;;;;;TOALLA HUMEDA;;;;;300;Bruno Centurion;AXUM;;;False;130547;0;1;;;;;;1;;2062,88
23532;Santa Ana 1595;SAN JOSE;2026-10-01;01-10-2026;29-09-2026;FAC-A-130549;Venta;LAGOPUELO S.A;1505434;36,00;48769,56;59011,17;CHEN XIALIANG;;0,00 %;063;Daniel Martin;;PO FACIALES ELITE BOX SOFT TOUCH x90;1354,71;3399;;3;Autoservicio A;934,28;SIMON OLIVERA;;$;2;SOFTYS ARGENTINA S.A;;;CON;;;;;;;PAÒUELOS;;;;;300;Bruno Centurion;AXUM;;;False;130549;0;1;;;;;;1;;1354,71
23530;JORGE BYNNON 5543;Rafael Calzada;2026-10-01;01-10-2026;29-09-2026;FAC-B-130582;Venta;ELEBES;1504207;8,00;64599,77;78165,72;TONY;;10,00 %;063;Daniel Martin;;PL BABYSEC ULTRASOFT XG 32/4;8074,97;3399;;2;ALMACEN;6646,06;SIMON OLIVERA;;$;2;SOFTYS ARGENTINA S.A;;;CON;;;;;;;PAÒAL;;;;;300;Bruno Centurion;AXUM;;;False;130582;0;1;;;;;;1;;8074,97
23662;EVITA - (PERFUMERIA) 633;EL JAGUEL;2026-10-01;01-10-2026;29-09-2026;FAC-B-130646;Venta;LAGOPUELO S.A;1501553;4,00;75662,26;91551,34;ELIZABETH BUSTAMANTE;;23,00 %;064;Karina Fernandez;;PH HIGIENOL DH PLUS FUSI”N 30M x4/10;18915,57;3395;;georgalos-803;Perfumeria;15925,88;LEONARDO SANTA CRUZ;;$;2;SOFTYS ARGENTINA S.A;;;CON;;;;;;;PAPEL HIG;;;;;300;Bruno Centurion;AXUM;;;False;130646;0;1;;;;;;1;;18915,57
24059;CALLE 1155 2373;Berazategui;2026-10-02;02-10-2026;29-09-2026;FAC-A-130653;Venta;ELEBES;1509761;108,00;64665,00;78244,65;CANTOMAR LUAN SRL;;0,00 %;076;Martin Di Giorno;;TF LADYSOFT COMFORT EXT ALGODON 8x54;598,75;3411;;georgalos-32;Mayoristas;507,41;JUAN ESCOTO;;$;2;SOFTYS ARGENTINA S.A;;;EFV;;;;;;;TOALLA FEMENINA;;;;;300;Bruno Centurion;AXUM;;;False;130653;0;2;;;;;;1;;598,75
24059;CALLE 1155 2373;Berazategui;2026-10-02;02-10-2026;29-09-2026;FAC-A-130653;Venta;ELEBES;1509764;108,00;68951,52;83431,34;CANTOMAR LUAN SRL;;0,00 %;076;Martin Di Giorno;;TF NORMAL T/SUAVE EXT ALGODON 8x54;638,44;3411;;georgalos-32;Mayoristas;541,05;JUAN ESCOTO;;$;2;SOFTYS ARGENTINA S.A;;;EFV;;;;;;;TOALLA FEMENINA;;;;;300;Bruno Centurion;AXUM;;;False;130653;0;2;;;;;;1;;638,44
24059;CALLE 1155 2373;Berazategui;2026-10-02;02-10-2026;29-09-2026;FAC-A-130653;Venta;ELEBES;1509766;108,00;74511,36;90158,75;CANTOMAR LUAN SRL;;0,00 %;076;Martin Di Giorno;;TF T/SECA NORMAL MAS PROTECC 8x54;689,92;3411;;georgalos-32;Mayoristas;584,68;JUAN ESCOTO;;$;2;SOFTYS ARGENTINA S.A;;;EFV;;;;;;;TOALLA FEMENINA;;;;;300;Bruno Centurion;AXUM;;;False;130653;0;2;;;;;;1;;689,92
24059;CALLE 1155 2373;Berazategui;2026-10-02;02-10-2026;29-09-2026;FAC-A-130653;Venta;ELEBES;1509764;10,00;0,00;0,00;CANTOMAR LUAN SRL;;100,00 %;076;Martin Di Giorno;;TF NORMAL T/SUAVE EXT ALGODON 8x54;0,00;3411;;georgalos-32;Mayoristas;541,05;JUAN ESCOTO;;$;2;SOFTYS ARGENTINA S.A;;;EFV;;;;;;;TOALLA FEMENINA;;;;;300;Bruno Centurion;AXUM;;;False;130653;0;2;;;;;;1;;0,00
106448;Moreno 116 0;Lanus;2026-10-01;01-10-2026;29-09-2026;FAC-A-130655;Venta;LAGOPUELO S.A;1509762;8,00;8923,28;10797,17;Fernando Daniel Isabella;;0,00 %;30;Oriana Songini;;TF NOCTUR EXT A 8x32;1115,41;3391;;georgalos-7;Almacen;769,25;CLAUDIO GARCIA;;$;2;SOFTYS ARGENTINA S.A;;;EFV;;;;;;;TOALLA FEMENINA;;;;;25;JOHANA VIGIL;AXUM;;;False;130655;0;1;;;;;;1;;1115,41
106448;Moreno 116 0;Lanus;2026-10-01;01-10-2026;29-09-2026;FAC-A-130655;Venta;LAGOPUELO S.A;1509749;8,00;9897,28;11975,71;Fernando Daniel Isabella;;0,00 %;30;Oriana Songini;;PD ladysoft clasicos 20x30;1237,16;3391;;georgalos-7;Almacen;853,21;CLAUDIO GARCIA;;$;2;SOFTYS ARGENTINA S.A;;;EFV;;;;;;;PROTECTOR DIARIO;;;;;25;JOHANA VIGIL;AXUM;;;False;130655;0;1;;;;;;1;;1237,16
23841;Evita - (PA√‚ÄòALERA) 883;EL JAGUEL;2026-10-01;01-10-2026;29-09-2026;FAC-A-130703;Venta;LAGOPUELO S.A;1509756;20,00;44012,80;53255,49;Gonzalez Fernando;;0,00 %;064;Karina Fernandez;;TF UD T/SECA LADYSOFT UL PRT 16u;2200,64;3395;;OTR;PaÒalera;1517,68;LEONARDO SANTA CRUZ;;$;2;SOFTYS ARGENTINA S.A;;;CON;;;;;;;TOALLA FEMENINA;;;;;300;Bruno Centurion;AXUM;;;False;130703;0;1;;;;;;1;;2200,64
23520;Frias - (AUTOSERVICIOS) 4168;SAN JOSE;2026-10-01;01-10-2026;29-09-2026;FAC-A-130708;Venta;LAGOPUELO S.A;1501553;5,00;94577,83;114439,17;LIN JINSEN;;23,00 %;063;Daniel Martin;;PH HIGIENOL DH PLUS FUSI”N 30M x4/10;18915,57;3399;;3;Autoservicio A;15925,88;SIMON OLIVERA;;$;2;SOFTYS ARGENTINA S.A;;;CON;;;;;;;PAPEL HIG;;;;;300;Bruno Centurion;AXUM;;;False;130708;0;1;;;;;;1;;18915,57
23520;Frias - (AUTOSERVICIOS) 4168;SAN JOSE;2026-10-01;01-10-2026;29-09-2026;FAC-A-130708;Venta;LAGOPUELO S.A;1501586;1,00;28416,82;34384,35;LIN JINSEN;;0,00 %;063;Daniel Martin;;PH HIGIENOL HS MAX 50x4;28416,82;3399;;3;Autoservicio A;19597,81;SIMON OLIVERA;;$;2;SOFTYS ARGENTINA S.A;;;CON;;;;;;;PAPEL HIG;;;;;300;Bruno Centurion;AXUM;;;False;130708;0;1;;;;;;1;;28416,82
23520;Frias - (AUTOSERVICIOS) 4168;SAN JOSE;2026-10-01;01-10-2026;29-09-2026;FAC-A-130708;Venta;LAGOPUELO S.A;1509755;10,00;11310,50;13685,71;LIN JINSEN;;0,00 %;063;Daniel Martin;;TF UD T/SECA LADYSOFT ULTRA PROTECT 8;1131,05;3399;;3;Autoservicio A;780,04;SIMON OLIVERA;;$;2;SOFTYS ARGENTINA S.A;;;CON;;;;;;;TOALLA FEMENINA;;;;;300;Bruno Centurion;AXUM;;;False;130708;0;1;;;;;;1;;1131,05
23520;Frias - (AUTOSERVICIOS) 4168;SAN JOSE;2026-10-01;01-10-2026;29-09-2026;FAC-A-130708;Venta;LAGOPUELO S.A;1509756;10,00;22006,40;26627,74;LIN JINSEN;;0,00 %;063;Daniel Martin;;TF UD T/SECA LADYSOFT UL PRT 16u;2200,64;3399;;3;Autoservicio A;1517,68;SIMON OLIVERA;;$;2;SOFTYS ARGENTINA S.A;;;CON;;;;;;;TOALLA FEMENINA;;;;;300;Bruno Centurion;AXUM;;;False;130708;0;1;;;;;;1;;2200,64
23520;Frias - (AUTOSERVICIOS) 4168;SAN JOSE;2026-10-01;01-10-2026;29-09-2026;FAC-A-130708;Venta;LAGOPUELO S.A;1509766;10,00;8477,80;10258,14;LIN JINSEN;;0,00 %;063;Daniel Martin;;TF T/SECA NORMAL MAS PROTECC 8x54;847,78;3399;;3;Autoservicio A;584,68;SIMON OLIVERA;;$;2;SOFTYS ARGENTINA S.A;;;CON;;;;;;;TOALLA FEMENINA;;;;;300;Bruno Centurion;AXUM;;;False;130708;0;1;;;;;;1;;847,78
23520;Frias - (AUTOSERVICIOS) 4168;SAN JOSE;2026-10-01;01-10-2026;29-09-2026;FAC-A-130708;Venta;LAGOPUELO S.A;1509759;10,00;20095,90;24316,04;LIN JINSEN;;0,00 %;063;Daniel Martin;;TF UD T/SUAVE EXT ALG 16x20;2009,59;3399;;3;Autoservicio A;1385,93;SIMON OLIVERA;;$;2;SOFTYS ARGENTINA S.A;;;CON;;;;;;;TOALLA FEMENINA;;;;;300;Bruno Centurion;AXUM;;;False;130708;0;1;;;;;;1;;2009,59
23520;Frias - (AUTOSERVICIOS) 4168;SAN JOSE;2026-10-01;01-10-2026;29-09-2026;FAC-A-130708;Venta;LAGOPUELO S.A;1504078;15,00;30187,49;36526,86;LIN JINSEN;;10,00 %;063;Daniel Martin;;PL BABYSEC ULTRASOFT XG X8/15;2012,50;3399;;3;Autoservicio A;1656,38;SIMON OLIVERA;;$;2;SOFTYS ARGENTINA S.A;;;CON;;;;;;;PAÒAL;;;;;300;Bruno Centurion;AXUM;;;False;130708;0;1;;;;;;1;;2012,50
23520;Frias - (AUTOSERVICIOS) 4168;SAN JOSE;2026-10-01;01-10-2026;29-09-2026;FAC-A-130708;Venta;LAGOPUELO S.A;1504077;20,00;40251,60;48704,44;LIN JINSEN;;10,00 %;063;Daniel Martin;;PL BABYSEC ULTRASOFT G 8/20;2012,58;3399;;3;Autoservicio A;1656,44;SIMON OLIVERA;;$;2;SOFTYS ARGENTINA S.A;;;CON;;;;;;;PAÒAL;;;;;300;Bruno Centurion;AXUM;;;False;130708;0;1;;;;;;1;;2012,58
29162;BRANDSEN - (TRADICIONAL) 359;QUILMES;2026-10-02;02-10-2026;30-09-2026;FAC-A-130893;Venta;LAGOPUELO S.A;1505708;1,00;20733,71;25087,79;FLORENCIA MARIA MEDINA;;0,00 %;2;Fernanda Cejas;;RC SUSEEX CLS MEGARROLO ALTO 200X1;20733,71;3413;;2;ALMACEN;15358,30;HERNAN RIVERO;;$;2;SOFTYS ARGENTINA S.A;;;CON;;;;;;;ROLLO DE COCINA;;;;;25;JOHANA VIGIL;AXUM;;;False;130893;0;1;;;;;;1;;20733,71
29162;BRANDSEN - (TRADICIONAL) 359;QUILMES;2026-10-02;02-10-2026;30-09-2026;FAC-A-130893;Venta;LAGOPUELO S.A;1505688;1,00;15042,56;18201,49;FLORENCIA MARIA MEDINA;;5,00 %;2;Fernanda Cejas;;RC Sussex clasico mas blanco 50px3/10;15042,56;3413;;2;ALMACEN;11729,09;HERNAN RIVERO;;$;2;SOFTYS ARGENTINA S.A;;;CON;;;;;;;ROLLO DE COCINA;;;;;25;JOHANA VIGIL;AXUM;;;False;130893;0;1;;;;;;1;;15042,56
29162;BRANDSEN - (TRADICIONAL) 359;QUILMES;2026-10-02;02-10-2026;30-09-2026;FAC-A-130893;Venta;LAGOPUELO S.A;1501553;1,00;18915,57;22887,83;FLORENCIA MARIA MEDINA;;23,00 %;2;Fernanda Cejas;;PH HIGIENOL DH PLUS FUSI”N 30M x4/10;18915,57;3413;;2;ALMACEN;15925,88;HERNAN RIVERO;;$;2;SOFTYS ARGENTINA S.A;;;CON;;;;;;;PAPEL HIG;;;;;25;JOHANA VIGIL;AXUM;;;False;130893;0;1;;;;;;1;;18915,57
23500;REPUBLICA ARGENTINA - (AUTOSERVICIOS) 1123;RAFAEL CALZADA;2026-10-01;01-10-2026;30-09-2026;FAC-A-130896;Venta;LAGOPUELO S.A;1501553;60,00;1017018,74;1230592,67;LIN CHUNYING;;31,00 %;063;Daniel Martin;;PH HIGIENOL DH PLUS FUSI”N 30M x4/10;16950,31;3399;;3;Autoservicio A;15925,88;SIMON OLIVERA;;$;2;SOFTYS ARGENTINA S.A;;;CON;;;;;;;PAPEL HIG;;;;;300;Bruno Centurion;AXUM;;;False;130896;0;1;;;;;;1;;16950,31
823;CALLE 424 1198;Berazategui;2026-10-05;05-10-2026;30-09-2026;FAC-A-130900;Venta;LAGOPUELO S.A;1501627;10,00;111962,40;135474,50;Waikiki;;0,00 %;040;Bruno Centurion;;PH Higienol HS Balanced 20mx4/12;11196,24;3431;;6;MAYORISTA;9488,34;JUAN ESCOTO;;$;2;SOFTYS ARGENTINA S.A;;;CON;;;;;;;PAPEL HIG;;;;;300;Bruno Centurion;AXUM;;;False;130900;0;2;;;;;;1;;11196,24
823;CALLE 424 1198;Berazategui;2026-10-05;05-10-2026;30-09-2026;FAC-A-130900;Venta;LAGOPUELO S.A;1505688;2,00;27680,66;33493,60;Waikiki;;0,00 %;040;Bruno Centurion;;RC Sussex clasico mas blanco 50px3/10;13840,33;3431;;6;MAYORISTA;11729,09;JUAN ESCOTO;;$;2;SOFTYS ARGENTINA S.A;;;CON;;;;;;;ROLLO DE COCINA;;;;;300;Bruno Centurion;AXUM;;;False;130900;0;2;;;;;;1;;13840,33
3124;C. PELLEGRINI 1024;Quilmes;2026-10-02;02-10-2026;30-09-2026;FAC-A-130921;Venta;LAGOPUELO S.A;1501553;15,00;272678,94;329941,51;CHEN LIJIAN;;26,00 %;054;Leonel Caruso;;PH HIGIENOL DH PLUS FUSI”N 30M x4/10;18178,60;3413;;3;AUTOSERVICIO;15925,88;HERNAN RIVERO;;$;2;SOFTYS ARGENTINA S.A;;;CON;;;;;;;PAPEL HIG;;;;;300;Bruno Centurion;AXUM;;;False;130921;0;1;;;;;;1;;18178,60
5674;AV. MEEKS E/Cnel Pringles Y J.M.Fern√°ndez - (Autoservicio) 639;TEMPERLEY;2026-10-01;01-10-2026;30-09-2026;FAC-A-130922;Venta;LAGOPUELO S.A;1503118;24,00;35247,84;42649,89;FANNY YAN;;0,00 %;073;Florencia Cubilla;;TH BABYSEC ULTRA 50/24;1468,66;3393;;3;Autoservicio B;1012,87;MARIANO SOSA;;$;2;SOFTYS ARGENTINA S.A;;;CON;;;;;;;;;;;;300;Bruno Centurion;AXUM;;;False;130922;0;1;;;;;;1;;1468,66
5674;AV. MEEKS E/Cnel Pringles Y J.M.Fern√°ndez - (Autoservicio) 639;TEMPERLEY;2026-10-01;01-10-2026;30-09-2026;FAC-A-130922;Venta;LAGOPUELO S.A;1505496;35,00;40287,10;48747,39;FANNY YAN;;0,00 %;073;Florencia Cubilla;;PO ELITE ST CON ALGODON X10 PACK 6;1151,06;3393;;3;Autoservicio B;793,84;MARIANO SOSA;;$;2;SOFTYS ARGENTINA S.A;;;CON;;;;;;;PAÒUELOS;;;;;300;Bruno Centurion;AXUM;;;False;130922;0;1;;;;;;1;;1151,06
106182;Margarita Weild 1467 0;LANUS;2026-10-01;01-10-2026;30-09-2026;FAC-A-130925;Venta;LAGOPUELO S.A;1501553;60,00;1017018,74;1230592,67;Lin li;;31,00 %;27;Samanta Dogliotti;;PH HIGIENOL DH PLUS FUSI”N 30M x4/10;16950,31;3391;;3;AUTOSERVICIO;15925,88;CLAUDIO GARCIA;;$;2;SOFTYS ARGENTINA S.A;;;EFV;;;;;;;PAPEL HIG;;;;;25;JOHANA VIGIL;AXUM;;;False;130925;0;1;;;;;;1;;16950,31
101377;C.uruguayo 2539 1 0;REMEDIOS DE ESCALADA;2026-10-01;01-10-2026;30-09-2026;FAC-A-130927;Venta;LAGOPUELO S.A;1501553;2,00;37831,13;45775,67;Zheng Caihua;;23,00 %;29;Camila Navarrete;;PH HIGIENOL DH PLUS FUSI”N 30M x4/10;18915,57;3391;;3;AUTOSERVICIO;15925,88;CLAUDIO GARCIA;;$;2;SOFTYS ARGENTINA S.A;;;EFV;;;;;;;PAPEL HIG;;;;;25;JOHANA VIGIL;AXUM;;;False;130927;0;1;;;;;;1;;18915,57
5586;REPUBLICA DE LA INDIA - (PERFUMERIA) 540;CLAYPOLE;2026-10-01;01-10-2026;30-09-2026;FAC-A-130934;Venta;LAGOPUELO S.A;1505688;1,00;15042,56;18201,49;KARINA MABEL MARINI;;5,00 %;056;Ezequiel Ferreira;;RC Sussex clasico mas blanco 50px3/10;15042,56;3398;;OTR;SIN SUB;11729,09;NAHUEL MONTOYA;;$;2;SOFTYS ARGENTINA S.A;;;CON;;;;;;;ROLLO DE COCINA;;;;;300;Bruno Centurion;AXUM;;;False;130934;0;1;;;;;;1;;15042,56
5586;REPUBLICA DE LA INDIA - (PERFUMERIA) 540;CLAYPOLE;2026-10-01;01-10-2026;30-09-2026;FAC-A-130934;Venta;LAGOPUELO S.A;1504207;2,00;16149,94;19541,43;KARINA MABEL MARINI;;10,00 %;056;Ezequiel Ferreira;;PL BABYSEC ULTRASOFT XG 32/4;8074,97;3398;;OTR;SIN SUB;6646,06;NAHUEL MONTOYA;;$;2;SOFTYS ARGENTINA S.A;;;CON;;;;;;;PAÒAL;;;;;300;Bruno Centurion;AXUM;;;False;130934;0;1;;;;;;1;;8074,97
5586;REPUBLICA DE LA INDIA - (PERFUMERIA) 540;CLAYPOLE;2026-10-01;01-10-2026;30-09-2026;FAC-A-130934;Venta;LAGOPUELO S.A;1504208;2,00;16149,94;19541,43;KARINA MABEL MARINI;;10,00 %;056;Ezequiel Ferreira;;BABYSEC ULTSOFT XX6 30/4;8074,97;3398;;OTR;SIN SUB;6646,06;NAHUEL MONTOYA;;$;2;SOFTYS ARGENTINA S.A;;;CON;;;;;;;PAÒAL;;;;;300;Bruno Centurion;AXUM;;;False;130934;0;1;;;;;;1;;8074,97
5261;Calle 519 2140;FLORENCIO VARELA;2026-10-01;01-10-2026;30-09-2026;FAC-A-130941;Venta;LAGOPUELO S.A;1509755;80,00;90484,00;109485,64;LIN HONG;;0,00 %;7;Myrian Lertora;;TF UD T/SECA LADYSOFT ULTRA PROTECT 8;1131,05;3392;;3;AUTOSERVICIO;780,04;WALTER JANIUK;;$;2;SOFTYS ARGENTINA S.A;;;CON;;;;;;;TOALLA FEMENINA;;;;;25;JOHANA VIGIL;AXUM;;;False;130941;0;1;;;;;;1;;1131,05
5261;Calle 519 2140;FLORENCIO VARELA;2026-10-01;01-10-2026;30-09-2026;FAC-A-130941;Venta;LAGOPUELO S.A;1509758;80,00;84104,80;101766,81;LIN HONG;;0,00 %;7;Myrian Lertora;;TF UD T/SUAVE EXT ALGO 8X40;1051,31;3392;;3;AUTOSERVICIO;725,04;WALTER JANIUK;;$;2;SOFTYS ARGENTINA S.A;;;CON;;;;;;;TOALLA FEMENINA;;;;;25;JOHANA VIGIL;AXUM;;;False;130941;0;1;;;;;;1;;1051,31
5649;GABOTO 4436;Almirante Brown;2026-10-01;01-10-2026;30-09-2026;FAC-A-130943;Venta;LAGOPUELO S.A;1501553;15,00;272678,94;329941,51;shi zhangmei;;26,00 %;063;Daniel Martin;;PH HIGIENOL DH PLUS FUSI”N 30M x4/10;18178,60;3399;;3;Autoservicio B;15925,88;SIMON OLIVERA;;$;2;SOFTYS ARGENTINA S.A;;;CON;;;;;;;PAPEL HIG;;;;;300;Bruno Centurion;AXUM;;;False;130943;0;1;;;;;;1;;18178,60
5649;GABOTO 4436;Almirante Brown;2026-10-01;01-10-2026;30-09-2026;FAC-A-130943;Venta;LAGOPUELO S.A;1509756;20,00;44012,80;53255,49;shi zhangmei;;0,00 %;063;Daniel Martin;;TF UD T/SECA LADYSOFT UL PRT 16u;2200,64;3399;;3;Autoservicio B;1517,68;SIMON OLIVERA;;$;2;SOFTYS ARGENTINA S.A;;;CON;;;;;;;TOALLA FEMENINA;;;;;300;Bruno Centurion;AXUM;;;False;130943;0;1;;;;;;1;;2200,64
5649;GABOTO 4436;Almirante Brown;2026-10-01;01-10-2026;30-09-2026;FAC-A-130943;Venta;LAGOPUELO S.A;1509757;15,00;47160,00;57063,60;shi zhangmei;;0,00 %;063;Daniel Martin;;TF UD T/SECA LADYSOFT UL PTEC 24u;3144,00;3399;;3;Autoservicio B;2168,27;SIMON OLIVERA;;$;2;SOFTYS ARGENTINA S.A;;;CON;;;;;;;TOALLA FEMENINA;;;;;300;Bruno Centurion;AXUM;;;False;130943;0;1;;;;;;1;;3144,00
105998;Donovan 1133 0;LANUS;2026-10-02;02-10-2026;30-09-2026;FAC-A-130946;Venta;LAGOPUELO S.A;1501553;60,00;1017018,74;1230592,67;Weng Jiahua;;31,00 %;26;Sabrina Pereyra;;PH HIGIENOL DH PLUS FUSI”N 30M x4/10;16950,31;3408;;3;AUTOSERVICIO;15925,88;CLAUDIO GARCIA;;$;2;SOFTYS ARGENTINA S.A;;;EFV;;;;;;;PAPEL HIG;;;;;25;JOHANA VIGIL;AXUM;;;False;130946;0;1;;;;;;1;;16950,31
105998;Donovan 1133 0;LANUS;2026-10-02;02-10-2026;30-09-2026;FAC-A-130946;Venta;LAGOPUELO S.A;1505523;15,00;14575,65;17636,54;Weng Jiahua;;0,00 %;26;Sabrina Pereyra;;PO CARILINA DOBLE HOJA X10 PACK X6/3;971,71;3408;;3;AUTOSERVICIO;670,15;CLAUDIO GARCIA;;$;2;SOFTYS ARGENTINA S.A;;;EFV;;;;;;;PAÒUELOS;;;;;25;JOHANA VIGIL;AXUM;;;False;130946;0;1;;;;;;1;;971,71
105998;Donovan 1133 0;LANUS;2026-10-02;02-10-2026;30-09-2026;FAC-A-130946;Venta;LAGOPUELO S.A;1505434;8,00;10837,68;13113,59;Weng Jiahua;;0,00 %;26;Sabrina Pereyra;;PO FACIALES ELITE BOX SOFT TOUCH x90;1354,71;3408;;3;AUTOSERVICIO;934,28;CLAUDIO GARCIA;;$;2;SOFTYS ARGENTINA S.A;;;EFV;;;;;;;PAÒUELOS;;;;;25;JOHANA VIGIL;AXUM;;;False;130946;0;1;;;;;;1;;1354,71
27475;La Merced - (AUTOSERVICIOS) 114;EZEIZA;2026-10-06;06-10-2026;30-09-2026;FAC-A-130951;Venta;LAGOPUELO S.A;1504206;4,00;32299,88;39082,86;CHEN LINHUI;;10,00 %;075;Julieta Yegros;;PL BABYSEC ULTRASOFT G 40/4;8074,97;3446;;3;Autoservicio A;6646,06;IVAN MONTOYA;;$;2;SOFTYS ARGENTINA S.A;;;CON;;;;;;;PAÒAL;;;;;300;Bruno Centurion;AXUM;;;False;130951;0;1;;;;;;1;;8074,97
1278;CALLE 4 A 2579;Berazategui;2026-10-05;05-10-2026;30-09-2026;FAC-B-130962;Venta;ELEBES;1503118;10,00;14686,60;17770,79;COLQUE ZULMA;;0,00 %;5;Eliana Huber;;TH BABYSEC ULTRA 50/24;1468,66;3430;;2;ALMACEN;1012,87;LEONARDO SANTA CRUZ;;$;2;SOFTYS ARGENTINA S.A;;;CON;;;;;;;;;;;;25;JOHANA VIGIL;AXUM;;;False;130962;0;1;;;;;;1;;1468,66
6286;SALLARES 1546;Varela;2026-10-01;01-10-2026;30-09-2026;FAC-A-130967;Venta;LAGOPUELO S.A;1505688;1,00;15042,56;18201,49;GUO XIU PING;;5,00 %;6;Nieves Alegre;;RC Sussex clasico mas blanco 50px3/10;15042,56;3392;;3;AUTOSERVICIO;11729,09;WALTER JANIUK;;$;2;SOFTYS ARGENTINA S.A;;;CON;;;;;;;ROLLO DE COCINA;;;;;25;JOHANA VIGIL;AXUM;;;False;130967;0;1;;;;;;1;;15042,56
6286;SALLARES 1546;Varela;2026-10-01;01-10-2026;30-09-2026;FAC-A-130967;Venta;LAGOPUELO S.A;1505496;35,00;40287,10;48747,39;GUO XIU PING;;0,00 %;6;Nieves Alegre;;PO ELITE ST CON ALGODON X10 PACK 6;1151,06;3392;;3;AUTOSERVICIO;793,84;WALTER JANIUK;;$;2;SOFTYS ARGENTINA S.A;;;CON;;;;;;;PAÒUELOS;;;;;25;JOHANA VIGIL;AXUM;;;False;130967;0;1;;;;;;1;;1151,06
6286;SALLARES 1546;Varela;2026-10-01;01-10-2026;30-09-2026;FAC-A-130967;Venta;LAGOPUELO S.A;1509756;10,00;22006,40;26627,74;GUO XIU PING;;0,00 %;6;Nieves Alegre;;TF UD T/SECA LADYSOFT UL PRT 16u;2200,64;3392;;3;AUTOSERVICIO;1517,68;WALTER JANIUK;;$;2;SOFTYS ARGENTINA S.A;;;CON;;;;;;;TOALLA FEMENINA;;;;;25;JOHANA VIGIL;AXUM;;;False;130967;0;1;;;;;;1;;2200,64
6286;SALLARES 1546;Varela;2026-10-01;01-10-2026;30-09-2026;FAC-A-130967;Venta;LAGOPUELO S.A;1509765;10,00;15382,80;18613,19;GUO XIU PING;;0,00 %;6;Nieves Alegre;;TF NORMALT/SUAVE EXT ALG 16x27;1538,28;3392;;3;AUTOSERVICIO;1060,88;WALTER JANIUK;;$;2;SOFTYS ARGENTINA S.A;;;CON;;;;;;;TOALLA FEMENINA;;;;;25;JOHANA VIGIL;AXUM;;;False;130967;0;1;;;;;;1;;1538,28
29397;RAUL ALFONSIN ESQ.PERGAMINO - (TRADICIONAL) 2407;LANUS ESTE;2026-10-01;01-10-2026;30-09-2026;FAC-B-130978;Venta;ELEBES;1509762;10,00;11154,10;13496,46;CRISTINA;;0,00 %;28;Nadia Diaz;;TF NOCTUR EXT A 8x32;1115,41;3391;;2;ALMACEN;769,25;CLAUDIO GARCIA;;$;2;SOFTYS ARGENTINA S.A;;;CON;;;;;;;TOALLA FEMENINA;;;;;25;JOHANA VIGIL;AXUM;;;False;130978;0;1;;;;;;1;;1115,41
105324;RamÛn Cabrero 3315;REMEDIOS DE ESCALADA;2026-10-01;01-10-2026;30-09-2026;FAC-A-130982;Venta;LAGOPUELO S.A;1505434;4,00;5418,84;6556,80;Bulla Walter Fabian;;0,00 %;29;Camila Navarrete;;PO FACIALES ELITE BOX SOFT TOUCH x90;1354,71;3391;;5;KIOSCO;934,28;CLAUDIO GARCIA;;$;2;SOFTYS ARGENTINA S.A;;;EFV;;;;;;;PAÒUELOS;;;;;25;JOHANA VIGIL;AXUM;;;False;130982;0;1;;;;;;1;;1354,71
105324;RamÛn Cabrero 3315;REMEDIOS DE ESCALADA;2026-10-01;01-10-2026;30-09-2026;FAC-A-130982;Venta;LAGOPUELO S.A;1509755;6,00;6786,30;8211,42;Bulla Walter Fabian;;0,00 %;29;Camila Navarrete;;TF UD T/SECA LADYSOFT ULTRA PROTECT 8;1131,05;3391;;5;KIOSCO;780,04;CLAUDIO GARCIA;;$;2;SOFTYS ARGENTINA S.A;;;EFV;;;;;;;TOALLA FEMENINA;;;;;25;JOHANA VIGIL;AXUM;;;False;130982;0;1;;;;;;1;;1131,05
27664;SANTA ANGELA - (TRADICIONAL) 402;LA UNION;2026-10-06;06-10-2026;30-09-2026;FAC-A-130985;Venta;LAGOPUELO S.A;1509749;10,00;12371,60;14969,64;SILVESTRE NINAJA;;0,00 %;075;Julieta Yegros;;PD ladysoft clasicos 20x30;1237,16;3446;;2;ALMACEN;853,21;IVAN MONTOYA;;$;2;SOFTYS ARGENTINA S.A;;;CON;;;;;;;PROTECTOR DIARIO;;;;;300;Bruno Centurion;AXUM;;;False;130985;0;1;;;;;;1;;1237,16
27664;SANTA ANGELA - (TRADICIONAL) 402;LA UNION;2026-10-06;06-10-2026;30-09-2026;FAC-A-130985;Venta;LAGOPUELO S.A;1509764;10,00;7845,20;9492,69;SILVESTRE NINAJA;;0,00 %;075;Julieta Yegros;;TF NORMAL T/SUAVE EXT ALGODON 8x54;784,52;3446;;2;ALMACEN;541,05;IVAN MONTOYA;;$;2;SOFTYS ARGENTINA S.A;;;CON;;;;;;;TOALLA FEMENINA;;;;;300;Bruno Centurion;AXUM;;;False;130985;0;1;;;;;;1;;784,52
27664;SANTA ANGELA - (TRADICIONAL) 402;LA UNION;2026-10-06;06-10-2026;30-09-2026;FAC-A-130985;Venta;LAGOPUELO S.A;1509761;10,00;7357,50;8902,58;SILVESTRE NINAJA;;0,00 %;075;Julieta Yegros;;TF LADYSOFT COMFORT EXT ALGODON 8x54;735,75;3446;;2;ALMACEN;507,41;IVAN MONTOYA;;$;2;SOFTYS ARGENTINA S.A;;;CON;;;;;;;TOALLA FEMENINA;;;;;300;Bruno Centurion;AXUM;;;False;130985;0;1;;;;;;1;;735,75
27664;SANTA ANGELA - (TRADICIONAL) 402;LA UNION;2026-10-06;06-10-2026;30-09-2026;FAC-A-130985;Venta;LAGOPUELO S.A;1509764;1,00;0,00;0,00;SILVESTRE NINAJA;;100,00 %;075;Julieta Yegros;;TF NORMAL T/SUAVE EXT ALGODON 8x54;0,00;3446;;2;ALMACEN;541,05;IVAN MONTOYA;;$;2;SOFTYS ARGENTINA S.A;;;CON;;;;;;;TOALLA FEMENINA;;;;;300;Bruno Centurion;AXUM;;;False;130985;0;1;;;;;;1;;0,00
28053;LUZURIAGA - (AUTOSERVICIOS) 490;LLAVALLOL;2026-10-02;02-10-2026;30-09-2026;FAC-A-130990;Venta;LAGOPUELO S.A;1505434;12,00;16256,52;19670,39;SEBASTIAN COSME ROMERO;;0,00 %;074;Romina Baez;;PO FACIALES ELITE BOX SOFT TOUCH x90;1354,71;3410;;2;ALMACEN;934,28;MARIANO SOSA;;$;2;SOFTYS ARGENTINA S.A;;;CON;;;;;;;PAÒUELOS;;;;;300;Bruno Centurion;AXUM;;;False;130990;0;1;;;;;;1;;1354,71
28053;LUZURIAGA - (AUTOSERVICIOS) 490;LLAVALLOL;2026-10-02;02-10-2026;30-09-2026;FAC-A-130990;Venta;LAGOPUELO S.A;1503118;12,00;17623,92;21324,94;SEBASTIAN COSME ROMERO;;0,00 %;074;Romina Baez;;TH BABYSEC ULTRA 50/24;1468,66;3410;;2;ALMACEN;1012,87;MARIANO SOSA;;$;2;SOFTYS ARGENTINA S.A;;;CON;;;;;;;;;;;;300;Bruno Centurion;AXUM;;;False;130990;0;1;;;;;;1;;1468,66
28053;LUZURIAGA - (AUTOSERVICIOS) 490;LLAVALLOL;2026-10-02;02-10-2026;30-09-2026;FAC-A-130990;Venta;LAGOPUELO S.A;1509761;10,00;7357,50;8902,58;SEBASTIAN COSME ROMERO;;0,00 %;074;Romina Baez;;TF LADYSOFT COMFORT EXT ALGODON 8x54;735,75;3410;;2;ALMACEN;507,41;MARIANO SOSA;;$;2;SOFTYS ARGENTINA S.A;;;CON;;;;;;;TOALLA FEMENINA;;;;;300;Bruno Centurion;AXUM;;;False;130990;0;1;;;;;;1;;735,75
28053;LUZURIAGA - (AUTOSERVICIOS) 490;LLAVALLOL;2026-10-02;02-10-2026;30-09-2026;FAC-A-130990;Venta;LAGOPUELO S.A;1509762;10,00;11154,10;13496,46;SEBASTIAN COSME ROMERO;;0,00 %;074;Romina Baez;;TF NOCTUR EXT A 8x32;1115,41;3410;;2;ALMACEN;769,25;MARIANO SOSA;;$;2;SOFTYS ARGENTINA S.A;;;CON;;;;;;;TOALLA FEMENINA;;;;;300;Bruno Centurion;AXUM;;;False;130990;0;1;;;;;;1;;1115,41
28053;LUZURIAGA - (AUTOSERVICIOS) 490;LLAVALLOL;2026-10-02;02-10-2026;30-09-2026;FAC-A-130990;Venta;LAGOPUELO S.A;1509764;10,00;7845,20;9492,69;SEBASTIAN COSME ROMERO;;0,00 %;074;Romina Baez;;TF NORMAL T/SUAVE EXT ALGODON 8x54;784,52;3410;;2;ALMACEN;541,05;MARIANO SOSA;;$;2;SOFTYS ARGENTINA S.A;;;CON;;;;;;;TOALLA FEMENINA;;;;;300;Bruno Centurion;AXUM;;;False;130990;0;1;;;;;;1;;784,52
28053;LUZURIAGA - (AUTOSERVICIOS) 490;LLAVALLOL;2026-10-02;02-10-2026;30-09-2026;FAC-A-130990;Venta;LAGOPUELO S.A;1509766;10,00;8477,80;10258,14;SEBASTIAN COSME ROMERO;;0,00 %;074;Romina Baez;;TF T/SECA NORMAL MAS PROTECC 8x54;847,78;3410;;2;ALMACEN;584,68;MARIANO SOSA;;$;2;SOFTYS ARGENTINA S.A;;;CON;;;;;;;TOALLA FEMENINA;;;;;300;Bruno Centurion;AXUM;;;False;130990;0;1;;;;;;1;;847,78
28053;LUZURIAGA - (AUTOSERVICIOS) 490;LLAVALLOL;2026-10-02;02-10-2026;30-09-2026;FAC-A-130990;Venta;LAGOPUELO S.A;1509755;10,00;11310,50;13685,71;SEBASTIAN COSME ROMERO;;0,00 %;074;Romina Baez;;TF UD T/SECA LADYSOFT ULTRA PROTECT 8;1131,05;3410;;2;ALMACEN;780,04;MARIANO SOSA;;$;2;SOFTYS ARGENTINA S.A;;;CON;;;;;;;TOALLA FEMENINA;;;;;300;Bruno Centurion;AXUM;;;False;130990;0;1;;;;;;1;;1131,05
28053;LUZURIAGA - (AUTOSERVICIOS) 490;LLAVALLOL;2026-10-02;02-10-2026;30-09-2026;FAC-A-130990;Venta;LAGOPUELO S.A;1509758;10,00;10513,10;12720,85;SEBASTIAN COSME ROMERO;;0,00 %;074;Romina Baez;;TF UD T/SUAVE EXT ALGO 8X40;1051,31;3410;;2;ALMACEN;725,04;MARIANO SOSA;;$;2;SOFTYS ARGENTINA S.A;;;CON;;;;;;;TOALLA FEMENINA;;;;;300;Bruno Centurion;AXUM;;;False;130990;0;1;;;;;;1;;1051,31
28053;LUZURIAGA - (AUTOSERVICIOS) 490;LLAVALLOL;2026-10-02;02-10-2026;30-09-2026;FAC-A-130990;Venta;LAGOPUELO S.A;1509749;10,00;12371,60;14969,64;SEBASTIAN COSME ROMERO;;0,00 %;074;Romina Baez;;PD ladysoft clasicos 20x30;1237,16;3410;;2;ALMACEN;853,21;MARIANO SOSA;;$;2;SOFTYS ARGENTINA S.A;;;CON;;;;;;;PROTECTOR DIARIO;;;;;300;Bruno Centurion;AXUM;;;False;130990;0;1;;;;;;1;;1237,16
28053;LUZURIAGA - (AUTOSERVICIOS) 490;LLAVALLOL;2026-10-02;02-10-2026;30-09-2026;FAC-A-130990;Venta;LAGOPUELO S.A;1509764;1,00;0,00;0,00;SEBASTIAN COSME ROMERO;;100,00 %;074;Romina Baez;;TF NORMAL T/SUAVE EXT ALGODON 8x54;0,00;3410;;2;ALMACEN;541,05;MARIANO SOSA;;$;2;SOFTYS ARGENTINA S.A;;;CON;;;;;;;TOALLA FEMENINA;;;;;300;Bruno Centurion;AXUM;;;False;130990;0;1;;;;;;1;;0,00
4734;JUJUY 999;Quilmes;2026-10-02;02-10-2026;30-09-2026;FAC-A-130992;Venta;LAGOPUELO S.A;1501553;15,00;272678,94;329941,51;CHEN SHENGXUAN;;26,00 %;054;Leonel Caruso;;PH HIGIENOL DH PLUS FUSI”N 30M x4/10;18178,60;3413;;3;AUTOSERVICIO;15925,88;HERNAN RIVERO;;$;2;SOFTYS ARGENTINA S.A;;;CON;;;;;;;PAPEL HIG;;;;;300;Bruno Centurion;AXUM;;;False;130992;0;1;;;;;;1;;18178,60
29500;AGOTE - (TRADICIONAL) 585;LA UNION;2026-10-06;06-10-2026;30-09-2026;FAC-B-130997;Venta;LAGOPUELO S.A;1509764;10,00;7845,20;9492,69;PATRICIA BARRAG¡N;;0,00 %;075;Julieta Yegros;;TF NORMAL T/SUAVE EXT ALGODON 8x54;784,52;3446;;OTR;SIN SUB;541,05;IVAN MONTOYA;;$;2;SOFTYS ARGENTINA S.A;;;CON;;;;;;;TOALLA FEMENINA;;;;;300;Bruno Centurion;AXUM;;;False;130997;0;1;;;;;;1;;784,52
29500;AGOTE - (TRADICIONAL) 585;LA UNION;2026-10-06;06-10-2026;30-09-2026;FAC-B-130997;Venta;LAGOPUELO S.A;1509766;10,00;8477,80;10258,14;PATRICIA BARRAG¡N;;0,00 %;075;Julieta Yegros;;TF T/SECA NORMAL MAS PROTECC 8x54;847,78;3446;;OTR;SIN SUB;584,68;IVAN MONTOYA;;$;2;SOFTYS ARGENTINA S.A;;;CON;;;;;;;TOALLA FEMENINA;;;;;300;Bruno Centurion;AXUM;;;False;130997;0;1;;;;;;1;;847,78
29500;AGOTE - (TRADICIONAL) 585;LA UNION;2026-10-06;06-10-2026;30-09-2026;FAC-B-130997;Venta;LAGOPUELO S.A;1509768;10,00;9018,10;10911,90;PATRICIA BARRAG¡N;;0,00 %;075;Julieta Yegros;;TF NORMAL T/SUAVE PIEL SENSIBLE 8x54;901,81;3446;;OTR;SIN SUB;621,94;IVAN MONTOYA;;$;2;SOFTYS ARGENTINA S.A;;;CON;;;;;;;TOALLA FEMENINA;;;;;300;Bruno Centurion;AXUM;;;False;130997;0;1;;;;;;1;;901,81
29500;AGOTE - (TRADICIONAL) 585;LA UNION;2026-10-06;06-10-2026;30-09-2026;FAC-B-130997;Venta;LAGOPUELO S.A;1509749;10,00;12371,60;14969,64;PATRICIA BARRAG¡N;;0,00 %;075;Julieta Yegros;;PD ladysoft clasicos 20x30;1237,16;3446;;OTR;SIN SUB;853,21;IVAN MONTOYA;;$;2;SOFTYS ARGENTINA S.A;;;CON;;;;;;;PROTECTOR DIARIO;;;;;300;Bruno Centurion;AXUM;;;False;130997;0;1;;;;;;1;;1237,16
29500;AGOTE - (TRADICIONAL) 585;LA UNION;2026-10-06;06-10-2026;30-09-2026;FAC-B-130997;Venta;LAGOPUELO S.A;1501553;1,00;18915,57;22887,83;PATRICIA BARRAG¡N;;23,00 %;075;Julieta Yegros;;PH HIGIENOL DH PLUS FUSI”N 30M x4/10;18915,57;3446;;OTR;SIN SUB;15925,88;IVAN MONTOYA;;$;2;SOFTYS ARGENTINA S.A;;;CON;;;;;;;PAPEL HIG;;;;;300;Bruno Centurion;AXUM;;;False;130997;0;1;;;;;;1;;18915,57
29500;AGOTE - (TRADICIONAL) 585;LA UNION;2026-10-06;06-10-2026;30-09-2026;FAC-B-130997;Venta;LAGOPUELO S.A;1504079;5,00;10062,50;12175,62;PATRICIA BARRAG¡N;;10,00 %;075;Julieta Yegros;;PL BABYSEC ULTRASOFT XXG 8/15;2012,50;3446;;OTR;SIN SUB;1656,38;IVAN MONTOYA;;$;2;SOFTYS ARGENTINA S.A;;;CON;;;;;;;PAÒAL;;;;;300;Bruno Centurion;AXUM;;;False;130997;0;1;;;;;;1;;2012,50
29500;AGOTE - (TRADICIONAL) 585;LA UNION;2026-10-06;06-10-2026;30-09-2026;FAC-B-130997;Venta;LAGOPUELO S.A;1509764;1,00;0,00;0,00;PATRICIA BARRAG¡N;;100,00 %;075;Julieta Yegros;;TF NORMAL T/SUAVE EXT ALGODON 8x54;0,00;3446;;OTR;SIN SUB;541,05;IVAN MONTOYA;;$;2;SOFTYS ARGENTINA S.A;;;CON;;;;;;;TOALLA FEMENINA;;;;;300;Bruno Centurion;AXUM;;;False;130997;0;1;;;;;;1;;0,00
4669;CALLE 808 2227;Quilmes;2026-10-02;02-10-2026;30-09-2026;FAC-A-131003;Venta;LAGOPUELO S.A;1501627;2,00;25954,41;31404,83;LOISOTTO ANTONIA;;3,00 %;053;Verona Abati;;PH Higienol HS Balanced 20mx4/12;12977,20;3413;;2;ALMACEN;9488,34;HERNAN RIVERO;;$;2;SOFTYS ARGENTINA S.A;;;CON;;;;;;;PAPEL HIG;;;;;300;Bruno Centurion;AXUM;;;False;131003;0;1;;;;;;1;;12977,20
4669;CALLE 808 2227;Quilmes;2026-10-02;02-10-2026;30-09-2026;FAC-A-131003;Venta;LAGOPUELO S.A;1505688;2,00;30085,11;36402,99;LOISOTTO ANTONIA;;5,00 %;053;Verona Abati;;RC Sussex clasico mas blanco 50px3/10;15042,56;3413;;2;ALMACEN;11729,09;HERNAN RIVERO;;$;2;SOFTYS ARGENTINA S.A;;;CON;;;;;;;ROLLO DE COCINA;;;;;300;Bruno Centurion;AXUM;;;False;131003;0;1;;;;;;1;;15042,56
4669;CALLE 808 2227;Quilmes;2026-10-02;02-10-2026;30-09-2026;FAC-A-131003;Venta;LAGOPUELO S.A;1505434;12,00;16256,52;19670,39;LOISOTTO ANTONIA;;0,00 %;053;Verona Abati;;PO FACIALES ELITE BOX SOFT TOUCH x90;1354,71;3413;;2;ALMACEN;934,28;HERNAN RIVERO;;$;2;SOFTYS ARGENTINA S.A;;;CON;;;;;;;PAÒUELOS;;;;;300;Bruno Centurion;AXUM;;;False;131003;0;1;;;;;;1;;1354,71
103472;C Uruguayo 2149 0;LANUS;2026-10-01;01-10-2026;30-09-2026;FAC-A-131021;Venta;LAGOPUELO S.A;1509762;12,00;13384,92;16195,75;Yang Rongzhu;;0,00 %;29;Camila Navarrete;;TF NOCTUR EXT A 8x32;1115,41;3391;;3;AUTOSERVICIO;769,25;CLAUDIO GARCIA;;$;2;SOFTYS ARGENTINA S.A;;;EFV;;;;;;;TOALLA FEMENINA;;;;;25;JOHANA VIGIL;AXUM;;;False;131021;0;1;;;;;;1;;1115,41
103472;C Uruguayo 2149 0;LANUS;2026-10-01;01-10-2026;30-09-2026;FAC-A-131021;Venta;LAGOPUELO S.A;1509766;12,00;10173,36;12309,77;Yang Rongzhu;;0,00 %;29;Camila Navarrete;;TF T/SECA NORMAL MAS PROTECC 8x54;847,78;3391;;3;AUTOSERVICIO;584,68;CLAUDIO GARCIA;;$;2;SOFTYS ARGENTINA S.A;;;EFV;;;;;;;TOALLA FEMENINA;;;;;25;JOHANA VIGIL;AXUM;;;False;131021;0;1;;;;;;1;;847,78
103472;C Uruguayo 2149 0;LANUS;2026-10-01;01-10-2026;30-09-2026;FAC-A-131021;Venta;LAGOPUELO S.A;1509768;12,00;10821,72;13094,28;Yang Rongzhu;;0,00 %;29;Camila Navarrete;;TF NORMAL T/SUAVE PIEL SENSIBLE 8x54;901,81;3391;;3;AUTOSERVICIO;621,94;CLAUDIO GARCIA;;$;2;SOFTYS ARGENTINA S.A;;;EFV;;;;;;;TOALLA FEMENINA;;;;;25;JOHANA VIGIL;AXUM;;;False;131021;0;1;;;;;;1;;901,81
670;JUNCAL 2738;Lan˙s Oeste;2026-10-01;01-10-2026;30-09-2026;FAC-B-131029;Venta;LAGOPUELO S.A;1505688;1,00;15042,56;18201,49;Cristian Ariel locuratolo;;5,00 %;28;Nadia Diaz;;RC Sussex clasico mas blanco 50px3/10;15042,56;3391;;2;ALMACEN;11729,09;CLAUDIO GARCIA;;$;2;SOFTYS ARGENTINA S.A;;;EFV;;;;;;;ROLLO DE COCINA;;;;;25;JOHANA VIGIL;AXUM;;;False;131029;0;1;;;;;;1;;15042,56
22942;roman bravo 477;ALTE BROWN;2026-10-01;01-10-2026;30-09-2026;FAC-B-131042;Venta;LAGOPUELO S.A;1504079;6,00;13416,66;16234,16;CALLEJAS PAULINA;;0,00 %;056;Ezequiel Ferreira;;PL BABYSEC ULTRASOFT XXG 8/15;2236,11;3398;;2;ALMACEN;1656,38;NAHUEL MONTOYA;;$;2;SOFTYS ARGENTINA S.A;;;CON;;;;;;;PAÒAL;;;;;300;Bruno Centurion;AXUM;;;False;131042;0;1;;;;;;1;;2236,11
22942;roman bravo 477;ALTE BROWN;2026-10-01;01-10-2026;30-09-2026;FAC-B-131042;Venta;LAGOPUELO S.A;1505496;6,00;6906,36;8356,70;CALLEJAS PAULINA;;0,00 %;056;Ezequiel Ferreira;;PO ELITE ST CON ALGODON X10 PACK 6;1151,06;3398;;2;ALMACEN;793,84;NAHUEL MONTOYA;;$;2;SOFTYS ARGENTINA S.A;;;CON;;;;;;;PAÒUELOS;;;;;300;Bruno Centurion;AXUM;;;False;131042;0;1;;;;;;1;;1151,06
22942;roman bravo 477;ALTE BROWN;2026-10-01;01-10-2026;30-09-2026;FAC-B-131042;Venta;LAGOPUELO S.A;1509764;10,00;7845,20;9492,69;CALLEJAS PAULINA;;0,00 %;056;Ezequiel Ferreira;;TF NORMAL T/SUAVE EXT ALGODON 8x54;784,52;3398;;2;ALMACEN;541,05;NAHUEL MONTOYA;;$;2;SOFTYS ARGENTINA S.A;;;CON;;;;;;;TOALLA FEMENINA;;;;;300;Bruno Centurion;AXUM;;;False;131042;0;1;;;;;;1;;784,52
22942;roman bravo 477;ALTE BROWN;2026-10-01;01-10-2026;30-09-2026;FAC-B-131042;Venta;LAGOPUELO S.A;1509749;6,00;7422,96;8981,78;CALLEJAS PAULINA;;0,00 %;056;Ezequiel Ferreira;;PD ladysoft clasicos 20x30;1237,16;3398;;2;ALMACEN;853,21;NAHUEL MONTOYA;;$;2;SOFTYS ARGENTINA S.A;;;CON;;;;;;;PROTECTOR DIARIO;;;;;300;Bruno Centurion;AXUM;;;False;131042;0;1;;;;;;1;;1237,16
22942;roman bravo 477;ALTE BROWN;2026-10-01;01-10-2026;30-09-2026;FAC-B-131042;Venta;LAGOPUELO S.A;1501627;1,00;12977,20;15702,42;CALLEJAS PAULINA;;3,00 %;056;Ezequiel Ferreira;;PH Higienol HS Balanced 20mx4/12;12977,20;3398;;2;ALMACEN;9488,34;NAHUEL MONTOYA;;$;2;SOFTYS ARGENTINA S.A;;;CON;;;;;;;PAPEL HIG;;;;;300;Bruno Centurion;AXUM;;;False;131042;0;1;;;;;;1;;12977,20
22942;roman bravo 477;ALTE BROWN;2026-10-01;01-10-2026;30-09-2026;FAC-B-131042;Venta;LAGOPUELO S.A;1509764;1,00;0,00;0,00;CALLEJAS PAULINA;;100,00 %;056;Ezequiel Ferreira;;TF NORMAL T/SUAVE EXT ALGODON 8x54;0,00;3398;;2;ALMACEN;541,05;NAHUEL MONTOYA;;$;2;SOFTYS ARGENTINA S.A;;;CON;;;;;;;TOALLA FEMENINA;;;;;300;Bruno Centurion;AXUM;;;False;131042;0;1;;;;;;1;;0,00
23516;FRIAS 3453;JOSE MARMOL;2026-10-01;01-10-2026;30-09-2026;FAC-A-131049;Venta;LAGOPUELO S.A;1509756;20,00;44012,80;53255,49;LIN HAIYING;;0,00 %;063;Daniel Martin;;TF UD T/SECA LADYSOFT UL PRT 16u;2200,64;3399;;3;Autoservicio A;1517,68;SIMON OLIVERA;;$;2;SOFTYS ARGENTINA S.A;;;CON;;;;;;;TOALLA FEMENINA;;;;;300;Bruno Centurion;AXUM;;;False;131049;0;1;;;;;;1;;2200,64
23516;FRIAS 3453;JOSE MARMOL;2026-10-01;01-10-2026;30-09-2026;FAC-A-131049;Venta;LAGOPUELO S.A;1509758;15,00;15769,65;19081,28;LIN HAIYING;;0,00 %;063;Daniel Martin;;TF UD T/SUAVE EXT ALGO 8X40;1051,31;3399;;3;Autoservicio A;725,04;SIMON OLIVERA;;$;2;SOFTYS ARGENTINA S.A;;;CON;;;;;;;TOALLA FEMENINA;;;;;300;Bruno Centurion;AXUM;;;False;131049;0;1;;;;;;1;;1051,31
23728;PIZZURNO - (AUTOSERVICIOS) 2201;ESTEBAN ECHEVERR√¬çA;2026-10-01;01-10-2026;30-09-2026;FAC-A-131052;Venta;LAGOPUELO S.A;1501627;15,00;180610,56;218538,78;HUANG FANG;;10,00 %;064;Karina Fernandez;;PH Higienol HS Balanced 20mx4/12;12040,70;3395;;3;Autoservicio A;9488,34;LEONARDO SANTA CRUZ;;$;2;SOFTYS ARGENTINA S.A;;;CON;;;;;;;PAPEL HIG;;;;;300;Bruno Centurion;AXUM;;;False;131052;0;1;;;;;;1;;12040,70
23728;PIZZURNO - (AUTOSERVICIOS) 2201;ESTEBAN ECHEVERR√¬çA;2026-10-01;01-10-2026;30-09-2026;FAC-A-131052;Venta;LAGOPUELO S.A;1509765;27,00;41533,56;50255,61;HUANG FANG;;0,00 %;064;Karina Fernandez;;TF NORMALT/SUAVE EXT ALG 16x27;1538,28;3395;;3;Autoservicio A;1060,88;LEONARDO SANTA CRUZ;;$;2;SOFTYS ARGENTINA S.A;;;CON;;;;;;;TOALLA FEMENINA;;;;;300;Bruno Centurion;AXUM;;;False;131052;0;1;;;;;;1;;1538,28
2696;MATIENZO 513;QUILMES;2026-10-02;02-10-2026;30-09-2026;FAC-B-131053;Venta;LAGOPUELO S.A;1509762;32,00;35693,12;43188,68;SANTIAGO SACAN;;0,00 %;2;Fernanda Cejas;;TF NOCTUR EXT A 8x32;1115,41;3413;;2;ALMACEN;769,25;HERNAN RIVERO;;$;2;SOFTYS ARGENTINA S.A;;;CON;;;;;;;TOALLA FEMENINA;;;;;25;JOHANA VIGIL;AXUM;;;False;131053;0;1;;;;;;1;;1115,41
2696;MATIENZO 513;QUILMES;2026-10-02;02-10-2026;30-09-2026;FAC-B-131053;Venta;LAGOPUELO S.A;1509761;54,00;39730,50;48073,91;SANTIAGO SACAN;;0,00 %;2;Fernanda Cejas;;TF LADYSOFT COMFORT EXT ALGODON 8x54;735,75;3413;;2;ALMACEN;507,41;HERNAN RIVERO;;$;2;SOFTYS ARGENTINA S.A;;;CON;;;;;;;TOALLA FEMENINA;;;;;25;JOHANA VIGIL;AXUM;;;False;131053;0;1;;;;;;1;;735,75
27954;NESTOR DE LA PE√‚ÄòA ENTRE OLLEROS Y EL ROSEDAL - (TRADICIONAL) 226;LLAVALLOL;2026-10-02;02-10-2026;30-09-2026;FAC-A-131054;Venta;LAGOPUELO S.A;1503118;24,00;35247,84;42649,89;GUSTAVO ARIEL CARNERO;;0,00 %;074;Romina Baez;;TH BABYSEC ULTRA 50/24;1468,66;3410;;2;ALMACEN;1012,87;MARIANO SOSA;;$;2;SOFTYS ARGENTINA S.A;;;CON;;;;;;;;;;;;300;Bruno Centurion;AXUM;;;False;131054;0;1;;;;;;1;;1468,66
27954;NESTOR DE LA PE√‚ÄòA ENTRE OLLEROS Y EL ROSEDAL - (TRADICIONAL) 226;LLAVALLOL;2026-10-02;02-10-2026;30-09-2026;FAC-A-131054;Venta;LAGOPUELO S.A;1509749;6,00;7422,96;8981,78;GUSTAVO ARIEL CARNERO;;0,00 %;074;Romina Baez;;PD ladysoft clasicos 20x30;1237,16;3410;;2;ALMACEN;853,21;MARIANO SOSA;;$;2;SOFTYS ARGENTINA S.A;;;CON;;;;;;;PROTECTOR DIARIO;;;;;300;Bruno Centurion;AXUM;;;False;131054;0;1;;;;;;1;;1237,16
27954;NESTOR DE LA PE√‚ÄòA ENTRE OLLEROS Y EL ROSEDAL - (TRADICIONAL) 226;LLAVALLOL;2026-10-02;02-10-2026;30-09-2026;FAC-A-131054;Venta;LAGOPUELO S.A;1509750;6,00;19536,24;23638,85;GUSTAVO ARIEL CARNERO;;0,00 %;074;Romina Baez;;PD LADYSOFT CLASICOS 56x10;3256,04;3410;;2;ALMACEN;2245,55;MARIANO SOSA;;$;2;SOFTYS ARGENTINA S.A;;;CON;;;;;;;PROTECTOR DIARIO;;;;;300;Bruno Centurion;AXUM;;;False;131054;0;1;;;;;;1;;3256,04
27954;NESTOR DE LA PE√‚ÄòA ENTRE OLLEROS Y EL ROSEDAL - (TRADICIONAL) 226;LLAVALLOL;2026-10-02;02-10-2026;30-09-2026;FAC-A-131054;Venta;LAGOPUELO S.A;1509768;10,00;9018,10;10911,90;GUSTAVO ARIEL CARNERO;;0,00 %;074;Romina Baez;;TF NORMAL T/SUAVE PIEL SENSIBLE 8x54;901,81;3410;;2;ALMACEN;621,94;MARIANO SOSA;;$;2;SOFTYS ARGENTINA S.A;;;CON;;;;;;;TOALLA FEMENINA;;;;;300;Bruno Centurion;AXUM;;;False;131054;0;1;;;;;;1;;901,81
27954;NESTOR DE LA PE√‚ÄòA ENTRE OLLEROS Y EL ROSEDAL - (TRADICIONAL) 226;LLAVALLOL;2026-10-02;02-10-2026;30-09-2026;FAC-A-131054;Venta;LAGOPUELO S.A;1509762;10,00;11154,10;13496,46;GUSTAVO ARIEL CARNERO;;0,00 %;074;Romina Baez;;TF NOCTUR EXT A 8x32;1115,41;3410;;2;ALMACEN;769,25;MARIANO SOSA;;$;2;SOFTYS ARGENTINA S.A;;;CON;;;;;;;TOALLA FEMENINA;;;;;300;Bruno Centurion;AXUM;;;False;131054;0;1;;;;;;1;;1115,41
27954;NESTOR DE LA PE√‚ÄòA ENTRE OLLEROS Y EL ROSEDAL - (TRADICIONAL) 226;LLAVALLOL;2026-10-02;02-10-2026;30-09-2026;FAC-A-131054;Venta;LAGOPUELO S.A;1501627;1,00;12977,20;15702,42;GUSTAVO ARIEL CARNERO;;3,00 %;074;Romina Baez;;PH Higienol HS Balanced 20mx4/12;12977,20;3410;;2;ALMACEN;9488,34;MARIANO SOSA;;$;2;SOFTYS ARGENTINA S.A;;;CON;;;;;;;PAPEL HIG;;;;;300;Bruno Centurion;AXUM;;;False;131054;0;1;;;;;;1;;12977,20
5798;CONSTANZO - (Autoservicio) 2399;MONTE GRANDE;2026-10-05;05-10-2026;30-09-2026;FAC-A-131057;Venta;LAGOPUELO S.A;1503131;10,00;20628,80;24960,85;SHENG LIN;;0,00 %;064;Karina Fernandez;;TH BABYSEC PREMIUM X45/10;2062,88;3429;;3;Autoservicio A;1422,68;SIMON OLIVERA;;$;2;SOFTYS ARGENTINA S.A;;;CON;;;;;;;TOALLA HUMEDA;;;;;300;Bruno Centurion;AXUM;;;False;131057;0;1;;;;;;1;;2062,88
5798;CONSTANZO - (Autoservicio) 2399;MONTE GRANDE;2026-10-05;05-10-2026;30-09-2026;FAC-A-131057;Venta;LAGOPUELO S.A;1503118;24,00;35247,84;42649,89;SHENG LIN;;0,00 %;064;Karina Fernandez;;TH BABYSEC ULTRA 50/24;1468,66;3429;;3;Autoservicio A;1012,87;SIMON OLIVERA;;$;2;SOFTYS ARGENTINA S.A;;;CON;;;;;;;;;;;;300;Bruno Centurion;AXUM;;;False;131057;0;1;;;;;;1;;1468,66
5798;CONSTANZO - (Autoservicio) 2399;MONTE GRANDE;2026-10-05;05-10-2026;30-09-2026;FAC-A-131057;Venta;LAGOPUELO S.A;1509765;27,00;41533,56;50255,61;SHENG LIN;;0,00 %;064;Karina Fernandez;;TF NORMALT/SUAVE EXT ALG 16x27;1538,28;3429;;3;Autoservicio A;1060,88;SIMON OLIVERA;;$;2;SOFTYS ARGENTINA S.A;;;CON;;;;;;;TOALLA FEMENINA;;;;;300;Bruno Centurion;AXUM;;;False;131057;0;1;;;;;;1;;1538,28
29518;MOLDES E/DE LA PE√‚ÄòA Y DARDO ROCHA - (AUTOSERVICIOS) 683;LLAVALLOL;2026-10-02;02-10-2026;30-09-2026;FAC-B-131068;Venta;ELEBES;1501553;1,00;18915,57;22887,83;ISABEL PITINOS;;23,00 %;074;Romina Baez;;PH HIGIENOL DH PLUS FUSI”N 30M x4/10;18915,57;3410;;2;ALMACEN;15925,88;MARIANO SOSA;;$;2;SOFTYS ARGENTINA S.A;;;CON;;;;;;;PAPEL HIG;;;;;300;Bruno Centurion;AXUM;;;False;131068;0;1;;;;;;1;;18915,57
29518;MOLDES E/DE LA PE√‚ÄòA Y DARDO ROCHA - (AUTOSERVICIOS) 683;LLAVALLOL;2026-10-02;02-10-2026;30-09-2026;FAC-B-131068;Venta;ELEBES;1505688;1,00;15042,56;18201,49;ISABEL PITINOS;;5,00 %;074;Romina Baez;;RC Sussex clasico mas blanco 50px3/10;15042,56;3410;;2;ALMACEN;11729,09;MARIANO SOSA;;$;2;SOFTYS ARGENTINA S.A;;;CON;;;;;;;ROLLO DE COCINA;;;;;300;Bruno Centurion;AXUM;;;False;131068;0;1;;;;;;1;;15042,56
23982;MALVINAS - (TRADICIONAL) 2540;MONTE GRANDE;2026-10-05;05-10-2026;30-09-2026;FAC-B-131070;Venta;LAGOPUELO S.A;1501553;2,00;37831,13;45775,67;RICARDO HERRERA;;23,00 %;064;Karina Fernandez;;PH HIGIENOL DH PLUS FUSI”N 30M x4/10;18915,57;3429;;2;ALMACEN;15925,88;SIMON OLIVERA;;$;2;SOFTYS ARGENTINA S.A;;;CON;;;;;;;PAPEL HIG;;;;;300;Bruno Centurion;AXUM;;;False;131070;0;1;;;;;;1;;18915,57
28027;9 DE JULIO - (TRADICIONAL) 1657;LLAVALLOL;2026-10-02;02-10-2026;30-09-2026;FAC-A-131071;Venta;LAGOPUELO S.A;1505434;12,00;16256,52;19670,39;MIGUEL ANGEL CASTA—O;;0,00 %;074;Romina Baez;;PO FACIALES ELITE BOX SOFT TOUCH x90;1354,71;3410;;2;ALMACEN;934,28;MARIANO SOSA;;$;2;SOFTYS ARGENTINA S.A;;;CON;;;;;;;PAÒUELOS;;;;;300;Bruno Centurion;AXUM;;;False;131071;0;1;;;;;;1;;1354,71
28027;9 DE JULIO - (TRADICIONAL) 1657;LLAVALLOL;2026-10-02;02-10-2026;30-09-2026;FAC-A-131071;Venta;LAGOPUELO S.A;1505688;1,00;15042,56;18201,49;MIGUEL ANGEL CASTA—O;;5,00 %;074;Romina Baez;;RC Sussex clasico mas blanco 50px3/10;15042,56;3410;;2;ALMACEN;11729,09;MARIANO SOSA;;$;2;SOFTYS ARGENTINA S.A;;;CON;;;;;;;ROLLO DE COCINA;;;;;300;Bruno Centurion;AXUM;;;False;131071;0;1;;;;;;1;;15042,56
28027;9 DE JULIO - (TRADICIONAL) 1657;LLAVALLOL;2026-10-02;02-10-2026;30-09-2026;FAC-A-131071;Venta;LAGOPUELO S.A;1505708;1,00;20733,71;25087,79;MIGUEL ANGEL CASTA—O;;0,00 %;074;Romina Baez;;RC SUSEEX CLS MEGARROLO ALTO 200X1;20733,71;3410;;2;ALMACEN;15358,30;MARIANO SOSA;;$;2;SOFTYS ARGENTINA S.A;;;CON;;;;;;;ROLLO DE COCINA;;;;;300;Bruno Centurion;AXUM;;;False;131071;0;1;;;;;;1;;20733,71
41;12 DE OCTUBRE 4778;Quilmes;2026-10-02;02-10-2026;30-09-2026;FAC-A-131074;Venta;LAGOPUELO S.A;1501618;1,00;17868,50;21620,89;Maria Elsa ayala MartÌnez;;0,00 %;053;Verona Abati;;PH HIG  FRESH ALOE 30M X4/12;17868,50;3413;;2;ALMACEN;12323,10;HERNAN RIVERO;;$;2;SOFTYS ARGENTINA S.A;;;EFV;;;;;;;PAPEL HIG;;;;;300;Bruno Centurion;AXUM;;;False;131074;0;1;;;;;;1;;17868,50
41;12 DE OCTUBRE 4778;Quilmes;2026-10-02;02-10-2026;30-09-2026;FAC-A-131074;Venta;LAGOPUELO S.A;1501553;1,00;18915,57;22887,83;Maria Elsa ayala MartÌnez;;23,00 %;053;Verona Abati;;PH HIGIENOL DH PLUS FUSI”N 30M x4/10;18915,57;3413;;2;ALMACEN;15925,88;HERNAN RIVERO;;$;2;SOFTYS ARGENTINA S.A;;;EFV;;;;;;;PAPEL HIG;;;;;300;Bruno Centurion;AXUM;;;False;131074;0;1;;;;;;1;;18915,57
41;12 DE OCTUBRE 4778;Quilmes;2026-10-02;02-10-2026;30-09-2026;FAC-A-131074;Venta;LAGOPUELO S.A;1501627;1,00;12977,20;15702,42;Maria Elsa ayala MartÌnez;;3,00 %;053;Verona Abati;;PH Higienol HS Balanced 20mx4/12;12977,20;3413;;2;ALMACEN;9488,34;HERNAN RIVERO;;$;2;SOFTYS ARGENTINA S.A;;;EFV;;;;;;;PAPEL HIG;;;;;300;Bruno Centurion;AXUM;;;False;131074;0;1;;;;;;1;;12977,20
41;12 DE OCTUBRE 4778;Quilmes;2026-10-02;02-10-2026;30-09-2026;FAC-A-131074;Venta;LAGOPUELO S.A;1502607;1,00;25677,44;31069,70;Maria Elsa ayala MartÌnez;;0,00 %;053;Verona Abati;;PH ELITE ULTRA DH SOFT T C/ALG 30Mx4;25677,44;3413;;2;ALMACEN;17177,84;HERNAN RIVERO;;$;2;SOFTYS ARGENTINA S.A;;;EFV;;;;;;;PAPEL HIG;;;;;300;Bruno Centurion;AXUM;;;False;131074;0;1;;;;;;1;;25677,44
41;12 DE OCTUBRE 4778;Quilmes;2026-10-02;02-10-2026;30-09-2026;FAC-A-131074;Venta;LAGOPUELO S.A;1505688;1,00;15042,56;18201,49;Maria Elsa ayala MartÌnez;;5,00 %;053;Verona Abati;;RC Sussex clasico mas blanco 50px3/10;15042,56;3413;;2;ALMACEN;11729,09;HERNAN RIVERO;;$;2;SOFTYS ARGENTINA S.A;;;EFV;;;;;;;ROLLO DE COCINA;;;;;300;Bruno Centurion;AXUM;;;False;131074;0;1;;;;;;1;;15042,56
106137;Salta 669 0;LANUS;2026-10-02;02-10-2026;30-09-2026;FAC-A-131080;Venta;ELEBES;1501553;15,00;272678,94;329941,51;Sol Radiante Srl;;26,00 %;26;Sabrina Pereyra;;PH HIGIENOL DH PLUS FUSI”N 30M x4/10;18178,60;3408;;georgalos-7;Almacen;15925,88;CLAUDIO GARCIA;;$;2;SOFTYS ARGENTINA S.A;;;EFV;;;;;;;PAPEL HIG;;;;;25;JOHANA VIGIL;AXUM;;;False;131080;0;1;;;;;;1;;18178,60
23137;A ALSINA 4276;CLAYPOLE;2026-10-01;01-10-2026;30-09-2026;FAC-A-131088;Venta;LAGOPUELO S.A;1509764;12,00;9414,24;11391,23;YANG BIN;;0,00 %;061;Nailah Guzman;;TF NORMAL T/SUAVE EXT ALGODON 8x54;784,52;3398;;3;Autoservicio B;541,05;NAHUEL MONTOYA;;$;2;SOFTYS ARGENTINA S.A;;;CON;;;;;;;TOALLA FEMENINA;;;;;300;Bruno Centurion;AXUM;;;False;131088;0;1;;;;;;1;;784,52
23137;A ALSINA 4276;CLAYPOLE;2026-10-01;01-10-2026;30-09-2026;FAC-A-131088;Venta;LAGOPUELO S.A;1509759;6,00;12057,54;14589,62;YANG BIN;;0,00 %;061;Nailah Guzman;;TF UD T/SUAVE EXT ALG 16x20;2009,59;3398;;3;Autoservicio B;1385,93;NAHUEL MONTOYA;;$;2;SOFTYS ARGENTINA S.A;;;CON;;;;;;;TOALLA FEMENINA;;;;;300;Bruno Centurion;AXUM;;;False;131088;0;1;;;;;;1;;2009,59
23137;A ALSINA 4276;CLAYPOLE;2026-10-01;01-10-2026;30-09-2026;FAC-A-131088;Venta;LAGOPUELO S.A;1505434;9,00;12192,39;14752,79;YANG BIN;;0,00 %;061;Nailah Guzman;;PO FACIALES ELITE BOX SOFT TOUCH x90;1354,71;3398;;3;Autoservicio B;934,28;NAHUEL MONTOYA;;$;2;SOFTYS ARGENTINA S.A;;;CON;;;;;;;PAÒUELOS;;;;;300;Bruno Centurion;AXUM;;;False;131088;0;1;;;;;;1;;1354,71
23137;A ALSINA 4276;CLAYPOLE;2026-10-01;01-10-2026;30-09-2026;FAC-A-131088;Venta;LAGOPUELO S.A;1509764;1,00;0,00;0,00;YANG BIN;;100,00 %;061;Nailah Guzman;;TF NORMAL T/SUAVE EXT ALGODON 8x54;0,00;3398;;3;Autoservicio B;541,05;NAHUEL MONTOYA;;$;2;SOFTYS ARGENTINA S.A;;;CON;;;;;;;TOALLA FEMENINA;;;;;300;Bruno Centurion;AXUM;;;False;131088;0;1;;;;;;1;;0,00
100835;Andrade 482 0;REMEDIOS DE ESCALADA;2026-10-01;01-10-2026;30-09-2026;FAC-A-131091;Venta;LAGOPUELO S.A;1509768;54,00;48697,74;58924,27;Super Moli S.r.l.;;0,00 %;24;Cecilia Gauchez;;TF NORMAL T/SUAVE PIEL SENSIBLE 8x54;901,81;3391;;3;AUTOSERVICIO;621,94;CLAUDIO GARCIA;;$;2;SOFTYS ARGENTINA S.A;;;EFV;;;;;;;TOALLA FEMENINA;;;;;25;JOHANA VIGIL;AXUM;;;False;131091;0;1;;;;;;1;;901,81
27486;La Huella - (AUTOSERVICIOS) 474;LAVALLOL;2026-10-02;02-10-2026;30-09-2026;FAC-A-131094;Venta;LAGOPUELO S.A;1503118;24,00;35247,84;42649,89;Yan Xiumin;;0,00 %;074;Romina Baez;;TH BABYSEC ULTRA 50/24;1468,66;3410;;3;Autoservicio A;1012,87;MARIANO SOSA;;$;2;SOFTYS ARGENTINA S.A;;;CON;;;;;;;;;;;;300;Bruno Centurion;AXUM;;;False;131094;0;1;;;;;;1;;1468,66
3650;VELEZ SARSFIELD 445;QUILMES;2026-10-02;02-10-2026;30-09-2026;FAC-A-131099;Venta;LAGOPUELO S.A;1509762;15,00;16731,15;20244,69;DONG ZHAZHA;;0,00 %;054;Leonel Caruso;;TF NOCTUR EXT A 8x32;1115,41;3413;;3;AUTOSERVICIO;769,25;HERNAN RIVERO;;$;2;SOFTYS ARGENTINA S.A;;;CON;;;;;;;TOALLA FEMENINA;;;;;300;Bruno Centurion;AXUM;;;False;131099;0;1;;;;;;1;;1115,41
25068;Falucho - (TRADICIONAL) 4466;RAFAEL CALZADA;2026-10-01;01-10-2026;30-09-2026;FAC-A-131106;Venta;LAGOPUELO S.A;1504279;12,00;118696,10;143622,29;MAXIMO BERNABE ZAPATA;;10,00 %;056;Ezequiel Ferreira;;PL BABYSEC PREM SOFT Mx48/4;9891,34;3398;;3;Autoservicio A;8141,02;NAHUEL MONTOYA;;$;2;SOFTYS ARGENTINA S.A;;;CON;;;;;;;PAÒAL;;;;;300;Bruno Centurion;AXUM;;;False;131106;0;1;;;;;;1;;9891,34
25068;Falucho - (TRADICIONAL) 4466;RAFAEL CALZADA;2026-10-01;01-10-2026;30-09-2026;FAC-A-131106;Venta;LAGOPUELO S.A;1504282;1,00;9891,34;11968,52;MAXIMO BERNABE ZAPATA;;10,00 %;056;Ezequiel Ferreira;;PL BABYSEC PREMIUM SOFT Gx 40/4;9891,34;3398;;3;Autoservicio A;8141,02;NAHUEL MONTOYA;;$;2;SOFTYS ARGENTINA S.A;;;CON;;;;;;;PAÒAL;;;;;300;Bruno Centurion;AXUM;;;False;131106;0;1;;;;;;1;;9891,34
25068;Falucho - (TRADICIONAL) 4466;RAFAEL CALZADA;2026-10-01;01-10-2026;30-09-2026;FAC-A-131106;Venta;LAGOPUELO S.A;1504290;30,00;77185,17;93394,06;MAXIMO BERNABE ZAPATA;;10,00 %;056;Ezequiel Ferreira;;PL BABYSEC PREMIUM SOFT XXG X8/15;2572,84;3398;;3;Autoservicio A;2117,56;NAHUEL MONTOYA;;$;2;SOFTYS ARGENTINA S.A;;;CON;;;;;;;PAÒAL;;;;;300;Bruno Centurion;AXUM;;;False;131106;0;1;;;;;;1;;2572,84
25068;Falucho - (TRADICIONAL) 4466;RAFAEL CALZADA;2026-10-01;01-10-2026;30-09-2026;FAC-A-131106;Venta;LAGOPUELO S.A;1503131;40,00;82515,20;99843,39;MAXIMO BERNABE ZAPATA;;0,00 %;056;Ezequiel Ferreira;;TH BABYSEC PREMIUM X45/10;2062,88;3398;;3;Autoservicio A;1422,68;NAHUEL MONTOYA;;$;2;SOFTYS ARGENTINA S.A;;;CON;;;;;;;TOALLA HUMEDA;;;;;300;Bruno Centurion;AXUM;;;False;131106;0;1;;;;;;1;;2062,88
107375;Heroes De Malvinas 1944 0;Lanus;2026-10-01;01-10-2026;30-09-2026;FAC-A-131111;Venta;LAGOPUELO S.A;1509758;6,00;6307,86;7632,51;Lasetz Matias Nazareno;;0,00 %;29;Camila Navarrete;;TF UD T/SUAVE EXT ALGO 8X40;1051,31;3391;;georgalos-7;Almacen;725,04;CLAUDIO GARCIA;;$;2;SOFTYS ARGENTINA S.A;;;EFV;;;;;;;TOALLA FEMENINA;;;;;25;JOHANA VIGIL;AXUM;;;False;131111;0;1;;;;;;1;;1051,31
6297;12 DE OCTUBRE 1445;Varela;2026-10-01;01-10-2026;30-09-2026;FAC-A-131129;Venta;LAGOPUELO S.A;1503131;20,00;41257,60;49921,70;CAI YUTING;;0,00 %;6;Nieves Alegre;;TH BABYSEC PREMIUM X45/10;2062,88;3392;;3;AUTOSERVICIO;1422,68;WALTER JANIUK;;$;2;SOFTYS ARGENTINA S.A;;;CON;;;;;;;TOALLA HUMEDA;;;;;25;JOHANA VIGIL;AXUM;;;False;131129;0;1;;;;;;1;;2062,88
6297;12 DE OCTUBRE 1445;Varela;2026-10-01;01-10-2026;30-09-2026;FAC-A-131129;Venta;LAGOPUELO S.A;1503118;24,00;35247,84;42649,89;CAI YUTING;;0,00 %;6;Nieves Alegre;;TH BABYSEC ULTRA 50/24;1468,66;3392;;3;AUTOSERVICIO;1012,87;WALTER JANIUK;;$;2;SOFTYS ARGENTINA S.A;;;CON;;;;;;;;;;;;25;JOHANA VIGIL;AXUM;;;False;131129;0;1;;;;;;1;;1468,66
6297;12 DE OCTUBRE 1445;Varela;2026-10-01;01-10-2026;30-09-2026;FAC-A-131129;Venta;LAGOPUELO S.A;1509761;54,00;39730,50;48073,91;CAI YUTING;;0,00 %;6;Nieves Alegre;;TF LADYSOFT COMFORT EXT ALGODON 8x54;735,75;3392;;3;AUTOSERVICIO;507,41;WALTER JANIUK;;$;2;SOFTYS ARGENTINA S.A;;;CON;;;;;;;TOALLA FEMENINA;;;;;25;JOHANA VIGIL;AXUM;;;False;131129;0;1;;;;;;1;;735,75
6297;12 DE OCTUBRE 1445;Varela;2026-10-01;01-10-2026;30-09-2026;FAC-A-131129;Venta;LAGOPUELO S.A;1509755;40,00;45242,00;54742,82;CAI YUTING;;0,00 %;6;Nieves Alegre;;TF UD T/SECA LADYSOFT ULTRA PROTECT 8;1131,05;3392;;3;AUTOSERVICIO;780,04;WALTER JANIUK;;$;2;SOFTYS ARGENTINA S.A;;;CON;;;;;;;TOALLA FEMENINA;;;;;25;JOHANA VIGIL;AXUM;;;False;131129;0;1;;;;;;1;;1131,05
6297;12 DE OCTUBRE 1445;Varela;2026-10-01;01-10-2026;30-09-2026;FAC-A-131129;Venta;LAGOPUELO S.A;1509756;20,00;44012,80;53255,49;CAI YUTING;;0,00 %;6;Nieves Alegre;;TF UD T/SECA LADYSOFT UL PRT 16u;2200,64;3392;;3;AUTOSERVICIO;1517,68;WALTER JANIUK;;$;2;SOFTYS ARGENTINA S.A;;;CON;;;;;;;TOALLA FEMENINA;;;;;25;JOHANA VIGIL;AXUM;;;False;131129;0;1;;;;;;1;;2200,64
913;LINIERS 2147;Lavallol;2026-10-02;02-10-2026;30-09-2026;FAC-A-131134;Venta;LAGOPUELO S.A;1503118;12,00;17623,92;21324,94;Yan huiling;;0,00 %;074;Romina Baez;;TH BABYSEC ULTRA 50/24;1468,66;3410;;3;AUTOSERVICIO;1012,87;MARIANO SOSA;;$;2;SOFTYS ARGENTINA S.A;;;CON;;;;;;;;;;;;300;Bruno Centurion;AXUM;;;False;131134;0;1;;;;;;1;;1468,66
913;LINIERS 2147;Lavallol;2026-10-02;02-10-2026;30-09-2026;FAC-A-131134;Venta;LAGOPUELO S.A;1503131;12,00;24754,56;29953,02;Yan huiling;;0,00 %;074;Romina Baez;;TH BABYSEC PREMIUM X45/10;2062,88;3410;;3;AUTOSERVICIO;1422,68;MARIANO SOSA;;$;2;SOFTYS ARGENTINA S.A;;;CON;;;;;;;TOALLA HUMEDA;;;;;300;Bruno Centurion;AXUM;;;False;131134;0;1;;;;;;1;;2062,88
6034;Calle 131 N 5261;Berazategui;2026-10-01;01-10-2026;30-09-2026;FAC-A-131136;Venta;LAGOPUELO S.A;1501618;5,00;89342,50;108104,43;Staniscia Claudio Roque;;0,00 %;052;Nicole Sosa;;PH HIG  FRESH ALOE 30M X4/12;17868,50;3394;;3;AUTOSERVICIO;12323,10;IVAN MONTOYA;;$;2;SOFTYS ARGENTINA S.A;;;CON;;;;;;;PAPEL HIG;;;;;300;Bruno Centurion;AXUM;;;False;131136;0;1;;;;;;1;;17868,50
6034;Calle 131 N 5261;Berazategui;2026-10-01;01-10-2026;30-09-2026;FAC-A-131136;Venta;LAGOPUELO S.A;1501590;5,00;98760,90;119500,69;Staniscia Claudio Roque;;0,00 %;052;Nicole Sosa;;PH HIGIENOL HS  MAX 80X6;19752,18;3394;;3;AUTOSERVICIO;13622,19;IVAN MONTOYA;;$;2;SOFTYS ARGENTINA S.A;;;CON;;;;;;;PAPEL HIG;;;;;300;Bruno Centurion;AXUM;;;False;131136;0;1;;;;;;1;;19752,18
6034;Calle 131 N 5261;Berazategui;2026-10-01;01-10-2026;30-09-2026;FAC-A-131136;Venta;LAGOPUELO S.A;1505688;5,00;75212,78;91007,47;Staniscia Claudio Roque;;5,00 %;052;Nicole Sosa;;RC Sussex clasico mas blanco 50px3/10;15042,56;3394;;3;AUTOSERVICIO;11729,09;IVAN MONTOYA;;$;2;SOFTYS ARGENTINA S.A;;;CON;;;;;;;ROLLO DE COCINA;;;;;300;Bruno Centurion;AXUM;;;False;131136;0;1;;;;;;1;;15042,56
6034;Calle 131 N 5261;Berazategui;2026-10-01;01-10-2026;30-09-2026;FAC-A-131136;Venta;LAGOPUELO S.A;1501553;5,00;94577,83;114439,17;Staniscia Claudio Roque;;23,00 %;052;Nicole Sosa;;PH HIGIENOL DH PLUS FUSI”N 30M x4/10;18915,57;3394;;3;AUTOSERVICIO;15925,88;IVAN MONTOYA;;$;2;SOFTYS ARGENTINA S.A;;;CON;;;;;;;PAPEL HIG;;;;;300;Bruno Centurion;AXUM;;;False;131136;0;1;;;;;;1;;18915,57
22957;FALUCHO 5416;Almirante Brown;2026-10-01;01-10-2026;30-09-2026;FAC-A-131141;Venta;LAGOPUELO S.A;1509764;12,00;9414,24;11391,23;CORRADO DANIEL;;0,00 %;056;Ezequiel Ferreira;;TF NORMAL T/SUAVE EXT ALGODON 8x54;784,52;3398;;2;ALMACEN;541,05;NAHUEL MONTOYA;;$;2;SOFTYS ARGENTINA S.A;;;CON;;;;;;;TOALLA FEMENINA;;;;;300;Bruno Centurion;AXUM;;;False;131141;0;1;;;;;;1;;784,52
22957;FALUCHO 5416;Almirante Brown;2026-10-01;01-10-2026;30-09-2026;FAC-A-131141;Venta;LAGOPUELO S.A;1509761;12,00;8829,00;10683,09;CORRADO DANIEL;;0,00 %;056;Ezequiel Ferreira;;TF LADYSOFT COMFORT EXT ALGODON 8x54;735,75;3398;;2;ALMACEN;507,41;NAHUEL MONTOYA;;$;2;SOFTYS ARGENTINA S.A;;;CON;;;;;;;TOALLA FEMENINA;;;;;300;Bruno Centurion;AXUM;;;False;131141;0;1;;;;;;1;;735,75
22957;FALUCHO 5416;Almirante Brown;2026-10-01;01-10-2026;30-09-2026;FAC-A-131141;Venta;LAGOPUELO S.A;1509764;1,00;0,00;0,00;CORRADO DANIEL;;100,00 %;056;Ezequiel Ferreira;;TF NORMAL T/SUAVE EXT ALGODON 8x54;0,00;3398;;2;ALMACEN;541,05;NAHUEL MONTOYA;;$;2;SOFTYS ARGENTINA S.A;;;CON;;;;;;;TOALLA FEMENINA;;;;;300;Bruno Centurion;AXUM;;;False;131141;0;1;;;;;;1;;0,00
23829;CALLE 7 - (TRADICIONAL) 1745;BERAZATEGUI;2026-10-05;05-10-2026;30-09-2026;FAC-A-131152;Venta;ELEBES;1501553;1,00;18915,57;22887,83;FEMENINA ANDREA;;23,00 %;5;Eliana Huber;;PH HIGIENOL DH PLUS FUSI”N 30M x4/10;18915,57;3430;;5;KIOSCO;15925,88;LEONARDO SANTA CRUZ;;$;2;SOFTYS ARGENTINA S.A;;;CON;;;;;;;PAPEL HIG;;;;;25;JOHANA VIGIL;AXUM;;;False;131152;0;1;;;;;;1;;18915,57
103282;9 De Julio 1812 0;LANUS;2026-10-01;01-10-2026;30-09-2026;FAC-A-131155;Venta;LAGOPUELO S.A;1509758;15,00;15769,65;19081,28;Chen Liming;;0,00 %;27;Samanta Dogliotti;;TF UD T/SUAVE EXT ALGO 8X40;1051,31;3391;;3;AUTOSERVICIO;725,04;CLAUDIO GARCIA;;$;2;SOFTYS ARGENTINA S.A;;;EFV;;;;;;;TOALLA FEMENINA;;;;;25;JOHANA VIGIL;AXUM;;;False;131155;0;1;;;;;;1;;1051,31
103282;9 De Julio 1812 0;LANUS;2026-10-01;01-10-2026;30-09-2026;FAC-A-131155;Venta;LAGOPUELO S.A;1509765;8,00;12306,24;14890,55;Chen Liming;;0,00 %;27;Samanta Dogliotti;;TF NORMALT/SUAVE EXT ALG 16x27;1538,28;3391;;3;AUTOSERVICIO;1060,88;CLAUDIO GARCIA;;$;2;SOFTYS ARGENTINA S.A;;;EFV;;;;;;;TOALLA FEMENINA;;;;;25;JOHANA VIGIL;AXUM;;;False;131155;0;1;;;;;;1;;1538,28
103282;9 De Julio 1812 0;LANUS;2026-10-01;01-10-2026;30-09-2026;FAC-A-131155;Venta;LAGOPUELO S.A;1503118;24,00;35247,84;42649,89;Chen Liming;;0,00 %;27;Samanta Dogliotti;;TH BABYSEC ULTRA 50/24;1468,66;3391;;3;AUTOSERVICIO;1012,87;CLAUDIO GARCIA;;$;2;SOFTYS ARGENTINA S.A;;;EFV;;;;;;;;;;;;25;JOHANA VIGIL;AXUM;;;False;131155;0;1;;;;;;1;;1468,66
5309;PABLO PODESTA 1629;FLORENCIO VARELA;2026-10-01;01-10-2026;30-09-2026;FAC-A-131178;Venta;LAGOPUELO S.A;1501553;60,00;1017018,74;1230592,67;YANG JIANXING;;31,00 %;051;Ezequiel Valente;;PH HIGIENOL DH PLUS FUSI”N 30M x4/10;16950,31;3397;;3;AUTOSERVICIO;15925,88;JUAN ESCOTO;;$;2;SOFTYS ARGENTINA S.A;;;CON;;;;;;;PAPEL HIG;;;;;300;Bruno Centurion;AXUM;;;False;131178;0;1;;;;;;1;;16950,31
6432;MANUEL DE FALLA 1570;FLORENCIO VARELA;2026-10-01;01-10-2026;30-09-2026;FAC-A-131179;Venta;LAGOPUELO S.A;1501553;60,00;1017018,74;1230592,67;YAN SHIWEN;;31,00 %;051;Ezequiel Valente;;PH HIGIENOL DH PLUS FUSI”N 30M x4/10;16950,31;3397;;3;AUTOSERVICIO;15925,88;JUAN ESCOTO;;$;2;SOFTYS ARGENTINA S.A;;;CON;;;;;;;PAPEL HIG;;;;;300;Bruno Centurion;AXUM;;;False;131179;0;1;;;;;;1;;16950,31
23130;Adolfo Alsina - (AUTOSERVICIOS) 3751;RAFAEL CALZADA;2026-10-01;01-10-2026;30-09-2026;FAC-A-131182;Venta;LAGOPUELO S.A;1509756;20,00;44012,80;53255,49;Weng meiying;;0,00 %;061;Nailah Guzman;;TF UD T/SECA LADYSOFT UL PRT 16u;2200,64;3398;;3;Autoservicio A;1517,68;NAHUEL MONTOYA;;$;2;SOFTYS ARGENTINA S.A;;;CON;;;;;;;TOALLA FEMENINA;;;;;300;Bruno Centurion;AXUM;;;False;131182;0;1;;;;;;1;;2200,64
22843;EVA PERON - (TRADITIONAL TRADE) 4060;FLORENCIO VARELA;2026-10-01;01-10-2026;30-09-2026;FAC-A-131183;Venta;LAGOPUELO S.A;1501553;60,00;1017018,74;1230592,67;WU JINLAN;;31,00 %;6;Nieves Alegre;;PH HIGIENOL DH PLUS FUSI”N 30M x4/10;16950,31;3392;;3;Autoservicio A;15925,88;WALTER JANIUK;;$;2;SOFTYS ARGENTINA S.A;;;CON;;;;;;;PAPEL HIG;;;;;25;JOHANA VIGIL;AXUM;;;False;131183;0;1;;;;;;1;;16950,31
22958;El Picaflor - (AUTOSERVICIOS) 3150;ALTE BROWN;2026-10-01;01-10-2026;30-09-2026;FAC-A-131185;Venta;LAGOPUELO S.A;1504079;15,00;30187,49;36526,86;WENG YAN HONG;;10,00 %;056;Ezequiel Ferreira;;PL BABYSEC ULTRASOFT XXG 8/15;2012,50;3398;;3;Autoservicio A;1656,38;NAHUEL MONTOYA;;$;2;SOFTYS ARGENTINA S.A;;;CON;;;;;;;PAÒAL;;;;;300;Bruno Centurion;AXUM;;;False;131185;0;1;;;;;;1;;2012,50
22958;El Picaflor - (AUTOSERVICIOS) 3150;ALTE BROWN;2026-10-01;01-10-2026;30-09-2026;FAC-A-131185;Venta;LAGOPUELO S.A;1503131;10,00;20628,80;24960,85;WENG YAN HONG;;0,00 %;056;Ezequiel Ferreira;;TH BABYSEC PREMIUM X45/10;2062,88;3398;;3;Autoservicio A;1422,68;NAHUEL MONTOYA;;$;2;SOFTYS ARGENTINA S.A;;;CON;;;;;;;TOALLA HUMEDA;;;;;300;Bruno Centurion;AXUM;;;False;131185;0;1;;;;;;1;;2062,88
22958;El Picaflor - (AUTOSERVICIOS) 3150;ALTE BROWN;2026-10-01;01-10-2026;30-09-2026;FAC-A-131185;Venta;LAGOPUELO S.A;1509765;27,00;41533,56;50255,61;WENG YAN HONG;;0,00 %;056;Ezequiel Ferreira;;TF NORMALT/SUAVE EXT ALG 16x27;1538,28;3398;;3;Autoservicio A;1060,88;NAHUEL MONTOYA;;$;2;SOFTYS ARGENTINA S.A;;;CON;;;;;;;TOALLA FEMENINA;;;;;300;Bruno Centurion;AXUM;;;False;131185;0;1;;;;;;1;;1538,28
22958;El Picaflor - (AUTOSERVICIOS) 3150;ALTE BROWN;2026-10-01;01-10-2026;30-09-2026;FAC-A-131185;Venta;LAGOPUELO S.A;1509757;15,00;47160,00;57063,60;WENG YAN HONG;;0,00 %;056;Ezequiel Ferreira;;TF UD T/SECA LADYSOFT UL PTEC 24u;3144,00;3398;;3;Autoservicio A;2168,27;NAHUEL MONTOYA;;$;2;SOFTYS ARGENTINA S.A;;;CON;;;;;;;TOALLA FEMENINA;;;;;300;Bruno Centurion;AXUM;;;False;131185;0;1;;;;;;1;;3144,00
22958;El Picaflor - (AUTOSERVICIOS) 3150;ALTE BROWN;2026-10-01;01-10-2026;30-09-2026;FAC-A-131185;Venta;LAGOPUELO S.A;1509755;40,00;45242,00;54742,82;WENG YAN HONG;;0,00 %;056;Ezequiel Ferreira;;TF UD T/SECA LADYSOFT ULTRA PROTECT 8;1131,05;3398;;3;Autoservicio A;780,04;NAHUEL MONTOYA;;$;2;SOFTYS ARGENTINA S.A;;;CON;;;;;;;TOALLA FEMENINA;;;;;300;Bruno Centurion;AXUM;;;False;131185;0;1;;;;;;1;;1131,05
22958;El Picaflor - (AUTOSERVICIOS) 3150;ALTE BROWN;2026-10-01;01-10-2026;30-09-2026;FAC-A-131185;Venta;LAGOPUELO S.A;1509756;20,00;44012,80;53255,49;WENG YAN HONG;;0,00 %;056;Ezequiel Ferreira;;TF UD T/SECA LADYSOFT UL PRT 16u;2200,64;3398;;3;Autoservicio A;1517,68;NAHUEL MONTOYA;;$;2;SOFTYS ARGENTINA S.A;;;CON;;;;;;;TOALLA FEMENINA;;;;;300;Bruno Centurion;AXUM;;;False;131185;0;1;;;;;;1;;2200,64
22958;El Picaflor - (AUTOSERVICIOS) 3150;ALTE BROWN;2026-10-01;01-10-2026;30-09-2026;FAC-A-131185;Venta;LAGOPUELO S.A;1509766;54,00;45780,12;55393,95;WENG YAN HONG;;0,00 %;056;Ezequiel Ferreira;;TF T/SECA NORMAL MAS PROTECC 8x54;847,78;3398;;3;Autoservicio A;584,68;NAHUEL MONTOYA;;$;2;SOFTYS ARGENTINA S.A;;;CON;;;;;;;TOALLA FEMENINA;;;;;300;Bruno Centurion;AXUM;;;False;131185;0;1;;;;;;1;;847,78
23508;Bernardo de Irigoyen - (AUTOSERVICIOS) 292;JOSE MARMOL;2026-10-01;01-10-2026;30-09-2026;FAC-A-131187;Venta;LAGOPUELO S.A;1501553;15,00;272678,94;329941,51;GUAN LIXIAN;;26,00 %;063;Daniel Martin;;PH HIGIENOL DH PLUS FUSI”N 30M x4/10;18178,60;3399;;3;Autoservicio A;15925,88;SIMON OLIVERA;;$;2;SOFTYS ARGENTINA S.A;;;CON;;;;;;;PAPEL HIG;;;;;300;Bruno Centurion;AXUM;;;False;131187;0;1;;;;;;1;;18178,60
3669;RODOLFO LOPEZ 1335;Quilmes;2026-10-02;02-10-2026;30-09-2026;FAC-A-131190;Venta;LAGOPUELO S.A;1509756;6,00;13203,84;15976,65;CHEN ZHIXIA;;0,00 %;054;Leonel Caruso;;TF UD T/SECA LADYSOFT UL PRT 16u;2200,64;3413;;3;AUTOSERVICIO;1517,68;HERNAN RIVERO;;$;2;SOFTYS ARGENTINA S.A;;;CON;;;;;;;TOALLA FEMENINA;;;;;300;Bruno Centurion;AXUM;;;False;131190;0;1;;;;;;1;;2200,64
3669;RODOLFO LOPEZ 1335;Quilmes;2026-10-02;02-10-2026;30-09-2026;FAC-A-131190;Venta;LAGOPUELO S.A;1509766;12,00;10173,36;12309,77;CHEN ZHIXIA;;0,00 %;054;Leonel Caruso;;TF T/SECA NORMAL MAS PROTECC 8x54;847,78;3413;;3;AUTOSERVICIO;584,68;HERNAN RIVERO;;$;2;SOFTYS ARGENTINA S.A;;;CON;;;;;;;TOALLA FEMENINA;;;;;300;Bruno Centurion;AXUM;;;False;131190;0;1;;;;;;1;;847,78
3669;RODOLFO LOPEZ 1335;Quilmes;2026-10-02;02-10-2026;30-09-2026;FAC-A-131190;Venta;LAGOPUELO S.A;1505689;2,00;44214,22;53499,21;CHEN ZHIXIA;;0,00 %;054;Leonel Caruso;;RC SUSSEX ULTRA 60P x 3/10;22107,11;3413;;3;AUTOSERVICIO;16375,64;HERNAN RIVERO;;$;2;SOFTYS ARGENTINA S.A;;;CON;;;;;;;ROLLO DE COCINA;;;;;300;Bruno Centurion;AXUM;;;False;131190;0;1;;;;;;1;;22107,11
3669;RODOLFO LOPEZ 1335;Quilmes;2026-10-02;02-10-2026;30-09-2026;FAC-A-131190;Venta;LAGOPUELO S.A;1505708;1,00;20733,71;25087,79;CHEN ZHIXIA;;0,00 %;054;Leonel Caruso;;RC SUSEEX CLS MEGARROLO ALTO 200X1;20733,71;3413;;3;AUTOSERVICIO;15358,30;HERNAN RIVERO;;$;2;SOFTYS ARGENTINA S.A;;;CON;;;;;;;ROLLO DE COCINA;;;;;300;Bruno Centurion;AXUM;;;False;131190;0;1;;;;;;1;;20733,71
3669;RODOLFO LOPEZ 1335;Quilmes;2026-10-02;02-10-2026;30-09-2026;FAC-A-131190;Venta;LAGOPUELO S.A;1505774;6,00;12412,32;15018,91;CHEN ZHIXIA;;0,00 %;054;Leonel Caruso;;SE SUSSEX HS 30x30 BLANCA x140/21;2068,72;3413;;3;AUTOSERVICIO;1532,38;HERNAN RIVERO;;$;2;SOFTYS ARGENTINA S.A;;;CON;;;;;;;SERVILLETA;;;;;300;Bruno Centurion;AXUM;;;False;131190;0;1;;;;;;1;;2068,72
3669;RODOLFO LOPEZ 1335;Quilmes;2026-10-02;02-10-2026;30-09-2026;FAC-A-131190;Venta;LAGOPUELO S.A;1505776;12,00;15604,44;18881,37;CHEN ZHIXIA;;0,00 %;054;Leonel Caruso;;SE SUSSEX HS 30X30 BLANCA X80;1300,37;3413;;3;AUTOSERVICIO;963,24;HERNAN RIVERO;;$;2;SOFTYS ARGENTINA S.A;;;CON;;;;;;;SERVILLETA;;;;;300;Bruno Centurion;AXUM;;;False;131190;0;1;;;;;;1;;1300,37
25068;Falucho - (TRADICIONAL) 4466;RAFAEL CALZADA;2026-10-01;01-10-2026;30-09-2026;FAC-A-131196;Venta;LAGOPUELO S.A;1504289;40,00;395653,68;478740,95;MAXIMO BERNABE ZAPATA;;10,00 %;056;Ezequiel Ferreira;;PLBABYSEC PREM SOFTXXG x30/4;9891,34;3398;;3;Autoservicio A;8141,02;NAHUEL MONTOYA;;$;2;SOFTYS ARGENTINA S.A;;;CON;;;;;;;PAÒAL;;;;;300;Bruno Centurion;AXUM;;;False;131196;0;1;;;;;;1;;9891,34
6118;12 DE OCTUBRE 577;Varela;2026-10-01;01-10-2026;30-09-2026;FAC-A-131208;Venta;LAGOPUELO S.A;1509764;12,00;9414,24;11391,23;GAO YANG YONG;;0,00 %;6;Nieves Alegre;;TF NORMAL T/SUAVE EXT ALGODON 8x54;784,52;3392;;3;AUTOSERVICIO;541,05;WALTER JANIUK;;$;2;SOFTYS ARGENTINA S.A;;;CON;;;;;;;TOALLA FEMENINA;;;;;25;JOHANA VIGIL;AXUM;;;False;131208;0;1;;;;;;1;;784,52
6118;12 DE OCTUBRE 577;Varela;2026-10-01;01-10-2026;30-09-2026;FAC-A-131208;Venta;LAGOPUELO S.A;1509763;12,00;25884,36;31320,08;GAO YANG YONG;;0,00 %;6;Nieves Alegre;;TF Nocturna EXT ALGODON 16X16;2157,03;3392;;3;AUTOSERVICIO;1487,60;WALTER JANIUK;;$;2;SOFTYS ARGENTINA S.A;;;CON;;;;;;;TOALLA FEMENINA;;;;;25;JOHANA VIGIL;AXUM;;;False;131208;0;1;;;;;;1;;2157,03
6118;12 DE OCTUBRE 577;Varela;2026-10-01;01-10-2026;30-09-2026;FAC-A-131208;Venta;LAGOPUELO S.A;1509762;10,00;11154,10;13496,46;GAO YANG YONG;;0,00 %;6;Nieves Alegre;;TF NOCTUR EXT A 8x32;1115,41;3392;;3;AUTOSERVICIO;769,25;WALTER JANIUK;;$;2;SOFTYS ARGENTINA S.A;;;CON;;;;;;;TOALLA FEMENINA;;;;;25;JOHANA VIGIL;AXUM;;;False;131208;0;1;;;;;;1;;1115,41
6118;12 DE OCTUBRE 577;Varela;2026-10-01;01-10-2026;30-09-2026;FAC-A-131208;Venta;LAGOPUELO S.A;1509756;12,00;26407,68;31953,29;GAO YANG YONG;;0,00 %;6;Nieves Alegre;;TF UD T/SECA LADYSOFT UL PRT 16u;2200,64;3392;;3;AUTOSERVICIO;1517,68;WALTER JANIUK;;$;2;SOFTYS ARGENTINA S.A;;;CON;;;;;;;TOALLA FEMENINA;;;;;25;JOHANA VIGIL;AXUM;;;False;131208;0;1;;;;;;1;;2200,64
6118;12 DE OCTUBRE 577;Varela;2026-10-01;01-10-2026;30-09-2026;FAC-A-131208;Venta;LAGOPUELO S.A;1505496;10,00;11510,60;13927,83;GAO YANG YONG;;0,00 %;6;Nieves Alegre;;PO ELITE ST CON ALGODON X10 PACK 6;1151,06;3392;;3;AUTOSERVICIO;793,84;WALTER JANIUK;;$;2;SOFTYS ARGENTINA S.A;;;CON;;;;;;;PAÒUELOS;;;;;25;JOHANA VIGIL;AXUM;;;False;131208;0;1;;;;;;1;;1151,06
6118;12 DE OCTUBRE 577;Varela;2026-10-01;01-10-2026;30-09-2026;FAC-A-131208;Venta;LAGOPUELO S.A;1505434;12,00;16256,52;19670,39;GAO YANG YONG;;0,00 %;6;Nieves Alegre;;PO FACIALES ELITE BOX SOFT TOUCH x90;1354,71;3392;;3;AUTOSERVICIO;934,28;WALTER JANIUK;;$;2;SOFTYS ARGENTINA S.A;;;CON;;;;;;;PAÒUELOS;;;;;25;JOHANA VIGIL;AXUM;;;False;131208;0;1;;;;;;1;;1354,71
6118;12 DE OCTUBRE 577;Varela;2026-10-01;01-10-2026;30-09-2026;FAC-A-131208;Venta;LAGOPUELO S.A;1505411;12,00;16786,92;20312,17;GAO YANG YONG;;0,00 %;6;Nieves Alegre;;P— ELITE FACIALES DISNEY x90/36;1398,91;3392;;3;AUTOSERVICIO;964,77;WALTER JANIUK;;$;2;SOFTYS ARGENTINA S.A;;;CON;;;;;;;PAÒUELOS;;;;;25;JOHANA VIGIL;AXUM;;;False;131208;0;1;;;;;;1;;1398,91
6118;12 DE OCTUBRE 577;Varela;2026-10-01;01-10-2026;30-09-2026;FAC-A-131208;Venta;LAGOPUELO S.A;1509764;1,00;0,00;0,00;GAO YANG YONG;;100,00 %;6;Nieves Alegre;;TF NORMAL T/SUAVE EXT ALGODON 8x54;0,00;3392;;3;AUTOSERVICIO;541,05;WALTER JANIUK;;$;2;SOFTYS ARGENTINA S.A;;;CON;;;;;;;TOALLA FEMENINA;;;;;25;JOHANA VIGIL;AXUM;;;False;131208;0;1;;;;;;1;;0,00
3693;GARIBALDI 420;QUILMES;2026-10-02;02-10-2026;30-09-2026;FAC-A-131212;Venta;LAGOPUELO S.A;1502206;2,00;48377,52;58536,80;ZHAN SAIYING;;0,00 %;2;Fernanda Cejas;;RC ELITE ULTRA CON ALGODON 120p x2/10;24188,76;3413;;3;AUTOSERVICIO;17917,60;HERNAN RIVERO;;$;2;SOFTYS ARGENTINA S.A;;;CON;;;;;;;ROLLO DE COCINA;;;;;25;JOHANA VIGIL;AXUM;;;False;131212;0;1;;;;;;1;;24188,76
3693;GARIBALDI 420;QUILMES;2026-10-02;02-10-2026;30-09-2026;FAC-A-131212;Venta;LAGOPUELO S.A;1505708;1,00;20733,71;25087,79;ZHAN SAIYING;;0,00 %;2;Fernanda Cejas;;RC SUSEEX CLS MEGARROLO ALTO 200X1;20733,71;3413;;3;AUTOSERVICIO;15358,30;HERNAN RIVERO;;$;2;SOFTYS ARGENTINA S.A;;;CON;;;;;;;ROLLO DE COCINA;;;;;25;JOHANA VIGIL;AXUM;;;False;131212;0;1;;;;;;1;;20733,71
3693;GARIBALDI 420;QUILMES;2026-10-02;02-10-2026;30-09-2026;FAC-A-131212;Venta;LAGOPUELO S.A;1509765;6,00;9229,68;11167,91;ZHAN SAIYING;;0,00 %;2;Fernanda Cejas;;TF NORMALT/SUAVE EXT ALG 16x27;1538,28;3413;;3;AUTOSERVICIO;1060,88;HERNAN RIVERO;;$;2;SOFTYS ARGENTINA S.A;;;CON;;;;;;;TOALLA FEMENINA;;;;;25;JOHANA VIGIL;AXUM;;;False;131212;0;1;;;;;;1;;1538,28
3693;GARIBALDI 420;QUILMES;2026-10-02;02-10-2026;30-09-2026;FAC-A-131212;Venta;LAGOPUELO S.A;1509756;6,00;13203,84;15976,65;ZHAN SAIYING;;0,00 %;2;Fernanda Cejas;;TF UD T/SECA LADYSOFT UL PRT 16u;2200,64;3413;;3;AUTOSERVICIO;1517,68;HERNAN RIVERO;;$;2;SOFTYS ARGENTINA S.A;;;CON;;;;;;;TOALLA FEMENINA;;;;;25;JOHANA VIGIL;AXUM;;;False;131212;0;1;;;;;;1;;2200,64
3693;GARIBALDI 420;QUILMES;2026-10-02;02-10-2026;30-09-2026;FAC-A-131212;Venta;LAGOPUELO S.A;1509762;6,00;6692,46;8097,88;ZHAN SAIYING;;0,00 %;2;Fernanda Cejas;;TF NOCTUR EXT A 8x32;1115,41;3413;;3;AUTOSERVICIO;769,25;HERNAN RIVERO;;$;2;SOFTYS ARGENTINA S.A;;;CON;;;;;;;TOALLA FEMENINA;;;;;25;JOHANA VIGIL;AXUM;;;False;131212;0;1;;;;;;1;;1115,41
23503;MITRE - (AUTOSERVICIOS) 2650;JOSE MARMOL;2026-10-01;01-10-2026;30-09-2026;FAC-A-131223;Venta;LAGOPUELO S.A;1509756;20,00;44012,80;53255,49;GUAN GUAN DING;;0,00 %;063;Daniel Martin;;TF UD T/SECA LADYSOFT UL PRT 16u;2200,64;3399;;3;Autoservicio A;1517,68;SIMON OLIVERA;;$;2;SOFTYS ARGENTINA S.A;;;CON;;;;;;;TOALLA FEMENINA;;;;;300;Bruno Centurion;AXUM;;;False;131223;0;1;;;;;;1;;2200,64
23503;MITRE - (AUTOSERVICIOS) 2650;JOSE MARMOL;2026-10-01;01-10-2026;30-09-2026;FAC-A-131223;Venta;LAGOPUELO S.A;1509762;6,00;6692,46;8097,88;GUAN GUAN DING;;0,00 %;063;Daniel Martin;;TF NOCTUR EXT A 8x32;1115,41;3399;;3;Autoservicio A;769,25;SIMON OLIVERA;;$;2;SOFTYS ARGENTINA S.A;;;CON;;;;;;;TOALLA FEMENINA;;;;;300;Bruno Centurion;AXUM;;;False;131223;0;1;;;;;;1;;1115,41
23503;MITRE - (AUTOSERVICIOS) 2650;JOSE MARMOL;2026-10-01;01-10-2026;30-09-2026;FAC-A-131223;Venta;LAGOPUELO S.A;1509757;6,00;18864,00;22825,44;GUAN GUAN DING;;0,00 %;063;Daniel Martin;;TF UD T/SECA LADYSOFT UL PTEC 24u;3144,00;3399;;3;Autoservicio A;2168,27;SIMON OLIVERA;;$;2;SOFTYS ARGENTINA S.A;;;CON;;;;;;;TOALLA FEMENINA;;;;;300;Bruno Centurion;AXUM;;;False;131223;0;1;;;;;;1;;3144,00
23503;MITRE - (AUTOSERVICIOS) 2650;JOSE MARMOL;2026-10-01;01-10-2026;30-09-2026;FAC-A-131223;Venta;LAGOPUELO S.A;1509749;6,00;7422,96;8981,78;GUAN GUAN DING;;0,00 %;063;Daniel Martin;;PD ladysoft clasicos 20x30;1237,16;3399;;3;Autoservicio A;853,21;SIMON OLIVERA;;$;2;SOFTYS ARGENTINA S.A;;;CON;;;;;;;PROTECTOR DIARIO;;;;;300;Bruno Centurion;AXUM;;;False;131223;0;1;;;;;;1;;1237,16
27615;San Blas - (AUTOSERVICIOS) 342;TURDERA;2026-10-02;02-10-2026;30-09-2026;FAC-A-131224;Venta;LAGOPUELO S.A;1509762;12,00;13384,92;16195,75;Yan Xinwu;;0,00 %;074;Romina Baez;;TF NOCTUR EXT A 8x32;1115,41;3410;;3;Autoservicio A;769,25;MARIANO SOSA;;$;2;SOFTYS ARGENTINA S.A;;;CON;;;;;;;TOALLA FEMENINA;;;;;300;Bruno Centurion;AXUM;;;False;131224;0;1;;;;;;1;;1115,41
22843;EVA PERON - (TRADITIONAL TRADE) 4060;FLORENCIO VARELA;2026-10-01;01-10-2026;30-09-2026;FAC-A-131228;Venta;LAGOPUELO S.A;1503118;24,00;35247,84;42649,89;WU JINLAN;;0,00 %;6;Nieves Alegre;;TH BABYSEC ULTRA 50/24;1468,66;3392;;3;Autoservicio A;1012,87;WALTER JANIUK;;$;2;SOFTYS ARGENTINA S.A;;;CON;;;;;;;;;;;;25;JOHANA VIGIL;AXUM;;;False;131228;0;1;;;;;;1;;1468,66
6228;NOVAK 1703;Varela;2026-10-01;01-10-2026;30-09-2026;FAC-B-131235;Venta;LAGOPUELO S.A;1501553;1,00;18915,57;22887,83;MARIA MOLINA;;23,00 %;7;Myrian Lertora;;PH HIGIENOL DH PLUS FUSI”N 30M x4/10;18915,57;3392;;2;ALMACEN;15925,88;WALTER JANIUK;;$;2;SOFTYS ARGENTINA S.A;;;CON;;;;;;;PAPEL HIG;;;;;25;JOHANA VIGIL;AXUM;;;False;131235;0;1;;;;;;1;;18915,57
29522;MUZZILI E/LAMADRID-S.TERESITA - (AUTOSERVICIOS) 449;LOMAS DE ZAMORA;2026-10-01;01-10-2026;30-09-2026;FAC-A-131237;Venta;LAGOPUELO S.A;1501627;5,00;64886,02;78512,08;Chen qinhong;;3,00 %;073;Florencia Cubilla;;PH Higienol HS Balanced 20mx4/12;12977,20;3393;;3;Autoservicio B;9488,34;MARIANO SOSA;;$;2;SOFTYS ARGENTINA S.A;;;CON;;;;;;;PAPEL HIG;;;;;300;Bruno Centurion;AXUM;;;False;131237;0;1;;;;;;1;;12977,20
29522;MUZZILI E/LAMADRID-S.TERESITA - (AUTOSERVICIOS) 449;LOMAS DE ZAMORA;2026-10-01;01-10-2026;30-09-2026;FAC-A-131237;Venta;LAGOPUELO S.A;1501553;10,00;189155,66;228878,35;Chen qinhong;;23,00 %;073;Florencia Cubilla;;PH HIGIENOL DH PLUS FUSI”N 30M x4/10;18915,57;3393;;3;Autoservicio B;15925,88;MARIANO SOSA;;$;2;SOFTYS ARGENTINA S.A;;;CON;;;;;;;PAPEL HIG;;;;;300;Bruno Centurion;AXUM;;;False;131237;0;1;;;;;;1;;18915,57
3796;LA PLATA 708;Quilmes;2026-10-02;02-10-2026;30-09-2026;FAC-A-131240;Venta;LAGOPUELO S.A;1509758;12,00;12615,72;15265,02;LIN XIAO YUAN.;;0,00 %;054;Leonel Caruso;;TF UD T/SUAVE EXT ALGO 8X40;1051,31;3413;;3;AUTOSERVICIO;725,04;HERNAN RIVERO;;$;2;SOFTYS ARGENTINA S.A;;;CON;;;;;;;TOALLA FEMENINA;;;;;300;Bruno Centurion;AXUM;;;False;131240;0;1;;;;;;1;;1051,31
3796;LA PLATA 708;Quilmes;2026-10-02;02-10-2026;30-09-2026;FAC-A-131240;Venta;LAGOPUELO S.A;1509749;6,00;7422,96;8981,78;LIN XIAO YUAN.;;0,00 %;054;Leonel Caruso;;PD ladysoft clasicos 20x30;1237,16;3413;;3;AUTOSERVICIO;853,21;HERNAN RIVERO;;$;2;SOFTYS ARGENTINA S.A;;;CON;;;;;;;PROTECTOR DIARIO;;;;;300;Bruno Centurion;AXUM;;;False;131240;0;1;;;;;;1;;1237,16
3796;LA PLATA 708;Quilmes;2026-10-02;02-10-2026;30-09-2026;FAC-A-131240;Venta;LAGOPUELO S.A;1509768;12,00;10821,72;13094,28;LIN XIAO YUAN.;;0,00 %;054;Leonel Caruso;;TF NORMAL T/SUAVE PIEL SENSIBLE 8x54;901,81;3413;;3;AUTOSERVICIO;621,94;HERNAN RIVERO;;$;2;SOFTYS ARGENTINA S.A;;;CON;;;;;;;TOALLA FEMENINA;;;;;300;Bruno Centurion;AXUM;;;False;131240;0;1;;;;;;1;;901,81
3796;LA PLATA 708;Quilmes;2026-10-02;02-10-2026;30-09-2026;FAC-A-131240;Venta;LAGOPUELO S.A;1509761;12,00;8829,00;10683,09;LIN XIAO YUAN.;;0,00 %;054;Leonel Caruso;;TF LADYSOFT COMFORT EXT ALGODON 8x54;735,75;3413;;3;AUTOSERVICIO;507,41;HERNAN RIVERO;;$;2;SOFTYS ARGENTINA S.A;;;CON;;;;;;;TOALLA FEMENINA;;;;;300;Bruno Centurion;AXUM;;;False;131240;0;1;;;;;;1;;735,75
3850;JULIAN AG√≈ìERO - (AUTOSERVICIOS) 2485;RAFAEL CALZADA;2026-10-01;01-10-2026;30-09-2026;FAC-A-131245;Venta;LAGOPUELO S.A;1509765;15,00;23074,20;27919,78;Chen xuefeng;;0,00 %;061;Nailah Guzman;;TF NORMALT/SUAVE EXT ALG 16x27;1538,28;3398;;3;Autoservicio A;1060,88;NAHUEL MONTOYA;;$;2;SOFTYS ARGENTINA S.A;;;CON;;;;;;;TOALLA FEMENINA;;;;;300;Bruno Centurion;AXUM;;;False;131245;0;1;;;;;;1;;1538,28
3850;JULIAN AG√≈ìERO - (AUTOSERVICIOS) 2485;RAFAEL CALZADA;2026-10-01;01-10-2026;30-09-2026;FAC-A-131245;Venta;LAGOPUELO S.A;1504208;4,00;32299,88;39082,86;Chen xuefeng;;10,00 %;061;Nailah Guzman;;BABYSEC ULTSOFT XX6 30/4;8074,97;3398;;3;Autoservicio A;6646,06;NAHUEL MONTOYA;;$;2;SOFTYS ARGENTINA S.A;;;CON;;;;;;;PAÒAL;;;;;300;Bruno Centurion;AXUM;;;False;131245;0;1;;;;;;1;;8074,97
3850;JULIAN AG√≈ìERO - (AUTOSERVICIOS) 2485;RAFAEL CALZADA;2026-10-01;01-10-2026;30-09-2026;FAC-A-131245;Venta;LAGOPUELO S.A;1504206;4,00;32299,88;39082,86;Chen xuefeng;;10,00 %;061;Nailah Guzman;;PL BABYSEC ULTRASOFT G 40/4;8074,97;3398;;3;Autoservicio A;6646,06;NAHUEL MONTOYA;;$;2;SOFTYS ARGENTINA S.A;;;CON;;;;;;;PAÒAL;;;;;300;Bruno Centurion;AXUM;;;False;131245;0;1;;;;;;1;;8074,97
3850;JULIAN AG√≈ìERO - (AUTOSERVICIOS) 2485;RAFAEL CALZADA;2026-10-01;01-10-2026;30-09-2026;FAC-A-131245;Venta;LAGOPUELO S.A;1504289;4,00;39565,37;47874,10;Chen xuefeng;;10,00 %;061;Nailah Guzman;;PLBABYSEC PREM SOFTXXG x30/4;9891,34;3398;;3;Autoservicio A;8141,02;NAHUEL MONTOYA;;$;2;SOFTYS ARGENTINA S.A;;;CON;;;;;;;PAÒAL;;;;;300;Bruno Centurion;AXUM;;;False;131245;0;1;;;;;;1;;9891,34
107439;Beron De Estrada 2508 0;LANUS;2026-10-01;01-10-2026;30-09-2026;FAC-A-131249;Venta;LAGOPUELO S.A;1503131;10,00;20628,80;24960,85;Lin Xiamei;;0,00 %;29;Camila Navarrete;;TH BABYSEC PREMIUM X45/10;2062,88;3391;;3;AUTOSERVICIO;1422,68;CLAUDIO GARCIA;;$;2;SOFTYS ARGENTINA S.A;;;EFV;;;;;;;TOALLA HUMEDA;;;;;25;JOHANA VIGIL;AXUM;;;False;131249;0;1;;;;;;1;;2062,88
107439;Beron De Estrada 2508 0;LANUS;2026-10-01;01-10-2026;30-09-2026;FAC-A-131249;Venta;LAGOPUELO S.A;1503118;10,00;14686,60;17770,79;Lin Xiamei;;0,00 %;29;Camila Navarrete;;TH BABYSEC ULTRA 50/24;1468,66;3391;;3;AUTOSERVICIO;1012,87;CLAUDIO GARCIA;;$;2;SOFTYS ARGENTINA S.A;;;EFV;;;;;;;;;;;;25;JOHANA VIGIL;AXUM;;;False;131249;0;1;;;;;;1;;1468,66
27532;VIRGILIO 1047;INGENIERO BUDGE;2026-10-01;01-10-2026;30-09-2026;FAC-A-131250;Venta;LAGOPUELO S.A;1501553;60,00;1017018,74;1230592,67;YAN SHIFANG;;31,00 %;073;Florencia Cubilla;;PH HIGIENOL DH PLUS FUSI”N 30M x4/10;16950,31;3393;;3;Autoservicio A;15925,88;MARIANO SOSA;;$;2;SOFTYS ARGENTINA S.A;;;CON;;;;;;;PAPEL HIG;;;;;300;Bruno Centurion;AXUM;;;False;131250;0;1;;;;;;1;;16950,31
5333;EVA PERON 4112;FLORENCIO VARELA;2026-10-01;01-10-2026;30-09-2026;FAC-A-131252;Venta;LAGOPUELO S.A;1505776;90,00;117033,30;141610,29;ALBERTO CRAVINO;;0,00 %;6;Nieves Alegre;;SE SUSSEX HS 30X30 BLANCA X80;1300,37;3392;;3;AUTOSERVICIO;963,24;WALTER JANIUK;;$;2;SOFTYS ARGENTINA S.A;;;CON;;;;;;;SERVILLETA;;;;;25;JOHANA VIGIL;AXUM;;;False;131252;0;1;;;;;;1;;1300,37
5333;EVA PERON 4112;FLORENCIO VARELA;2026-10-01;01-10-2026;30-09-2026;FAC-A-131252;Venta;LAGOPUELO S.A;1505774;42,00;86886,24;105132,35;ALBERTO CRAVINO;;0,00 %;6;Nieves Alegre;;SE SUSSEX HS 30x30 BLANCA x140/21;2068,72;3392;;3;AUTOSERVICIO;1532,38;WALTER JANIUK;;$;2;SOFTYS ARGENTINA S.A;;;CON;;;;;;;SERVILLETA;;;;;25;JOHANA VIGIL;AXUM;;;False;131252;0;1;;;;;;1;;2068,72
5333;EVA PERON 4112;FLORENCIO VARELA;2026-10-01;01-10-2026;30-09-2026;FAC-A-131252;Venta;LAGOPUELO S.A;1503118;24,00;35247,84;42649,89;ALBERTO CRAVINO;;0,00 %;6;Nieves Alegre;;TH BABYSEC ULTRA 50/24;1468,66;3392;;3;AUTOSERVICIO;1012,87;WALTER JANIUK;;$;2;SOFTYS ARGENTINA S.A;;;CON;;;;;;;;;;;;25;JOHANA VIGIL;AXUM;;;False;131252;0;1;;;;;;1;;1468,66
23833;SALABERRY - (AUTOSERVICIOS) 123;CLAYPOLE;2026-10-01;01-10-2026;30-09-2026;FAC-A-131260;Venta;LAGOPUELO S.A;1509755;20,00;22621,00;27371,41;DAI LIHUI;;0,00 %;056;Ezequiel Ferreira;;TF UD T/SECA LADYSOFT ULTRA PROTECT 8;1131,05;3398;;3;Autoservicio A;780,04;NAHUEL MONTOYA;;$;2;SOFTYS ARGENTINA S.A;;;CON;;;;;;;TOALLA FEMENINA;;;;;300;Bruno Centurion;AXUM;;;False;131260;0;1;;;;;;1;;1131,05
23833;SALABERRY - (AUTOSERVICIOS) 123;CLAYPOLE;2026-10-01;01-10-2026;30-09-2026;FAC-A-131260;Venta;LAGOPUELO S.A;1509766;20,00;16955,60;20516,28;DAI LIHUI;;0,00 %;056;Ezequiel Ferreira;;TF T/SECA NORMAL MAS PROTECC 8x54;847,78;3398;;3;Autoservicio A;584,68;NAHUEL MONTOYA;;$;2;SOFTYS ARGENTINA S.A;;;CON;;;;;;;TOALLA FEMENINA;;;;;300;Bruno Centurion;AXUM;;;False;131260;0;1;;;;;;1;;847,78
23833;SALABERRY - (AUTOSERVICIOS) 123;CLAYPOLE;2026-10-01;01-10-2026;30-09-2026;FAC-A-131260;Venta;LAGOPUELO S.A;1509761;20,00;14715,00;17805,15;DAI LIHUI;;0,00 %;056;Ezequiel Ferreira;;TF LADYSOFT COMFORT EXT ALGODON 8x54;735,75;3398;;3;Autoservicio A;507,41;NAHUEL MONTOYA;;$;2;SOFTYS ARGENTINA S.A;;;CON;;;;;;;TOALLA FEMENINA;;;;;300;Bruno Centurion;AXUM;;;False;131260;0;1;;;;;;1;;735,75
794;JORGE BYNNON 2350;Jose Marmol;2026-10-01;01-10-2026;30-09-2026;FAC-A-131262;Venta;LAGOPUELO S.A;1509756;12,00;26407,68;31953,29;Zhuang liqiang;;0,00 %;063;Daniel Martin;;TF UD T/SECA LADYSOFT UL PRT 16u;2200,64;3399;;3;AUTOSERVICIO;1517,68;SIMON OLIVERA;;$;2;SOFTYS ARGENTINA S.A;;;CON;;;;;;;TOALLA FEMENINA;;;;;300;Bruno Centurion;AXUM;;;False;131262;0;1;;;;;;1;;2200,64
6315;AV. HUDSON 2157;Varela;2026-10-01;01-10-2026;30-09-2026;FAC-A-131265;Venta;LAGOPUELO S.A;1501553;60,00;1017018,74;1230592,67;HE MINJUN;;31,00 %;051;Ezequiel Valente;;PH HIGIENOL DH PLUS FUSI”N 30M x4/10;16950,31;3397;;3;AUTOSERVICIO;15925,88;JUAN ESCOTO;;$;2;SOFTYS ARGENTINA S.A;;;CON;;;;;;;PAPEL HIG;;;;;300;Bruno Centurion;AXUM;;;False;131265;0;1;;;;;;1;;16950,31
2291;Calle 58 N 2750;Berazategui;2026-10-01;01-10-2026;30-09-2026;FAC-B-131272;Venta;ELEBES;1509762;32,00;35693,12;43188,68;FERNANDEZ LUCILA;;0,00 %;052;Nicole Sosa;;TF NOCTUR EXT A 8x32;1115,41;3394;;2;ALMACEN;769,25;IVAN MONTOYA;;$;2;SOFTYS ARGENTINA S.A;;;CON;;;;;;;TOALLA FEMENINA;;;;;300;Bruno Centurion;AXUM;;;False;131272;0;1;;;;;;1;;1115,41
27384;Juan Maria Gutierrez 1459;BANFIELD;2026-10-01;01-10-2026;30-09-2026;FAC-A-131274;Venta;LAGOPUELO S.A;1504289;40,00;395653,68;478740,95;Demei Weng;;10,00 %;074;Romina Baez;;PLBABYSEC PREM SOFTXXG x30/4;9891,34;3393;;3;Autoservicio A;8141,02;MARIANO SOSA;;$;2;SOFTYS ARGENTINA S.A;;;CON;;;;;;;PAÒAL;;;;;300;Bruno Centurion;AXUM;;;False;131274;0;1;;;;;;1;;9891,34
27384;Juan Maria Gutierrez 1459;BANFIELD;2026-10-01;01-10-2026;30-09-2026;FAC-A-131274;Venta;LAGOPUELO S.A;1503131;30,00;61886,40;74882,54;Demei Weng;;0,00 %;074;Romina Baez;;TH BABYSEC PREMIUM X45/10;2062,88;3393;;3;Autoservicio A;1422,68;MARIANO SOSA;;$;2;SOFTYS ARGENTINA S.A;;;CON;;;;;;;TOALLA HUMEDA;;;;;300;Bruno Centurion;AXUM;;;False;131274;0;1;;;;;;1;;2062,88
48;RODOLFO LOPEZ 2389;Quilmes;2026-10-02;02-10-2026;30-09-2026;FAC-A-131275;Venta;ELEBES;1505688;2,00;30085,11;36402,99;MARIA CARMEN;;5,00 %;054;Leonel Caruso;;RC Sussex clasico mas blanco 50px3/10;15042,56;3413;;2;ALMACEN;11729,09;HERNAN RIVERO;;$;2;SOFTYS ARGENTINA S.A;;;EFV;;;;;;;ROLLO DE COCINA;;;;;300;Bruno Centurion;AXUM;;;False;131275;0;1;;;;;;1;;15042,56
22944;Domingo Salaberry - (AUTOSERVICIOS) 215;ALTE BROWN;2026-10-01;01-10-2026;30-09-2026;FAC-A-131280;Venta;LAGOPUELO S.A;1509768;12,00;10821,72;13094,28;LIN WENBING;;0,00 %;056;Ezequiel Ferreira;;TF NORMAL T/SUAVE PIEL SENSIBLE 8x54;901,81;3398;;3;Autoservicio B;621,94;NAHUEL MONTOYA;;$;2;SOFTYS ARGENTINA S.A;;;CON;;;;;;;TOALLA FEMENINA;;;;;300;Bruno Centurion;AXUM;;;False;131280;0;1;;;;;;1;;901,81
22944;Domingo Salaberry - (AUTOSERVICIOS) 215;ALTE BROWN;2026-10-01;01-10-2026;30-09-2026;FAC-A-131280;Venta;LAGOPUELO S.A;1509762;16,00;17846,56;21594,34;LIN WENBING;;0,00 %;056;Ezequiel Ferreira;;TF NOCTUR EXT A 8x32;1115,41;3398;;3;Autoservicio B;769,25;NAHUEL MONTOYA;;$;2;SOFTYS ARGENTINA S.A;;;CON;;;;;;;TOALLA FEMENINA;;;;;300;Bruno Centurion;AXUM;;;False;131280;0;1;;;;;;1;;1115,41
22944;Domingo Salaberry - (AUTOSERVICIOS) 215;ALTE BROWN;2026-10-01;01-10-2026;30-09-2026;FAC-A-131280;Venta;LAGOPUELO S.A;1509758;20,00;21026,20;25441,70;LIN WENBING;;0,00 %;056;Ezequiel Ferreira;;TF UD T/SUAVE EXT ALGO 8X40;1051,31;3398;;3;Autoservicio B;725,04;NAHUEL MONTOYA;;$;2;SOFTYS ARGENTINA S.A;;;CON;;;;;;;TOALLA FEMENINA;;;;;300;Bruno Centurion;AXUM;;;False;131280;0;1;;;;;;1;;1051,31
22944;Domingo Salaberry - (AUTOSERVICIOS) 215;ALTE BROWN;2026-10-01;01-10-2026;30-09-2026;FAC-A-131280;Venta;LAGOPUELO S.A;1509755;20,00;22621,00;27371,41;LIN WENBING;;0,00 %;056;Ezequiel Ferreira;;TF UD T/SECA LADYSOFT ULTRA PROTECT 8;1131,05;3398;;3;Autoservicio B;780,04;NAHUEL MONTOYA;;$;2;SOFTYS ARGENTINA S.A;;;CON;;;;;;;TOALLA FEMENINA;;;;;300;Bruno Centurion;AXUM;;;False;131280;0;1;;;;;;1;;1131,05
22944;Domingo Salaberry - (AUTOSERVICIOS) 215;ALTE BROWN;2026-10-01;01-10-2026;30-09-2026;FAC-A-131280;Venta;LAGOPUELO S.A;1509749;20,00;24743,20;29939,27;LIN WENBING;;0,00 %;056;Ezequiel Ferreira;;PD ladysoft clasicos 20x30;1237,16;3398;;3;Autoservicio B;853,21;NAHUEL MONTOYA;;$;2;SOFTYS ARGENTINA S.A;;;CON;;;;;;;PROTECTOR DIARIO;;;;;300;Bruno Centurion;AXUM;;;False;131280;0;1;;;;;;1;;1237,16
22944;Domingo Salaberry - (AUTOSERVICIOS) 215;ALTE BROWN;2026-10-01;01-10-2026;30-09-2026;FAC-A-131280;Venta;LAGOPUELO S.A;1509756;16,00;35210,24;42604,39;LIN WENBING;;0,00 %;056;Ezequiel Ferreira;;TF UD T/SECA LADYSOFT UL PRT 16u;2200,64;3398;;3;Autoservicio B;1517,68;NAHUEL MONTOYA;;$;2;SOFTYS ARGENTINA S.A;;;CON;;;;;;;TOALLA FEMENINA;;;;;300;Bruno Centurion;AXUM;;;False;131280;0;1;;;;;;1;;2200,64
22944;Domingo Salaberry - (AUTOSERVICIOS) 215;ALTE BROWN;2026-10-01;01-10-2026;30-09-2026;FAC-A-131280;Venta;LAGOPUELO S.A;1509763;16,00;34512,48;41760,10;LIN WENBING;;0,00 %;056;Ezequiel Ferreira;;TF Nocturna EXT ALGODON 16X16;2157,03;3398;;3;Autoservicio B;1487,60;NAHUEL MONTOYA;;$;2;SOFTYS ARGENTINA S.A;;;CON;;;;;;;TOALLA FEMENINA;;;;;300;Bruno Centurion;AXUM;;;False;131280;0;1;;;;;;1;;2157,03
22944;Domingo Salaberry - (AUTOSERVICIOS) 215;ALTE BROWN;2026-10-01;01-10-2026;30-09-2026;FAC-A-131280;Venta;LAGOPUELO S.A;1509766;12,00;10173,36;12309,77;LIN WENBING;;0,00 %;056;Ezequiel Ferreira;;TF T/SECA NORMAL MAS PROTECC 8x54;847,78;3398;;3;Autoservicio B;584,68;NAHUEL MONTOYA;;$;2;SOFTYS ARGENTINA S.A;;;CON;;;;;;;TOALLA FEMENINA;;;;;300;Bruno Centurion;AXUM;;;False;131280;0;1;;;;;;1;;847,78
105543;Ituzaingo 1175 0;LANUS;2026-10-01;01-10-2026;30-09-2026;FAC-A-131283;Venta;LAGOPUELO S.A;1509764;12,00;9414,24;11391,23;Jianxiong Lin;;0,00 %;27;Samanta Dogliotti;;TF NORMAL T/SUAVE EXT ALGODON 8x54;784,52;3391;;3;AUTOSERVICIO;541,05;CLAUDIO GARCIA;;$;2;SOFTYS ARGENTINA S.A;;;EFV;;;;;;;TOALLA FEMENINA;;;;;25;JOHANA VIGIL;AXUM;;;False;131283;0;1;;;;;;1;;784,52
105543;Ituzaingo 1175 0;LANUS;2026-10-01;01-10-2026;30-09-2026;FAC-A-131283;Venta;LAGOPUELO S.A;1509755;12,00;13572,60;16422,85;Jianxiong Lin;;0,00 %;27;Samanta Dogliotti;;TF UD T/SECA LADYSOFT ULTRA PROTECT 8;1131,05;3391;;3;AUTOSERVICIO;780,04;CLAUDIO GARCIA;;$;2;SOFTYS ARGENTINA S.A;;;EFV;;;;;;;TOALLA FEMENINA;;;;;25;JOHANA VIGIL;AXUM;;;False;131283;0;1;;;;;;1;;1131,05
105543;Ituzaingo 1175 0;LANUS;2026-10-01;01-10-2026;30-09-2026;FAC-A-131283;Venta;LAGOPUELO S.A;1509764;1,00;0,00;0,00;Jianxiong Lin;;100,00 %;27;Samanta Dogliotti;;TF NORMAL T/SUAVE EXT ALGODON 8x54;0,00;3391;;3;AUTOSERVICIO;541,05;CLAUDIO GARCIA;;$;2;SOFTYS ARGENTINA S.A;;;EFV;;;;;;;TOALLA FEMENINA;;;;;25;JOHANA VIGIL;AXUM;;;False;131283;0;1;;;;;;1;;0,00
23142;Falucho - (AUTOSERVICIOS) 3035;RAFAEL CALZADA;2026-10-01;01-10-2026;30-09-2026;FAC-A-131285;Venta;LAGOPUELO S.A;1509768;10,00;9018,10;10911,90;WENG XIUYU;;0,00 %;061;Nailah Guzman;;TF NORMAL T/SUAVE PIEL SENSIBLE 8x54;901,81;3398;;3;Autoservicio A;621,94;NAHUEL MONTOYA;;$;2;SOFTYS ARGENTINA S.A;;;CON;;;;;;;TOALLA FEMENINA;;;;;300;Bruno Centurion;AXUM;;;False;131285;0;1;;;;;;1;;901,81
23142;Falucho - (AUTOSERVICIOS) 3035;RAFAEL CALZADA;2026-10-01;01-10-2026;30-09-2026;FAC-A-131285;Venta;LAGOPUELO S.A;1509755;10,00;11310,50;13685,71;WENG XIUYU;;0,00 %;061;Nailah Guzman;;TF UD T/SECA LADYSOFT ULTRA PROTECT 8;1131,05;3398;;3;Autoservicio A;780,04;NAHUEL MONTOYA;;$;2;SOFTYS ARGENTINA S.A;;;CON;;;;;;;TOALLA FEMENINA;;;;;300;Bruno Centurion;AXUM;;;False;131285;0;1;;;;;;1;;1131,05
23142;Falucho - (AUTOSERVICIOS) 3035;RAFAEL CALZADA;2026-10-01;01-10-2026;30-09-2026;FAC-A-131285;Venta;LAGOPUELO S.A;1504289;20,00;197826,84;239370,48;WENG XIUYU;;10,00 %;061;Nailah Guzman;;PLBABYSEC PREM SOFTXXG x30/4;9891,34;3398;;3;Autoservicio A;8141,02;NAHUEL MONTOYA;;$;2;SOFTYS ARGENTINA S.A;;;CON;;;;;;;PAÒAL;;;;;300;Bruno Centurion;AXUM;;;False;131285;0;1;;;;;;1;;9891,34
5806;AVENIDA OLIVER - (Autoservicio) 1328;9 DE ABRIL;2026-10-05;05-10-2026;30-09-2026;FAC-A-131290;Venta;LAGOPUELO S.A;1509765;54,00;83067,12;100511,22;YONGKUN XIE;;0,00 %;064;Karina Fernandez;;TF NORMALT/SUAVE EXT ALG 16x27;1538,28;3429;;3;Autoservicio A;1060,88;SIMON OLIVERA;;$;2;SOFTYS ARGENTINA S.A;;;CON;;;;;;;TOALLA FEMENINA;;;;;300;Bruno Centurion;AXUM;;;False;131290;0;1;;;;;;1;;1538,28
5806;AVENIDA OLIVER - (Autoservicio) 1328;9 DE ABRIL;2026-10-05;05-10-2026;30-09-2026;FAC-A-131290;Venta;LAGOPUELO S.A;1509756;20,00;44012,80;53255,49;YONGKUN XIE;;0,00 %;064;Karina Fernandez;;TF UD T/SECA LADYSOFT UL PRT 16u;2200,64;3429;;3;Autoservicio A;1517,68;SIMON OLIVERA;;$;2;SOFTYS ARGENTINA S.A;;;CON;;;;;;;TOALLA FEMENINA;;;;;300;Bruno Centurion;AXUM;;;False;131290;0;1;;;;;;1;;2200,64
5806;AVENIDA OLIVER - (Autoservicio) 1328;9 DE ABRIL;2026-10-05;05-10-2026;30-09-2026;FAC-A-131290;Venta;LAGOPUELO S.A;1509763;16,00;34512,48;41760,10;YONGKUN XIE;;0,00 %;064;Karina Fernandez;;TF Nocturna EXT ALGODON 16X16;2157,03;3429;;3;Autoservicio A;1487,60;SIMON OLIVERA;;$;2;SOFTYS ARGENTINA S.A;;;CON;;;;;;;TOALLA FEMENINA;;;;;300;Bruno Centurion;AXUM;;;False;131290;0;1;;;;;;1;;2157,03
5806;AVENIDA OLIVER - (Autoservicio) 1328;9 DE ABRIL;2026-10-05;05-10-2026;30-09-2026;FAC-A-131290;Venta;LAGOPUELO S.A;1509759;20,00;40191,80;48632,08;YONGKUN XIE;;0,00 %;064;Karina Fernandez;;TF UD T/SUAVE EXT ALG 16x20;2009,59;3429;;3;Autoservicio A;1385,93;SIMON OLIVERA;;$;2;SOFTYS ARGENTINA S.A;;;CON;;;;;;;TOALLA FEMENINA;;;;;300;Bruno Centurion;AXUM;;;False;131290;0;1;;;;;;1;;2009,59
5194;PRINGLES 3396;FLORENCIO VARELA;2026-10-01;01-10-2026;30-09-2026;FAC-B-131295;Venta;ELEBES;1501618;1,00;17868,50;21620,89;RAMIREZ GRACIELA GRISELDA;;0,00 %;6;Nieves Alegre;;PH HIG  FRESH ALOE 30M X4/12;17868,50;3392;;2;ALMACEN;12323,10;WALTER JANIUK;;$;2;SOFTYS ARGENTINA S.A;;;CON;;;;;;;PAPEL HIG;;;;;25;JOHANA VIGIL;AXUM;;;False;131295;0;1;;;;;;1;;17868,50
5194;PRINGLES 3396;FLORENCIO VARELA;2026-10-01;01-10-2026;30-09-2026;FAC-B-131295;Venta;ELEBES;1505688;1,00;15042,56;18201,49;RAMIREZ GRACIELA GRISELDA;;5,00 %;6;Nieves Alegre;;RC Sussex clasico mas blanco 50px3/10;15042,56;3392;;2;ALMACEN;11729,09;WALTER JANIUK;;$;2;SOFTYS ARGENTINA S.A;;;CON;;;;;;;ROLLO DE COCINA;;;;;25;JOHANA VIGIL;AXUM;;;False;131295;0;1;;;;;;1;;15042,56
22940;Balboa - (TRADICIONAL) 597;CLAYPOLE;2026-10-01;01-10-2026;30-09-2026;FAC-B-131307;Venta;LAGOPUELO S.A;1509764;10,00;7845,20;9492,69;MARA GOMEZ;;0,00 %;056;Ezequiel Ferreira;;TF NORMAL T/SUAVE EXT ALGODON 8x54;784,52;3398;;5;KIOSCO;541,05;NAHUEL MONTOYA;;$;2;SOFTYS ARGENTINA S.A;;;CON;;;;;;;TOALLA FEMENINA;;;;;300;Bruno Centurion;AXUM;;;False;131307;0;1;;;;;;1;;784,52
22940;Balboa - (TRADICIONAL) 597;CLAYPOLE;2026-10-01;01-10-2026;30-09-2026;FAC-B-131307;Venta;LAGOPUELO S.A;1509758;10,00;10513,10;12720,85;MARA GOMEZ;;0,00 %;056;Ezequiel Ferreira;;TF UD T/SUAVE EXT ALGO 8X40;1051,31;3398;;5;KIOSCO;725,04;NAHUEL MONTOYA;;$;2;SOFTYS ARGENTINA S.A;;;CON;;;;;;;TOALLA FEMENINA;;;;;300;Bruno Centurion;AXUM;;;False;131307;0;1;;;;;;1;;1051,31
22940;Balboa - (TRADICIONAL) 597;CLAYPOLE;2026-10-01;01-10-2026;30-09-2026;FAC-B-131307;Venta;LAGOPUELO S.A;1501553;1,00;18915,57;22887,83;MARA GOMEZ;;23,00 %;056;Ezequiel Ferreira;;PH HIGIENOL DH PLUS FUSI”N 30M x4/10;18915,57;3398;;5;KIOSCO;15925,88;NAHUEL MONTOYA;;$;2;SOFTYS ARGENTINA S.A;;;CON;;;;;;;PAPEL HIG;;;;;300;Bruno Centurion;AXUM;;;False;131307;0;1;;;;;;1;;18915,57
22940;Balboa - (TRADICIONAL) 597;CLAYPOLE;2026-10-01;01-10-2026;30-09-2026;FAC-B-131307;Venta;LAGOPUELO S.A;1505688;1,00;15042,56;18201,49;MARA GOMEZ;;5,00 %;056;Ezequiel Ferreira;;RC Sussex clasico mas blanco 50px3/10;15042,56;3398;;5;KIOSCO;11729,09;NAHUEL MONTOYA;;$;2;SOFTYS ARGENTINA S.A;;;CON;;;;;;;ROLLO DE COCINA;;;;;300;Bruno Centurion;AXUM;;;False;131307;0;1;;;;;;1;;15042,56
22940;Balboa - (TRADICIONAL) 597;CLAYPOLE;2026-10-01;01-10-2026;30-09-2026;FAC-B-131307;Venta;LAGOPUELO S.A;1501585;1,00;33261,99;40247,01;MARA GOMEZ;;0,00 %;056;Ezequiel Ferreira;;PH HIGIENOL HS MAX ALOE PANAL 80M X4;33261,99;3398;;5;KIOSCO;22480,39;NAHUEL MONTOYA;;$;2;SOFTYS ARGENTINA S.A;;;CON;;;;;;;PAPEL HIG;;;;;300;Bruno Centurion;AXUM;;;False;131307;0;1;;;;;;1;;33261,99
22940;Balboa - (TRADICIONAL) 597;CLAYPOLE;2026-10-01;01-10-2026;30-09-2026;FAC-B-131307;Venta;LAGOPUELO S.A;1501627;1,00;12977,20;15702,42;MARA GOMEZ;;3,00 %;056;Ezequiel Ferreira;;PH Higienol HS Balanced 20mx4/12;12977,20;3398;;5;KIOSCO;9488,34;NAHUEL MONTOYA;;$;2;SOFTYS ARGENTINA S.A;;;CON;;;;;;;PAPEL HIG;;;;;300;Bruno Centurion;AXUM;;;False;131307;0;1;;;;;;1;;12977,20
22940;Balboa - (TRADICIONAL) 597;CLAYPOLE;2026-10-01;01-10-2026;30-09-2026;FAC-B-131307;Venta;LAGOPUELO S.A;1509764;1,00;0,00;0,00;MARA GOMEZ;;100,00 %;056;Ezequiel Ferreira;;TF NORMAL T/SUAVE EXT ALGODON 8x54;0,00;3398;;5;KIOSCO;541,05;NAHUEL MONTOYA;;$;2;SOFTYS ARGENTINA S.A;;;CON;;;;;;;TOALLA FEMENINA;;;;;300;Bruno Centurion;AXUM;;;False;131307;0;1;;;;;;1;;0,00
101042;Juan B Justo 3042 1 0;REMEDIOS DE ESCALADA;2026-10-01;01-10-2026;30-09-2026;FAC-A-131312;Venta;LAGOPUELO S.A;1503118;12,00;17623,92;21324,94;Yan Nengsheng;;0,00 %;29;Camila Navarrete;;TH BABYSEC ULTRA 50/24;1468,66;3391;;3;AUTOSERVICIO;1012,87;CLAUDIO GARCIA;;$;2;SOFTYS ARGENTINA S.A;;;EFV;;;;;;;;;;;;25;JOHANA VIGIL;AXUM;;;False;131312;0;1;;;;;;1;;1468,66
2921;Calle 138 N 627;Berazategui;2026-10-05;05-10-2026;30-09-2026;FAC-B-131316;Venta;ELEBES;1501627;1,00;12977,20;15702,42;SCHVINDT MARCELO;;3,00 %;4;Selene Pawlikowski;;PH Higienol HS Balanced 20mx4/12;12977,20;3430;;2;ALMACEN;9488,34;LEONARDO SANTA CRUZ;;$;2;SOFTYS ARGENTINA S.A;;;CON;;;;;;;PAPEL HIG;;;;;25;JOHANA VIGIL;AXUM;;;False;131316;0;1;;;;;;1;;12977,20
2921;Calle 138 N 627;Berazategui;2026-10-05;05-10-2026;30-09-2026;FAC-B-131316;Venta;ELEBES;1505688;1,00;15042,56;18201,49;SCHVINDT MARCELO;;5,00 %;4;Selene Pawlikowski;;RC Sussex clasico mas blanco 50px3/10;15042,56;3430;;2;ALMACEN;11729,09;LEONARDO SANTA CRUZ;;$;2;SOFTYS ARGENTINA S.A;;;CON;;;;;;;ROLLO DE COCINA;;;;;25;JOHANA VIGIL;AXUM;;;False;131316;0;1;;;;;;1;;15042,56
5192;PTE. PERON 347;FLORENCIO VARELA;2026-10-01;01-10-2026;30-09-2026;FAC-A-131325;Venta;LAGOPUELO S.A;1509763;12,00;25884,36;31320,08;LATITUD 3502 SRL;;0,00 %;6;Nieves Alegre;;TF Nocturna EXT ALGODON 16X16;2157,03;3392;;3;AUTOSERVICIO;1487,60;WALTER JANIUK;;$;2;SOFTYS ARGENTINA S.A;;;CON;;;;;;;TOALLA FEMENINA;;;;;25;JOHANA VIGIL;AXUM;;;False;131325;0;1;;;;;;1;;2157,03
5192;PTE. PERON 347;FLORENCIO VARELA;2026-10-01;01-10-2026;30-09-2026;FAC-A-131325;Venta;LAGOPUELO S.A;1509762;12,00;13384,92;16195,75;LATITUD 3502 SRL;;0,00 %;6;Nieves Alegre;;TF NOCTUR EXT A 8x32;1115,41;3392;;3;AUTOSERVICIO;769,25;WALTER JANIUK;;$;2;SOFTYS ARGENTINA S.A;;;CON;;;;;;;TOALLA FEMENINA;;;;;25;JOHANA VIGIL;AXUM;;;False;131325;0;1;;;;;;1;;1115,41
5192;PTE. PERON 347;FLORENCIO VARELA;2026-10-01;01-10-2026;30-09-2026;FAC-A-131325;Venta;LAGOPUELO S.A;1504289;8,00;79130,74;95748,19;LATITUD 3502 SRL;;10,00 %;6;Nieves Alegre;;PLBABYSEC PREM SOFTXXG x30/4;9891,34;3392;;3;AUTOSERVICIO;8141,02;WALTER JANIUK;;$;2;SOFTYS ARGENTINA S.A;;;CON;;;;;;;PAÒAL;;;;;25;JOHANA VIGIL;AXUM;;;False;131325;0;1;;;;;;1;;9891,34
23488;ferre 981;Rafael Calzada;2026-10-01;01-10-2026;30-09-2026;FAC-A-131328;Venta;LAGOPUELO S.A;1509749;6,00;7422,96;8981,78;ZHENG HUADI;;0,00 %;063;Daniel Martin;;PD ladysoft clasicos 20x30;1237,16;3399;;3;Autoservicio B;853,21;SIMON OLIVERA;;$;2;SOFTYS ARGENTINA S.A;;;CON;;;;;;;PROTECTOR DIARIO;;;;;300;Bruno Centurion;AXUM;;;False;131328;0;1;;;;;;1;;1237,16
23488;ferre 981;Rafael Calzada;2026-10-01;01-10-2026;30-09-2026;FAC-A-131328;Venta;LAGOPUELO S.A;1509756;6,00;13203,84;15976,65;ZHENG HUADI;;0,00 %;063;Daniel Martin;;TF UD T/SECA LADYSOFT UL PRT 16u;2200,64;3399;;3;Autoservicio B;1517,68;SIMON OLIVERA;;$;2;SOFTYS ARGENTINA S.A;;;CON;;;;;;;TOALLA FEMENINA;;;;;300;Bruno Centurion;AXUM;;;False;131328;0;1;;;;;;1;;2200,64
101042;Juan B Justo 3042 1 0;REMEDIOS DE ESCALADA;2026-10-01;01-10-2026;30-09-2026;FAC-A-131330;Venta;LAGOPUELO S.A;1501553;2,00;37831,13;45775,67;Yan Nengsheng;;23,00 %;29;Camila Navarrete;;PH HIGIENOL DH PLUS FUSI”N 30M x4/10;18915,57;3391;;3;AUTOSERVICIO;15925,88;CLAUDIO GARCIA;;$;2;SOFTYS ARGENTINA S.A;;;EFV;;;;;;;PAPEL HIG;;;;;25;JOHANA VIGIL;AXUM;;;False;131330;0;1;;;;;;1;;18915,57
25044;CALLE 844 2660;SAN FRANCISCO SOLANO;2026-10-01;01-10-2026;30-09-2026;FAC-A-131340;Venta;LAGOPUELO S.A;1509764;54,00;42364,08;51260,54;MELISA VICTORIA DI LUCA;;0,00 %;056;Ezequiel Ferreira;;TF NORMAL T/SUAVE EXT ALGODON 8x54;784,52;3398;;georgalos-803;Perfumeria;541,05;NAHUEL MONTOYA;;$;2;SOFTYS ARGENTINA S.A;;;CON;;;;;;;TOALLA FEMENINA;;;;;300;Bruno Centurion;AXUM;;;False;131340;0;1;;;;;;1;;784,52
25044;CALLE 844 2660;SAN FRANCISCO SOLANO;2026-10-01;01-10-2026;30-09-2026;FAC-A-131340;Venta;LAGOPUELO S.A;1509765;27,00;41533,56;50255,61;MELISA VICTORIA DI LUCA;;0,00 %;056;Ezequiel Ferreira;;TF NORMALT/SUAVE EXT ALG 16x27;1538,28;3398;;georgalos-803;Perfumeria;1060,88;NAHUEL MONTOYA;;$;2;SOFTYS ARGENTINA S.A;;;CON;;;;;;;TOALLA FEMENINA;;;;;300;Bruno Centurion;AXUM;;;False;131340;0;1;;;;;;1;;1538,28
25044;CALLE 844 2660;SAN FRANCISCO SOLANO;2026-10-01;01-10-2026;30-09-2026;FAC-A-131340;Venta;LAGOPUELO S.A;1509762;32,00;35693,12;43188,68;MELISA VICTORIA DI LUCA;;0,00 %;056;Ezequiel Ferreira;;TF NOCTUR EXT A 8x32;1115,41;3398;;georgalos-803;Perfumeria;769,25;NAHUEL MONTOYA;;$;2;SOFTYS ARGENTINA S.A;;;CON;;;;;;;TOALLA FEMENINA;;;;;300;Bruno Centurion;AXUM;;;False;131340;0;1;;;;;;1;;1115,41
25044;CALLE 844 2660;SAN FRANCISCO SOLANO;2026-10-01;01-10-2026;30-09-2026;FAC-A-131340;Venta;LAGOPUELO S.A;1505411;36,00;50360,76;60936,52;MELISA VICTORIA DI LUCA;;0,00 %;056;Ezequiel Ferreira;;P— ELITE FACIALES DISNEY x90/36;1398,91;3398;;georgalos-803;Perfumeria;964,77;NAHUEL MONTOYA;;$;2;SOFTYS ARGENTINA S.A;;;CON;;;;;;;PAÒUELOS;;;;;300;Bruno Centurion;AXUM;;;False;131340;0;1;;;;;;1;;1398,91
25044;CALLE 844 2660;SAN FRANCISCO SOLANO;2026-10-01;01-10-2026;30-09-2026;FAC-A-131340;Venta;LAGOPUELO S.A;1509764;5,00;0,00;0,00;MELISA VICTORIA DI LUCA;;100,00 %;056;Ezequiel Ferreira;;TF NORMAL T/SUAVE EXT ALGODON 8x54;0,00;3398;;georgalos-803;Perfumeria;541,05;NAHUEL MONTOYA;;$;2;SOFTYS ARGENTINA S.A;;;CON;;;;;;;TOALLA FEMENINA;;;;;300;Bruno Centurion;AXUM;;;False;131340;0;1;;;;;;1;;0,00
3033;CARLOS PELLEGRINI 2654;QUILMES;2026-10-02;02-10-2026;30-09-2026;FAC-A-131343;Venta;LAGOPUELO S.A;1504208;8,00;64599,77;78165,72;HUANG XIWEI;;10,00 %;054;Leonel Caruso;;BABYSEC ULTSOFT XX6 30/4;8074,97;3413;;3;AUTOSERVICIO;6646,06;HERNAN RIVERO;;$;2;SOFTYS ARGENTINA S.A;;;CON;;;;;;;PAÒAL;;;;;300;Bruno Centurion;AXUM;;;False;131343;0;1;;;;;;1;;8074,97
3140;CARLOS PELLEGRINI 2053;QUILMES;2026-10-02;02-10-2026;30-09-2026;FAC-A-131349;Venta;LAGOPUELO S.A;1501553;3,00;56746,70;68663,50;SCHIRO JUAN JOSE;;23,00 %;054;Leonel Caruso;;PH HIGIENOL DH PLUS FUSI”N 30M x4/10;18915,57;3413;;2;ALMACEN;15925,88;HERNAN RIVERO;;$;2;SOFTYS ARGENTINA S.A;;;CON;;;;;;;PAPEL HIG;;;;;300;Bruno Centurion;AXUM;;;False;131349;0;1;;;;;;1;;18915,57
853;RODOLFO LOPEZ 2299;QUILMES OESTE;2026-10-02;02-10-2026;30-09-2026;FAC-B-131351;Venta;LAGOPUELO S.A;1501553;1,00;18915,57;22887,83;ENRIQUE ANIBAL GABRIELLI;;23,00 %;054;Leonel Caruso;;PH HIGIENOL DH PLUS FUSI”N 30M x4/10;18915,57;3413;;2;ALMACEN;15925,88;HERNAN RIVERO;;$;2;SOFTYS ARGENTINA S.A;;;CON;;;;;;;PAPEL HIG;;;;;300;Bruno Centurion;AXUM;;;False;131351;0;1;;;;;;1;;18915,57
853;RODOLFO LOPEZ 2299;QUILMES OESTE;2026-10-02;02-10-2026;30-09-2026;FAC-B-131351;Venta;LAGOPUELO S.A;1505688;1,00;15042,56;18201,49;ENRIQUE ANIBAL GABRIELLI;;5,00 %;054;Leonel Caruso;;RC Sussex clasico mas blanco 50px3/10;15042,56;3413;;2;ALMACEN;11729,09;HERNAN RIVERO;;$;2;SOFTYS ARGENTINA S.A;;;CON;;;;;;;ROLLO DE COCINA;;;;;300;Bruno Centurion;AXUM;;;False;131351;0;1;;;;;;1;;15042,56
853;RODOLFO LOPEZ 2299;QUILMES OESTE;2026-10-02;02-10-2026;30-09-2026;FAC-B-131351;Venta;LAGOPUELO S.A;1505496;6,00;6906,36;8356,70;ENRIQUE ANIBAL GABRIELLI;;0,00 %;054;Leonel Caruso;;PO ELITE ST CON ALGODON X10 PACK 6;1151,06;3413;;2;ALMACEN;793,84;HERNAN RIVERO;;$;2;SOFTYS ARGENTINA S.A;;;CON;;;;;;;PAÒUELOS;;;;;300;Bruno Centurion;AXUM;;;False;131351;0;1;;;;;;1;;1151,06
22945;MARGARITA - (TRADICIONAL) 315;ALTE BROWN;2026-10-01;01-10-2026;30-09-2026;FAC-B-131354;Venta;LAGOPUELO S.A;1504088;4,00;47473,38;57442,79;ARANDA GERARDO;;10,00 %;056;Ezequiel Ferreira;;PL BABYSEC ULTRSOFT XXG x50/4;11868,35;3398;;2;ALMACEN;9768,18;NAHUEL MONTOYA;;$;2;SOFTYS ARGENTINA S.A;;;CON;;;;;;;PAÒAL;;;;;300;Bruno Centurion;AXUM;;;False;131354;0;1;;;;;;1;;11868,35
27620;San Joaquin - (AUTOSERVICIOS) 321;TURDERA;2026-10-02;02-10-2026;30-09-2026;FAC-A-131356;Venta;LAGOPUELO S.A;1509762;12,00;13384,92;16195,75;XIONGBIN LIN;;0,00 %;074;Romina Baez;;TF NOCTUR EXT A 8x32;1115,41;3410;;3;Autoservicio A;769,25;MARIANO SOSA;;$;2;SOFTYS ARGENTINA S.A;;;CON;;;;;;;TOALLA FEMENINA;;;;;300;Bruno Centurion;AXUM;;;False;131356;0;1;;;;;;1;;1115,41
27620;San Joaquin - (AUTOSERVICIOS) 321;TURDERA;2026-10-02;02-10-2026;30-09-2026;FAC-A-131356;Venta;LAGOPUELO S.A;1509758;12,00;12615,72;15265,02;XIONGBIN LIN;;0,00 %;074;Romina Baez;;TF UD T/SUAVE EXT ALGO 8X40;1051,31;3410;;3;Autoservicio A;725,04;MARIANO SOSA;;$;2;SOFTYS ARGENTINA S.A;;;CON;;;;;;;TOALLA FEMENINA;;;;;300;Bruno Centurion;AXUM;;;False;131356;0;1;;;;;;1;;1051,31
22947;AV. LACAZE - (AUTOSERVICIOS) 6559;ALTE BROWN;2026-10-01;01-10-2026;30-09-2026;FAC-A-131362;Venta;LAGOPUELO S.A;1509766;54,00;45780,12;55393,95;He Youting;;0,00 %;056;Ezequiel Ferreira;;TF T/SECA NORMAL MAS PROTECC 8x54;847,78;3398;;3;Autoservicio A;584,68;NAHUEL MONTOYA;;$;2;SOFTYS ARGENTINA S.A;;;CON;;;;;;;TOALLA FEMENINA;;;;;300;Bruno Centurion;AXUM;;;False;131362;0;1;;;;;;1;;847,78
22947;AV. LACAZE - (AUTOSERVICIOS) 6559;ALTE BROWN;2026-10-01;01-10-2026;30-09-2026;FAC-A-131362;Venta;LAGOPUELO S.A;1509756;20,00;44012,80;53255,49;He Youting;;0,00 %;056;Ezequiel Ferreira;;TF UD T/SECA LADYSOFT UL PRT 16u;2200,64;3398;;3;Autoservicio A;1517,68;NAHUEL MONTOYA;;$;2;SOFTYS ARGENTINA S.A;;;CON;;;;;;;TOALLA FEMENINA;;;;;300;Bruno Centurion;AXUM;;;False;131362;0;1;;;;;;1;;2200,64
22947;AV. LACAZE - (AUTOSERVICIOS) 6559;ALTE BROWN;2026-10-01;01-10-2026;30-09-2026;FAC-A-131362;Venta;LAGOPUELO S.A;1509765;27,00;41533,56;50255,61;He Youting;;0,00 %;056;Ezequiel Ferreira;;TF NORMALT/SUAVE EXT ALG 16x27;1538,28;3398;;3;Autoservicio A;1060,88;NAHUEL MONTOYA;;$;2;SOFTYS ARGENTINA S.A;;;CON;;;;;;;TOALLA FEMENINA;;;;;300;Bruno Centurion;AXUM;;;False;131362;0;1;;;;;;1;;1538,28
22947;AV. LACAZE - (AUTOSERVICIOS) 6559;ALTE BROWN;2026-10-01;01-10-2026;30-09-2026;FAC-A-131362;Venta;LAGOPUELO S.A;1509762;32,00;35693,12;43188,68;He Youting;;0,00 %;056;Ezequiel Ferreira;;TF NOCTUR EXT A 8x32;1115,41;3398;;3;Autoservicio A;769,25;NAHUEL MONTOYA;;$;2;SOFTYS ARGENTINA S.A;;;CON;;;;;;;TOALLA FEMENINA;;;;;300;Bruno Centurion;AXUM;;;False;131362;0;1;;;;;;1;;1115,41
22947;AV. LACAZE - (AUTOSERVICIOS) 6559;ALTE BROWN;2026-10-01;01-10-2026;30-09-2026;FAC-A-131362;Venta;LAGOPUELO S.A;1509763;16,00;34512,48;41760,10;He Youting;;0,00 %;056;Ezequiel Ferreira;;TF Nocturna EXT ALGODON 16X16;2157,03;3398;;3;Autoservicio A;1487,60;NAHUEL MONTOYA;;$;2;SOFTYS ARGENTINA S.A;;;CON;;;;;;;TOALLA FEMENINA;;;;;300;Bruno Centurion;AXUM;;;False;131362;0;1;;;;;;1;;2157,03
22947;AV. LACAZE - (AUTOSERVICIOS) 6559;ALTE BROWN;2026-10-01;01-10-2026;30-09-2026;FAC-A-131362;Venta;LAGOPUELO S.A;1509765;27,00;41533,56;50255,61;He Youting;;0,00 %;056;Ezequiel Ferreira;;TF NORMALT/SUAVE EXT ALG 16x27;1538,28;3398;;3;Autoservicio A;1060,88;NAHUEL MONTOYA;;$;2;SOFTYS ARGENTINA S.A;;;CON;;;;;;;TOALLA FEMENINA;;;;;300;Bruno Centurion;AXUM;;;False;131362;0;1;;;;;;1;;1538,28
22947;AV. LACAZE - (AUTOSERVICIOS) 6559;ALTE BROWN;2026-10-01;01-10-2026;30-09-2026;FAC-A-131362;Venta;LAGOPUELO S.A;1509749;30,00;37114,80;44908,91;He Youting;;0,00 %;056;Ezequiel Ferreira;;PD ladysoft clasicos 20x30;1237,16;3398;;3;Autoservicio A;853,21;NAHUEL MONTOYA;;$;2;SOFTYS ARGENTINA S.A;;;CON;;;;;;;PROTECTOR DIARIO;;;;;300;Bruno Centurion;AXUM;;;False;131362;0;1;;;;;;1;;1237,16
5069;LA PULPERIA 1120;FLORENCIO VARELA;2026-10-01;01-10-2026;30-09-2026;FAC-A-131364;Venta;LAGOPUELO S.A;1501554;1,00;26579,76;32161,51;YU PAULA;;0,00 %;7;Myrian Lertora;;PH HIGIENOL DH BALANCE 30M X4/10;26579,76;3392;;3;AUTOSERVICIO;18330,87;WALTER JANIUK;;$;2;SOFTYS ARGENTINA S.A;;;CON;;;;;;;PAPEL HIG;;;;;25;JOHANA VIGIL;AXUM;;;False;131364;0;1;;;;;;1;;26579,76
5069;LA PULPERIA 1120;FLORENCIO VARELA;2026-10-01;01-10-2026;30-09-2026;FAC-A-131364;Venta;LAGOPUELO S.A;1501553;60,00;1017018,74;1230592,67;YU PAULA;;31,00 %;7;Myrian Lertora;;PH HIGIENOL DH PLUS FUSI”N 30M x4/10;16950,31;3392;;3;AUTOSERVICIO;15925,88;WALTER JANIUK;;$;2;SOFTYS ARGENTINA S.A;;;CON;;;;;;;PAPEL HIG;;;;;25;JOHANA VIGIL;AXUM;;;False;131364;0;1;;;;;;1;;16950,31
5069;LA PULPERIA 1120;FLORENCIO VARELA;2026-10-01;01-10-2026;30-09-2026;FAC-A-131364;Venta;LAGOPUELO S.A;1509764;12,00;9414,24;11391,23;YU PAULA;;0,00 %;7;Myrian Lertora;;TF NORMAL T/SUAVE EXT ALGODON 8x54;784,52;3392;;3;AUTOSERVICIO;541,05;WALTER JANIUK;;$;2;SOFTYS ARGENTINA S.A;;;CON;;;;;;;TOALLA FEMENINA;;;;;25;JOHANA VIGIL;AXUM;;;False;131364;0;1;;;;;;1;;784,52
5069;LA PULPERIA 1120;FLORENCIO VARELA;2026-10-01;01-10-2026;30-09-2026;FAC-A-131364;Venta;LAGOPUELO S.A;1509765;12,00;18459,36;22335,83;YU PAULA;;0,00 %;7;Myrian Lertora;;TF NORMALT/SUAVE EXT ALG 16x27;1538,28;3392;;3;AUTOSERVICIO;1060,88;WALTER JANIUK;;$;2;SOFTYS ARGENTINA S.A;;;CON;;;;;;;TOALLA FEMENINA;;;;;25;JOHANA VIGIL;AXUM;;;False;131364;0;1;;;;;;1;;1538,28
5069;LA PULPERIA 1120;FLORENCIO VARELA;2026-10-01;01-10-2026;30-09-2026;FAC-A-131364;Venta;LAGOPUELO S.A;1509766;12,00;10173,36;12309,77;YU PAULA;;0,00 %;7;Myrian Lertora;;TF T/SECA NORMAL MAS PROTECC 8x54;847,78;3392;;3;AUTOSERVICIO;584,68;WALTER JANIUK;;$;2;SOFTYS ARGENTINA S.A;;;CON;;;;;;;TOALLA FEMENINA;;;;;25;JOHANA VIGIL;AXUM;;;False;131364;0;1;;;;;;1;;847,78
5069;LA PULPERIA 1120;FLORENCIO VARELA;2026-10-01;01-10-2026;30-09-2026;FAC-A-131364;Venta;LAGOPUELO S.A;1509762;12,00;13384,92;16195,75;YU PAULA;;0,00 %;7;Myrian Lertora;;TF NOCTUR EXT A 8x32;1115,41;3392;;3;AUTOSERVICIO;769,25;WALTER JANIUK;;$;2;SOFTYS ARGENTINA S.A;;;CON;;;;;;;TOALLA FEMENINA;;;;;25;JOHANA VIGIL;AXUM;;;False;131364;0;1;;;;;;1;;1115,41
5069;LA PULPERIA 1120;FLORENCIO VARELA;2026-10-01;01-10-2026;30-09-2026;FAC-A-131364;Venta;LAGOPUELO S.A;1509763;12,00;25884,36;31320,08;YU PAULA;;0,00 %;7;Myrian Lertora;;TF Nocturna EXT ALGODON 16X16;2157,03;3392;;3;AUTOSERVICIO;1487,60;WALTER JANIUK;;$;2;SOFTYS ARGENTINA S.A;;;CON;;;;;;;TOALLA FEMENINA;;;;;25;JOHANA VIGIL;AXUM;;;False;131364;0;1;;;;;;1;;2157,03
5069;LA PULPERIA 1120;FLORENCIO VARELA;2026-10-01;01-10-2026;30-09-2026;FAC-A-131364;Venta;LAGOPUELO S.A;1509755;12,00;13572,60;16422,85;YU PAULA;;0,00 %;7;Myrian Lertora;;TF UD T/SECA LADYSOFT ULTRA PROTECT 8;1131,05;3392;;3;AUTOSERVICIO;780,04;WALTER JANIUK;;$;2;SOFTYS ARGENTINA S.A;;;CON;;;;;;;TOALLA FEMENINA;;;;;25;JOHANA VIGIL;AXUM;;;False;131364;0;1;;;;;;1;;1131,05
5069;LA PULPERIA 1120;FLORENCIO VARELA;2026-10-01;01-10-2026;30-09-2026;FAC-A-131364;Venta;LAGOPUELO S.A;1509756;12,00;26407,68;31953,29;YU PAULA;;0,00 %;7;Myrian Lertora;;TF UD T/SECA LADYSOFT UL PRT 16u;2200,64;3392;;3;AUTOSERVICIO;1517,68;WALTER JANIUK;;$;2;SOFTYS ARGENTINA S.A;;;CON;;;;;;;TOALLA FEMENINA;;;;;25;JOHANA VIGIL;AXUM;;;False;131364;0;1;;;;;;1;;2200,64
5069;LA PULPERIA 1120;FLORENCIO VARELA;2026-10-01;01-10-2026;30-09-2026;FAC-A-131364;Venta;LAGOPUELO S.A;1509749;12,00;14845,92;17963,56;YU PAULA;;0,00 %;7;Myrian Lertora;;PD ladysoft clasicos 20x30;1237,16;3392;;3;AUTOSERVICIO;853,21;WALTER JANIUK;;$;2;SOFTYS ARGENTINA S.A;;;CON;;;;;;;PROTECTOR DIARIO;;;;;25;JOHANA VIGIL;AXUM;;;False;131364;0;1;;;;;;1;;1237,16
5069;LA PULPERIA 1120;FLORENCIO VARELA;2026-10-01;01-10-2026;30-09-2026;FAC-A-131364;Venta;LAGOPUELO S.A;1509750;12,00;39072,48;47277,70;YU PAULA;;0,00 %;7;Myrian Lertora;;PD LADYSOFT CLASICOS 56x10;3256,04;3392;;3;AUTOSERVICIO;2245,55;WALTER JANIUK;;$;2;SOFTYS ARGENTINA S.A;;;CON;;;;;;;PROTECTOR DIARIO;;;;;25;JOHANA VIGIL;AXUM;;;False;131364;0;1;;;;;;1;;3256,04
5069;LA PULPERIA 1120;FLORENCIO VARELA;2026-10-01;01-10-2026;30-09-2026;FAC-A-131364;Venta;LAGOPUELO S.A;1509764;1,00;0,00;0,00;YU PAULA;;100,00 %;7;Myrian Lertora;;TF NORMAL T/SUAVE EXT ALGODON 8x54;0,00;3392;;3;AUTOSERVICIO;541,05;WALTER JANIUK;;$;2;SOFTYS ARGENTINA S.A;;;CON;;;;;;;TOALLA FEMENINA;;;;;25;JOHANA VIGIL;AXUM;;;False;131364;0;1;;;;;;1;;0,00
100788;Achaval 2501 0;REMEDIOS DE ESCALADA;2026-10-01;01-10-2026;30-09-2026;FAC-A-131367;Venta;LAGOPUELO S.A;1509759;12,00;24115,08;29179,25;Lin Xiamei;;0,00 %;29;Camila Navarrete;;TF UD T/SUAVE EXT ALG 16x20;2009,59;3391;;3;AUTOSERVICIO;1385,93;CLAUDIO GARCIA;;$;2;SOFTYS ARGENTINA S.A;;;EFV;;;;;;;TOALLA FEMENINA;;;;;25;JOHANA VIGIL;AXUM;;;False;131367;0;1;;;;;;1;;2009,59
100788;Achaval 2501 0;REMEDIOS DE ESCALADA;2026-10-01;01-10-2026;30-09-2026;FAC-A-131367;Venta;LAGOPUELO S.A;1509757;6,00;18864,00;22825,44;Lin Xiamei;;0,00 %;29;Camila Navarrete;;TF UD T/SECA LADYSOFT UL PTEC 24u;3144,00;3391;;3;AUTOSERVICIO;2168,27;CLAUDIO GARCIA;;$;2;SOFTYS ARGENTINA S.A;;;EFV;;;;;;;TOALLA FEMENINA;;;;;25;JOHANA VIGIL;AXUM;;;False;131367;0;1;;;;;;1;;3144,00
100788;Achaval 2501 0;REMEDIOS DE ESCALADA;2026-10-01;01-10-2026;30-09-2026;FAC-A-131367;Venta;LAGOPUELO S.A;1509755;6,00;6786,30;8211,42;Lin Xiamei;;0,00 %;29;Camila Navarrete;;TF UD T/SECA LADYSOFT ULTRA PROTECT 8;1131,05;3391;;3;AUTOSERVICIO;780,04;CLAUDIO GARCIA;;$;2;SOFTYS ARGENTINA S.A;;;EFV;;;;;;;TOALLA FEMENINA;;;;;25;JOHANA VIGIL;AXUM;;;False;131367;0;1;;;;;;1;;1131,05
100788;Achaval 2501 0;REMEDIOS DE ESCALADA;2026-10-01;01-10-2026;30-09-2026;FAC-A-131367;Venta;LAGOPUELO S.A;1501553;5,00;94577,83;114439,17;Lin Xiamei;;23,00 %;29;Camila Navarrete;;PH HIGIENOL DH PLUS FUSI”N 30M x4/10;18915,57;3391;;3;AUTOSERVICIO;15925,88;CLAUDIO GARCIA;;$;2;SOFTYS ARGENTINA S.A;;;EFV;;;;;;;PAPEL HIG;;;;;25;JOHANA VIGIL;AXUM;;;False;131367;0;1;;;;;;1;;18915,57
5301;LUJAN 1407;FLORENCIO VARELA;2026-10-01;01-10-2026;30-09-2026;FAC-A-131375;Venta;LAGOPUELO S.A;1501584;2,00;85699,94;103696,93;JIANG MEIYUN;;0,00 %;051;Ezequiel Valente;;PH HIGIENOL HS MAX ALOE PANAL 100M 4x/10;42849,97;3397;;3;AUTOSERVICIO;29551,70;JUAN ESCOTO;;$;2;SOFTYS ARGENTINA S.A;;;CON;;;;;;;PAPEL HIG;;;;;300;Bruno Centurion;AXUM;;;False;131375;0;1;;;;;;1;;42849,97
323025;BARTOLOME MITRE 654;FLORENCIO VARELA;2026-10-01;01-10-2026;30-09-2026;FAC-A-131376;Venta;LAGOPUELO S.A;1503118;12,00;17623,92;21324,94;WENG FENGMEI;;0,00 %;6;Nieves Alegre;;TH BABYSEC ULTRA 50/24;1468,66;3392;;3;AUTOSERVICIO;1012,87;WALTER JANIUK;;$;2;SOFTYS ARGENTINA S.A;;;CON;;;;;;;;;;;;25;JOHANA VIGIL;AXUM;;;False;131376;0;1;;;;;;1;;1468,66
323025;BARTOLOME MITRE 654;FLORENCIO VARELA;2026-10-01;01-10-2026;30-09-2026;FAC-A-131376;Venta;LAGOPUELO S.A;1509768;12,00;10821,72;13094,28;WENG FENGMEI;;0,00 %;6;Nieves Alegre;;TF NORMAL T/SUAVE PIEL SENSIBLE 8x54;901,81;3392;;3;AUTOSERVICIO;621,94;WALTER JANIUK;;$;2;SOFTYS ARGENTINA S.A;;;CON;;;;;;;TOALLA FEMENINA;;;;;25;JOHANA VIGIL;AXUM;;;False;131376;0;1;;;;;;1;;901,81
486;SARMIENTO 1615;Lan˙s;2026-10-02;02-10-2026;30-09-2026;FAC-A-131380;Venta;LAGOPUELO S.A;1501553;1,00;18915,57;22887,83;Alberto David Soto;;23,00 %;26;Sabrina Pereyra;;PH HIGIENOL DH PLUS FUSI”N 30M x4/10;18915,57;3408;;4;FIAMBRERIA;15925,88;CLAUDIO GARCIA;;$;2;SOFTYS ARGENTINA S.A;;;EFV;;;;;;;PAPEL HIG;;;;;25;JOHANA VIGIL;AXUM;;;False;131380;0;1;;;;;;1;;18915,57
3981;AV 12 DE OCTUBRE 2777;QUILMES OESTE;2026-10-02;02-10-2026;30-09-2026;FAC-A-131387;Venta;LAGOPUELO S.A;1501553;2,00;37831,13;45775,67;ARIEL HUMBERTO CRUZ;;23,00 %;053;Verona Abati;;PH HIGIENOL DH PLUS FUSI”N 30M x4/10;18915,57;3413;;3;AUTOSERVICIO;15925,88;HERNAN RIVERO;;$;2;SOFTYS ARGENTINA S.A;;;CON;;;;;;;PAPEL HIG;;;;;300;Bruno Centurion;AXUM;;;False;131387;0;1;;;;;;1;;18915,57
3981;AV 12 DE OCTUBRE 2777;QUILMES OESTE;2026-10-02;02-10-2026;30-09-2026;FAC-A-131387;Venta;LAGOPUELO S.A;1501618;3,00;53605,50;64862,66;ARIEL HUMBERTO CRUZ;;0,00 %;053;Verona Abati;;PH HIG  FRESH ALOE 30M X4/12;17868,50;3413;;3;AUTOSERVICIO;12323,10;HERNAN RIVERO;;$;2;SOFTYS ARGENTINA S.A;;;CON;;;;;;;PAPEL HIG;;;;;300;Bruno Centurion;AXUM;;;False;131387;0;1;;;;;;1;;17868,50
3981;AV 12 DE OCTUBRE 2777;QUILMES OESTE;2026-10-02;02-10-2026;30-09-2026;FAC-A-131387;Venta;LAGOPUELO S.A;1501586;2,00;56833,64;68768,70;ARIEL HUMBERTO CRUZ;;0,00 %;053;Verona Abati;;PH HIGIENOL HS MAX 50x4;28416,82;3413;;3;AUTOSERVICIO;19597,81;HERNAN RIVERO;;$;2;SOFTYS ARGENTINA S.A;;;CON;;;;;;;PAPEL HIG;;;;;300;Bruno Centurion;AXUM;;;False;131387;0;1;;;;;;1;;28416,82
3981;AV 12 DE OCTUBRE 2777;QUILMES OESTE;2026-10-02;02-10-2026;30-09-2026;FAC-A-131387;Venta;LAGOPUELO S.A;1501585;2,00;66523,98;80494,02;ARIEL HUMBERTO CRUZ;;0,00 %;053;Verona Abati;;PH HIGIENOL HS MAX ALOE PANAL 80M X4;33261,99;3413;;3;AUTOSERVICIO;22480,39;HERNAN RIVERO;;$;2;SOFTYS ARGENTINA S.A;;;CON;;;;;;;PAPEL HIG;;;;;300;Bruno Centurion;AXUM;;;False;131387;0;1;;;;;;1;;33261,99
3981;AV 12 DE OCTUBRE 2777;QUILMES OESTE;2026-10-02;02-10-2026;30-09-2026;FAC-A-131387;Venta;LAGOPUELO S.A;1505688;2,00;30085,11;36402,99;ARIEL HUMBERTO CRUZ;;5,00 %;053;Verona Abati;;RC Sussex clasico mas blanco 50px3/10;15042,56;3413;;3;AUTOSERVICIO;11729,09;HERNAN RIVERO;;$;2;SOFTYS ARGENTINA S.A;;;CON;;;;;;;ROLLO DE COCINA;;;;;300;Bruno Centurion;AXUM;;;False;131387;0;1;;;;;;1;;15042,56
3981;AV 12 DE OCTUBRE 2777;QUILMES OESTE;2026-10-02;02-10-2026;30-09-2026;FAC-A-131387;Venta;LAGOPUELO S.A;1503131;8,00;16503,04;19968,68;ARIEL HUMBERTO CRUZ;;0,00 %;053;Verona Abati;;TH BABYSEC PREMIUM X45/10;2062,88;3413;;3;AUTOSERVICIO;1422,68;HERNAN RIVERO;;$;2;SOFTYS ARGENTINA S.A;;;CON;;;;;;;TOALLA HUMEDA;;;;;300;Bruno Centurion;AXUM;;;False;131387;0;1;;;;;;1;;2062,88
6256;AV CALCHAQUI 5756;Varela;2026-10-01;01-10-2026;30-09-2026;FAC-A-131390;Venta;LAGOPUELO S.A;1509763;16,00;34512,48;41760,10;GAO XIANGYING;;0,00 %;051;Ezequiel Valente;;TF Nocturna EXT ALGODON 16X16;2157,03;3397;;3;AUTOSERVICIO;1487,60;JUAN ESCOTO;;$;2;SOFTYS ARGENTINA S.A;;;CON;;;;;;;TOALLA FEMENINA;;;;;300;Bruno Centurion;AXUM;;;False;131390;0;1;;;;;;1;;2157,03
6256;AV CALCHAQUI 5756;Varela;2026-10-01;01-10-2026;30-09-2026;FAC-A-131390;Venta;LAGOPUELO S.A;1509755;40,00;45242,00;54742,82;GAO XIANGYING;;0,00 %;051;Ezequiel Valente;;TF UD T/SECA LADYSOFT ULTRA PROTECT 8;1131,05;3397;;3;AUTOSERVICIO;780,04;JUAN ESCOTO;;$;2;SOFTYS ARGENTINA S.A;;;CON;;;;;;;TOALLA FEMENINA;;;;;300;Bruno Centurion;AXUM;;;False;131390;0;1;;;;;;1;;1131,05
6605;HIPOLITO YRIGOYEN 5171 5171;LANUS;2026-10-01;01-10-2026;30-09-2026;FAC-A-131396;Venta;ELEBES;1509764;10,00;7845,20;9492,69;JULIAN MAXIMILIANO IGLESIAS;;0,00 %;24;Cecilia Gauchez;;TF NORMAL T/SUAVE EXT ALGODON 8x54;784,52;3391;;5;KIOSCO;541,05;CLAUDIO GARCIA;;$;2;SOFTYS ARGENTINA S.A;;;EFV;;;;;;;TOALLA FEMENINA;;;;;25;JOHANA VIGIL;AXUM;;;False;131396;0;1;;;;;;1;;784,52
6605;HIPOLITO YRIGOYEN 5171 5171;LANUS;2026-10-01;01-10-2026;30-09-2026;FAC-A-131396;Venta;ELEBES;1503131;2,00;4125,76;4992,17;JULIAN MAXIMILIANO IGLESIAS;;0,00 %;24;Cecilia Gauchez;;TH BABYSEC PREMIUM X45/10;2062,88;3391;;5;KIOSCO;1422,68;CLAUDIO GARCIA;;$;2;SOFTYS ARGENTINA S.A;;;EFV;;;;;;;TOALLA HUMEDA;;;;;25;JOHANA VIGIL;AXUM;;;False;131396;0;1;;;;;;1;;2062,88
6605;HIPOLITO YRIGOYEN 5171 5171;LANUS;2026-10-01;01-10-2026;30-09-2026;FAC-A-131396;Venta;ELEBES;1509764;1,00;0,00;0,00;JULIAN MAXIMILIANO IGLESIAS;;100,00 %;24;Cecilia Gauchez;;TF NORMAL T/SUAVE EXT ALGODON 8x54;0,00;3391;;5;KIOSCO;541,05;CLAUDIO GARCIA;;$;2;SOFTYS ARGENTINA S.A;;;EFV;;;;;;;TOALLA FEMENINA;;;;;25;JOHANA VIGIL;AXUM;;;False;131396;0;1;;;;;;1;;0,00
5337;ITALIA 2927;FLORENCIO VARELA;2026-10-01;01-10-2026;30-09-2026;FAC-B-131398;Venta;ELEBES;1503118;24,00;35247,84;42649,89;R S JIANKAI CAI;;0,00 %;6;Nieves Alegre;;TH BABYSEC ULTRA 50/24;1468,66;3392;;3;AUTOSERVICIO;1012,87;WALTER JANIUK;;$;2;SOFTYS ARGENTINA S.A;;;CON;;;;;;;;;;;;25;JOHANA VIGIL;AXUM;;;False;131398;0;1;;;;;;1;;1468,66
29529;LOS MOLINOS E/LOS ALAMOS Y HUGO AGUILAR - (TRADICIONAL) 829;LA UNION;2026-10-06;06-10-2026;30-09-2026;FAC-B-131410;Venta;LAGOPUELO S.A;1509764;10,00;7845,20;9492,69;GABRIELA CECILIA ALFONSO;;0,00 %;075;Julieta Yegros;;TF NORMAL T/SUAVE EXT ALGODON 8x54;784,52;3446;;5;KIOSCO;541,05;IVAN MONTOYA;;$;2;SOFTYS ARGENTINA S.A;;;CON;;;;;;;TOALLA FEMENINA;;;;;300;Bruno Centurion;AXUM;;;False;131410;0;1;;;;;;1;;784,52
29529;LOS MOLINOS E/LOS ALAMOS Y HUGO AGUILAR - (TRADICIONAL) 829;LA UNION;2026-10-06;06-10-2026;30-09-2026;FAC-B-131410;Venta;LAGOPUELO S.A;1509764;1,00;0,00;0,00;GABRIELA CECILIA ALFONSO;;100,00 %;075;Julieta Yegros;;TF NORMAL T/SUAVE EXT ALGODON 8x54;0,00;3446;;5;KIOSCO;541,05;IVAN MONTOYA;;$;2;SOFTYS ARGENTINA S.A;;;CON;;;;;;;TOALLA FEMENINA;;;;;300;Bruno Centurion;AXUM;;;False;131410;0;1;;;;;;1;;0,00
3199;AV JUAN DOMINGO PERON 4906;SAN FRANCISCO SOLANO (QUILMES);2026-10-01;01-10-2026;30-09-2026;FAC-A-131413;Venta;LAGOPUELO S.A;1509768;12,00;10821,72;13094,28;HUANG QICHANG;;0,00 %;056;Ezequiel Ferreira;;TF NORMAL T/SUAVE PIEL SENSIBLE 8x54;901,81;3398;;3;AUTOSERVICIO;621,94;NAHUEL MONTOYA;;$;2;SOFTYS ARGENTINA S.A;;;CON;;;;;;;TOALLA FEMENINA;;;;;300;Bruno Centurion;AXUM;;;False;131413;0;1;;;;;;1;;901,81
3199;AV JUAN DOMINGO PERON 4906;SAN FRANCISCO SOLANO (QUILMES);2026-10-01;01-10-2026;30-09-2026;FAC-A-131413;Venta;LAGOPUELO S.A;1509766;12,00;10173,36;12309,77;HUANG QICHANG;;0,00 %;056;Ezequiel Ferreira;;TF T/SECA NORMAL MAS PROTECC 8x54;847,78;3398;;3;AUTOSERVICIO;584,68;NAHUEL MONTOYA;;$;2;SOFTYS ARGENTINA S.A;;;CON;;;;;;;TOALLA FEMENINA;;;;;300;Bruno Centurion;AXUM;;;False;131413;0;1;;;;;;1;;847,78
3199;AV JUAN DOMINGO PERON 4906;SAN FRANCISCO SOLANO (QUILMES);2026-10-01;01-10-2026;30-09-2026;FAC-A-131413;Venta;LAGOPUELO S.A;1509764;12,00;9414,24;11391,23;HUANG QICHANG;;0,00 %;056;Ezequiel Ferreira;;TF NORMAL T/SUAVE EXT ALGODON 8x54;784,52;3398;;3;AUTOSERVICIO;541,05;NAHUEL MONTOYA;;$;2;SOFTYS ARGENTINA S.A;;;CON;;;;;;;TOALLA FEMENINA;;;;;300;Bruno Centurion;AXUM;;;False;131413;0;1;;;;;;1;;784,52
3199;AV JUAN DOMINGO PERON 4906;SAN FRANCISCO SOLANO (QUILMES);2026-10-01;01-10-2026;30-09-2026;FAC-A-131413;Venta;LAGOPUELO S.A;1509755;12,00;13572,60;16422,85;HUANG QICHANG;;0,00 %;056;Ezequiel Ferreira;;TF UD T/SECA LADYSOFT ULTRA PROTECT 8;1131,05;3398;;3;AUTOSERVICIO;780,04;NAHUEL MONTOYA;;$;2;SOFTYS ARGENTINA S.A;;;CON;;;;;;;TOALLA FEMENINA;;;;;300;Bruno Centurion;AXUM;;;False;131413;0;1;;;;;;1;;1131,05
3199;AV JUAN DOMINGO PERON 4906;SAN FRANCISCO SOLANO (QUILMES);2026-10-01;01-10-2026;30-09-2026;FAC-A-131413;Venta;LAGOPUELO S.A;1509756;6,00;13203,84;15976,65;HUANG QICHANG;;0,00 %;056;Ezequiel Ferreira;;TF UD T/SECA LADYSOFT UL PRT 16u;2200,64;3398;;3;AUTOSERVICIO;1517,68;NAHUEL MONTOYA;;$;2;SOFTYS ARGENTINA S.A;;;CON;;;;;;;TOALLA FEMENINA;;;;;300;Bruno Centurion;AXUM;;;False;131413;0;1;;;;;;1;;2200,64
3199;AV JUAN DOMINGO PERON 4906;SAN FRANCISCO SOLANO (QUILMES);2026-10-01;01-10-2026;30-09-2026;FAC-A-131413;Venta;LAGOPUELO S.A;1509759;6,00;12057,54;14589,62;HUANG QICHANG;;0,00 %;056;Ezequiel Ferreira;;TF UD T/SUAVE EXT ALG 16x20;2009,59;3398;;3;AUTOSERVICIO;1385,93;NAHUEL MONTOYA;;$;2;SOFTYS ARGENTINA S.A;;;CON;;;;;;;TOALLA FEMENINA;;;;;300;Bruno Centurion;AXUM;;;False;131413;0;1;;;;;;1;;2009,59
3199;AV JUAN DOMINGO PERON 4906;SAN FRANCISCO SOLANO (QUILMES);2026-10-01;01-10-2026;30-09-2026;FAC-A-131413;Venta;LAGOPUELO S.A;1509763;6,00;12942,18;15660,04;HUANG QICHANG;;0,00 %;056;Ezequiel Ferreira;;TF Nocturna EXT ALGODON 16X16;2157,03;3398;;3;AUTOSERVICIO;1487,60;NAHUEL MONTOYA;;$;2;SOFTYS ARGENTINA S.A;;;CON;;;;;;;TOALLA FEMENINA;;;;;300;Bruno Centurion;AXUM;;;False;131413;0;1;;;;;;1;;2157,03
3199;AV JUAN DOMINGO PERON 4906;SAN FRANCISCO SOLANO (QUILMES);2026-10-01;01-10-2026;30-09-2026;FAC-A-131413;Venta;LAGOPUELO S.A;1509764;1,00;0,00;0,00;HUANG QICHANG;;100,00 %;056;Ezequiel Ferreira;;TF NORMAL T/SUAVE EXT ALGODON 8x54;0,00;3398;;3;AUTOSERVICIO;541,05;NAHUEL MONTOYA;;$;2;SOFTYS ARGENTINA S.A;;;CON;;;;;;;TOALLA FEMENINA;;;;;300;Bruno Centurion;AXUM;;;False;131413;0;1;;;;;;1;;0,00
13023;Calle 128 N 5070;Berazategui;2026-10-01;01-10-2026;30-09-2026;FAC-A-131417;Venta;LAGOPUELO S.A;1509755;40,00;45242,00;54742,82;MAXIMILIANO MADERO;;0,00 %;052;Nicole Sosa;;TF UD T/SECA LADYSOFT ULTRA PROTECT 8;1131,05;3394;;2;ALMACEN;780,04;IVAN MONTOYA;;$;2;SOFTYS ARGENTINA S.A;;;CON;;;;;;;TOALLA FEMENINA;;;;;300;Bruno Centurion;AXUM;;;False;131417;0;1;;;;;;1;;1131,05
27617;Patricios - (AUTOSERVICIOS) 360;TURDERA;2026-10-02;02-10-2026;30-09-2026;FAC-A-131419;Venta;LAGOPUELO S.A;1509762;6,00;6692,46;8097,88;Zhuang Yunmei;;0,00 %;074;Romina Baez;;TF NOCTUR EXT A 8x32;1115,41;3410;;3;Autoservicio A;769,25;MARIANO SOSA;;$;2;SOFTYS ARGENTINA S.A;;;CON;;;;;;;TOALLA FEMENINA;;;;;300;Bruno Centurion;AXUM;;;False;131419;0;1;;;;;;1;;1115,41
27617;Patricios - (AUTOSERVICIOS) 360;TURDERA;2026-10-02;02-10-2026;30-09-2026;FAC-A-131419;Venta;LAGOPUELO S.A;1509755;6,00;6786,30;8211,42;Zhuang Yunmei;;0,00 %;074;Romina Baez;;TF UD T/SECA LADYSOFT ULTRA PROTECT 8;1131,05;3410;;3;Autoservicio A;780,04;MARIANO SOSA;;$;2;SOFTYS ARGENTINA S.A;;;CON;;;;;;;TOALLA FEMENINA;;;;;300;Bruno Centurion;AXUM;;;False;131419;0;1;;;;;;1;;1131,05
27617;Patricios - (AUTOSERVICIOS) 360;TURDERA;2026-10-02;02-10-2026;30-09-2026;FAC-A-131419;Venta;LAGOPUELO S.A;1509758;4,00;4205,24;5088,34;Zhuang Yunmei;;0,00 %;074;Romina Baez;;TF UD T/SUAVE EXT ALGO 8X40;1051,31;3410;;3;Autoservicio A;725,04;MARIANO SOSA;;$;2;SOFTYS ARGENTINA S.A;;;CON;;;;;;;TOALLA FEMENINA;;;;;300;Bruno Centurion;AXUM;;;False;131419;0;1;;;;;;1;;1051,31
31637;GRISNTEIN 3049;FLORENCIO VARELA;2026-10-01;01-10-2026;30-09-2026;FAC-B-131422;Venta;LAGOPUELO S.A;1501553;16,00;290857,53;351937,61;FILIBERTO BALTAZAR;;26,00 %;6;Nieves Alegre;;PH HIGIENOL DH PLUS FUSI”N 30M x4/10;18178,60;3392;;3;AUTOSERVICIO;15925,88;WALTER JANIUK;;$;2;SOFTYS ARGENTINA S.A;;;CON;;;;;;;PAPEL HIG;;;;;25;JOHANA VIGIL;AXUM;;;False;131422;0;1;;;;;;1;;18178,60
103530;Achaval 2754 1 0;REMEDIOS DE ESCALADA;2026-10-01;01-10-2026;30-09-2026;FAC-A-131426;Venta;LAGOPUELO S.A;1509768;12,00;10821,72;13094,28;Weng Weiqiang;;0,00 %;29;Camila Navarrete;;TF NORMAL T/SUAVE PIEL SENSIBLE 8x54;901,81;3391;;3;AUTOSERVICIO;621,94;CLAUDIO GARCIA;;$;2;SOFTYS ARGENTINA S.A;;;EFV;;;;;;;TOALLA FEMENINA;;;;;25;JOHANA VIGIL;AXUM;;;False;131426;0;1;;;;;;1;;901,81
5444;EL ALJIBE 729;FLORENCIO VARELA;2026-10-01;01-10-2026;30-09-2026;FAC-A-131432;Venta;LAGOPUELO S.A;1509764;8,00;6276,16;7594,15;LI JING;;0,00 %;7;Myrian Lertora;;TF NORMAL T/SUAVE EXT ALGODON 8x54;784,52;3392;;3;AUTOSERVICIO;541,05;WALTER JANIUK;;$;2;SOFTYS ARGENTINA S.A;;;CON;;;;;;;TOALLA FEMENINA;;;;;25;JOHANA VIGIL;AXUM;;;False;131432;0;1;;;;;;1;;784,52
5444;EL ALJIBE 729;FLORENCIO VARELA;2026-10-01;01-10-2026;30-09-2026;FAC-A-131432;Venta;LAGOPUELO S.A;1509766;8,00;6782,24;8206,51;LI JING;;0,00 %;7;Myrian Lertora;;TF T/SECA NORMAL MAS PROTECC 8x54;847,78;3392;;3;AUTOSERVICIO;584,68;WALTER JANIUK;;$;2;SOFTYS ARGENTINA S.A;;;CON;;;;;;;TOALLA FEMENINA;;;;;25;JOHANA VIGIL;AXUM;;;False;131432;0;1;;;;;;1;;847,78
5444;EL ALJIBE 729;FLORENCIO VARELA;2026-10-01;01-10-2026;30-09-2026;FAC-A-131432;Venta;LAGOPUELO S.A;1509761;8,00;5886,00;7122,06;LI JING;;0,00 %;7;Myrian Lertora;;TF LADYSOFT COMFORT EXT ALGODON 8x54;735,75;3392;;3;AUTOSERVICIO;507,41;WALTER JANIUK;;$;2;SOFTYS ARGENTINA S.A;;;CON;;;;;;;TOALLA FEMENINA;;;;;25;JOHANA VIGIL;AXUM;;;False;131432;0;1;;;;;;1;;735,75
5444;EL ALJIBE 729;FLORENCIO VARELA;2026-10-01;01-10-2026;30-09-2026;FAC-A-131432;Venta;LAGOPUELO S.A;1509762;8,00;8923,28;10797,17;LI JING;;0,00 %;7;Myrian Lertora;;TF NOCTUR EXT A 8x32;1115,41;3392;;3;AUTOSERVICIO;769,25;WALTER JANIUK;;$;2;SOFTYS ARGENTINA S.A;;;CON;;;;;;;TOALLA FEMENINA;;;;;25;JOHANA VIGIL;AXUM;;;False;131432;0;1;;;;;;1;;1115,41
5444;EL ALJIBE 729;FLORENCIO VARELA;2026-10-01;01-10-2026;30-09-2026;FAC-A-131432;Venta;LAGOPUELO S.A;1509755;8,00;9048,40;10948,56;LI JING;;0,00 %;7;Myrian Lertora;;TF UD T/SECA LADYSOFT ULTRA PROTECT 8;1131,05;3392;;3;AUTOSERVICIO;780,04;WALTER JANIUK;;$;2;SOFTYS ARGENTINA S.A;;;CON;;;;;;;TOALLA FEMENINA;;;;;25;JOHANA VIGIL;AXUM;;;False;131432;0;1;;;;;;1;;1131,05
5444;EL ALJIBE 729;FLORENCIO VARELA;2026-10-01;01-10-2026;30-09-2026;FAC-A-131432;Venta;LAGOPUELO S.A;1509756;8,00;17605,12;21302,20;LI JING;;0,00 %;7;Myrian Lertora;;TF UD T/SECA LADYSOFT UL PRT 16u;2200,64;3392;;3;AUTOSERVICIO;1517,68;WALTER JANIUK;;$;2;SOFTYS ARGENTINA S.A;;;CON;;;;;;;TOALLA FEMENINA;;;;;25;JOHANA VIGIL;AXUM;;;False;131432;0;1;;;;;;1;;2200,64
5444;EL ALJIBE 729;FLORENCIO VARELA;2026-10-01;01-10-2026;30-09-2026;FAC-A-131432;Venta;LAGOPUELO S.A;1509758;8,00;8410,48;10176,68;LI JING;;0,00 %;7;Myrian Lertora;;TF UD T/SUAVE EXT ALGO 8X40;1051,31;3392;;3;AUTOSERVICIO;725,04;WALTER JANIUK;;$;2;SOFTYS ARGENTINA S.A;;;CON;;;;;;;TOALLA FEMENINA;;;;;25;JOHANA VIGIL;AXUM;;;False;131432;0;1;;;;;;1;;1051,31
5444;EL ALJIBE 729;FLORENCIO VARELA;2026-10-01;01-10-2026;30-09-2026;FAC-A-131432;Venta;LAGOPUELO S.A;1509759;8,00;16076,72;19452,83;LI JING;;0,00 %;7;Myrian Lertora;;TF UD T/SUAVE EXT ALG 16x20;2009,59;3392;;3;AUTOSERVICIO;1385,93;WALTER JANIUK;;$;2;SOFTYS ARGENTINA S.A;;;CON;;;;;;;TOALLA FEMENINA;;;;;25;JOHANA VIGIL;AXUM;;;False;131432;0;1;;;;;;1;;2009,59
23138;AV. JUAN DOMINGO PERON - (AUTOSERVICIOS) 2348;RAFAEL CALZADA;2026-10-01;01-10-2026;30-09-2026;FAC-A-131433;Venta;LAGOPUELO S.A;1509756;6,00;13203,84;15976,65;LIN SONG;;0,00 %;061;Nailah Guzman;;TF UD T/SECA LADYSOFT UL PRT 16u;2200,64;3398;;3;Autoservicio A;1517,68;NAHUEL MONTOYA;;$;2;SOFTYS ARGENTINA S.A;;;CON;;;;;;;TOALLA FEMENINA;;;;;300;Bruno Centurion;AXUM;;;False;131433;0;1;;;;;;1;;2200,64
23138;AV. JUAN DOMINGO PERON - (AUTOSERVICIOS) 2348;RAFAEL CALZADA;2026-10-01;01-10-2026;30-09-2026;FAC-A-131433;Venta;LAGOPUELO S.A;1509762;12,00;13384,92;16195,75;LIN SONG;;0,00 %;061;Nailah Guzman;;TF NOCTUR EXT A 8x32;1115,41;3398;;3;Autoservicio A;769,25;NAHUEL MONTOYA;;$;2;SOFTYS ARGENTINA S.A;;;CON;;;;;;;TOALLA FEMENINA;;;;;300;Bruno Centurion;AXUM;;;False;131433;0;1;;;;;;1;;1115,41
5146;ARISTOBULO DEL VALLE - (TRADITIONAL TRADE) 1740;FLORENCIO VARELA;2026-10-01;01-10-2026;30-09-2026;FAC-A-131443;Venta;LAGOPUELO S.A;1509766;4,00;3391,12;4103,26;DUARTE LEONA CONCEPCION;;0,00 %;6;Nieves Alegre;;TF T/SECA NORMAL MAS PROTECC 8x54;847,78;3392;;3;Autoservicio B;584,68;WALTER JANIUK;;$;2;SOFTYS ARGENTINA S.A;;;CON;;;;;;;TOALLA FEMENINA;;;;;25;JOHANA VIGIL;AXUM;;;False;131443;0;1;;;;;;1;;847,78
5146;ARISTOBULO DEL VALLE - (TRADITIONAL TRADE) 1740;FLORENCIO VARELA;2026-10-01;01-10-2026;30-09-2026;FAC-A-131443;Venta;LAGOPUELO S.A;1509761;4,00;2943,00;3561,03;DUARTE LEONA CONCEPCION;;0,00 %;6;Nieves Alegre;;TF LADYSOFT COMFORT EXT ALGODON 8x54;735,75;3392;;3;Autoservicio B;507,41;WALTER JANIUK;;$;2;SOFTYS ARGENTINA S.A;;;CON;;;;;;;TOALLA FEMENINA;;;;;25;JOHANA VIGIL;AXUM;;;False;131443;0;1;;;;;;1;;735,75
5146;ARISTOBULO DEL VALLE - (TRADITIONAL TRADE) 1740;FLORENCIO VARELA;2026-10-01;01-10-2026;30-09-2026;FAC-A-131443;Venta;LAGOPUELO S.A;1509764;4,00;3138,08;3797,08;DUARTE LEONA CONCEPCION;;0,00 %;6;Nieves Alegre;;TF NORMAL T/SUAVE EXT ALGODON 8x54;784,52;3392;;3;Autoservicio B;541,05;WALTER JANIUK;;$;2;SOFTYS ARGENTINA S.A;;;CON;;;;;;;TOALLA FEMENINA;;;;;25;JOHANA VIGIL;AXUM;;;False;131443;0;1;;;;;;1;;784,52
23486;CERVANTES SAAVEDRA - (TRADICIONAL) 3499;RAFAEL CALZADA;2026-10-01;01-10-2026;30-09-2026;FAC-B-131448;Venta;ELEBES;1501553;1,00;18915,57;22887,83;SILVIA SOLIS;;23,00 %;063;Daniel Martin;;PH HIGIENOL DH PLUS FUSI”N 30M x4/10;18915,57;3399;;2;ALMACEN;15925,88;SIMON OLIVERA;;$;2;SOFTYS ARGENTINA S.A;;;CON;;;;;;;PAPEL HIG;;;;;300;Bruno Centurion;AXUM;;;False;131448;0;1;;;;;;1;;18915,57
23486;CERVANTES SAAVEDRA - (TRADICIONAL) 3499;RAFAEL CALZADA;2026-10-01;01-10-2026;30-09-2026;FAC-B-131448;Venta;ELEBES;1505708;2,00;41467,42;50175,58;SILVIA SOLIS;;0,00 %;063;Daniel Martin;;RC SUSEEX CLS MEGARROLO ALTO 200X1;20733,71;3399;;2;ALMACEN;15358,30;SIMON OLIVERA;;$;2;SOFTYS ARGENTINA S.A;;;CON;;;;;;;ROLLO DE COCINA;;;;;300;Bruno Centurion;AXUM;;;False;131448;0;1;;;;;;1;;20733,71
23486;CERVANTES SAAVEDRA - (TRADICIONAL) 3499;RAFAEL CALZADA;2026-10-01;01-10-2026;30-09-2026;FAC-B-131448;Venta;ELEBES;1501627;1,00;12977,20;15702,42;SILVIA SOLIS;;3,00 %;063;Daniel Martin;;PH Higienol HS Balanced 20mx4/12;12977,20;3399;;2;ALMACEN;9488,34;SIMON OLIVERA;;$;2;SOFTYS ARGENTINA S.A;;;CON;;;;;;;PAPEL HIG;;;;;300;Bruno Centurion;AXUM;;;False;131448;0;1;;;;;;1;;12977,20
23500;REPUBLICA ARGENTINA - (AUTOSERVICIOS) 1123;RAFAEL CALZADA;2026-10-01;01-10-2026;30-09-2026;FAC-A-131450;Venta;LAGOPUELO S.A;1509756;20,00;44012,80;53255,49;LIN CHUNYING;;0,00 %;063;Daniel Martin;;TF UD T/SECA LADYSOFT UL PRT 16u;2200,64;3399;;3;Autoservicio A;1517,68;SIMON OLIVERA;;$;2;SOFTYS ARGENTINA S.A;;;CON;;;;;;;TOALLA FEMENINA;;;;;300;Bruno Centurion;AXUM;;;False;131450;0;1;;;;;;1;;2200,64
23984;EL ALJIBE - (TRADITIONAL TRADE) 560;FLORENCIO VARELA;2026-10-01;01-10-2026;30-09-2026;FAC-A-131451;Venta;LAGOPUELO S.A;1505688;1,00;15042,56;18201,49;NORMA BEATRIZ BENITEZ;;5,00 %;7;Myrian Lertora;;RC Sussex clasico mas blanco 50px3/10;15042,56;3392;;georgalos-803;Perfumeria;11729,09;WALTER JANIUK;;$;2;SOFTYS ARGENTINA S.A;;;CON;;;;;;;ROLLO DE COCINA;;;;;25;JOHANA VIGIL;AXUM;;;False;131451;0;1;;;;;;1;;15042,56
23984;EL ALJIBE - (TRADITIONAL TRADE) 560;FLORENCIO VARELA;2026-10-01;01-10-2026;30-09-2026;FAC-A-131451;Venta;LAGOPUELO S.A;1509755;15,00;16965,75;20528,56;NORMA BEATRIZ BENITEZ;;0,00 %;7;Myrian Lertora;;TF UD T/SECA LADYSOFT ULTRA PROTECT 8;1131,05;3392;;georgalos-803;Perfumeria;780,04;WALTER JANIUK;;$;2;SOFTYS ARGENTINA S.A;;;CON;;;;;;;TOALLA FEMENINA;;;;;25;JOHANA VIGIL;AXUM;;;False;131451;0;1;;;;;;1;;1131,05
23984;EL ALJIBE - (TRADITIONAL TRADE) 560;FLORENCIO VARELA;2026-10-01;01-10-2026;30-09-2026;FAC-A-131451;Venta;LAGOPUELO S.A;1509764;15,00;11767,80;14239,04;NORMA BEATRIZ BENITEZ;;0,00 %;7;Myrian Lertora;;TF NORMAL T/SUAVE EXT ALGODON 8x54;784,52;3392;;georgalos-803;Perfumeria;541,05;WALTER JANIUK;;$;2;SOFTYS ARGENTINA S.A;;;CON;;;;;;;TOALLA FEMENINA;;;;;25;JOHANA VIGIL;AXUM;;;False;131451;0;1;;;;;;1;;784,52
23984;EL ALJIBE - (TRADITIONAL TRADE) 560;FLORENCIO VARELA;2026-10-01;01-10-2026;30-09-2026;FAC-A-131451;Venta;LAGOPUELO S.A;1509764;1,00;0,00;0,00;NORMA BEATRIZ BENITEZ;;100,00 %;7;Myrian Lertora;;TF NORMAL T/SUAVE EXT ALGODON 8x54;0,00;3392;;georgalos-803;Perfumeria;541,05;WALTER JANIUK;;$;2;SOFTYS ARGENTINA S.A;;;CON;;;;;;;TOALLA FEMENINA;;;;;25;JOHANA VIGIL;AXUM;;;False;131451;0;1;;;;;;1;;0,00
3226;ARANA GOIRI e/Hidalgo y Tunuy√°n - (AUTOSERVICIOS) 360;LOMAS DE ZAMORA;2026-10-01;01-10-2026;30-09-2026;FAC-A-131453;Venta;LAGOPUELO S.A;1501553;60,00;1017018,74;1230592,67;DINGCHANG YAN;;31,00 %;073;Florencia Cubilla;;PH HIGIENOL DH PLUS FUSI”N 30M x4/10;16950,31;3393;;3;Autoservicio B;15925,88;MARIANO SOSA;;$;2;SOFTYS ARGENTINA S.A;;;CON;;;;;;;PAPEL HIG;;;;;300;Bruno Centurion;AXUM;;;False;131453;0;1;;;;;;1;;16950,31
3226;ARANA GOIRI e/Hidalgo y Tunuy√°n - (AUTOSERVICIOS) 360;LOMAS DE ZAMORA;2026-10-01;01-10-2026;30-09-2026;FAC-A-131453;Venta;LAGOPUELO S.A;1501627;15,00;180610,56;218538,78;DINGCHANG YAN;;10,00 %;073;Florencia Cubilla;;PH Higienol HS Balanced 20mx4/12;12040,70;3393;;3;Autoservicio B;9488,34;MARIANO SOSA;;$;2;SOFTYS ARGENTINA S.A;;;CON;;;;;;;PAPEL HIG;;;;;300;Bruno Centurion;AXUM;;;False;131453;0;1;;;;;;1;;12040,70
41;12 DE OCTUBRE 4778;Quilmes;2026-10-02;02-10-2026;30-09-2026;FAC-A-131461;Venta;LAGOPUELO S.A;1509749;12,00;14845,92;17963,56;Maria Elsa ayala MartÌnez;;0,00 %;053;Verona Abati;;PD ladysoft clasicos 20x30;1237,16;3413;;2;ALMACEN;853,21;HERNAN RIVERO;;$;2;SOFTYS ARGENTINA S.A;;;EFV;;;;;;;PROTECTOR DIARIO;;;;;300;Bruno Centurion;AXUM;;;False;131461;0;1;;;;;;1;;1237,16
22924;DONATO ALVAREZ 4319;SAN FRANCISCO SOLANO;2026-10-01;01-10-2026;30-09-2026;FAC-B-131463;Venta;LAGOPUELO S.A;1509768;54,00;48697,74;58924,27;MAXIMILIANO OJEDA;;0,00 %;056;Ezequiel Ferreira;;TF NORMAL T/SUAVE PIEL SENSIBLE 8x54;901,81;3398;;georgalos-803;Perfumeria;621,94;NAHUEL MONTOYA;;$;2;SOFTYS ARGENTINA S.A;;;CON;;;;;;;TOALLA FEMENINA;;;;;300;Bruno Centurion;AXUM;;;False;131463;0;1;;;;;;1;;901,81
22924;DONATO ALVAREZ 4319;SAN FRANCISCO SOLANO;2026-10-01;01-10-2026;30-09-2026;FAC-B-131463;Venta;LAGOPUELO S.A;1509755;40,00;45242,00;54742,82;MAXIMILIANO OJEDA;;0,00 %;056;Ezequiel Ferreira;;TF UD T/SECA LADYSOFT ULTRA PROTECT 8;1131,05;3398;;georgalos-803;Perfumeria;780,04;NAHUEL MONTOYA;;$;2;SOFTYS ARGENTINA S.A;;;CON;;;;;;;TOALLA FEMENINA;;;;;300;Bruno Centurion;AXUM;;;False;131463;0;1;;;;;;1;;1131,05
22924;DONATO ALVAREZ 4319;SAN FRANCISCO SOLANO;2026-10-01;01-10-2026;30-09-2026;FAC-B-131463;Venta;LAGOPUELO S.A;1509762;32,00;35693,12;43188,68;MAXIMILIANO OJEDA;;0,00 %;056;Ezequiel Ferreira;;TF NOCTUR EXT A 8x32;1115,41;3398;;georgalos-803;Perfumeria;769,25;NAHUEL MONTOYA;;$;2;SOFTYS ARGENTINA S.A;;;CON;;;;;;;TOALLA FEMENINA;;;;;300;Bruno Centurion;AXUM;;;False;131463;0;1;;;;;;1;;1115,41
25014;AV FLORENCIO VARELA Y RAMON CARILLO - (TRADICIONAL) 0;EZPELETA ESTE;2026-10-05;05-10-2026;30-09-2026;FAC-B-131468;Venta;ELEBES;1504289;16,00;158261,47;191496,38;ALMACEN ALEX;;10,00 %;5;Eliana Huber;;PLBABYSEC PREM SOFTXXG x30/4;9891,34;3430;;2;ALMACEN;8141,02;LEONARDO SANTA CRUZ;;$;2;SOFTYS ARGENTINA S.A;;;CON;;;;;;;PAÒAL;;;;;25;JOHANA VIGIL;AXUM;;;False;131468;0;1;;;;;;1;;9891,34
25014;AV FLORENCIO VARELA Y RAMON CARILLO - (TRADICIONAL) 0;EZPELETA ESTE;2026-10-05;05-10-2026;30-09-2026;FAC-B-131468;Venta;ELEBES;1503118;48,00;70495,68;85299,77;ALMACEN ALEX;;0,00 %;5;Eliana Huber;;TH BABYSEC ULTRA 50/24;1468,66;3430;;2;ALMACEN;1012,87;LEONARDO SANTA CRUZ;;$;2;SOFTYS ARGENTINA S.A;;;CON;;;;;;;;;;;;25;JOHANA VIGIL;AXUM;;;False;131468;0;1;;;;;;1;;1468,66
25014;AV FLORENCIO VARELA Y RAMON CARILLO - (TRADICIONAL) 0;EZPELETA ESTE;2026-10-05;05-10-2026;30-09-2026;FAC-B-131468;Venta;ELEBES;1503131;20,00;41257,60;49921,70;ALMACEN ALEX;;0,00 %;5;Eliana Huber;;TH BABYSEC PREMIUM X45/10;2062,88;3430;;2;ALMACEN;1422,68;LEONARDO SANTA CRUZ;;$;2;SOFTYS ARGENTINA S.A;;;CON;;;;;;;TOALLA HUMEDA;;;;;25;JOHANA VIGIL;AXUM;;;False;131468;0;1;;;;;;1;;2062,88
25014;AV FLORENCIO VARELA Y RAMON CARILLO - (TRADICIONAL) 0;EZPELETA ESTE;2026-10-05;05-10-2026;30-09-2026;FAC-B-131468;Venta;ELEBES;1501854;5,00;80679,40;97622,07;ALMACEN ALEX;;0,00 %;5;Eliana Huber;;PH Higienol Texturado 30m x4/12;16135,88;3430;;2;ALMACEN;11128,19;LEONARDO SANTA CRUZ;;$;2;SOFTYS ARGENTINA S.A;;;CON;;;;;;;PAPEL HIG;;;;;25;JOHANA VIGIL;AXUM;;;False;131468;0;1;;;;;;1;;16135,88
25014;AV FLORENCIO VARELA Y RAMON CARILLO - (TRADICIONAL) 0;EZPELETA ESTE;2026-10-05;05-10-2026;30-09-2026;FAC-B-131468;Venta;ELEBES;1505496;10,00;11510,60;13927,83;ALMACEN ALEX;;0,00 %;5;Eliana Huber;;PO ELITE ST CON ALGODON X10 PACK 6;1151,06;3430;;2;ALMACEN;793,84;LEONARDO SANTA CRUZ;;$;2;SOFTYS ARGENTINA S.A;;;CON;;;;;;;PAÒUELOS;;;;;25;JOHANA VIGIL;AXUM;;;False;131468;0;1;;;;;;1;;1151,06
5949;MAIPU 1667;9 de abril;2026-10-01;01-10-2026;30-09-2026;FAC-A-131470;Venta;LAGOPUELO S.A;1501627;240,00;2550055,62;3085567,30;MIGUEL GOMEZ;;5,10 %;076;Martin Di Giorno;;PH Higienol HS Balanced 20mx4/12;10625,23;3418;;6;MAYORISTA;9488,34;HERNAN RIVERO;;$;2;SOFTYS ARGENTINA S.A;;;CON;;;;;;;PAPEL HIG;;;;;300;Bruno Centurion;AXUM;;;False;131470;0;2;;;;;;1;;10625,23
5949;MAIPU 1667;9 de abril;2026-10-01;01-10-2026;30-09-2026;FAC-A-131470;Venta;LAGOPUELO S.A;1501553;120,00;1983502,46;2400037,98;MIGUEL GOMEZ;;17,32 %;076;Martin Di Giorno;;PH HIGIENOL DH PLUS FUSI”N 30M x4/10;16529,19;3418;;6;MAYORISTA;15925,88;HERNAN RIVERO;;$;2;SOFTYS ARGENTINA S.A;;;CON;;;;;;;PAPEL HIG;;;;;300;Bruno Centurion;AXUM;;;False;131470;0;2;;;;;;1;;16529,19
29501;EUSKADI E/OLMOS Y PROV.UNIDAS - (TRADICIONAL) 876;LOMAS DE ZAMORA;2026-10-01;01-10-2026;30-09-2026;FAC-B-131478;Venta;LAGOPUELO S.A;1505688;1,00;15042,56;18201,49;CINTIA ROMINA BAEZ;;5,00 %;073;Florencia Cubilla;;RC Sussex clasico mas blanco 50px3/10;15042,56;3393;;3;Autoservicio B;11729,09;MARIANO SOSA;;$;2;SOFTYS ARGENTINA S.A;;;CON;;;;;;;ROLLO DE COCINA;;;;;300;Bruno Centurion;AXUM;;;False;131478;0;1;;;;;;1;;15042,56
29501;EUSKADI E/OLMOS Y PROV.UNIDAS - (TRADICIONAL) 876;LOMAS DE ZAMORA;2026-10-01;01-10-2026;30-09-2026;FAC-B-131478;Venta;LAGOPUELO S.A;1501553;1,00;18915,57;22887,83;CINTIA ROMINA BAEZ;;23,00 %;073;Florencia Cubilla;;PH HIGIENOL DH PLUS FUSI”N 30M x4/10;18915,57;3393;;3;Autoservicio B;15925,88;MARIANO SOSA;;$;2;SOFTYS ARGENTINA S.A;;;CON;;;;;;;PAPEL HIG;;;;;300;Bruno Centurion;AXUM;;;False;131478;0;1;;;;;;1;;18915,57
23675;MALVINAS - (AUTOSERVICIOS) 1479;ESTEBAN ECHEVERR√¬çA;2026-10-05;05-10-2026;30-09-2026;FAC-A-131482;Venta;LAGOPUELO S.A;1501553;15,00;272678,94;329941,51;He hong;;26,00 %;064;Karina Fernandez;;PH HIGIENOL DH PLUS FUSI”N 30M x4/10;18178,60;3429;;3;Autoservicio A;15925,88;SIMON OLIVERA;;$;2;SOFTYS ARGENTINA S.A;;;CON;;;;;;;PAPEL HIG;;;;;300;Bruno Centurion;AXUM;;;False;131482;0;1;;;;;;1;;18178,60
28006;GADDINI - (Mayorista) 1189;TRISTAN SUAREZ;2026-10-01;01-10-2026;30-09-2026;NCR-A-131483;DevoluciÛn por Canje;ELEBES;1503131;-10,00;-20628,80;-24960,85;CARLOS HINOJOSA CONDORI;DEVOLUCION;0,00 %;075;Julieta Yegros;;TH BABYSEC PREMIUM X45/10;2062,88;3419;;3;Autoservicio A;1422,68;PEDIDOS INTERNOS;;$;2;SOFTYS ARGENTINA S.A;;;CON;;;;;;;TOALLA HUMEDA;;;;;300;Bruno Centurion;gcw;128751;;True;131483;0;1;;;;;;1;;2062,88
23607;TOM¡S NOTHER 620;ADROGUE;2026-10-02;02-10-2026;01-10-2026;FAC-A-131535;Venta;ELEBES;1501585;1,00;36501,38;44166,67;VILLAVERDE PAULA MARIA BELEN;;0,00 %;063;Daniel Martin;;PH HIGIENOL HS MAX ALOE PANAL 80M X4;36501,38;3416;;2;ALMACEN;24669,76;NAHUEL MONTOYA;;$;2;SOFTYS ARGENTINA S.A;;;CON;;;;;;;PAPEL HIG;;;;;300;Bruno Centurion;AXUM;;;False;131535;0;1;;;;;;1;;36501,38
104153;Caxaraville 5782 1 0;WILDE;2026-10-02;02-10-2026;01-10-2026;FAC-A-131542;Venta;ELEBES;1501618;1,00;19032,09;23028,83;Alegre Nancy Edith;;0,00 %;24;Cecilia Gauchez;;PH HIG  FRESH ALOE 30M X4/12;19032,09;3408;;georgalos-7;Almacen;13125,58;CLAUDIO GARCIA;;$;2;SOFTYS ARGENTINA S.A;;;EFV;;;;;;;PAPEL HIG;;;;;25;JOHANA VIGIL;AXUM;;;False;131542;0;1;;;;;;1;;19032,09
3084;12 DE OCTUBRE 1156;Quilmes;2026-10-02;02-10-2026;01-10-2026;FAC-A-131554;Venta;LAGOPUELO S.A;1509755;10,00;11996,70;14516,01;WANG GUOYI;;0,00 %;054;Leonel Caruso;;TF UD T/SECA LADYSOFT ULTRA PROTECT 8;1199,67;3413;;3;AUTOSERVICIO;827,36;HERNAN RIVERO;;$;2;SOFTYS ARGENTINA S.A;;;CON;;;;;;;TOALLA FEMENINA;;;;;300;Bruno Centurion;AXUM;;;False;131554;0;1;;;;;;1;;1199,67
3084;12 DE OCTUBRE 1156;Quilmes;2026-10-02;02-10-2026;01-10-2026;FAC-A-131554;Venta;LAGOPUELO S.A;1509762;10,00;11721,90;14183,50;WANG GUOYI;;0,00 %;054;Leonel Caruso;;TF NOCTUR EXT A 8x32;1172,19;3413;;3;AUTOSERVICIO;808,41;HERNAN RIVERO;;$;2;SOFTYS ARGENTINA S.A;;;CON;;;;;;;TOALLA FEMENINA;;;;;300;Bruno Centurion;AXUM;;;False;131554;0;1;;;;;;1;;1172,19
3084;12 DE OCTUBRE 1156;Quilmes;2026-10-02;02-10-2026;01-10-2026;FAC-A-131554;Venta;LAGOPUELO S.A;1509766;5,00;4579,00;5540,59;WANG GUOYI;;0,00 %;054;Leonel Caruso;;TF T/SECA NORMAL MAS PROTECC 8x54;915,80;3413;;3;AUTOSERVICIO;631,59;HERNAN RIVERO;;$;2;SOFTYS ARGENTINA S.A;;;CON;;;;;;;TOALLA FEMENINA;;;;;300;Bruno Centurion;AXUM;;;False;131554;0;1;;;;;;1;;915,80
3084;12 DE OCTUBRE 1156;Quilmes;2026-10-02;02-10-2026;01-10-2026;FAC-A-131554;Venta;LAGOPUELO S.A;1509755;5,00;5998,35;7258,00;WANG GUOYI;;0,00 %;054;Leonel Caruso;;TF UD T/SECA LADYSOFT ULTRA PROTECT 8;1199,67;3413;;3;AUTOSERVICIO;827,36;HERNAN RIVERO;;$;2;SOFTYS ARGENTINA S.A;;;CON;;;;;;;TOALLA FEMENINA;;;;;300;Bruno Centurion;AXUM;;;False;131554;0;1;;;;;;1;;1199,67
3084;12 DE OCTUBRE 1156;Quilmes;2026-10-02;02-10-2026;01-10-2026;FAC-A-131554;Venta;LAGOPUELO S.A;1509756;6,00;14002,26;16942,73;WANG GUOYI;;0,00 %;054;Leonel Caruso;;TF UD T/SECA LADYSOFT UL PRT 16u;2333,71;3413;;3;AUTOSERVICIO;1609,46;HERNAN RIVERO;;$;2;SOFTYS ARGENTINA S.A;;;CON;;;;;;;TOALLA FEMENINA;;;;;300;Bruno Centurion;AXUM;;;False;131554;0;1;;;;;;1;;2333,71
3084;12 DE OCTUBRE 1156;Quilmes;2026-10-02;02-10-2026;01-10-2026;FAC-A-131554;Venta;LAGOPUELO S.A;1509759;6,00;12784,26;15468,95;WANG GUOYI;;0,00 %;054;Leonel Caruso;;TF UD T/SUAVE EXT ALG 16x20;2130,71;3413;;3;AUTOSERVICIO;1469,45;HERNAN RIVERO;;$;2;SOFTYS ARGENTINA S.A;;;CON;;;;;;;TOALLA FEMENINA;;;;;300;Bruno Centurion;AXUM;;;False;131554;0;1;;;;;;1;;2130,71
3084;12 DE OCTUBRE 1156;Quilmes;2026-10-02;02-10-2026;01-10-2026;FAC-A-131554;Venta;LAGOPUELO S.A;1509765;6,00;9973,08;12067,43;WANG GUOYI;;0,00 %;054;Leonel Caruso;;TF NORMALT/SUAVE EXT ALG 16x27;1662,18;3413;;3;AUTOSERVICIO;1146,33;HERNAN RIVERO;;$;2;SOFTYS ARGENTINA S.A;;;CON;;;;;;;TOALLA FEMENINA;;;;;300;Bruno Centurion;AXUM;;;False;131554;0;1;;;;;;1;;1662,18
1801;519 ESQ 529;CENTRO AGRICOLA EL PATO;2026-10-02;02-10-2026;01-10-2026;FAC-A-131574;Venta;Empresa LAGOPUELO;1504289;4,00;43129,33;52186,49;CRISTIAN AMADO GUERRERO ROJAS;;10,00 %;051;Ezequiel Valente;;PLBABYSEC PREM SOFTXXG x30/4;10782,33;3411;;2;ALMACEN;8874,35;JUAN ESCOTO;;$;2;SOFTYS ARGENTINA S.A;;;CON;;;;;;;PAÒAL;;;;;300;Bruno Centurion;AXUM;;;False;131574;0;1;;;;;;1;;10782,33
1801;519 ESQ 529;CENTRO AGRICOLA EL PATO;2026-10-02;02-10-2026;01-10-2026;FAC-A-131574;Venta;Empresa LAGOPUELO;1509764;10,00;8486,40;10268,54;CRISTIAN AMADO GUERRERO ROJAS;;0,00 %;051;Ezequiel Valente;;TF NORMAL T/SUAVE EXT ALGODON 8x54;848,64;3411;;2;ALMACEN;585,27;JUAN ESCOTO;;$;2;SOFTYS ARGENTINA S.A;;;CON;;;;;;;TOALLA FEMENINA;;;;;300;Bruno Centurion;AXUM;;;False;131574;0;1;;;;;;1;;848,64
1801;519 ESQ 529;CENTRO AGRICOLA EL PATO;2026-10-02;02-10-2026;01-10-2026;FAC-A-131574;Venta;Empresa LAGOPUELO;1509764;1,00;0,00;0,00;CRISTIAN AMADO GUERRERO ROJAS;;100,00 %;051;Ezequiel Valente;;TF NORMAL T/SUAVE EXT ALGODON 8x54;0,00;3411;;2;ALMACEN;585,27;JUAN ESCOTO;;$;2;SOFTYS ARGENTINA S.A;;;CON;;;;;;;TOALLA FEMENINA;;;;;300;Bruno Centurion;AXUM;;;False;131574;0;1;;;;;;1;;0,00
22073;RUTA 2 KM 44500;Berazategui;2026-10-02;02-10-2026;01-10-2026;FAC-A-131575;Venta;LAGOPUELO S.A;1504079;15,00;32917,59;39830,28;JACINTO HECTOR OMAR;;10,00 %;051;Ezequiel Valente;;PL BABYSEC ULTRASOFT XXG 8/15;2194,51;3411;;3;Autoservicio B;1806,18;JUAN ESCOTO;;$;2;SOFTYS ARGENTINA S.A;;;CON;;;;;;;PAÒAL;;;;;300;Bruno Centurion;AXUM;;;False;131575;0;1;;;;;;1;;2194,51
22073;RUTA 2 KM 44500;Berazategui;2026-10-02;02-10-2026;01-10-2026;FAC-A-131575;Venta;LAGOPUELO S.A;1509763;10,00;22650,50;27407,11;JACINTO HECTOR OMAR;;0,00 %;051;Ezequiel Valente;;TF Nocturna EXT ALGODON 16X16;2265,05;3411;;3;Autoservicio B;1562,11;JUAN ESCOTO;;$;2;SOFTYS ARGENTINA S.A;;;CON;;;;;;;TOALLA FEMENINA;;;;;300;Bruno Centurion;AXUM;;;False;131575;0;1;;;;;;1;;2265,05
102184;Mitre 6272 0;WILDE;2026-10-02;02-10-2026;01-10-2026;FAC-A-131585;Venta;LAGOPUELO S.A;1509761;6,00;4771,32;5773,30;Shen Zhihao;;0,00 %;27;Samanta Dogliotti;;TF LADYSOFT COMFORT EXT ALGODON 8x54;795,22;3409;;3;AUTOSERVICIO;548,43;SIMON OLIVERA;;$;2;SOFTYS ARGENTINA S.A;;;EFV;;;;;;;TOALLA FEMENINA;;;;;25;JOHANA VIGIL;AXUM;;;False;131585;0;1;;;;;;1;;795,22
23420;Jorge Santiago Bynnon FRANCISCO DRUMOND-JORGE - (TRADICIONAL) 1760;ADROGUE;2026-10-02;02-10-2026;01-10-2026;FAC-A-131591;Venta;LAGOPUELO S.A;1501553;1,00;22551,25;27287,01;GALLARDO HUGO DAMIAN;;15,00 %;062;Nahuel Martinez;;PH HIGIENOL DH PLUS FUSI”N 30M x4/10;22551,25;3416;;2;ALMACEN;17199,92;NAHUEL MONTOYA;;$;2;SOFTYS ARGENTINA S.A;;;CON;;;;;;;PAPEL HIG;;;;;300;Bruno Centurion;AXUM;;;False;131591;0;1;;;;;;1;;22551,25
23420;Jorge Santiago Bynnon FRANCISCO DRUMOND-JORGE - (TRADICIONAL) 1760;ADROGUE;2026-10-02;02-10-2026;01-10-2026;FAC-A-131591;Venta;LAGOPUELO S.A;1505688;1,00;15533,64;18795,70;GALLARDO HUGO DAMIAN;;5,00 %;062;Nahuel Martinez;;RC Sussex clasico mas blanco 50px3/10;15533,64;3416;;2;ALMACEN;12112,00;NAHUEL MONTOYA;;$;2;SOFTYS ARGENTINA S.A;;;CON;;;;;;;ROLLO DE COCINA;;;;;300;Bruno Centurion;AXUM;;;False;131591;0;1;;;;;;1;;15533,64
23420;Jorge Santiago Bynnon FRANCISCO DRUMOND-JORGE - (TRADICIONAL) 1760;ADROGUE;2026-10-02;02-10-2026;01-10-2026;FAC-A-131591;Venta;LAGOPUELO S.A;1501627;1,00;12040,70;14569,25;GALLARDO HUGO DAMIAN;;10,00 %;062;Nahuel Martinez;;PH Higienol HS Balanced 20mx4/12;12040,70;3416;;2;ALMACEN;9488,34;NAHUEL MONTOYA;;$;2;SOFTYS ARGENTINA S.A;;;CON;;;;;;;PAPEL HIG;;;;;300;Bruno Centurion;AXUM;;;False;131591;0;1;;;;;;1;;12040,70
23420;Jorge Santiago Bynnon FRANCISCO DRUMOND-JORGE - (TRADICIONAL) 1760;ADROGUE;2026-10-02;02-10-2026;01-10-2026;FAC-A-131591;Venta;LAGOPUELO S.A;1505776;5,00;6993,65;8462,32;GALLARDO HUGO DAMIAN;;0,00 %;062;Nahuel Martinez;;SE SUSSEX HS 30X30 BLANCA X80;1398,73;3416;;2;ALMACEN;1036,10;NAHUEL MONTOYA;;$;2;SOFTYS ARGENTINA S.A;;;CON;;;;;;;SERVILLETA;;;;;300;Bruno Centurion;AXUM;;;False;131591;0;1;;;;;;1;;1398,73
23245;HUMAHUACA - (TRADICIONAL) 684;CLAYPOLE;2026-10-08;08-10-2026;01-10-2026;FAC-B-131593;Venta;ELEBES;1509755;20,00;23993,40;29032,01;ELENA INOJOSA;;0,00 %;061;Nailah Guzman;;TF UD T/SECA LADYSOFT ULTRA PROTECT 8;1199,67;3477;;2;ALMACEN;827,36;NAHUEL MONTOYA;;$;2;SOFTYS ARGENTINA S.A;;;CON;;;;;;;TOALLA FEMENINA;;;;;300;Bruno Centurion;AXUM;;;False;131593;0;1;;;;;;1;;1199,67
23245;HUMAHUACA - (TRADICIONAL) 684;CLAYPOLE;2026-10-08;08-10-2026;01-10-2026;FAC-B-131593;Venta;ELEBES;1509761;20,00;15904,40;19244,32;ELENA INOJOSA;;0,00 %;061;Nailah Guzman;;TF LADYSOFT COMFORT EXT ALGODON 8x54;795,22;3477;;2;ALMACEN;548,43;NAHUEL MONTOYA;;$;2;SOFTYS ARGENTINA S.A;;;CON;;;;;;;TOALLA FEMENINA;;;;;300;Bruno Centurion;AXUM;;;False;131593;0;1;;;;;;1;;795,22
1070;AV. 14 2450;Berazategui;2026-10-05;05-10-2026;01-10-2026;FAC-A-131599;Venta;LAGOPUELO S.A;1501553;1,00;22551,25;27287,01;ESQUIVARIZA SRL;;15,00 %;5;Eliana Huber;;PH HIGIENOL DH PLUS FUSI”N 30M x4/10;22551,25;3428;;3;AUTOSERVICIO;17199,92;CLAUDIO GARCIA;;$;2;SOFTYS ARGENTINA S.A;;;CON;;;;;;;PAPEL HIG;;;;;25;JOHANA VIGIL;AXUM;;;False;131599;0;1;;;;;;1;;22551,25
92;894 4383;San Francisco Solano;2026-10-02;02-10-2026;01-10-2026;FAC-A-131609;Venta;LAGOPUELO S.A;1509761;12,00;9542,64;11546,59;Carnes de ternera srl;;0,00 %;056;Ezequiel Ferreira;;TF LADYSOFT COMFORT EXT ALGODON 8x54;795,22;3412;;2;ALMACEN;548,43;IVAN MONTOYA;;$;2;SOFTYS ARGENTINA S.A;;;EFV;;;;;;;TOALLA FEMENINA;;;;;300;Bruno Centurion;AXUM;;;False;131609;0;1;;;;;;1;;795,22
92;894 4383;San Francisco Solano;2026-10-02;02-10-2026;01-10-2026;FAC-A-131609;Venta;LAGOPUELO S.A;1509762;12,00;14066,28;17020,20;Carnes de ternera srl;;0,00 %;056;Ezequiel Ferreira;;TF NOCTUR EXT A 8x32;1172,19;3412;;2;ALMACEN;808,41;IVAN MONTOYA;;$;2;SOFTYS ARGENTINA S.A;;;EFV;;;;;;;TOALLA FEMENINA;;;;;300;Bruno Centurion;AXUM;;;False;131609;0;1;;;;;;1;;1172,19
92;894 4383;San Francisco Solano;2026-10-02;02-10-2026;01-10-2026;FAC-A-131609;Venta;LAGOPUELO S.A;1509755;12,00;14396,04;17419,21;Carnes de ternera srl;;0,00 %;056;Ezequiel Ferreira;;TF UD T/SECA LADYSOFT ULTRA PROTECT 8;1199,67;3412;;2;ALMACEN;827,36;IVAN MONTOYA;;$;2;SOFTYS ARGENTINA S.A;;;EFV;;;;;;;TOALLA FEMENINA;;;;;300;Bruno Centurion;AXUM;;;False;131609;0;1;;;;;;1;;1199,67
92;894 4383;San Francisco Solano;2026-10-02;02-10-2026;01-10-2026;FAC-A-131609;Venta;LAGOPUELO S.A;1501627;5,00;60203,52;72846,26;Carnes de ternera srl;;10,00 %;056;Ezequiel Ferreira;;PH Higienol HS Balanced 20mx4/12;12040,70;3412;;2;ALMACEN;9488,34;IVAN MONTOYA;;$;2;SOFTYS ARGENTINA S.A;;;EFV;;;;;;;PAPEL HIG;;;;;300;Bruno Centurion;AXUM;;;False;131609;0;1;;;;;;1;;12040,70
3653;FELIPE AMOEDO 641;Quilmes;2026-10-02;02-10-2026;01-10-2026;FAC-A-131615;Venta;LAGOPUELO S.A;1509755;6,00;7198,02;8709,60;COCO MART S.R.L;;0,00 %;054;Leonel Caruso;;TF UD T/SECA LADYSOFT ULTRA PROTECT 8;1199,67;3413;;3;AUTOSERVICIO;827,36;HERNAN RIVERO;;$;2;SOFTYS ARGENTINA S.A;;;CON;;;;;;;TOALLA FEMENINA;;;;;300;Bruno Centurion;AXUM;;;False;131615;0;1;;;;;;1;;1199,67
3653;FELIPE AMOEDO 641;Quilmes;2026-10-02;02-10-2026;01-10-2026;FAC-A-131615;Venta;LAGOPUELO S.A;1509758;6,00;6694,44;8100,27;COCO MART S.R.L;;0,00 %;054;Leonel Caruso;;TF UD T/SUAVE EXT ALGO 8X40;1115,74;3413;;3;AUTOSERVICIO;769,48;HERNAN RIVERO;;$;2;SOFTYS ARGENTINA S.A;;;CON;;;;;;;TOALLA FEMENINA;;;;;300;Bruno Centurion;AXUM;;;False;131615;0;1;;;;;;1;;1115,74
23445;plaza almirante Brown - (AUTOSERVICIOS) 387;ADROGUE;2026-10-02;02-10-2026;01-10-2026;FAC-A-131620;Venta;LAGOPUELO S.A;1503118;10,00;16353,60;19787,86;GAO XIAOHUA;;0,00 %;062;Nahuel Martinez;;TH BABYSEC ULTRA 50/24;1635,36;3416;;3;Autoservicio B;1127,83;NAHUEL MONTOYA;;$;2;SOFTYS ARGENTINA S.A;;;CON;;;;;;;;;;;;300;Bruno Centurion;AXUM;;;False;131620;0;1;;;;;;1;;1635,36
23445;plaza almirante Brown - (AUTOSERVICIOS) 387;ADROGUE;2026-10-02;02-10-2026;01-10-2026;FAC-A-131620;Venta;LAGOPUELO S.A;1505776;15,00;20980,95;25386,95;GAO XIAOHUA;;0,00 %;062;Nahuel Martinez;;SE SUSSEX HS 30X30 BLANCA X80;1398,73;3416;;3;Autoservicio B;1036,10;NAHUEL MONTOYA;;$;2;SOFTYS ARGENTINA S.A;;;CON;;;;;;;SERVILLETA;;;;;300;Bruno Centurion;AXUM;;;False;131620;0;1;;;;;;1;;1398,73
6028;AV. LA ROTONDA 1218;Varela;2026-10-02;02-10-2026;01-10-2026;FAC-A-131626;Venta;LAGOPUELO S.A;1504279;4,00;43129,33;52186,49;HUANG JIANXIN;;10,00 %;052;Nicole Sosa;;PL BABYSEC PREM SOFT Mx48/4;10782,33;3411;;3;AUTOSERVICIO;8874,35;JUAN ESCOTO;;$;2;SOFTYS ARGENTINA S.A;;;CON;;;;;;;PAÒAL;;;;;300;Bruno Centurion;AXUM;;;False;131626;0;1;;;;;;1;;10782,33
6028;AV. LA ROTONDA 1218;Varela;2026-10-02;02-10-2026;01-10-2026;FAC-A-131626;Venta;LAGOPUELO S.A;1504289;8,00;86258,66;104372,98;HUANG JIANXIN;;10,00 %;052;Nicole Sosa;;PLBABYSEC PREM SOFTXXG x30/4;10782,33;3411;;3;AUTOSERVICIO;8874,35;JUAN ESCOTO;;$;2;SOFTYS ARGENTINA S.A;;;CON;;;;;;;PAÒAL;;;;;300;Bruno Centurion;AXUM;;;False;131626;0;1;;;;;;1;;10782,33
6028;AV. LA ROTONDA 1218;Varela;2026-10-02;02-10-2026;01-10-2026;FAC-A-131626;Venta;LAGOPUELO S.A;1504206;2,00;17606,12;21303,41;HUANG JIANXIN;;10,00 %;052;Nicole Sosa;;PL BABYSEC ULTRASOFT G 40/4;8803,06;3411;;3;AUTOSERVICIO;7245,32;JUAN ESCOTO;;$;2;SOFTYS ARGENTINA S.A;;;CON;;;;;;;PAÒAL;;;;;300;Bruno Centurion;AXUM;;;False;131626;0;1;;;;;;1;;8803,06
6028;AV. LA ROTONDA 1218;Varela;2026-10-02;02-10-2026;01-10-2026;FAC-A-131626;Venta;LAGOPUELO S.A;1504205;2,00;17606,12;21303,41;HUANG JIANXIN;;10,00 %;052;Nicole Sosa;;PL BABYSEC ULTRASOFT M 48/4;8803,06;3411;;3;AUTOSERVICIO;7245,32;JUAN ESCOTO;;$;2;SOFTYS ARGENTINA S.A;;;CON;;;;;;;PAÒAL;;;;;300;Bruno Centurion;AXUM;;;False;131626;0;1;;;;;;1;;8803,06
6028;AV. LA ROTONDA 1218;Varela;2026-10-02;02-10-2026;01-10-2026;FAC-A-131626;Venta;LAGOPUELO S.A;1509768;12,00;11703,72;14161,50;HUANG JIANXIN;;0,00 %;052;Nicole Sosa;;TF NORMAL T/SUAVE PIEL SENSIBLE 8x54;975,31;3411;;3;AUTOSERVICIO;672,63;JUAN ESCOTO;;$;2;SOFTYS ARGENTINA S.A;;;CON;;;;;;;TOALLA FEMENINA;;;;;300;Bruno Centurion;AXUM;;;False;131626;0;1;;;;;;1;;975,31
113;LA ROTONDA - 1223;Florencio Varela;2026-10-02;02-10-2026;01-10-2026;FAC-B-131632;Venta;ELEBES;1505688;1,00;15533,64;18795,70;NU—EZ ARMANDO;;5,00 %;052;Nicole Sosa;;RC Sussex clasico mas blanco 50px3/10;15533,64;3411;;3;AUTOSERVICIO;12112,00;JUAN ESCOTO;;$;2;SOFTYS ARGENTINA S.A;;;EFV;;;;;;;ROLLO DE COCINA;;;;;300;Bruno Centurion;AXUM;;;False;131632;0;1;;;;;;1;;15533,64
106966;VIctor Hugo 1469 0;WILDE;2026-10-02;02-10-2026;01-10-2026;FAC-B-131633;Venta;ELEBES;1505688;1,00;15533,64;18795,70;Villa Elias Raul;;5,00 %;26;Sabrina Pereyra;;RC Sussex clasico mas blanco 50px3/10;15533,64;3409;;5;KIOSCO;12112,00;SIMON OLIVERA;;$;2;SOFTYS ARGENTINA S.A;;;EFV;;;;;;;ROLLO DE COCINA;;;;;25;JOHANA VIGIL;AXUM;;;False;131633;0;1;;;;;;1;;15533,64
1446;514 N 1167;BERAZATEGUI;2026-10-02;02-10-2026;01-10-2026;FAC-A-131637;Venta;LAGOPUELO S.A;1509765;27,00;44878,86;54303,42;RUBEN VICOS;;0,00 %;051;Ezequiel Valente;;TF NORMALT/SUAVE EXT ALG 16x27;1662,18;3411;;2;ALMACEN;1146,33;JUAN ESCOTO;;$;2;SOFTYS ARGENTINA S.A;;;CON;;;;;;;TOALLA FEMENINA;;;;;300;Bruno Centurion;AXUM;;;False;131637;0;1;;;;;;1;;1662,18
1446;514 N 1167;BERAZATEGUI;2026-10-02;02-10-2026;01-10-2026;FAC-A-131637;Venta;LAGOPUELO S.A;1509764;54,00;45826,56;55450,14;RUBEN VICOS;;0,00 %;051;Ezequiel Valente;;TF NORMAL T/SUAVE EXT ALGODON 8x54;848,64;3411;;2;ALMACEN;585,27;JUAN ESCOTO;;$;2;SOFTYS ARGENTINA S.A;;;CON;;;;;;;TOALLA FEMENINA;;;;;300;Bruno Centurion;AXUM;;;False;131637;0;1;;;;;;1;;848,64
1446;514 N 1167;BERAZATEGUI;2026-10-02;02-10-2026;01-10-2026;FAC-A-131637;Venta;LAGOPUELO S.A;1509761;54,00;42941,88;51959,67;RUBEN VICOS;;0,00 %;051;Ezequiel Valente;;TF LADYSOFT COMFORT EXT ALGODON 8x54;795,22;3411;;2;ALMACEN;548,43;JUAN ESCOTO;;$;2;SOFTYS ARGENTINA S.A;;;CON;;;;;;;TOALLA FEMENINA;;;;;300;Bruno Centurion;AXUM;;;False;131637;0;1;;;;;;1;;795,22
1446;514 N 1167;BERAZATEGUI;2026-10-02;02-10-2026;01-10-2026;FAC-A-131637;Venta;LAGOPUELO S.A;1509766;54,00;49453,20;59838,37;RUBEN VICOS;;0,00 %;051;Ezequiel Valente;;TF T/SECA NORMAL MAS PROTECC 8x54;915,80;3411;;2;ALMACEN;631,59;JUAN ESCOTO;;$;2;SOFTYS ARGENTINA S.A;;;CON;;;;;;;TOALLA FEMENINA;;;;;300;Bruno Centurion;AXUM;;;False;131637;0;1;;;;;;1;;915,80
1446;514 N 1167;BERAZATEGUI;2026-10-02;02-10-2026;01-10-2026;FAC-A-131637;Venta;LAGOPUELO S.A;1509755;40,00;47986,80;58064,03;RUBEN VICOS;;0,00 %;051;Ezequiel Valente;;TF UD T/SECA LADYSOFT ULTRA PROTECT 8;1199,67;3411;;2;ALMACEN;827,36;JUAN ESCOTO;;$;2;SOFTYS ARGENTINA S.A;;;CON;;;;;;;TOALLA FEMENINA;;;;;300;Bruno Centurion;AXUM;;;False;131637;0;1;;;;;;1;;1199,67
1446;514 N 1167;BERAZATEGUI;2026-10-02;02-10-2026;01-10-2026;FAC-A-131637;Venta;LAGOPUELO S.A;1509756;20,00;46674,20;56475,78;RUBEN VICOS;;0,00 %;051;Ezequiel Valente;;TF UD T/SECA LADYSOFT UL PRT 16u;2333,71;3411;;2;ALMACEN;1609,46;JUAN ESCOTO;;$;2;SOFTYS ARGENTINA S.A;;;CON;;;;;;;TOALLA FEMENINA;;;;;300;Bruno Centurion;AXUM;;;False;131637;0;1;;;;;;1;;2333,71
1446;514 N 1167;BERAZATEGUI;2026-10-02;02-10-2026;01-10-2026;FAC-A-131637;Venta;LAGOPUELO S.A;1509762;32,00;37510,08;45387,20;RUBEN VICOS;;0,00 %;051;Ezequiel Valente;;TF NOCTUR EXT A 8x32;1172,19;3411;;2;ALMACEN;808,41;JUAN ESCOTO;;$;2;SOFTYS ARGENTINA S.A;;;CON;;;;;;;TOALLA FEMENINA;;;;;300;Bruno Centurion;AXUM;;;False;131637;0;1;;;;;;1;;1172,19
1446;514 N 1167;BERAZATEGUI;2026-10-02;02-10-2026;01-10-2026;FAC-A-131637;Venta;LAGOPUELO S.A;1509763;16,00;36240,80;43851,37;RUBEN VICOS;;0,00 %;051;Ezequiel Valente;;TF Nocturna EXT ALGODON 16X16;2265,05;3411;;2;ALMACEN;1562,11;JUAN ESCOTO;;$;2;SOFTYS ARGENTINA S.A;;;CON;;;;;;;TOALLA FEMENINA;;;;;300;Bruno Centurion;AXUM;;;False;131637;0;1;;;;;;1;;2265,05
1446;514 N 1167;BERAZATEGUI;2026-10-02;02-10-2026;01-10-2026;FAC-A-131637;Venta;LAGOPUELO S.A;1501553;2,00;45102,50;54574,02;RUBEN VICOS;;15,00 %;051;Ezequiel Valente;;PH HIGIENOL DH PLUS FUSI”N 30M x4/10;22551,25;3411;;2;ALMACEN;17199,92;JUAN ESCOTO;;$;2;SOFTYS ARGENTINA S.A;;;CON;;;;;;;PAPEL HIG;;;;;300;Bruno Centurion;AXUM;;;False;131637;0;1;;;;;;1;;22551,25
1446;514 N 1167;BERAZATEGUI;2026-10-02;02-10-2026;01-10-2026;FAC-A-131637;Venta;LAGOPUELO S.A;1509764;5,00;0,00;0,00;RUBEN VICOS;;100,00 %;051;Ezequiel Valente;;TF NORMAL T/SUAVE EXT ALGODON 8x54;0,00;3411;;2;ALMACEN;585,27;JUAN ESCOTO;;$;2;SOFTYS ARGENTINA S.A;;;CON;;;;;;;TOALLA FEMENINA;;;;;300;Bruno Centurion;AXUM;;;False;131637;0;1;;;;;;1;;0,00
25057;DIAG. BROWN - (AUTOSERVICIOS) 1499;ADROGUE;2026-10-02;02-10-2026;01-10-2026;FAC-A-131641;Venta;LAGOPUELO S.A;1501553;1,00;22551,25;27287,01;CHIRINO SILVANA;;15,00 %;062;Nahuel Martinez;;PH HIGIENOL DH PLUS FUSI”N 30M x4/10;22551,25;3416;;3;Autoservicio B;17199,92;NAHUEL MONTOYA;;$;2;SOFTYS ARGENTINA S.A;;;CON;;;;;;;PAPEL HIG;;;;;300;Bruno Centurion;AXUM;;;False;131641;0;1;;;;;;1;;22551,25
25057;DIAG. BROWN - (AUTOSERVICIOS) 1499;ADROGUE;2026-10-02;02-10-2026;01-10-2026;FAC-A-131641;Venta;LAGOPUELO S.A;1501627;1,00;12040,70;14569,25;CHIRINO SILVANA;;10,00 %;062;Nahuel Martinez;;PH Higienol HS Balanced 20mx4/12;12040,70;3416;;3;Autoservicio B;9488,34;NAHUEL MONTOYA;;$;2;SOFTYS ARGENTINA S.A;;;CON;;;;;;;PAPEL HIG;;;;;300;Bruno Centurion;AXUM;;;False;131641;0;1;;;;;;1;;12040,70
25057;DIAG. BROWN - (AUTOSERVICIOS) 1499;ADROGUE;2026-10-02;02-10-2026;01-10-2026;FAC-A-131641;Venta;LAGOPUELO S.A;1509749;10,00;13004,20;15735,08;CHIRINO SILVANA;;0,00 %;062;Nahuel Martinez;;PD ladysoft clasicos 20x30;1300,42;3416;;3;Autoservicio B;896,84;NAHUEL MONTOYA;;$;2;SOFTYS ARGENTINA S.A;;;CON;;;;;;;PROTECTOR DIARIO;;;;;300;Bruno Centurion;AXUM;;;False;131641;0;1;;;;;;1;;1300,42
25057;DIAG. BROWN - (AUTOSERVICIOS) 1499;ADROGUE;2026-10-02;02-10-2026;01-10-2026;FAC-A-131641;Venta;LAGOPUELO S.A;1505496;2,00;2481,50;3002,62;CHIRINO SILVANA;;0,00 %;062;Nahuel Martinez;;PO ELITE ST CON ALGODON X10 PACK 6;1240,75;3416;;3;Autoservicio B;855,69;NAHUEL MONTOYA;;$;2;SOFTYS ARGENTINA S.A;;;CON;;;;;;;PAÒUELOS;;;;;300;Bruno Centurion;AXUM;;;False;131641;0;1;;;;;;1;;1240,75
1515;Calle 13 A 2781;Berazategui;2026-10-05;05-10-2026;01-10-2026;FAC-A-131653;Venta;LAGOPUELO S.A;1509755;10,00;11996,70;14516,01;NU—EZ ARGUELLO MARIA VILMA;;0,00 %;5;Eliana Huber;;TF UD T/SECA LADYSOFT ULTRA PROTECT 8;1199,67;3428;;2;ALMACEN;827,36;CLAUDIO GARCIA;;$;2;SOFTYS ARGENTINA S.A;;;CON;;;;;;;TOALLA FEMENINA;;;;;25;JOHANA VIGIL;AXUM;;;False;131653;0;1;;;;;;1;;1199,67
1515;Calle 13 A 2781;Berazategui;2026-10-05;05-10-2026;01-10-2026;FAC-A-131653;Venta;LAGOPUELO S.A;1509764;6,00;5091,84;6161,13;NU—EZ ARGUELLO MARIA VILMA;;0,00 %;5;Eliana Huber;;TF NORMAL T/SUAVE EXT ALGODON 8x54;848,64;3428;;2;ALMACEN;585,27;CLAUDIO GARCIA;;$;2;SOFTYS ARGENTINA S.A;;;CON;;;;;;;TOALLA FEMENINA;;;;;25;JOHANA VIGIL;AXUM;;;False;131653;0;1;;;;;;1;;848,64
104668;Condarco 1634 0;WILDE;2026-10-02;02-10-2026;01-10-2026;FAC-A-131659;Venta;ELEBES;1509762;12,00;14066,28;17020,20;Guo Jiali;;0,00 %;24;Cecilia Gauchez;;TF NOCTUR EXT A 8x32;1172,19;3408;;3;AUTOSERVICIO;808,41;CLAUDIO GARCIA;;$;2;SOFTYS ARGENTINA S.A;;;EFV;;;;;;;TOALLA FEMENINA;;;;;25;JOHANA VIGIL;AXUM;;;False;131659;0;1;;;;;;1;;1172,19
23042;CONSTITUCION DE N 33 E/CONTRERAS Y ALBERDI - (PERFUMERIA) 1853;FLORENCIO VARELA;2026-10-05;05-10-2026;01-10-2026;FAC-A-131661;Venta;ELEBES;1505688;1,00;15533,64;18795,70;GRACIELA HEREDIA;;5,00 %;6;Nieves Alegre;;RC Sussex clasico mas blanco 50px3/10;15533,64;3428;;OTR;Articulo de limpieza;12112,00;CLAUDIO GARCIA;;$;2;SOFTYS ARGENTINA S.A;;;CON;;;;;;;ROLLO DE COCINA;;;;;25;JOHANA VIGIL;AXUM;;;False;131661;0;1;;;;;;1;;15533,64
3088;AVDA GRAL MOSCONI 3973;QUILMES;2026-10-02;02-10-2026;01-10-2026;FAC-A-131664;Venta;LAGOPUELO S.A;1509766;12,00;10989,60;13297,42;LIN JIANKUI;;0,00 %;053;Verona Abati;;TF T/SECA NORMAL MAS PROTECC 8x54;915,80;3412;;3;AUTOSERVICIO;631,59;IVAN MONTOYA;;$;2;SOFTYS ARGENTINA S.A;;;CON;;;;;;;TOALLA FEMENINA;;;;;300;Bruno Centurion;AXUM;;;False;131664;0;1;;;;;;1;;915,80
3088;AVDA GRAL MOSCONI 3973;QUILMES;2026-10-02;02-10-2026;01-10-2026;FAC-A-131664;Venta;LAGOPUELO S.A;1509765;12,00;19946,16;24134,85;LIN JIANKUI;;0,00 %;053;Verona Abati;;TF NORMALT/SUAVE EXT ALG 16x27;1662,18;3412;;3;AUTOSERVICIO;1146,33;IVAN MONTOYA;;$;2;SOFTYS ARGENTINA S.A;;;CON;;;;;;;TOALLA FEMENINA;;;;;300;Bruno Centurion;AXUM;;;False;131664;0;1;;;;;;1;;1662,18
3088;AVDA GRAL MOSCONI 3973;QUILMES;2026-10-02;02-10-2026;01-10-2026;FAC-A-131664;Venta;LAGOPUELO S.A;1504205;2,00;17606,12;21303,41;LIN JIANKUI;;10,00 %;053;Verona Abati;;PL BABYSEC ULTRASOFT M 48/4;8803,06;3412;;3;AUTOSERVICIO;7245,32;IVAN MONTOYA;;$;2;SOFTYS ARGENTINA S.A;;;CON;;;;;;;PAÒAL;;;;;300;Bruno Centurion;AXUM;;;False;131664;0;1;;;;;;1;;8803,06
3088;AVDA GRAL MOSCONI 3973;QUILMES;2026-10-02;02-10-2026;01-10-2026;FAC-A-131664;Venta;LAGOPUELO S.A;1504206;2,00;17606,12;21303,41;LIN JIANKUI;;10,00 %;053;Verona Abati;;PL BABYSEC ULTRASOFT G 40/4;8803,06;3412;;3;AUTOSERVICIO;7245,32;IVAN MONTOYA;;$;2;SOFTYS ARGENTINA S.A;;;CON;;;;;;;PAÒAL;;;;;300;Bruno Centurion;AXUM;;;False;131664;0;1;;;;;;1;;8803,06
3088;AVDA GRAL MOSCONI 3973;QUILMES;2026-10-02;02-10-2026;01-10-2026;FAC-A-131664;Venta;LAGOPUELO S.A;1504207;2,00;17606,12;21303,41;LIN JIANKUI;;10,00 %;053;Verona Abati;;PL BABYSEC ULTRASOFT XG 32/4;8803,06;3412;;3;AUTOSERVICIO;7245,32;IVAN MONTOYA;;$;2;SOFTYS ARGENTINA S.A;;;CON;;;;;;;PAÒAL;;;;;300;Bruno Centurion;AXUM;;;False;131664;0;1;;;;;;1;;8803,06
3088;AVDA GRAL MOSCONI 3973;QUILMES;2026-10-02;02-10-2026;01-10-2026;FAC-A-131664;Venta;LAGOPUELO S.A;1504208;2,00;17606,12;21303,41;LIN JIANKUI;;10,00 %;053;Verona Abati;;BABYSEC ULTSOFT XX6 30/4;8803,06;3412;;3;AUTOSERVICIO;7245,32;IVAN MONTOYA;;$;2;SOFTYS ARGENTINA S.A;;;CON;;;;;;;PAÒAL;;;;;300;Bruno Centurion;AXUM;;;False;131664;0;1;;;;;;1;;8803,06
108202;Helguera 3856 0;VILLA DOMINICO;2026-10-02;02-10-2026;01-10-2026;FAC-A-131671;Venta;LAGOPUELO S.A;1504075;18,00;39501,59;47796,93;Garay Teresa de Jesus;;10,00 %;28;Nadia Diaz;;PL BABYSEC ULTRASOF CH 12/18;2194,53;3409;;georgalos-7;Almacen;1806,20;SIMON OLIVERA;;$;2;SOFTYS ARGENTINA S.A;;;EFV;;;;;;;PAÒAL;;;;;25;JOHANA VIGIL;AXUM;;;False;131671;0;1;;;;;;1;;2194,53
108202;Helguera 3856 0;VILLA DOMINICO;2026-10-02;02-10-2026;01-10-2026;FAC-A-131671;Venta;LAGOPUELO S.A;1504079;15,00;32917,59;39830,28;Garay Teresa de Jesus;;10,00 %;28;Nadia Diaz;;PL BABYSEC ULTRASOFT XXG 8/15;2194,51;3409;;georgalos-7;Almacen;1806,18;SIMON OLIVERA;;$;2;SOFTYS ARGENTINA S.A;;;EFV;;;;;;;PAÒAL;;;;;25;JOHANA VIGIL;AXUM;;;False;131671;0;1;;;;;;1;;2194,51
108202;Helguera 3856 0;VILLA DOMINICO;2026-10-02;02-10-2026;01-10-2026;FAC-A-131671;Venta;LAGOPUELO S.A;1505688;2,00;31067,28;37591,41;Garay Teresa de Jesus;;5,00 %;28;Nadia Diaz;;RC Sussex clasico mas blanco 50px3/10;15533,64;3409;;georgalos-7;Almacen;12112,00;SIMON OLIVERA;;$;2;SOFTYS ARGENTINA S.A;;;EFV;;;;;;;ROLLO DE COCINA;;;;;25;JOHANA VIGIL;AXUM;;;False;131671;0;1;;;;;;1;;15533,64
91;895 4436;San Francisco Solano;2026-10-02;02-10-2026;01-10-2026;FAC-A-131674;Venta;LAGOPUELO S.A;1509764;20,00;16972,80;20537,09;CARNES DE TERNERA SRL;;0,00 %;056;Ezequiel Ferreira;;TF NORMAL T/SUAVE EXT ALGODON 8x54;848,64;3412;;2;ALMACEN;585,27;IVAN MONTOYA;;$;2;SOFTYS ARGENTINA S.A;;;EFV;;;;;;;TOALLA FEMENINA;;;;;300;Bruno Centurion;AXUM;;;False;131674;0;1;;;;;;1;;848,64
91;895 4436;San Francisco Solano;2026-10-02;02-10-2026;01-10-2026;FAC-A-131674;Venta;LAGOPUELO S.A;1501553;1,00;22551,25;27287,01;CARNES DE TERNERA SRL;;15,00 %;056;Ezequiel Ferreira;;PH HIGIENOL DH PLUS FUSI”N 30M x4/10;22551,25;3412;;2;ALMACEN;17199,92;IVAN MONTOYA;;$;2;SOFTYS ARGENTINA S.A;;;EFV;;;;;;;PAPEL HIG;;;;;300;Bruno Centurion;AXUM;;;False;131674;0;1;;;;;;1;;22551,25
91;895 4436;San Francisco Solano;2026-10-02;02-10-2026;01-10-2026;FAC-A-131674;Venta;LAGOPUELO S.A;1501627;1,00;12040,70;14569,25;CARNES DE TERNERA SRL;;10,00 %;056;Ezequiel Ferreira;;PH Higienol HS Balanced 20mx4/12;12040,70;3412;;2;ALMACEN;9488,34;IVAN MONTOYA;;$;2;SOFTYS ARGENTINA S.A;;;EFV;;;;;;;PAPEL HIG;;;;;300;Bruno Centurion;AXUM;;;False;131674;0;1;;;;;;1;;12040,70
91;895 4436;San Francisco Solano;2026-10-02;02-10-2026;01-10-2026;FAC-A-131674;Venta;LAGOPUELO S.A;1509764;2,00;0,00;0,00;CARNES DE TERNERA SRL;;100,00 %;056;Ezequiel Ferreira;;TF NORMAL T/SUAVE EXT ALGODON 8x54;0,00;3412;;2;ALMACEN;585,27;IVAN MONTOYA;;$;2;SOFTYS ARGENTINA S.A;;;EFV;;;;;;;TOALLA FEMENINA;;;;;300;Bruno Centurion;AXUM;;;False;131674;0;1;;;;;;1;;0,00
3063;ANDRES BARANDA 1570;QUILMES;2026-10-02;02-10-2026;01-10-2026;FAC-A-131691;Venta;LAGOPUELO S.A;1509765;6,00;9973,08;12067,43;YAN FENG;;0,00 %;054;Leonel Caruso;;TF NORMALT/SUAVE EXT ALG 16x27;1662,18;3413;;3;AUTOSERVICIO;1146,33;HERNAN RIVERO;;$;2;SOFTYS ARGENTINA S.A;;;CON;;;;;;;TOALLA FEMENINA;;;;;300;Bruno Centurion;AXUM;;;False;131691;0;1;;;;;;1;;1662,18
3063;ANDRES BARANDA 1570;QUILMES;2026-10-02;02-10-2026;01-10-2026;FAC-A-131691;Venta;LAGOPUELO S.A;1509766;6,00;5494,80;6648,71;YAN FENG;;0,00 %;054;Leonel Caruso;;TF T/SECA NORMAL MAS PROTECC 8x54;915,80;3413;;3;AUTOSERVICIO;631,59;HERNAN RIVERO;;$;2;SOFTYS ARGENTINA S.A;;;CON;;;;;;;TOALLA FEMENINA;;;;;300;Bruno Centurion;AXUM;;;False;131691;0;1;;;;;;1;;915,80
5949;MAIPU 1667;9 de abril;2026-10-01;01-10-2026;01-10-2026;NCR-A-131693;DevoluciÛn por Rechazo;LAGOPUELO S.A;1501627;-240,00;-2550055,62;-3085567,30;MIGUEL GOMEZ;NO QUIERE EL CLIENTE;5,10 %;076;Martin Di Giorno;;PH Higienol HS Balanced 20mx4/12;10625,23;3418;;6;MAYORISTA;9488,34;HERNAN RIVERO;;$;2;SOFTYS ARGENTINA S.A;;;CON;;;;;;;PAPEL HIG;;;;;300;Bruno Centurion;gcw;131470;;True;131693;0;2;;;;;;1;;10625,23
5949;MAIPU 1667;9 de abril;2026-10-01;01-10-2026;01-10-2026;NCR-A-131693;DevoluciÛn por Rechazo;LAGOPUELO S.A;1501553;-120,00;-1983502,46;-2400037,98;MIGUEL GOMEZ;NO QUIERE EL CLIENTE;17,32 %;076;Martin Di Giorno;;PH HIGIENOL DH PLUS FUSI”N 30M x4/10;16529,19;3418;;6;MAYORISTA;17199,92;HERNAN RIVERO;;$;2;SOFTYS ARGENTINA S.A;;;CON;;;;;;;PAPEL HIG;;;;;300;Bruno Centurion;gcw;131470;;True;131693;0;2;;;;;;1;;16529,19
5469;SENZABELLO 1759;FLORENCIO VARELA;2026-10-05;05-10-2026;01-10-2026;FAC-A-131701;Venta;LAGOPUELO S.A;1503118;24,00;39248,64;47490,85;LIN WENFANG;;0,00 %;6;Nieves Alegre;;TH BABYSEC ULTRA 50/24;1635,36;3428;;3;AUTOSERVICIO;1127,83;CLAUDIO GARCIA;;$;2;SOFTYS ARGENTINA S.A;;;CON;;;;;;;;;;;;25;JOHANA VIGIL;AXUM;;;False;131701;0;1;;;;;;1;;1635,36
5469;SENZABELLO 1759;FLORENCIO VARELA;2026-10-05;05-10-2026;01-10-2026;FAC-A-131701;Venta;LAGOPUELO S.A;1509763;6,00;13590,30;16444,26;LIN WENFANG;;0,00 %;6;Nieves Alegre;;TF Nocturna EXT ALGODON 16X16;2265,05;3428;;3;AUTOSERVICIO;1562,11;CLAUDIO GARCIA;;$;2;SOFTYS ARGENTINA S.A;;;CON;;;;;;;TOALLA FEMENINA;;;;;25;JOHANA VIGIL;AXUM;;;False;131701;0;1;;;;;;1;;2265,05
5469;SENZABELLO 1759;FLORENCIO VARELA;2026-10-05;05-10-2026;01-10-2026;FAC-A-131701;Venta;LAGOPUELO S.A;1509761;8,00;6361,76;7697,73;LIN WENFANG;;0,00 %;6;Nieves Alegre;;TF LADYSOFT COMFORT EXT ALGODON 8x54;795,22;3428;;3;AUTOSERVICIO;548,43;CLAUDIO GARCIA;;$;2;SOFTYS ARGENTINA S.A;;;CON;;;;;;;TOALLA FEMENINA;;;;;25;JOHANA VIGIL;AXUM;;;False;131701;0;1;;;;;;1;;795,22
5469;SENZABELLO 1759;FLORENCIO VARELA;2026-10-05;05-10-2026;01-10-2026;FAC-A-131701;Venta;LAGOPUELO S.A;1509758;6,00;6694,44;8100,27;LIN WENFANG;;0,00 %;6;Nieves Alegre;;TF UD T/SUAVE EXT ALGO 8X40;1115,74;3428;;3;AUTOSERVICIO;769,48;CLAUDIO GARCIA;;$;2;SOFTYS ARGENTINA S.A;;;CON;;;;;;;TOALLA FEMENINA;;;;;25;JOHANA VIGIL;AXUM;;;False;131701;0;1;;;;;;1;;1115,74
5469;SENZABELLO 1759;FLORENCIO VARELA;2026-10-05;05-10-2026;01-10-2026;FAC-A-131701;Venta;LAGOPUELO S.A;1509765;12,00;19946,16;24134,85;LIN WENFANG;;0,00 %;6;Nieves Alegre;;TF NORMALT/SUAVE EXT ALG 16x27;1662,18;3428;;3;AUTOSERVICIO;1146,33;CLAUDIO GARCIA;;$;2;SOFTYS ARGENTINA S.A;;;CON;;;;;;;TOALLA FEMENINA;;;;;25;JOHANA VIGIL;AXUM;;;False;131701;0;1;;;;;;1;;1662,18
5469;SENZABELLO 1759;FLORENCIO VARELA;2026-10-05;05-10-2026;01-10-2026;FAC-A-131701;Venta;LAGOPUELO S.A;1504293;3,00;49556,50;59963,37;LIN WENFANG;;10,00 %;6;Nieves Alegre;;PL BABYSEC PREMIUM SOFT XXGx44/3;16518,83;3428;;3;AUTOSERVICIO;13595,75;CLAUDIO GARCIA;;$;2;SOFTYS ARGENTINA S.A;;;CON;;;;;;;PAÒAL;;;;;25;JOHANA VIGIL;AXUM;;;False;131701;0;1;;;;;;1;;16518,83
5469;SENZABELLO 1759;FLORENCIO VARELA;2026-10-05;05-10-2026;01-10-2026;FAC-A-131701;Venta;LAGOPUELO S.A;1507915;1,00;35672,58;43163,82;LIN WENFANG;;0,00 %;6;Nieves Alegre;;PH HIGIENOL DH YAPA 50X x4;35672,58;3428;;3;AUTOSERVICIO;24601,78;CLAUDIO GARCIA;;$;2;SOFTYS ARGENTINA S.A;;;CON;;;;;;;PAPEL HIG;;;;;25;JOHANA VIGIL;AXUM;;;False;131701;0;1;;;;;;1;;35672,58
827;CALLE 145 844;Berazategui;2026-10-01;01-10-2026;01-10-2026;FAC-B-131709;Venta;ELEBES;1504289;5,00;53911,67;65233,11;VERONA ABATI;;10,00 %;16;VENDEDOR DEPOSITO;;PLBABYSEC PREM SOFTXXG x30/4;10782,33;3396;;georgalos-50;Empleados;8874,35;PEDIDOS INTERNOS;;$;2;SOFTYS ARGENTINA S.A;;;7;;;;;;;PAÒAL;;;;;;;gcw;;;False;131709;0;1;;;;;;1;;10782,33
3101;GRAL SAVIO 3525;QUILMES;2026-10-02;02-10-2026;01-10-2026;FAC-A-131729;Venta;LAGOPUELO S.A;1509765;8,00;13297,44;16089,90;YAO MEIYING;;0,00 %;053;Verona Abati;;TF NORMALT/SUAVE EXT ALG 16x27;1662,18;3412;;3;AUTOSERVICIO;1146,33;IVAN MONTOYA;;$;2;SOFTYS ARGENTINA S.A;;;CON;;;;;;;TOALLA FEMENINA;;;;;300;Bruno Centurion;AXUM;;;False;131729;0;1;;;;;;1;;1662,18
3101;GRAL SAVIO 3525;QUILMES;2026-10-02;02-10-2026;01-10-2026;FAC-A-131729;Venta;LAGOPUELO S.A;1509768;12,00;11703,72;14161,50;YAO MEIYING;;0,00 %;053;Verona Abati;;TF NORMAL T/SUAVE PIEL SENSIBLE 8x54;975,31;3412;;3;AUTOSERVICIO;672,63;IVAN MONTOYA;;$;2;SOFTYS ARGENTINA S.A;;;CON;;;;;;;TOALLA FEMENINA;;;;;300;Bruno Centurion;AXUM;;;False;131729;0;1;;;;;;1;;975,31
603;AV LA PLATA 4559;Quilmes;2026-10-02;02-10-2026;01-10-2026;FAC-A-131736;Venta;LAGOPUELO S.A;1503118;48,00;78497,28;94981,71;Xia Liangmei;;0,00 %;2;Fernanda Cejas;;TH BABYSEC ULTRA 50/24;1635,36;3412;;3;AUTOSERVICIO;1127,83;IVAN MONTOYA;;$;2;SOFTYS ARGENTINA S.A;;;EFV;;;;;;;;;;;;25;JOHANA VIGIL;AXUM;;;False;131736;0;1;;;;;;1;;1635,36
2127;Calle 514 N 1363;CENTRO AGRICOLA EL PATO;2026-10-02;02-10-2026;01-10-2026;FAC-A-131738;Venta;LAGOPUELO S.A;1502384;12,00;21343,68;25825,85;PEREZ ADRIANA EUGENIA;;0,00 %;051;Ezequiel Valente;;SE ELITE X100/30 ULTRA SUAVE;1778,64;3411;;3;AUTOSERVICIO;1317,51;JUAN ESCOTO;;$;2;SOFTYS ARGENTINA S.A;;;CON;;;;;;;SERVILLETA;;;;;300;Bruno Centurion;AXUM;;;False;131738;0;1;;;;;;1;;1778,64
23426;Diagonal Almirante Brown EREZCANO-JORGE - (AUTOSERVICIOS) 1893;ADROGUE;2026-10-02;02-10-2026;01-10-2026;FAC-A-131739;Venta;LAGOPUELO S.A;1505688;2,00;31067,28;37591,41;ANDREA BARROSO;;5,00 %;062;Nahuel Martinez;;RC Sussex clasico mas blanco 50px3/10;15533,64;3416;;2;ALMACEN;12112,00;NAHUEL MONTOYA;;$;2;SOFTYS ARGENTINA S.A;;;CON;;;;;;;ROLLO DE COCINA;;;;;300;Bruno Centurion;AXUM;;;False;131739;0;1;;;;;;1;;15533,64
23448;AV GRL SAN MARTIN 1765;Almirante Brown;2026-10-02;02-10-2026;01-10-2026;FAC-A-131743;Venta;LAGOPUELO S.A;1505411;36,00;54137,88;65506,83;JIACHEN S.R.L.;;0,00 %;062;Nahuel Martinez;;P— ELITE FACIALES DISNEY x90/36;1503,83;3416;;3;Autoservicio A;1037,12;NAHUEL MONTOYA;;$;2;SOFTYS ARGENTINA S.A;;;CON;;;;;;;PAÒUELOS;;;;;300;Bruno Centurion;AXUM;;;False;131743;0;1;;;;;;1;;1503,83
23448;AV GRL SAN MARTIN 1765;Almirante Brown;2026-10-02;02-10-2026;01-10-2026;FAC-A-131743;Venta;LAGOPUELO S.A;1509766;15,00;13737,00;16621,77;JIACHEN S.R.L.;;0,00 %;062;Nahuel Martinez;;TF T/SECA NORMAL MAS PROTECC 8x54;915,80;3416;;3;Autoservicio A;631,59;NAHUEL MONTOYA;;$;2;SOFTYS ARGENTINA S.A;;;CON;;;;;;;TOALLA FEMENINA;;;;;300;Bruno Centurion;AXUM;;;False;131743;0;1;;;;;;1;;915,80
23448;AV GRL SAN MARTIN 1765;Almirante Brown;2026-10-02;02-10-2026;01-10-2026;FAC-A-131743;Venta;LAGOPUELO S.A;1509758;15,00;16736,10;20250,68;JIACHEN S.R.L.;;0,00 %;062;Nahuel Martinez;;TF UD T/SUAVE EXT ALGO 8X40;1115,74;3416;;3;Autoservicio A;769,48;NAHUEL MONTOYA;;$;2;SOFTYS ARGENTINA S.A;;;CON;;;;;;;TOALLA FEMENINA;;;;;300;Bruno Centurion;AXUM;;;False;131743;0;1;;;;;;1;;1115,74
4178;GRAL. SAVIO 3534;Quilmes;2026-10-02;02-10-2026;01-10-2026;FAC-B-131749;Venta;LAGOPUELO S.A;1504208;4,00;35212,25;42606,82;LLAMP WILLIAM;;10,00 %;053;Verona Abati;;BABYSEC ULTSOFT XX6 30/4;8803,06;3412;;3;AUTOSERVICIO;7245,32;IVAN MONTOYA;;$;2;SOFTYS ARGENTINA S.A;;;CON;;;;;;;PAÒAL;;;;;300;Bruno Centurion;AXUM;;;False;131749;0;1;;;;;;1;;8803,06
4178;GRAL. SAVIO 3534;Quilmes;2026-10-02;02-10-2026;01-10-2026;FAC-B-131749;Venta;LAGOPUELO S.A;1504207;4,00;35212,25;42606,82;LLAMP WILLIAM;;10,00 %;053;Verona Abati;;PL BABYSEC ULTRASOFT XG 32/4;8803,06;3412;;3;AUTOSERVICIO;7245,32;IVAN MONTOYA;;$;2;SOFTYS ARGENTINA S.A;;;CON;;;;;;;PAÒAL;;;;;300;Bruno Centurion;AXUM;;;False;131749;0;1;;;;;;1;;8803,06
4178;GRAL. SAVIO 3534;Quilmes;2026-10-02;02-10-2026;01-10-2026;FAC-B-131749;Venta;LAGOPUELO S.A;1504289;4,00;43129,33;52186,49;LLAMP WILLIAM;;10,00 %;053;Verona Abati;;PLBABYSEC PREM SOFTXXG x30/4;10782,33;3412;;3;AUTOSERVICIO;8874,35;IVAN MONTOYA;;$;2;SOFTYS ARGENTINA S.A;;;CON;;;;;;;PAÒAL;;;;;300;Bruno Centurion;AXUM;;;False;131749;0;1;;;;;;1;;10782,33
4178;GRAL. SAVIO 3534;Quilmes;2026-10-02;02-10-2026;01-10-2026;FAC-B-131749;Venta;LAGOPUELO S.A;1501627;5,00;60203,52;72846,26;LLAMP WILLIAM;;10,00 %;053;Verona Abati;;PH Higienol HS Balanced 20mx4/12;12040,70;3412;;3;AUTOSERVICIO;9488,34;IVAN MONTOYA;;$;2;SOFTYS ARGENTINA S.A;;;CON;;;;;;;PAPEL HIG;;;;;300;Bruno Centurion;AXUM;;;False;131749;0;1;;;;;;1;;12040,70
5458;SENZABELLO 1589;FLORENCIO VARELA;2026-10-05;05-10-2026;01-10-2026;FAC-A-131751;Venta;LAGOPUELO S.A;1504289;8,00;86258,66;104372,98;ROSALES BENDA LEONELA;;10,00 %;6;Nieves Alegre;;PLBABYSEC PREM SOFTXXG x30/4;10782,33;3428;;3;AUTOSERVICIO;8874,35;CLAUDIO GARCIA;;$;2;SOFTYS ARGENTINA S.A;;;CON;;;;;;;PAÒAL;;;;;25;JOHANA VIGIL;AXUM;;;False;131751;0;1;;;;;;1;;10782,33
5458;SENZABELLO 1589;FLORENCIO VARELA;2026-10-05;05-10-2026;01-10-2026;FAC-A-131751;Venta;LAGOPUELO S.A;1504933;8,00;75641,11;91525,75;ROSALES BENDA LEONELA;;10,00 %;6;Nieves Alegre;;PL BABYSEC ULTASOFT XXXG x 28/4;9455,14;3428;;3;AUTOSERVICIO;7245,32;CLAUDIO GARCIA;;$;2;SOFTYS ARGENTINA S.A;;;CON;;;;;;;PAÒAL;;;;;25;JOHANA VIGIL;AXUM;;;False;131751;0;1;;;;;;1;;9455,14
5458;SENZABELLO 1589;FLORENCIO VARELA;2026-10-05;05-10-2026;01-10-2026;FAC-A-131751;Venta;LAGOPUELO S.A;1509756;20,00;46674,20;56475,78;ROSALES BENDA LEONELA;;0,00 %;6;Nieves Alegre;;TF UD T/SECA LADYSOFT UL PRT 16u;2333,71;3428;;3;AUTOSERVICIO;1609,46;CLAUDIO GARCIA;;$;2;SOFTYS ARGENTINA S.A;;;CON;;;;;;;TOALLA FEMENINA;;;;;25;JOHANA VIGIL;AXUM;;;False;131751;0;1;;;;;;1;;2333,71
5458;SENZABELLO 1589;FLORENCIO VARELA;2026-10-05;05-10-2026;01-10-2026;FAC-A-131751;Venta;LAGOPUELO S.A;1509766;27,00;24726,60;29919,19;ROSALES BENDA LEONELA;;0,00 %;6;Nieves Alegre;;TF T/SECA NORMAL MAS PROTECC 8x54;915,80;3428;;3;AUTOSERVICIO;631,59;CLAUDIO GARCIA;;$;2;SOFTYS ARGENTINA S.A;;;CON;;;;;;;TOALLA FEMENINA;;;;;25;JOHANA VIGIL;AXUM;;;False;131751;0;1;;;;;;1;;915,80
395;Calle 514 e/613 y 614 . El Pato 1381;Berazategui;2026-10-02;02-10-2026;01-10-2026;FAC-A-131754;Venta;LAGOPUELO S.A;1509755;10,00;11996,70;14516,01;MarÌa BelÈn Arguello;;0,00 %;051;Ezequiel Valente;;TF UD T/SECA LADYSOFT ULTRA PROTECT 8;1199,67;3411;;6;MAYORISTA;827,36;JUAN ESCOTO;;$;2;SOFTYS ARGENTINA S.A;;;EFV;;;;;;;TOALLA FEMENINA;;;;;300;Bruno Centurion;AXUM;;;False;131754;0;1;;;;;;1;;1199,67
27492;Segui - (AUTOSERVICIOS) 301;LAVALLOL;2026-10-02;02-10-2026;01-10-2026;FAC-A-131759;Venta;LAGOPUELO S.A;1509756;10,00;23337,10;28237,89;Chen Qingguan;;0,00 %;063;Daniel Martin;;TF UD T/SECA LADYSOFT UL PRT 16u;2333,71;3416;;3;Autoservicio A;1609,46;NAHUEL MONTOYA;;$;2;SOFTYS ARGENTINA S.A;;;CON;;;;;;;TOALLA FEMENINA;;;;;300;Bruno Centurion;AXUM;;;False;131759;0;1;;;;;;1;;2333,71
27492;Segui - (AUTOSERVICIOS) 301;LAVALLOL;2026-10-02;02-10-2026;01-10-2026;FAC-A-131759;Venta;LAGOPUELO S.A;1509758;10,00;11157,40;13500,45;Chen Qingguan;;0,00 %;063;Daniel Martin;;TF UD T/SUAVE EXT ALGO 8X40;1115,74;3416;;3;Autoservicio A;769,48;NAHUEL MONTOYA;;$;2;SOFTYS ARGENTINA S.A;;;CON;;;;;;;TOALLA FEMENINA;;;;;300;Bruno Centurion;AXUM;;;False;131759;0;1;;;;;;1;;1115,74
27492;Segui - (AUTOSERVICIOS) 301;LAVALLOL;2026-10-02;02-10-2026;01-10-2026;FAC-A-131759;Venta;LAGOPUELO S.A;1509759;10,00;21307,10;25781,59;Chen Qingguan;;0,00 %;063;Daniel Martin;;TF UD T/SUAVE EXT ALG 16x20;2130,71;3416;;3;Autoservicio A;1469,45;NAHUEL MONTOYA;;$;2;SOFTYS ARGENTINA S.A;;;CON;;;;;;;TOALLA FEMENINA;;;;;300;Bruno Centurion;AXUM;;;False;131759;0;1;;;;;;1;;2130,71
27492;Segui - (AUTOSERVICIOS) 301;LAVALLOL;2026-10-02;02-10-2026;01-10-2026;FAC-A-131759;Venta;LAGOPUELO S.A;1509765;12,00;19946,16;24134,85;Chen Qingguan;;0,00 %;063;Daniel Martin;;TF NORMALT/SUAVE EXT ALG 16x27;1662,18;3416;;3;Autoservicio A;1146,33;NAHUEL MONTOYA;;$;2;SOFTYS ARGENTINA S.A;;;CON;;;;;;;TOALLA FEMENINA;;;;;300;Bruno Centurion;AXUM;;;False;131759;0;1;;;;;;1;;1662,18
29245;BOMBERO VOL V SENZABELLO - 144 1310;FLORENCIO VARELA;2026-10-05;05-10-2026;01-10-2026;FAC-A-131763;Venta;LAGOPUELO S.A;1509755;6,00;7198,02;8709,60;SILVIO OSCAR PEREIRA;;0,00 %;6;Nieves Alegre;;TF UD T/SECA LADYSOFT ULTRA PROTECT 8;1199,67;3428;;OTR;Articulo de limpieza;827,36;CLAUDIO GARCIA;;$;2;SOFTYS ARGENTINA S.A;;;CON;;;;;;;TOALLA FEMENINA;;;;;25;JOHANA VIGIL;AXUM;;;False;131763;0;1;;;;;;1;;1199,67
23799;Casuarinas - (KIOSCOS/MAXI) 2585;CLAYPOLE;2026-10-08;08-10-2026;01-10-2026;FAC-B-131774;Venta;ELEBES;1509232;1,00;13179,71;15947,45;Guevara Lorena Elizabeth;;0,00 %;061;Nailah Guzman;;RC NOBLE 40P x3/10;13179,71;3477;;5;KIOSCO;9762,75;NAHUEL MONTOYA;;$;2;SOFTYS ARGENTINA S.A;;;CON;;;;;;;ROLLO DE COCINA;;;;;300;Bruno Centurion;AXUM;;;False;131774;0;1;;;;;;1;;13179,71
4567;383 bBIS ESQUINA 349;Quilmes;2026-10-02;02-10-2026;01-10-2026;FAC-B-131781;Venta;ELEBES;1501627;3,00;36122,11;43707,76;LUNA CRISTINA;;10,00 %;053;Verona Abati;;PH Higienol HS Balanced 20mx4/12;12040,70;3412;;2;ALMACEN;9488,34;IVAN MONTOYA;;$;2;SOFTYS ARGENTINA S.A;;;CON;;;;;;;PAPEL HIG;;;;;300;Bruno Centurion;AXUM;;;False;131781;0;1;;;;;;1;;12040,70
23710;LAS TALITAS 1000;ESTEBAN ECHEVERR√¬çA;2026-10-05;05-10-2026;01-10-2026;FAC-B-131784;Venta;LAGOPUELO S.A;1501627;2,00;24081,41;29138,50;CORREA LORENZO;;10,00 %;064;Karina Fernandez;;PH Higienol HS Balanced 20mx4/12;12040,70;3429;;2;ALMACEN;9488,34;SIMON OLIVERA;;$;2;SOFTYS ARGENTINA S.A;;;CON;;;;;;;PAPEL HIG;;;;;300;Bruno Centurion;AXUM;;;False;131784;0;1;;;;;;1;;12040,70
3185;CALLE 893 4507;Quilmes;2026-10-02;02-10-2026;01-10-2026;FAC-A-131788;Venta;LAGOPUELO S.A;1509766;12,00;10989,60;13297,42;WANG YINGQING;;0,00 %;056;Ezequiel Ferreira;;TF T/SECA NORMAL MAS PROTECC 8x54;915,80;3412;;3;AUTOSERVICIO;631,59;IVAN MONTOYA;;$;2;SOFTYS ARGENTINA S.A;;;CON;;;;;;;TOALLA FEMENINA;;;;;300;Bruno Centurion;AXUM;;;False;131788;0;1;;;;;;1;;915,80
3185;CALLE 893 4507;Quilmes;2026-10-02;02-10-2026;01-10-2026;FAC-A-131788;Venta;LAGOPUELO S.A;1509755;20,00;23993,40;29032,01;WANG YINGQING;;0,00 %;056;Ezequiel Ferreira;;TF UD T/SECA LADYSOFT ULTRA PROTECT 8;1199,67;3412;;3;AUTOSERVICIO;827,36;IVAN MONTOYA;;$;2;SOFTYS ARGENTINA S.A;;;CON;;;;;;;TOALLA FEMENINA;;;;;300;Bruno Centurion;AXUM;;;False;131788;0;1;;;;;;1;;1199,67
3185;CALLE 893 4507;Quilmes;2026-10-02;02-10-2026;01-10-2026;FAC-A-131788;Venta;LAGOPUELO S.A;1509756;20,00;46674,20;56475,78;WANG YINGQING;;0,00 %;056;Ezequiel Ferreira;;TF UD T/SECA LADYSOFT UL PRT 16u;2333,71;3412;;3;AUTOSERVICIO;1609,46;IVAN MONTOYA;;$;2;SOFTYS ARGENTINA S.A;;;CON;;;;;;;TOALLA FEMENINA;;;;;300;Bruno Centurion;AXUM;;;False;131788;0;1;;;;;;1;;2333,71
3185;CALLE 893 4507;Quilmes;2026-10-02;02-10-2026;01-10-2026;FAC-A-131788;Venta;LAGOPUELO S.A;1509768;20,00;19506,20;23602,50;WANG YINGQING;;0,00 %;056;Ezequiel Ferreira;;TF NORMAL T/SUAVE PIEL SENSIBLE 8x54;975,31;3412;;3;AUTOSERVICIO;672,63;IVAN MONTOYA;;$;2;SOFTYS ARGENTINA S.A;;;CON;;;;;;;TOALLA FEMENINA;;;;;300;Bruno Centurion;AXUM;;;False;131788;0;1;;;;;;1;;975,31
3185;CALLE 893 4507;Quilmes;2026-10-02;02-10-2026;01-10-2026;FAC-A-131788;Venta;LAGOPUELO S.A;1509762;20,00;23443,80;28367,00;WANG YINGQING;;0,00 %;056;Ezequiel Ferreira;;TF NOCTUR EXT A 8x32;1172,19;3412;;3;AUTOSERVICIO;808,41;IVAN MONTOYA;;$;2;SOFTYS ARGENTINA S.A;;;CON;;;;;;;TOALLA FEMENINA;;;;;300;Bruno Centurion;AXUM;;;False;131788;0;1;;;;;;1;;1172,19
3185;CALLE 893 4507;Quilmes;2026-10-02;02-10-2026;01-10-2026;FAC-A-131788;Venta;LAGOPUELO S.A;1509763;16,00;36240,80;43851,37;WANG YINGQING;;0,00 %;056;Ezequiel Ferreira;;TF Nocturna EXT ALGODON 16X16;2265,05;3412;;3;AUTOSERVICIO;1562,11;IVAN MONTOYA;;$;2;SOFTYS ARGENTINA S.A;;;CON;;;;;;;TOALLA FEMENINA;;;;;300;Bruno Centurion;AXUM;;;False;131788;0;1;;;;;;1;;2265,05
801;AV MANUEL BELGRANO 4363;Villa Dominico;2026-10-02;02-10-2026;01-10-2026;FAC-A-131799;Venta;LAGOPUELO S.A;1509758;20,00;22314,80;27000,91;DÌaz Adrian Alberto;;0,00 %;28;Nadia Diaz;;TF UD T/SUAVE EXT ALGO 8X40;1115,74;3409;;georgalos-803;Perfumeria;769,48;SIMON OLIVERA;;$;2;SOFTYS ARGENTINA S.A;;;CON;;;;;;;TOALLA FEMENINA;;;;;25;JOHANA VIGIL;AXUM;;;False;131799;0;1;;;;;;1;;1115,74
801;AV MANUEL BELGRANO 4363;Villa Dominico;2026-10-02;02-10-2026;01-10-2026;FAC-A-131799;Venta;LAGOPUELO S.A;1509759;20,00;42614,20;51563,18;DÌaz Adrian Alberto;;0,00 %;28;Nadia Diaz;;TF UD T/SUAVE EXT ALG 16x20;2130,71;3409;;georgalos-803;Perfumeria;1469,45;SIMON OLIVERA;;$;2;SOFTYS ARGENTINA S.A;;;CON;;;;;;;TOALLA FEMENINA;;;;;25;JOHANA VIGIL;AXUM;;;False;131799;0;1;;;;;;1;;2130,71
801;AV MANUEL BELGRANO 4363;Villa Dominico;2026-10-02;02-10-2026;01-10-2026;FAC-A-131799;Venta;LAGOPUELO S.A;1509764;10,00;8486,40;10268,54;DÌaz Adrian Alberto;;0,00 %;28;Nadia Diaz;;TF NORMAL T/SUAVE EXT ALGODON 8x54;848,64;3409;;georgalos-803;Perfumeria;585,27;SIMON OLIVERA;;$;2;SOFTYS ARGENTINA S.A;;;CON;;;;;;;TOALLA FEMENINA;;;;;25;JOHANA VIGIL;AXUM;;;False;131799;0;1;;;;;;1;;848,64
801;AV MANUEL BELGRANO 4363;Villa Dominico;2026-10-02;02-10-2026;01-10-2026;FAC-A-131799;Venta;LAGOPUELO S.A;1509765;10,00;16621,80;20112,38;DÌaz Adrian Alberto;;0,00 %;28;Nadia Diaz;;TF NORMALT/SUAVE EXT ALG 16x27;1662,18;3409;;georgalos-803;Perfumeria;1146,33;SIMON OLIVERA;;$;2;SOFTYS ARGENTINA S.A;;;CON;;;;;;;TOALLA FEMENINA;;;;;25;JOHANA VIGIL;AXUM;;;False;131799;0;1;;;;;;1;;1662,18
801;AV MANUEL BELGRANO 4363;Villa Dominico;2026-10-02;02-10-2026;01-10-2026;FAC-A-131799;Venta;LAGOPUELO S.A;1509764;1,00;0,00;0,00;DÌaz Adrian Alberto;;100,00 %;28;Nadia Diaz;;TF NORMAL T/SUAVE EXT ALGODON 8x54;0,00;3409;;georgalos-803;Perfumeria;585,27;SIMON OLIVERA;;$;2;SOFTYS ARGENTINA S.A;;;CON;;;;;;;TOALLA FEMENINA;;;;;25;JOHANA VIGIL;AXUM;;;False;131799;0;1;;;;;;1;;0,00
29090;ALGARROBO - (TRADICIONAL) 390;ADROGUE;2026-10-02;02-10-2026;01-10-2026;FAC-A-131812;Venta;ELEBES;1501627;2,00;24081,41;29138,50;MIRIAM ROSANA COLMAN;;10,00 %;063;Daniel Martin;;PH Higienol HS Balanced 20mx4/12;12040,70;3416;;2;ALMACEN;9488,34;NAHUEL MONTOYA;;$;2;SOFTYS ARGENTINA S.A;;;CON;;;;;;;PAPEL HIG;;;;;300;Bruno Centurion;AXUM;;;False;131812;0;1;;;;;;1;;12040,70
666;CALLE 530 esquina 633 2989;Berazategui;2026-10-02;02-10-2026;01-10-2026;FAC-A-131813;Venta;ELEBES;1504289;4,00;47921,48;57984,99;GÛmez Katherine;;0,00 %;051;Ezequiel Valente;;PLBABYSEC PREM SOFTXXG x30/4;11980,37;3411;;3;AUTOSERVICIO;8874,35;JUAN ESCOTO;;$;2;SOFTYS ARGENTINA S.A;;;EFV;;;;;;;PAÒAL;;;;;300;Bruno Centurion;AXUM;;;False;131813;0;1;;;;;;1;;11980,37
2216;HERNANDARIAS 2709;Berazategui;2026-10-02;02-10-2026;01-10-2026;FAC-A-131822;Venta;LAGOPUELO S.A;1509764;10,00;8486,40;10268,54;LOPEZ ANDRES;;0,00 %;052;Nicole Sosa;;TF NORMAL T/SUAVE EXT ALGODON 8x54;848,64;3411;;2;ALMACEN;585,27;JUAN ESCOTO;;$;2;SOFTYS ARGENTINA S.A;;;CON;;;;;;;TOALLA FEMENINA;;;;;300;Bruno Centurion;AXUM;;;False;131822;0;1;;;;;;1;;848,64
2216;HERNANDARIAS 2709;Berazategui;2026-10-02;02-10-2026;01-10-2026;FAC-A-131822;Venta;LAGOPUELO S.A;1509761;10,00;7952,20;9622,16;LOPEZ ANDRES;;0,00 %;052;Nicole Sosa;;TF LADYSOFT COMFORT EXT ALGODON 8x54;795,22;3411;;2;ALMACEN;548,43;JUAN ESCOTO;;$;2;SOFTYS ARGENTINA S.A;;;CON;;;;;;;TOALLA FEMENINA;;;;;300;Bruno Centurion;AXUM;;;False;131822;0;1;;;;;;1;;795,22
2216;HERNANDARIAS 2709;Berazategui;2026-10-02;02-10-2026;01-10-2026;FAC-A-131822;Venta;LAGOPUELO S.A;1509750;6,00;20522,40;24832,10;LOPEZ ANDRES;;0,00 %;052;Nicole Sosa;;PD LADYSOFT CLASICOS 56x10;3420,40;3411;;2;ALMACEN;2358,90;JUAN ESCOTO;;$;2;SOFTYS ARGENTINA S.A;;;CON;;;;;;;PROTECTOR DIARIO;;;;;300;Bruno Centurion;AXUM;;;False;131822;0;1;;;;;;1;;3420,40
2216;HERNANDARIAS 2709;Berazategui;2026-10-02;02-10-2026;01-10-2026;FAC-A-131822;Venta;LAGOPUELO S.A;1509764;1,00;0,00;0,00;LOPEZ ANDRES;;100,00 %;052;Nicole Sosa;;TF NORMAL T/SUAVE EXT ALGODON 8x54;0,00;3411;;2;ALMACEN;585,27;JUAN ESCOTO;;$;2;SOFTYS ARGENTINA S.A;;;CON;;;;;;;TOALLA FEMENINA;;;;;300;Bruno Centurion;AXUM;;;False;131822;0;1;;;;;;1;;0,00
2216;HERNANDARIAS 2709;Berazategui;2026-10-02;02-10-2026;01-10-2026;FAC-A-131823;Venta;LAGOPUELO S.A;1505688;2,00;31067,28;37591,41;LOPEZ ANDRES;;5,00 %;052;Nicole Sosa;;RC Sussex clasico mas blanco 50px3/10;15533,64;3411;;2;ALMACEN;12112,00;JUAN ESCOTO;;$;2;SOFTYS ARGENTINA S.A;;;CON;;;;;;;ROLLO DE COCINA;;;;;300;Bruno Centurion;AXUM;;;False;131823;0;1;;;;;;1;;15533,64
5155;ISLAS ORCADAS 2417;FLORENCIO VARELA;2026-10-05;05-10-2026;01-10-2026;FAC-A-131826;Venta;LAGOPUELO S.A;1509764;10,00;8486,40;10268,54;GUTIERREZ FLORENCIA;;0,00 %;6;Nieves Alegre;;TF NORMAL T/SUAVE EXT ALGODON 8x54;848,64;3428;;3;AUTOSERVICIO;585,27;CLAUDIO GARCIA;;$;2;SOFTYS ARGENTINA S.A;;;CON;;;;;;;TOALLA FEMENINA;;;;;25;JOHANA VIGIL;AXUM;;;False;131826;0;1;;;;;;1;;848,64
5155;ISLAS ORCADAS 2417;FLORENCIO VARELA;2026-10-05;05-10-2026;01-10-2026;FAC-A-131826;Venta;LAGOPUELO S.A;1509762;10,00;11721,90;14183,50;GUTIERREZ FLORENCIA;;0,00 %;6;Nieves Alegre;;TF NOCTUR EXT A 8x32;1172,19;3428;;3;AUTOSERVICIO;808,41;CLAUDIO GARCIA;;$;2;SOFTYS ARGENTINA S.A;;;CON;;;;;;;TOALLA FEMENINA;;;;;25;JOHANA VIGIL;AXUM;;;False;131826;0;1;;;;;;1;;1172,19
5155;ISLAS ORCADAS 2417;FLORENCIO VARELA;2026-10-05;05-10-2026;01-10-2026;FAC-A-131826;Venta;LAGOPUELO S.A;1509755;6,00;7198,02;8709,60;GUTIERREZ FLORENCIA;;0,00 %;6;Nieves Alegre;;TF UD T/SECA LADYSOFT ULTRA PROTECT 8;1199,67;3428;;3;AUTOSERVICIO;827,36;CLAUDIO GARCIA;;$;2;SOFTYS ARGENTINA S.A;;;CON;;;;;;;TOALLA FEMENINA;;;;;25;JOHANA VIGIL;AXUM;;;False;131826;0;1;;;;;;1;;1199,67
5155;ISLAS ORCADAS 2417;FLORENCIO VARELA;2026-10-05;05-10-2026;01-10-2026;FAC-A-131826;Venta;LAGOPUELO S.A;1509764;1,00;0,00;0,00;GUTIERREZ FLORENCIA;;100,00 %;6;Nieves Alegre;;TF NORMAL T/SUAVE EXT ALGODON 8x54;0,00;3428;;3;AUTOSERVICIO;585,27;CLAUDIO GARCIA;;$;2;SOFTYS ARGENTINA S.A;;;CON;;;;;;;TOALLA FEMENINA;;;;;25;JOHANA VIGIL;AXUM;;;False;131826;0;1;;;;;;1;;0,00
23947;ZUVIRIA - 727;MONTE GRANDE;2026-10-05;05-10-2026;01-10-2026;FAC-B-131830;Venta;LAGOPUELO S.A;1501627;1,00;12040,70;14569,25;ZUNILDA CASCO RAMIREZ;;10,00 %;064;Karina Fernandez;;PH Higienol HS Balanced 20mx4/12;12040,70;3429;;2;ALMACEN;9488,34;SIMON OLIVERA;;$;2;SOFTYS ARGENTINA S.A;;;CON;;;;;;;PAPEL HIG;;;;;300;Bruno Centurion;AXUM;;;False;131830;0;1;;;;;;1;;12040,70
322191;URUGUAY 2234;EZPELETA;2026-10-02;02-10-2026;01-10-2026;FAC-A-131839;Venta;LAGOPUELO S.A;1503118;24,00;39248,64;47490,85;CHEN BIQING;;0,00 %;2;Fernanda Cejas;;TH BABYSEC ULTRA 50/24;1635,36;3412;;3;AUTOSERVICIO;1127,83;IVAN MONTOYA;;$;2;SOFTYS ARGENTINA S.A;;;CON;;;;;;;;;;;;25;JOHANA VIGIL;AXUM;;;False;131839;0;1;;;;;;1;;1635,36
22217;AV. EVA PERON - (AUTOSERVICIOS) 1316;BERAZATEGUI;2026-10-05;05-10-2026;01-10-2026;FAC-A-131845;Venta;LAGOPUELO S.A;1501854;1,00;17507,23;21183,75;BIDAURE ESPINDOLA ELDA GABRIELA;;0,00 %;4;Selene Pawlikowski;;PH Higienol Texturado 30m x4/12;17507,23;3431;;2;ALMACEN;12073,95;JUAN ESCOTO;;$;2;SOFTYS ARGENTINA S.A;;;CON;;;;;;;PAPEL HIG;;;;;25;JOHANA VIGIL;AXUM;;;False;131845;0;1;;;;;;1;;17507,23
22217;AV. EVA PERON - (AUTOSERVICIOS) 1316;BERAZATEGUI;2026-10-05;05-10-2026;01-10-2026;FAC-A-131845;Venta;LAGOPUELO S.A;1501618;1,00;19032,09;23028,83;BIDAURE ESPINDOLA ELDA GABRIELA;;0,00 %;4;Selene Pawlikowski;;PH HIG  FRESH ALOE 30M X4/12;19032,09;3431;;2;ALMACEN;13125,58;JUAN ESCOTO;;$;2;SOFTYS ARGENTINA S.A;;;CON;;;;;;;PAPEL HIG;;;;;25;JOHANA VIGIL;AXUM;;;False;131845;0;1;;;;;;1;;19032,09
22217;AV. EVA PERON - (AUTOSERVICIOS) 1316;BERAZATEGUI;2026-10-05;05-10-2026;01-10-2026;FAC-A-131845;Venta;LAGOPUELO S.A;1501627;1,00;12040,70;14569,25;BIDAURE ESPINDOLA ELDA GABRIELA;;10,00 %;4;Selene Pawlikowski;;PH Higienol HS Balanced 20mx4/12;12040,70;3431;;2;ALMACEN;9488,34;JUAN ESCOTO;;$;2;SOFTYS ARGENTINA S.A;;;CON;;;;;;;PAPEL HIG;;;;;25;JOHANA VIGIL;AXUM;;;False;131845;0;1;;;;;;1;;12040,70
22217;AV. EVA PERON - (AUTOSERVICIOS) 1316;BERAZATEGUI;2026-10-05;05-10-2026;01-10-2026;FAC-A-131845;Venta;LAGOPUELO S.A;1501553;1,00;22551,25;27287,01;BIDAURE ESPINDOLA ELDA GABRIELA;;15,00 %;4;Selene Pawlikowski;;PH HIGIENOL DH PLUS FUSI”N 30M x4/10;22551,25;3431;;2;ALMACEN;17199,92;JUAN ESCOTO;;$;2;SOFTYS ARGENTINA S.A;;;CON;;;;;;;PAPEL HIG;;;;;25;JOHANA VIGIL;AXUM;;;False;131845;0;1;;;;;;1;;22551,25
3025;SAN MARTIN AV. 547;QUILMES;2026-10-02;02-10-2026;01-10-2026;FAC-A-131847;Venta;ELEBES;1505688;15,00;233004,60;281935,57;FERNANDEZ JUANA;;5,00 %;3;VACANTE;;RC Sussex clasico mas blanco 50px3/10;15533,64;3412;;3;AUTOSERVICIO;12112,00;IVAN MONTOYA;;$;2;SOFTYS ARGENTINA S.A;;;CON;;;;;;;ROLLO DE COCINA;;;;;25;JOHANA VIGIL;AXUM;;;False;131847;0;1;;;;;;1;;15533,64
4141;893 4799;Quilmes;2026-10-02;02-10-2026;01-10-2026;FAC-B-131855;Venta;LAGOPUELO S.A;1509763;10,00;22650,50;27407,11;CARLOS TAVONE;;0,00 %;056;Ezequiel Ferreira;;TF Nocturna EXT ALGODON 16X16;2265,05;3412;;2;ALMACEN;1562,11;IVAN MONTOYA;;$;2;SOFTYS ARGENTINA S.A;;;CON;;;;;;;TOALLA FEMENINA;;;;;300;Bruno Centurion;AXUM;;;False;131855;0;1;;;;;;1;;2265,05
4141;893 4799;Quilmes;2026-10-02;02-10-2026;01-10-2026;FAC-B-131855;Venta;LAGOPUELO S.A;1509749;10,00;13004,20;15735,08;CARLOS TAVONE;;0,00 %;056;Ezequiel Ferreira;;PD ladysoft clasicos 20x30;1300,42;3412;;2;ALMACEN;896,84;IVAN MONTOYA;;$;2;SOFTYS ARGENTINA S.A;;;CON;;;;;;;PROTECTOR DIARIO;;;;;300;Bruno Centurion;AXUM;;;False;131855;0;1;;;;;;1;;1300,42
4141;893 4799;Quilmes;2026-10-02;02-10-2026;01-10-2026;FAC-B-131855;Venta;LAGOPUELO S.A;1509764;10,00;8486,40;10268,54;CARLOS TAVONE;;0,00 %;056;Ezequiel Ferreira;;TF NORMAL T/SUAVE EXT ALGODON 8x54;848,64;3412;;2;ALMACEN;585,27;IVAN MONTOYA;;$;2;SOFTYS ARGENTINA S.A;;;CON;;;;;;;TOALLA FEMENINA;;;;;300;Bruno Centurion;AXUM;;;False;131855;0;1;;;;;;1;;848,64
4141;893 4799;Quilmes;2026-10-02;02-10-2026;01-10-2026;FAC-B-131855;Venta;LAGOPUELO S.A;1509764;1,00;0,00;0,00;CARLOS TAVONE;;100,00 %;056;Ezequiel Ferreira;;TF NORMAL T/SUAVE EXT ALGODON 8x54;0,00;3412;;2;ALMACEN;585,27;IVAN MONTOYA;;$;2;SOFTYS ARGENTINA S.A;;;CON;;;;;;;TOALLA FEMENINA;;;;;300;Bruno Centurion;AXUM;;;False;131855;0;1;;;;;;1;;0,00
101235;Soreda 3921 0;Sarandi;2026-10-02;02-10-2026;01-10-2026;FAC-A-131858;Venta;Empresa LAGOPUELO;1505688;1,00;15533,64;18795,70;Mirta Velazquez;;5,00 %;28;Nadia Diaz;;RC Sussex clasico mas blanco 50px3/10;15533,64;3409;;georgalos-7;Almacen;12112,00;SIMON OLIVERA;;$;2;SOFTYS ARGENTINA S.A;;;EFV;;;;;;;ROLLO DE COCINA;;;;;25;JOHANA VIGIL;AXUM;;;False;131858;0;1;;;;;;1;;15533,64
27890;JUNCAL Piso:BIS - (AUTOSERVICIOS) 996;TEMPERLEY;2026-10-02;02-10-2026;01-10-2026;FAC-A-131859;Venta;LAGOPUELO S.A;1501627;5,00;60203,52;72846,26;SARA ESTHER SZKARLATIUK;;10,00 %;073;Florencia Cubilla;;PH Higienol HS Balanced 20mx4/12;12040,70;3410;;2;ALMACEN;9488,34;MARIANO SOSA;;$;2;SOFTYS ARGENTINA S.A;;;CON;;;;;;;PAPEL HIG;;;;;300;Bruno Centurion;AXUM;;;False;131859;0;1;;;;;;1;;12040,70
23226;BLAS PARERA - (AUTOSERVICIOS) 264;CLAYPOLE;2026-10-08;08-10-2026;01-10-2026;FAC-A-131861;Venta;LAGOPUELO S.A;1504293;3,00;49556,50;59963,37;LYU QINGQIU;;10,00 %;061;Nailah Guzman;;PL BABYSEC PREMIUM SOFT XXGx44/3;16518,83;3477;;3;Autoservicio A;13595,75;NAHUEL MONTOYA;;$;2;SOFTYS ARGENTINA S.A;;;CON;;;;;;;PAÒAL;;;;;300;Bruno Centurion;AXUM;;;False;131861;0;1;;;;;;1;;16518,83
5920;FARI√±A 88;TRISTAN SUAREZ;;02-10-2026;01-10-2026;VEN-131869;Venta;LAGOPUELO S.A;1509764;6,00;5091,84;6161,13;DEBORA KARINA RODRIGUEZ;;0,00 %;075;Julieta Yegros;;TF NORMAL T/SUAVE EXT ALGODON 8x54;848,64;;;georgalos-803;Perfumeria;585,27;;;$;2;SOFTYS ARGENTINA S.A;;;CON;;;;;;;TOALLA FEMENINA;;;;;300;Bruno Centurion;AXUM;;;False;131869;1;1;;;;;;1;;848,64
5920;FARI√±A 88;TRISTAN SUAREZ;;02-10-2026;01-10-2026;VEN-131869;Venta;LAGOPUELO S.A;1509766;6,00;5494,80;6648,71;DEBORA KARINA RODRIGUEZ;;0,00 %;075;Julieta Yegros;;TF T/SECA NORMAL MAS PROTECC 8x54;915,80;;;georgalos-803;Perfumeria;631,59;;;$;2;SOFTYS ARGENTINA S.A;;;CON;;;;;;;TOALLA FEMENINA;;;;;300;Bruno Centurion;AXUM;;;False;131869;1;1;;;;;;1;;915,80
5920;FARI√±A 88;TRISTAN SUAREZ;;02-10-2026;01-10-2026;VEN-131869;Venta;LAGOPUELO S.A;1505496;10,00;12407,50;15013,08;DEBORA KARINA RODRIGUEZ;;0,00 %;075;Julieta Yegros;;PO ELITE ST CON ALGODON X10 PACK 6;1240,75;;;georgalos-803;Perfumeria;855,69;;;$;2;SOFTYS ARGENTINA S.A;;;CON;;;;;;;PAÒUELOS;;;;;300;Bruno Centurion;AXUM;;;False;131869;1;1;;;;;;1;;1240,75
23228;Av. Espora 580;ADROGUE;2026-10-02;02-10-2026;01-10-2026;FAC-A-131873;Venta;LAGOPUELO S.A;1502384;30,00;53359,20;64564,63;CHEN QI;;0,00 %;062;Nahuel Martinez;;SE ELITE X100/30 ULTRA SUAVE;1778,64;3416;;3;Autoservicio B;1317,51;NAHUEL MONTOYA;;$;2;SOFTYS ARGENTINA S.A;;;CON;;;;;;;SERVILLETA;;;;;300;Bruno Centurion;AXUM;;;False;131873;0;1;;;;;;1;;1778,64
23228;Av. Espora 580;ADROGUE;2026-10-02;02-10-2026;01-10-2026;FAC-A-131873;Venta;LAGOPUELO S.A;1502610;1,00;24485,25;29627,15;CHEN QI;;0,00 %;062;Nahuel Martinez;;PH ELITE HS CLS C/ALGODON 30M X6/10;24485,25;3416;;3;Autoservicio B;16886,38;NAHUEL MONTOYA;;$;2;SOFTYS ARGENTINA S.A;;;CON;;;;;;;PAPEL HIG;;;;;300;Bruno Centurion;AXUM;;;False;131873;0;1;;;;;;1;;24485,25
23228;Av. Espora 580;ADROGUE;2026-10-02;02-10-2026;01-10-2026;FAC-A-131873;Venta;LAGOPUELO S.A;1509749;10,00;13004,20;15735,08;CHEN QI;;0,00 %;062;Nahuel Martinez;;PD ladysoft clasicos 20x30;1300,42;3416;;3;Autoservicio B;896,84;NAHUEL MONTOYA;;$;2;SOFTYS ARGENTINA S.A;;;CON;;;;;;;PROTECTOR DIARIO;;;;;300;Bruno Centurion;AXUM;;;False;131873;0;1;;;;;;1;;1300,42
3320;ESTANISLAO DEL CAMPO 2174;Quilmes;2026-10-02;02-10-2026;01-10-2026;FAC-A-131878;Venta;LAGOPUELO S.A;1509762;12,00;14066,28;17020,20;GUAN XIONG;;0,00 %;054;Leonel Caruso;;TF NOCTUR EXT A 8x32;1172,19;3413;;3;AUTOSERVICIO;808,41;HERNAN RIVERO;;$;2;SOFTYS ARGENTINA S.A;;;CON;;;;;;;TOALLA FEMENINA;;;;;300;Bruno Centurion;AXUM;;;False;131878;0;1;;;;;;1;;1172,19
3320;ESTANISLAO DEL CAMPO 2174;Quilmes;2026-10-02;02-10-2026;01-10-2026;FAC-A-131878;Venta;LAGOPUELO S.A;1509755;12,00;14396,04;17419,21;GUAN XIONG;;0,00 %;054;Leonel Caruso;;TF UD T/SECA LADYSOFT ULTRA PROTECT 8;1199,67;3413;;3;AUTOSERVICIO;827,36;HERNAN RIVERO;;$;2;SOFTYS ARGENTINA S.A;;;CON;;;;;;;TOALLA FEMENINA;;;;;300;Bruno Centurion;AXUM;;;False;131878;0;1;;;;;;1;;1199,67
3320;ESTANISLAO DEL CAMPO 2174;Quilmes;2026-10-02;02-10-2026;01-10-2026;FAC-A-131878;Venta;LAGOPUELO S.A;1509768;12,00;11703,72;14161,50;GUAN XIONG;;0,00 %;054;Leonel Caruso;;TF NORMAL T/SUAVE PIEL SENSIBLE 8x54;975,31;3413;;3;AUTOSERVICIO;672,63;HERNAN RIVERO;;$;2;SOFTYS ARGENTINA S.A;;;CON;;;;;;;TOALLA FEMENINA;;;;;300;Bruno Centurion;AXUM;;;False;131878;0;1;;;;;;1;;975,31
3985;JOAQUIN V GONZALEZ 998;MONTE GRANDE;2026-10-05;05-10-2026;01-10-2026;FAC-B-131879;Venta;LAGOPUELO S.A;1509765;27,00;44878,86;54303,42;Lee pei hua;;0,00 %;064;Karina Fernandez;;TF NORMALT/SUAVE EXT ALG 16x27;1662,18;3429;;3;Autoservicio A;1146,33;SIMON OLIVERA;;$;2;SOFTYS ARGENTINA S.A;;;CON;;;;;;;TOALLA FEMENINA;;;;;300;Bruno Centurion;AXUM;;;False;131879;0;1;;;;;;1;;1662,18
3985;JOAQUIN V GONZALEZ 998;MONTE GRANDE;2026-10-05;05-10-2026;01-10-2026;FAC-B-131879;Venta;LAGOPUELO S.A;1509768;54,00;52666,74;63726,76;Lee pei hua;;0,00 %;064;Karina Fernandez;;TF NORMAL T/SUAVE PIEL SENSIBLE 8x54;975,31;3429;;3;Autoservicio A;672,63;SIMON OLIVERA;;$;2;SOFTYS ARGENTINA S.A;;;CON;;;;;;;TOALLA FEMENINA;;;;;300;Bruno Centurion;AXUM;;;False;131879;0;1;;;;;;1;;975,31
23031;juan de la cruz contreras 437;FLORENCIO VARELA;2026-10-05;05-10-2026;01-10-2026;FAC-A-131880;Venta;LAGOPUELO S.A;1509749;12,00;15605,04;18882,10;YU ZHIYING;;0,00 %;6;Nieves Alegre;;PD ladysoft clasicos 20x30;1300,42;3428;;3;Autoservicio A;896,84;CLAUDIO GARCIA;;$;2;SOFTYS ARGENTINA S.A;;;CON;;;;;;;PROTECTOR DIARIO;;;;;25;JOHANA VIGIL;AXUM;;;False;131880;0;1;;;;;;1;;1300,42
27572;Iriarte - (AUTOSERVICIOS) 2064;TEMPERLEY;2026-10-02;02-10-2026;01-10-2026;FAC-A-131885;Venta;LAGOPUELO S.A;1503118;6,00;9812,16;11872,71;Lin Yanling;;0,00 %;074;Romina Baez;;TH BABYSEC ULTRA 50/24;1635,36;3410;;3;Autoservicio A;1127,83;MARIANO SOSA;;$;2;SOFTYS ARGENTINA S.A;;;CON;;;;;;;;;;;;300;Bruno Centurion;AXUM;;;False;131885;0;1;;;;;;1;;1635,36
27572;Iriarte - (AUTOSERVICIOS) 2064;TEMPERLEY;2026-10-02;02-10-2026;01-10-2026;FAC-A-131885;Venta;LAGOPUELO S.A;1503131;6,00;14852,76;17971,84;Lin Yanling;;0,00 %;074;Romina Baez;;TH BABYSEC PREMIUM X45/10;2475,46;3410;;3;Autoservicio A;1707,21;MARIANO SOSA;;$;2;SOFTYS ARGENTINA S.A;;;CON;;;;;;;TOALLA HUMEDA;;;;;300;Bruno Centurion;AXUM;;;False;131885;0;1;;;;;;1;;2475,46
27572;Iriarte - (AUTOSERVICIOS) 2064;TEMPERLEY;2026-10-02;02-10-2026;01-10-2026;FAC-A-131885;Venta;LAGOPUELO S.A;1505496;35,00;43426,25;52545,76;Lin Yanling;;0,00 %;074;Romina Baez;;PO ELITE ST CON ALGODON X10 PACK 6;1240,75;3410;;3;Autoservicio A;855,69;MARIANO SOSA;;$;2;SOFTYS ARGENTINA S.A;;;CON;;;;;;;PAÒUELOS;;;;;300;Bruno Centurion;AXUM;;;False;131885;0;1;;;;;;1;;1240,75
27572;Iriarte - (AUTOSERVICIOS) 2064;TEMPERLEY;2026-10-02;02-10-2026;01-10-2026;FAC-A-131885;Venta;LAGOPUELO S.A;1505411;36,00;51430,99;62231,49;Lin Yanling;;5,00 %;074;Romina Baez;;P— ELITE FACIALES DISNEY x90/36;1428,64;3410;;3;Autoservicio A;1037,12;MARIANO SOSA;;$;2;SOFTYS ARGENTINA S.A;;;CON;;;;;;;PAÒUELOS;;;;;300;Bruno Centurion;AXUM;;;False;131885;0;1;;;;;;1;;1428,64
4142;893 5057;Quilmes;2026-10-02;02-10-2026;01-10-2026;FAC-A-131891;Venta;LAGOPUELO S.A;1509762;32,00;37510,08;45387,20;Lin Shaoping;;0,00 %;056;Ezequiel Ferreira;;TF NOCTUR EXT A 8x32;1172,19;3412;;3;AUTOSERVICIO;808,41;IVAN MONTOYA;;$;2;SOFTYS ARGENTINA S.A;;;CON;;;;;;;TOALLA FEMENINA;;;;;300;Bruno Centurion;AXUM;;;False;131891;0;1;;;;;;1;;1172,19
4142;893 5057;Quilmes;2026-10-02;02-10-2026;01-10-2026;FAC-A-131891;Venta;LAGOPUELO S.A;1509749;15,00;19506,30;23602,62;Lin Shaoping;;0,00 %;056;Ezequiel Ferreira;;PD ladysoft clasicos 20x30;1300,42;3412;;3;AUTOSERVICIO;896,84;IVAN MONTOYA;;$;2;SOFTYS ARGENTINA S.A;;;CON;;;;;;;PROTECTOR DIARIO;;;;;300;Bruno Centurion;AXUM;;;False;131891;0;1;;;;;;1;;1300,42
4142;893 5057;Quilmes;2026-10-02;02-10-2026;01-10-2026;FAC-A-131891;Venta;LAGOPUELO S.A;1509755;15,00;17995,05;21774,01;Lin Shaoping;;0,00 %;056;Ezequiel Ferreira;;TF UD T/SECA LADYSOFT ULTRA PROTECT 8;1199,67;3412;;3;AUTOSERVICIO;827,36;IVAN MONTOYA;;$;2;SOFTYS ARGENTINA S.A;;;CON;;;;;;;TOALLA FEMENINA;;;;;300;Bruno Centurion;AXUM;;;False;131891;0;1;;;;;;1;;1199,67
4142;893 5057;Quilmes;2026-10-02;02-10-2026;01-10-2026;FAC-A-131891;Venta;LAGOPUELO S.A;1509758;15,00;16736,10;20250,68;Lin Shaoping;;0,00 %;056;Ezequiel Ferreira;;TF UD T/SUAVE EXT ALGO 8X40;1115,74;3412;;3;AUTOSERVICIO;769,48;IVAN MONTOYA;;$;2;SOFTYS ARGENTINA S.A;;;CON;;;;;;;TOALLA FEMENINA;;;;;300;Bruno Centurion;AXUM;;;False;131891;0;1;;;;;;1;;1115,74
23415;Hip√≥lito Bouchard - (AUTOSERVICIOS) 1596;ADROGUE;2026-10-02;02-10-2026;01-10-2026;FAC-A-131894;Venta;LAGOPUELO S.A;1501627;10,00;113717,76;137598,49;D ONOFRIO OSCAR ALEJANDRO;;15,00 %;062;Nahuel Martinez;;PH Higienol HS Balanced 20mx4/12;11371,78;3416;;3;Autoservicio B;9488,34;NAHUEL MONTOYA;;$;2;SOFTYS ARGENTINA S.A;;;CON;;;;;;;PAPEL HIG;;;;;300;Bruno Centurion;AXUM;;;False;131894;0;1;;;;;;1;;11371,78
23415;Hip√≥lito Bouchard - (AUTOSERVICIOS) 1596;ADROGUE;2026-10-02;02-10-2026;01-10-2026;FAC-A-131894;Venta;LAGOPUELO S.A;1509762;15,00;17582,85;21275,25;D ONOFRIO OSCAR ALEJANDRO;;0,00 %;062;Nahuel Martinez;;TF NOCTUR EXT A 8x32;1172,19;3416;;3;Autoservicio B;808,41;NAHUEL MONTOYA;;$;2;SOFTYS ARGENTINA S.A;;;CON;;;;;;;TOALLA FEMENINA;;;;;300;Bruno Centurion;AXUM;;;False;131894;0;1;;;;;;1;;1172,19
23415;Hip√≥lito Bouchard - (AUTOSERVICIOS) 1596;ADROGUE;2026-10-02;02-10-2026;01-10-2026;FAC-A-131894;Venta;LAGOPUELO S.A;1503118;10,00;16353,60;19787,86;D ONOFRIO OSCAR ALEJANDRO;;0,00 %;062;Nahuel Martinez;;TH BABYSEC ULTRA 50/24;1635,36;3416;;3;Autoservicio B;1127,83;NAHUEL MONTOYA;;$;2;SOFTYS ARGENTINA S.A;;;CON;;;;;;;;;;;;300;Bruno Centurion;AXUM;;;False;131894;0;1;;;;;;1;;1635,36
21099;Romero esquina El√≠as Barakat - (PA√‚ÄòALERA) 0;CLAYPOLE;2026-10-08;08-10-2026;01-10-2026;FAC-B-131903;Venta;Empresa LAGOPUELO;1509243;1,00;17848,21;21596,33;Portillo Sandra;;0,00 %;061;Nailah Guzman;;PH NOBLE HS 30M X4/12;17848,21;3477;;OTR;Articulo de limpieza;12309,11;NAHUEL MONTOYA;;$;2;SOFTYS ARGENTINA S.A;;;CON;;;;;;;PAPEL HIG;;;;;300;Bruno Centurion;AXUM;;;False;131903;0;1;;;;;;1;;17848,21
21099;Romero esquina El√≠as Barakat - (PA√‚ÄòALERA) 0;CLAYPOLE;2026-10-08;08-10-2026;01-10-2026;FAC-B-131903;Venta;Empresa LAGOPUELO;1509232;1,00;13179,71;15947,45;Portillo Sandra;;0,00 %;061;Nailah Guzman;;RC NOBLE 40P x3/10;13179,71;3477;;OTR;Articulo de limpieza;9762,75;NAHUEL MONTOYA;;$;2;SOFTYS ARGENTINA S.A;;;CON;;;;;;;ROLLO DE COCINA;;;;;300;Bruno Centurion;AXUM;;;False;131903;0;1;;;;;;1;;13179,71
21099;Romero esquina El√≠as Barakat - (PA√‚ÄòALERA) 0;CLAYPOLE;2026-10-08;08-10-2026;01-10-2026;FAC-B-131903;Venta;Empresa LAGOPUELO;1504291;3,00;49556,50;59963,37;Portillo Sandra;;10,00 %;061;Nailah Guzman;;PL BABYSEC PREMIUM SOFT G 60/3;16518,83;3477;;OTR;Articulo de limpieza;13595,75;NAHUEL MONTOYA;;$;2;SOFTYS ARGENTINA S.A;;;CON;;;;;;;PAÒAL;;;;;300;Bruno Centurion;AXUM;;;False;131903;0;1;;;;;;1;;16518,83
21099;Romero esquina El√≠as Barakat - (PA√‚ÄòALERA) 0;CLAYPOLE;2026-10-08;08-10-2026;01-10-2026;FAC-B-131903;Venta;Empresa LAGOPUELO;1504075;3,00;6583,60;7966,15;Portillo Sandra;;10,00 %;061;Nailah Guzman;;PL BABYSEC ULTRASOF CH 12/18;2194,53;3477;;OTR;Articulo de limpieza;1806,20;NAHUEL MONTOYA;;$;2;SOFTYS ARGENTINA S.A;;;CON;;;;;;;PAÒAL;;;;;300;Bruno Centurion;AXUM;;;False;131903;0;1;;;;;;1;;2194,53
21099;Romero esquina El√≠as Barakat - (PA√‚ÄòALERA) 0;CLAYPOLE;2026-10-08;08-10-2026;01-10-2026;FAC-B-131903;Venta;Empresa LAGOPUELO;1504077;3,00;6583,55;7966,09;Portillo Sandra;;10,00 %;061;Nailah Guzman;;PL BABYSEC ULTRASOFT G 8/20;2194,52;3477;;OTR;Articulo de limpieza;1806,19;NAHUEL MONTOYA;;$;2;SOFTYS ARGENTINA S.A;;;CON;;;;;;;PAÒAL;;;;;300;Bruno Centurion;AXUM;;;False;131903;0;1;;;;;;1;;2194,52
21099;Romero esquina El√≠as Barakat - (PA√‚ÄòALERA) 0;CLAYPOLE;2026-10-08;08-10-2026;01-10-2026;FAC-B-131903;Venta;Empresa LAGOPUELO;1504078;3,00;6583,52;7966,06;Portillo Sandra;;10,00 %;061;Nailah Guzman;;PL BABYSEC ULTRASOFT XG X8/15;2194,51;3477;;OTR;Articulo de limpieza;1806,18;NAHUEL MONTOYA;;$;2;SOFTYS ARGENTINA S.A;;;CON;;;;;;;PAÒAL;;;;;300;Bruno Centurion;AXUM;;;False;131903;0;1;;;;;;1;;2194,51
21099;Romero esquina El√≠as Barakat - (PA√‚ÄòALERA) 0;CLAYPOLE;2026-10-08;08-10-2026;01-10-2026;FAC-B-131903;Venta;Empresa LAGOPUELO;1504079;3,00;6583,52;7966,06;Portillo Sandra;;10,00 %;061;Nailah Guzman;;PL BABYSEC ULTRASOFT XXG 8/15;2194,51;3477;;OTR;Articulo de limpieza;1806,18;NAHUEL MONTOYA;;$;2;SOFTYS ARGENTINA S.A;;;CON;;;;;;;PAÒAL;;;;;300;Bruno Centurion;AXUM;;;False;131903;0;1;;;;;;1;;2194,51
322912;CALLE 893 5261;Quilmes;2026-10-02;02-10-2026;01-10-2026;FAC-A-131912;Venta;LAGOPUELO S.A;1501553;1,00;22551,25;27287,01;GORRITTI HECTOR RAUL;;15,00 %;056;Ezequiel Ferreira;;PH HIGIENOL DH PLUS FUSI”N 30M x4/10;22551,25;3412;;2;ALMACEN;17199,92;IVAN MONTOYA;;$;2;SOFTYS ARGENTINA S.A;;;CON;;;;;;;PAPEL HIG;;;;;300;Bruno Centurion;AXUM;;;False;131912;0;1;;;;;;1;;22551,25
322912;CALLE 893 5261;Quilmes;2026-10-02;02-10-2026;01-10-2026;FAC-A-131912;Venta;LAGOPUELO S.A;1501627;1,00;12040,70;14569,25;GORRITTI HECTOR RAUL;;10,00 %;056;Ezequiel Ferreira;;PH Higienol HS Balanced 20mx4/12;12040,70;3412;;2;ALMACEN;9488,34;IVAN MONTOYA;;$;2;SOFTYS ARGENTINA S.A;;;CON;;;;;;;PAPEL HIG;;;;;300;Bruno Centurion;AXUM;;;False;131912;0;1;;;;;;1;;12040,70
107755;Victor  Hugo 859 0;LANUS;2026-10-02;02-10-2026;01-10-2026;FAC-A-131917;Venta;LAGOPUELO S.A;1509764;12,00;10183,68;12322,25;Lin Wenfang;;0,00 %;26;Sabrina Pereyra;;TF NORMAL T/SUAVE EXT ALGODON 8x54;848,64;3409;;3;AUTOSERVICIO;585,27;SIMON OLIVERA;;$;2;SOFTYS ARGENTINA S.A;;;EFV;;;;;;;TOALLA FEMENINA;;;;;25;JOHANA VIGIL;AXUM;;;False;131917;0;1;;;;;;1;;848,64
107755;Victor  Hugo 859 0;LANUS;2026-10-02;02-10-2026;01-10-2026;FAC-A-131917;Venta;LAGOPUELO S.A;1509755;12,00;14396,04;17419,21;Lin Wenfang;;0,00 %;26;Sabrina Pereyra;;TF UD T/SECA LADYSOFT ULTRA PROTECT 8;1199,67;3409;;3;AUTOSERVICIO;827,36;SIMON OLIVERA;;$;2;SOFTYS ARGENTINA S.A;;;EFV;;;;;;;TOALLA FEMENINA;;;;;25;JOHANA VIGIL;AXUM;;;False;131917;0;1;;;;;;1;;1199,67
107755;Victor  Hugo 859 0;LANUS;2026-10-02;02-10-2026;01-10-2026;FAC-A-131917;Venta;LAGOPUELO S.A;1509766;12,00;10989,60;13297,42;Lin Wenfang;;0,00 %;26;Sabrina Pereyra;;TF T/SECA NORMAL MAS PROTECC 8x54;915,80;3409;;3;AUTOSERVICIO;631,59;SIMON OLIVERA;;$;2;SOFTYS ARGENTINA S.A;;;EFV;;;;;;;TOALLA FEMENINA;;;;;25;JOHANA VIGIL;AXUM;;;False;131917;0;1;;;;;;1;;915,80
107755;Victor  Hugo 859 0;LANUS;2026-10-02;02-10-2026;01-10-2026;FAC-A-131917;Venta;LAGOPUELO S.A;1509764;1,00;0,00;0,00;Lin Wenfang;;100,00 %;26;Sabrina Pereyra;;TF NORMAL T/SUAVE EXT ALGODON 8x54;0,00;3409;;3;AUTOSERVICIO;585,27;SIMON OLIVERA;;$;2;SOFTYS ARGENTINA S.A;;;EFV;;;;;;;TOALLA FEMENINA;;;;;25;JOHANA VIGIL;AXUM;;;False;131917;0;1;;;;;;1;;0,00
23593;Juan Carlos Castagnino 1100;BURZACO;2026-10-02;02-10-2026;01-10-2026;FAC-A-131920;Venta;LAGOPUELO S.A;1509755;6,00;7198,02;8709,60;YAN RUIMING;;0,00 %;063;Daniel Martin;;TF UD T/SECA LADYSOFT ULTRA PROTECT 8;1199,67;3416;;3;Autoservicio A;827,36;NAHUEL MONTOYA;;$;2;SOFTYS ARGENTINA S.A;;;CON;;;;;;;TOALLA FEMENINA;;;;;300;Bruno Centurion;AXUM;;;False;131920;0;1;;;;;;1;;1199,67
23593;Juan Carlos Castagnino 1100;BURZACO;2026-10-02;02-10-2026;01-10-2026;FAC-A-131920;Venta;LAGOPUELO S.A;1509756;6,00;14002,26;16942,73;YAN RUIMING;;0,00 %;063;Daniel Martin;;TF UD T/SECA LADYSOFT UL PRT 16u;2333,71;3416;;3;Autoservicio A;1609,46;NAHUEL MONTOYA;;$;2;SOFTYS ARGENTINA S.A;;;CON;;;;;;;TOALLA FEMENINA;;;;;300;Bruno Centurion;AXUM;;;False;131920;0;1;;;;;;1;;2333,71
23593;Juan Carlos Castagnino 1100;BURZACO;2026-10-02;02-10-2026;01-10-2026;FAC-A-131920;Venta;LAGOPUELO S.A;1501627;2,00;24081,41;29138,50;YAN RUIMING;;10,00 %;063;Daniel Martin;;PH Higienol HS Balanced 20mx4/12;12040,70;3416;;3;Autoservicio A;9488,34;NAHUEL MONTOYA;;$;2;SOFTYS ARGENTINA S.A;;;CON;;;;;;;PAPEL HIG;;;;;300;Bruno Centurion;AXUM;;;False;131920;0;1;;;;;;1;;12040,70
23597;Carlos Morel - (AUTOSERVICIOS) 317;BURZACO;2026-10-02;02-10-2026;01-10-2026;FAC-A-131921;Venta;LAGOPUELO S.A;1509756;20,00;46674,20;56475,78;ZHU SHAOBIN;;0,00 %;063;Daniel Martin;;TF UD T/SECA LADYSOFT UL PRT 16u;2333,71;3416;;3;Autoservicio A;1609,46;NAHUEL MONTOYA;;$;2;SOFTYS ARGENTINA S.A;;;CON;;;;;;;TOALLA FEMENINA;;;;;300;Bruno Centurion;AXUM;;;False;131921;0;1;;;;;;1;;2333,71
25019;AV.SANTA SOFIA E/ ALTA GRACIA Y HACHALA 927;BOSQUES;2026-10-02;02-10-2026;01-10-2026;FAC-A-131933;Venta;LAGOPUELO S.A;1504289;12,00;129388,00;156559,48;DANIEL ESTEBAN NARDI;;10,00 %;052;Nicole Sosa;;PLBABYSEC PREM SOFTXXG x30/4;10782,33;3411;;6;MAYORISTA;8874,35;JUAN ESCOTO;;$;2;SOFTYS ARGENTINA S.A;;;CON;;;;;;;PAÒAL;;;;;300;Bruno Centurion;AXUM;;;False;131933;0;1;;;;;;1;;10782,33
25019;AV.SANTA SOFIA E/ ALTA GRACIA Y HACHALA 927;BOSQUES;2026-10-02;02-10-2026;01-10-2026;FAC-A-131933;Venta;LAGOPUELO S.A;1504205;8,00;70424,50;85213,64;DANIEL ESTEBAN NARDI;;10,00 %;052;Nicole Sosa;;PL BABYSEC ULTRASOFT M 48/4;8803,06;3411;;6;MAYORISTA;7245,32;JUAN ESCOTO;;$;2;SOFTYS ARGENTINA S.A;;;CON;;;;;;;PAÒAL;;;;;300;Bruno Centurion;AXUM;;;False;131933;0;1;;;;;;1;;8803,06
25019;AV.SANTA SOFIA E/ ALTA GRACIA Y HACHALA 927;BOSQUES;2026-10-02;02-10-2026;01-10-2026;FAC-A-131933;Venta;LAGOPUELO S.A;1504206;8,00;70424,50;85213,64;DANIEL ESTEBAN NARDI;;10,00 %;052;Nicole Sosa;;PL BABYSEC ULTRASOFT G 40/4;8803,06;3411;;6;MAYORISTA;7245,32;JUAN ESCOTO;;$;2;SOFTYS ARGENTINA S.A;;;CON;;;;;;;PAÒAL;;;;;300;Bruno Centurion;AXUM;;;False;131933;0;1;;;;;;1;;8803,06
23699;BRUZONE 845;ESTEBAN ECHEVERR√¬çA;2026-10-05;05-10-2026;01-10-2026;FAC-A-131943;Venta;LAGOPUELO S.A;1503118;24,00;39248,64;47490,85;HUANG RUIHUANG;;0,00 %;064;Karina Fernandez;;TH BABYSEC ULTRA 50/24;1635,36;3429;;3;Autoservicio A;1127,83;SIMON OLIVERA;;$;2;SOFTYS ARGENTINA S.A;;;CON;;;;;;;;;;;;300;Bruno Centurion;AXUM;;;False;131943;0;1;;;;;;1;;1635,36
106360;Victor Hugo 1210 0;MONTE CHINGOLO;2026-10-02;02-10-2026;01-10-2026;FAC-A-131951;Venta;LAGOPUELO S.A;1501553;1,00;22551,25;27287,01;KIRIAZI ELIAS ALFONSO;;15,00 %;26;Sabrina Pereyra;;PH HIGIENOL DH PLUS FUSI”N 30M x4/10;22551,25;3409;;georgalos-7;Almacen;17199,92;SIMON OLIVERA;;$;2;SOFTYS ARGENTINA S.A;;;EFV;;;;;;;PAPEL HIG;;;;;25;JOHANA VIGIL;AXUM;;;False;131951;0;1;;;;;;1;;22551,25
106360;Victor Hugo 1210 0;MONTE CHINGOLO;2026-10-02;02-10-2026;01-10-2026;FAC-A-131951;Venta;LAGOPUELO S.A;1501586;1,00;30835,45;37310,89;KIRIAZI ELIAS ALFONSO;;0,00 %;26;Sabrina Pereyra;;PH HIGIENOL HS MAX 50x4;30835,45;3409;;georgalos-7;Almacen;21265,83;SIMON OLIVERA;;$;2;SOFTYS ARGENTINA S.A;;;EFV;;;;;;;PAPEL HIG;;;;;25;JOHANA VIGIL;AXUM;;;False;131951;0;1;;;;;;1;;30835,45
23599;Jos√© Serrano - (AUTOSERVICIOS) 1090;BURZACO;2026-10-02;02-10-2026;01-10-2026;FAC-A-131958;Venta;LAGOPUELO S.A;1509756;20,00;46674,20;56475,78;JIANG SHUWANG;;0,00 %;063;Daniel Martin;;TF UD T/SECA LADYSOFT UL PRT 16u;2333,71;3416;;3;Autoservicio A;1609,46;NAHUEL MONTOYA;;$;2;SOFTYS ARGENTINA S.A;;;CON;;;;;;;TOALLA FEMENINA;;;;;300;Bruno Centurion;AXUM;;;False;131958;0;1;;;;;;1;;2333,71
23599;Jos√© Serrano - (AUTOSERVICIOS) 1090;BURZACO;2026-10-02;02-10-2026;01-10-2026;FAC-A-131958;Venta;LAGOPUELO S.A;1509764;54,00;45826,56;55450,14;JIANG SHUWANG;;0,00 %;063;Daniel Martin;;TF NORMAL T/SUAVE EXT ALGODON 8x54;848,64;3416;;3;Autoservicio A;585,27;NAHUEL MONTOYA;;$;2;SOFTYS ARGENTINA S.A;;;CON;;;;;;;TOALLA FEMENINA;;;;;300;Bruno Centurion;AXUM;;;False;131958;0;1;;;;;;1;;848,64
23599;Jos√© Serrano - (AUTOSERVICIOS) 1090;BURZACO;2026-10-02;02-10-2026;01-10-2026;FAC-A-131958;Venta;LAGOPUELO S.A;1504208;4,00;35212,25;42606,82;JIANG SHUWANG;;10,00 %;063;Daniel Martin;;BABYSEC ULTSOFT XX6 30/4;8803,06;3416;;3;Autoservicio A;7245,32;NAHUEL MONTOYA;;$;2;SOFTYS ARGENTINA S.A;;;CON;;;;;;;PAÒAL;;;;;300;Bruno Centurion;AXUM;;;False;131958;0;1;;;;;;1;;8803,06
23599;Jos√© Serrano - (AUTOSERVICIOS) 1090;BURZACO;2026-10-02;02-10-2026;01-10-2026;FAC-A-131958;Venta;LAGOPUELO S.A;1501627;1,00;12040,70;14569,25;JIANG SHUWANG;;10,00 %;063;Daniel Martin;;PH Higienol HS Balanced 20mx4/12;12040,70;3416;;3;Autoservicio A;9488,34;NAHUEL MONTOYA;;$;2;SOFTYS ARGENTINA S.A;;;CON;;;;;;;PAPEL HIG;;;;;300;Bruno Centurion;AXUM;;;False;131958;0;1;;;;;;1;;12040,70
23599;Jos√© Serrano - (AUTOSERVICIOS) 1090;BURZACO;2026-10-02;02-10-2026;01-10-2026;FAC-A-131958;Venta;LAGOPUELO S.A;1509764;5,00;0,00;0,00;JIANG SHUWANG;;100,00 %;063;Daniel Martin;;TF NORMAL T/SUAVE EXT ALGODON 8x54;0,00;3416;;3;Autoservicio A;585,27;NAHUEL MONTOYA;;$;2;SOFTYS ARGENTINA S.A;;;CON;;;;;;;TOALLA FEMENINA;;;;;300;Bruno Centurion;AXUM;;;False;131958;0;1;;;;;;1;;0,00
2301;calle 115 entre 11 y 12 1156;Berazategui;2026-10-05;05-10-2026;01-10-2026;FAC-A-131962;Venta;LAGOPUELO S.A;1502610;2,00;48970,50;59254,31;OLIVERA VANESA ELIZABETH;;0,00 %;5;Eliana Huber;;PH ELITE HS CLS C/ALGODON 30M X6/10;24485,25;3428;;3;AUTOSERVICIO;16886,38;CLAUDIO GARCIA;;$;2;SOFTYS ARGENTINA S.A;;;CON;;;;;;;PAPEL HIG;;;;;25;JOHANA VIGIL;AXUM;;;False;131962;0;1;;;;;;1;;24485,25
2301;calle 115 entre 11 y 12 1156;Berazategui;2026-10-05;05-10-2026;01-10-2026;FAC-A-131962;Venta;LAGOPUELO S.A;1505688;2,00;31067,28;37591,41;OLIVERA VANESA ELIZABETH;;5,00 %;5;Eliana Huber;;RC Sussex clasico mas blanco 50px3/10;15533,64;3428;;3;AUTOSERVICIO;12112,00;CLAUDIO GARCIA;;$;2;SOFTYS ARGENTINA S.A;;;CON;;;;;;;ROLLO DE COCINA;;;;;25;JOHANA VIGIL;AXUM;;;False;131962;0;1;;;;;;1;;15533,64
102313;Onsari 158;WILDE;2026-10-02;02-10-2026;01-10-2026;FAC-A-131967;Venta;LAGOPUELO S.A;1501627;10,00;113717,76;137598,49;Fang Jinlang;;15,00 %;27;Samanta Dogliotti;;PH Higienol HS Balanced 20mx4/12;11371,78;3409;;3;AUTOSERVICIO;9488,34;SIMON OLIVERA;;$;2;SOFTYS ARGENTINA S.A;;;EFV;;;;;;;PAPEL HIG;;;;;25;JOHANA VIGIL;AXUM;;;False;131967;0;1;;;;;;1;;11371,78
2166;RUTA 2 KM 38800 COL. 613 Y 616;Berazategui;2026-10-02;02-10-2026;01-10-2026;FAC-A-131970;Venta;LAGOPUELO S.A;1505496;35,00;43426,25;52545,76;XUE XIAFENG;;0,00 %;051;Ezequiel Valente;;PO ELITE ST CON ALGODON X10 PACK 6;1240,75;3411;;3;AUTOSERVICIO;855,69;JUAN ESCOTO;;$;2;SOFTYS ARGENTINA S.A;;;CON;;;;;;;PAÒUELOS;;;;;300;Bruno Centurion;AXUM;;;False;131970;0;1;;;;;;1;;1240,75
2166;RUTA 2 KM 38800 COL. 613 Y 616;Berazategui;2026-10-02;02-10-2026;01-10-2026;FAC-A-131970;Venta;LAGOPUELO S.A;1505411;36,00;54137,88;65506,83;XUE XIAFENG;;0,00 %;051;Ezequiel Valente;;P— ELITE FACIALES DISNEY x90/36;1503,83;3411;;3;AUTOSERVICIO;1037,12;JUAN ESCOTO;;$;2;SOFTYS ARGENTINA S.A;;;CON;;;;;;;PAÒUELOS;;;;;300;Bruno Centurion;AXUM;;;False;131970;0;1;;;;;;1;;1503,83
23228;Av. Espora 580;ADROGUE;2026-10-02;02-10-2026;01-10-2026;FAC-A-131982;Venta;LAGOPUELO S.A;1505496;210,00;234501,75;283747,12;CHEN QI;;10,00 %;062;Nahuel Martinez;;PO ELITE ST CON ALGODON X10 PACK 6;1116,68;3416;;3;Autoservicio B;855,69;NAHUEL MONTOYA;;$;2;SOFTYS ARGENTINA S.A;;;CON;;;;;;;PAÒUELOS;;;;;300;Bruno Centurion;AXUM;;;False;131982;0;1;;;;;;1;;1116,68
108424;Salvador Soreda 4090 0;Villa Dominico;2026-10-02;02-10-2026;01-10-2026;FAC-A-131985;Venta;LAGOPUELO S.A;1509766;10,00;9158,00;11081,18;Caceres Cardenas Sixto;;0,00 %;28;Nadia Diaz;;TF T/SECA NORMAL MAS PROTECC 8x54;915,80;3409;;georgalos-7;Almacen;631,59;SIMON OLIVERA;;$;2;SOFTYS ARGENTINA S.A;;;EFV;;;;;;;TOALLA FEMENINA;;;;;25;JOHANA VIGIL;AXUM;;;False;131985;0;1;;;;;;1;;915,80
108424;Salvador Soreda 4090 0;Villa Dominico;2026-10-02;02-10-2026;01-10-2026;FAC-A-131985;Venta;LAGOPUELO S.A;1509764;10,00;8486,40;10268,54;Caceres Cardenas Sixto;;0,00 %;28;Nadia Diaz;;TF NORMAL T/SUAVE EXT ALGODON 8x54;848,64;3409;;georgalos-7;Almacen;585,27;SIMON OLIVERA;;$;2;SOFTYS ARGENTINA S.A;;;EFV;;;;;;;TOALLA FEMENINA;;;;;25;JOHANA VIGIL;AXUM;;;False;131985;0;1;;;;;;1;;848,64
108424;Salvador Soreda 4090 0;Villa Dominico;2026-10-02;02-10-2026;01-10-2026;FAC-A-131985;Venta;LAGOPUELO S.A;1509762;10,00;11721,90;14183,50;Caceres Cardenas Sixto;;0,00 %;28;Nadia Diaz;;TF NOCTUR EXT A 8x32;1172,19;3409;;georgalos-7;Almacen;808,41;SIMON OLIVERA;;$;2;SOFTYS ARGENTINA S.A;;;EFV;;;;;;;TOALLA FEMENINA;;;;;25;JOHANA VIGIL;AXUM;;;False;131985;0;1;;;;;;1;;1172,19
108424;Salvador Soreda 4090 0;Villa Dominico;2026-10-02;02-10-2026;01-10-2026;FAC-A-131985;Venta;LAGOPUELO S.A;1509755;10,00;11996,70;14516,01;Caceres Cardenas Sixto;;0,00 %;28;Nadia Diaz;;TF UD T/SECA LADYSOFT ULTRA PROTECT 8;1199,67;3409;;georgalos-7;Almacen;827,36;SIMON OLIVERA;;$;2;SOFTYS ARGENTINA S.A;;;EFV;;;;;;;TOALLA FEMENINA;;;;;25;JOHANA VIGIL;AXUM;;;False;131985;0;1;;;;;;1;;1199,67
108424;Salvador Soreda 4090 0;Villa Dominico;2026-10-02;02-10-2026;01-10-2026;FAC-A-131985;Venta;LAGOPUELO S.A;1509761;10,00;7952,20;9622,16;Caceres Cardenas Sixto;;0,00 %;28;Nadia Diaz;;TF LADYSOFT COMFORT EXT ALGODON 8x54;795,22;3409;;georgalos-7;Almacen;548,43;SIMON OLIVERA;;$;2;SOFTYS ARGENTINA S.A;;;EFV;;;;;;;TOALLA FEMENINA;;;;;25;JOHANA VIGIL;AXUM;;;False;131985;0;1;;;;;;1;;795,22
108424;Salvador Soreda 4090 0;Villa Dominico;2026-10-02;02-10-2026;01-10-2026;FAC-A-131985;Venta;LAGOPUELO S.A;1509764;1,00;0,00;0,00;Caceres Cardenas Sixto;;100,00 %;28;Nadia Diaz;;TF NORMAL T/SUAVE EXT ALGODON 8x54;0,00;3409;;georgalos-7;Almacen;585,27;SIMON OLIVERA;;$;2;SOFTYS ARGENTINA S.A;;;EFV;;;;;;;TOALLA FEMENINA;;;;;25;JOHANA VIGIL;AXUM;;;False;131985;0;1;;;;;;1;;0,00
914;PJE MANUEL OBARRIO 1180;Villa Dominico;2026-10-02;02-10-2026;01-10-2026;FAC-B-131991;Venta;Empresa LAGOPUELO;1504289;4,00;43129,33;52186,49;Tessy Tamani Gomez;;10,00 %;28;Nadia Diaz;;PLBABYSEC PREM SOFTXXG x30/4;10782,33;3409;;2;ALMACEN;8874,35;SIMON OLIVERA;;$;2;SOFTYS ARGENTINA S.A;;;CON;;;;;;;PAÒAL;;;;;25;JOHANA VIGIL;AXUM;;;False;131991;0;1;;;;;;1;;10782,33
107234;Lomas De Zamora 10 0;WILDE;2026-10-02;02-10-2026;01-10-2026;FAC-A-131998;Venta;LAGOPUELO S.A;1501627;2,00;24081,41;29138,50;HODIE;;10,00 %;29;Camila Navarrete;;PH Higienol HS Balanced 20mx4/12;12040,70;3409;;5;KIOSCO;9488,34;SIMON OLIVERA;;$;2;SOFTYS ARGENTINA S.A;;;EFV;;;;;;;PAPEL HIG;;;;;25;JOHANA VIGIL;AXUM;;;False;131998;0;1;;;;;;1;;12040,70
107234;Lomas De Zamora 10 0;WILDE;2026-10-02;02-10-2026;01-10-2026;FAC-A-131998;Venta;LAGOPUELO S.A;1505688;1,00;15533,64;18795,70;HODIE;;5,00 %;29;Camila Navarrete;;RC Sussex clasico mas blanco 50px3/10;15533,64;3409;;5;KIOSCO;12112,00;SIMON OLIVERA;;$;2;SOFTYS ARGENTINA S.A;;;EFV;;;;;;;ROLLO DE COCINA;;;;;25;JOHANA VIGIL;AXUM;;;False;131998;0;1;;;;;;1;;15533,64
27811;gadinni esq colibri - (TRADICIONAL) 1585;TRISTAN SUAREZ;2026-10-06;06-10-2026;01-10-2026;FAC-B-131999;Venta;LAGOPUELO S.A;1504078;10,00;21945,06;26553,52;MARIA;;10,00 %;075;Julieta Yegros;;PL BABYSEC ULTRASOFT XG X8/15;2194,51;3446;;2;ALMACEN;1806,18;IVAN MONTOYA;;$;2;SOFTYS ARGENTINA S.A;;;CON;;;;;;;PAÒAL;;;;;300;Bruno Centurion;AXUM;;;False;131999;0;1;;;;;;1;;2194,51
27811;gadinni esq colibri - (TRADICIONAL) 1585;TRISTAN SUAREZ;2026-10-06;06-10-2026;01-10-2026;FAC-B-131999;Venta;LAGOPUELO S.A;1504079;10,00;21945,06;26553,52;MARIA;;10,00 %;075;Julieta Yegros;;PL BABYSEC ULTRASOFT XXG 8/15;2194,51;3446;;2;ALMACEN;1806,18;IVAN MONTOYA;;$;2;SOFTYS ARGENTINA S.A;;;CON;;;;;;;PAÒAL;;;;;300;Bruno Centurion;AXUM;;;False;131999;0;1;;;;;;1;;2194,51
27811;gadinni esq colibri - (TRADICIONAL) 1585;TRISTAN SUAREZ;2026-10-06;06-10-2026;01-10-2026;FAC-B-131999;Venta;LAGOPUELO S.A;1509764;6,00;5091,84;6161,13;MARIA;;0,00 %;075;Julieta Yegros;;TF NORMAL T/SUAVE EXT ALGODON 8x54;848,64;3446;;2;ALMACEN;585,27;IVAN MONTOYA;;$;2;SOFTYS ARGENTINA S.A;;;CON;;;;;;;TOALLA FEMENINA;;;;;300;Bruno Centurion;AXUM;;;False;131999;0;1;;;;;;1;;848,64
27811;gadinni esq colibri - (TRADICIONAL) 1585;TRISTAN SUAREZ;2026-10-06;06-10-2026;01-10-2026;FAC-B-131999;Venta;LAGOPUELO S.A;1509762;6,00;7033,14;8510,10;MARIA;;0,00 %;075;Julieta Yegros;;TF NOCTUR EXT A 8x32;1172,19;3446;;2;ALMACEN;808,41;IVAN MONTOYA;;$;2;SOFTYS ARGENTINA S.A;;;CON;;;;;;;TOALLA FEMENINA;;;;;300;Bruno Centurion;AXUM;;;False;131999;0;1;;;;;;1;;1172,19
27811;gadinni esq colibri - (TRADICIONAL) 1585;TRISTAN SUAREZ;2026-10-06;06-10-2026;01-10-2026;FAC-B-131999;Venta;LAGOPUELO S.A;1505688;1,00;15533,64;18795,70;MARIA;;5,00 %;075;Julieta Yegros;;RC Sussex clasico mas blanco 50px3/10;15533,64;3446;;2;ALMACEN;12112,00;IVAN MONTOYA;;$;2;SOFTYS ARGENTINA S.A;;;CON;;;;;;;ROLLO DE COCINA;;;;;300;Bruno Centurion;AXUM;;;False;131999;0;1;;;;;;1;;15533,64
321087;AV 14 1282;Varela;2026-10-05;05-10-2026;01-10-2026;FAC-A-132000;Venta;ELEBES;1509766;6,00;5494,80;6648,71;JAUREGUY JOSE MARIO;;0,00 %;5;Eliana Huber;;TF T/SECA NORMAL MAS PROTECC 8x54;915,80;3428;;2;ALMACEN;631,59;CLAUDIO GARCIA;;$;2;SOFTYS ARGENTINA S.A;;;CON;;;;;;;TOALLA FEMENINA;;;;;25;JOHANA VIGIL;AXUM;;;False;132000;0;1;;;;;;1;;915,80
321087;AV 14 1282;Varela;2026-10-05;05-10-2026;01-10-2026;FAC-A-132000;Venta;ELEBES;1509755;6,00;7198,02;8709,60;JAUREGUY JOSE MARIO;;0,00 %;5;Eliana Huber;;TF UD T/SECA LADYSOFT ULTRA PROTECT 8;1199,67;3428;;2;ALMACEN;827,36;CLAUDIO GARCIA;;$;2;SOFTYS ARGENTINA S.A;;;CON;;;;;;;TOALLA FEMENINA;;;;;25;JOHANA VIGIL;AXUM;;;False;132000;0;1;;;;;;1;;1199,67
321087;AV 14 1282;Varela;2026-10-05;05-10-2026;01-10-2026;FAC-A-132000;Venta;ELEBES;1509761;6,00;4771,32;5773,30;JAUREGUY JOSE MARIO;;0,00 %;5;Eliana Huber;;TF LADYSOFT COMFORT EXT ALGODON 8x54;795,22;3428;;2;ALMACEN;548,43;CLAUDIO GARCIA;;$;2;SOFTYS ARGENTINA S.A;;;CON;;;;;;;TOALLA FEMENINA;;;;;25;JOHANA VIGIL;AXUM;;;False;132000;0;1;;;;;;1;;795,22
321087;AV 14 1282;Varela;2026-10-05;05-10-2026;01-10-2026;FAC-A-132000;Venta;ELEBES;1509764;12,00;10183,68;12322,25;JAUREGUY JOSE MARIO;;0,00 %;5;Eliana Huber;;TF NORMAL T/SUAVE EXT ALGODON 8x54;848,64;3428;;2;ALMACEN;585,27;CLAUDIO GARCIA;;$;2;SOFTYS ARGENTINA S.A;;;CON;;;;;;;TOALLA FEMENINA;;;;;25;JOHANA VIGIL;AXUM;;;False;132000;0;1;;;;;;1;;848,64
321087;AV 14 1282;Varela;2026-10-05;05-10-2026;01-10-2026;FAC-A-132000;Venta;ELEBES;1509768;6,00;5851,86;7080,75;JAUREGUY JOSE MARIO;;0,00 %;5;Eliana Huber;;TF NORMAL T/SUAVE PIEL SENSIBLE 8x54;975,31;3428;;2;ALMACEN;672,63;CLAUDIO GARCIA;;$;2;SOFTYS ARGENTINA S.A;;;CON;;;;;;;TOALLA FEMENINA;;;;;25;JOHANA VIGIL;AXUM;;;False;132000;0;1;;;;;;1;;975,31
321087;AV 14 1282;Varela;2026-10-05;05-10-2026;01-10-2026;FAC-A-132000;Venta;ELEBES;1509762;10,00;11721,90;14183,50;JAUREGUY JOSE MARIO;;0,00 %;5;Eliana Huber;;TF NOCTUR EXT A 8x32;1172,19;3428;;2;ALMACEN;808,41;CLAUDIO GARCIA;;$;2;SOFTYS ARGENTINA S.A;;;CON;;;;;;;TOALLA FEMENINA;;;;;25;JOHANA VIGIL;AXUM;;;False;132000;0;1;;;;;;1;;1172,19
321087;AV 14 1282;Varela;2026-10-05;05-10-2026;01-10-2026;FAC-A-132000;Venta;ELEBES;1509764;1,00;0,00;0,00;JAUREGUY JOSE MARIO;;100,00 %;5;Eliana Huber;;TF NORMAL T/SUAVE EXT ALGODON 8x54;0,00;3428;;2;ALMACEN;585,27;CLAUDIO GARCIA;;$;2;SOFTYS ARGENTINA S.A;;;CON;;;;;;;TOALLA FEMENINA;;;;;25;JOHANA VIGIL;AXUM;;;False;132000;0;1;;;;;;1;;0,00
4049;URUGUAY 2344;EZPELETA;2026-10-02;02-10-2026;01-10-2026;FAC-A-132009;Venta;LAGOPUELO S.A;1505688;1,00;15533,64;18795,70;CLAUDIO LIMA GUILLERMO;;5,00 %;053;Verona Abati;;RC Sussex clasico mas blanco 50px3/10;15533,64;3412;;georgalos-7;Almacen;12112,00;IVAN MONTOYA;;$;2;SOFTYS ARGENTINA S.A;;;CON;;;;;;;ROLLO DE COCINA;;;;;300;Bruno Centurion;AXUM;;;False;132009;0;1;;;;;;1;;15533,64
5203;ALMAFUERTE 550;FLORENCIO VARELA;2026-10-05;05-10-2026;01-10-2026;FAC-A-132018;Venta;LAGOPUELO S.A;1503131;10,00;24754,60;29953,07;WENG XIAOLI;;0,00 %;6;Nieves Alegre;;TH BABYSEC PREMIUM X45/10;2475,46;3428;;3;AUTOSERVICIO;1707,21;CLAUDIO GARCIA;;$;2;SOFTYS ARGENTINA S.A;;;CON;;;;;;;TOALLA HUMEDA;;;;;25;JOHANA VIGIL;AXUM;;;False;132018;0;1;;;;;;1;;2475,46
5203;ALMAFUERTE 550;FLORENCIO VARELA;2026-10-05;05-10-2026;01-10-2026;FAC-A-132018;Venta;LAGOPUELO S.A;1509756;20,00;46674,20;56475,78;WENG XIAOLI;;0,00 %;6;Nieves Alegre;;TF UD T/SECA LADYSOFT UL PRT 16u;2333,71;3428;;3;AUTOSERVICIO;1609,46;CLAUDIO GARCIA;;$;2;SOFTYS ARGENTINA S.A;;;CON;;;;;;;TOALLA FEMENINA;;;;;25;JOHANA VIGIL;AXUM;;;False;132018;0;1;;;;;;1;;2333,71
22911;CALLE 894 5418;QUILMES;2026-10-02;02-10-2026;01-10-2026;FAC-B-132025;Venta;LAGOPUELO S.A;1505688;1,00;15533,64;18795,70;ACEVEDO ANASTACIO;;5,00 %;056;Ezequiel Ferreira;;RC Sussex clasico mas blanco 50px3/10;15533,64;3412;;5;KIOSCO;12112,00;IVAN MONTOYA;;$;2;SOFTYS ARGENTINA S.A;;;CON;;;;;;;ROLLO DE COCINA;;;;;300;Bruno Centurion;AXUM;;;False;132025;0;1;;;;;;1;;15533,64
27642;LYNCH - (AUTOSERVICIOS) 703;WILDE;2026-10-02;02-10-2026;01-10-2026;FAC-A-132032;Venta;ELEBES;1501627;1,00;12040,70;14569,25;MARISA AMALIA GOMEZ;;10,00 %;27;Samanta Dogliotti;;PH Higienol HS Balanced 20mx4/12;12040,70;3409;;2;ALMACEN;9488,34;SIMON OLIVERA;;$;2;SOFTYS ARGENTINA S.A;;;CON;;;;;;;PAPEL HIG;;;;;25;JOHANA VIGIL;AXUM;;;False;132032;0;1;;;;;;1;;12040,70
103390;Av Mitre 5903 E/ Condarco 1 0;WILDE;2026-10-02;02-10-2026;01-10-2026;FAC-B-132036;Venta;LAGOPUELO S.A;1505688;1,00;15533,64;18795,70;Moriatis Miguel;;5,00 %;29;Camila Navarrete;;RC Sussex clasico mas blanco 50px3/10;15533,64;3409;;5;KIOSCO;12112,00;SIMON OLIVERA;;$;2;SOFTYS ARGENTINA S.A;;;EFV;;;;;;;ROLLO DE COCINA;;;;;25;JOHANA VIGIL;AXUM;;;False;132036;0;1;;;;;;1;;15533,64
27598;El Canario - (AUTOSERVICIOS) 245;TRISTAN SUAREZ;2026-10-06;06-10-2026;01-10-2026;FAC-A-132045;Venta;LAGOPUELO S.A;1501627;10,00;113717,76;137598,49;Chen Xiaoqing;;15,00 %;075;Julieta Yegros;;PH Higienol HS Balanced 20mx4/12;11371,78;3446;;3;Autoservicio A;9488,34;IVAN MONTOYA;;$;2;SOFTYS ARGENTINA S.A;;;CON;;;;;;;PAPEL HIG;;;;;300;Bruno Centurion;AXUM;;;False;132045;0;1;;;;;;1;;11371,78
22525;AV. CALCHAQUI - (TRADICIONAL) 3399;QUILMES;2026-10-02;02-10-2026;01-10-2026;FAC-A-132046;Venta;LAGOPUELO S.A;1504077;20,00;43890,30;53107,26;ANDREA VERONICA SALEMI;;10,00 %;3;VACANTE;;PL BABYSEC ULTRASOFT G 8/20;2194,52;3412;;5;KIOSCO;1806,19;IVAN MONTOYA;;$;2;SOFTYS ARGENTINA S.A;;;CON;;;;;;;PAÒAL;;;;;25;JOHANA VIGIL;AXUM;;;False;132046;0;1;;;;;;1;;2194,52
22525;AV. CALCHAQUI - (TRADICIONAL) 3399;QUILMES;2026-10-02;02-10-2026;01-10-2026;FAC-A-132046;Venta;LAGOPUELO S.A;1504078;15,00;32917,59;39830,28;ANDREA VERONICA SALEMI;;10,00 %;3;VACANTE;;PL BABYSEC ULTRASOFT XG X8/15;2194,51;3412;;5;KIOSCO;1806,18;IVAN MONTOYA;;$;2;SOFTYS ARGENTINA S.A;;;CON;;;;;;;PAÒAL;;;;;25;JOHANA VIGIL;AXUM;;;False;132046;0;1;;;;;;1;;2194,51
22525;AV. CALCHAQUI - (TRADICIONAL) 3399;QUILMES;2026-10-02;02-10-2026;01-10-2026;FAC-A-132046;Venta;LAGOPUELO S.A;1509762;10,00;11721,90;14183,50;ANDREA VERONICA SALEMI;;0,00 %;3;VACANTE;;TF NOCTUR EXT A 8x32;1172,19;3412;;5;KIOSCO;808,41;IVAN MONTOYA;;$;2;SOFTYS ARGENTINA S.A;;;CON;;;;;;;TOALLA FEMENINA;;;;;25;JOHANA VIGIL;AXUM;;;False;132046;0;1;;;;;;1;;1172,19
22525;AV. CALCHAQUI - (TRADICIONAL) 3399;QUILMES;2026-10-02;02-10-2026;01-10-2026;FAC-A-132046;Venta;LAGOPUELO S.A;1509766;10,00;9158,00;11081,18;ANDREA VERONICA SALEMI;;0,00 %;3;VACANTE;;TF T/SECA NORMAL MAS PROTECC 8x54;915,80;3412;;5;KIOSCO;631,59;IVAN MONTOYA;;$;2;SOFTYS ARGENTINA S.A;;;CON;;;;;;;TOALLA FEMENINA;;;;;25;JOHANA VIGIL;AXUM;;;False;132046;0;1;;;;;;1;;915,80
22525;AV. CALCHAQUI - (TRADICIONAL) 3399;QUILMES;2026-10-02;02-10-2026;01-10-2026;FAC-A-132046;Venta;LAGOPUELO S.A;1505688;1,00;15533,64;18795,70;ANDREA VERONICA SALEMI;;5,00 %;3;VACANTE;;RC Sussex clasico mas blanco 50px3/10;15533,64;3412;;5;KIOSCO;12112,00;IVAN MONTOYA;;$;2;SOFTYS ARGENTINA S.A;;;CON;;;;;;;ROLLO DE COCINA;;;;;25;JOHANA VIGIL;AXUM;;;False;132046;0;1;;;;;;1;;15533,64
23232;Figueroa - (AUTOSERVICIOS) 588;CLAYPOLE;2026-10-08;08-10-2026;01-10-2026;FAC-A-132054;Venta;LAGOPUELO S.A;1504289;4,00;43129,33;52186,49;LIN KAI;;10,00 %;061;Nailah Guzman;;PLBABYSEC PREM SOFTXXG x30/4;10782,33;3477;;3;Autoservicio A;8874,35;NAHUEL MONTOYA;;$;2;SOFTYS ARGENTINA S.A;;;CON;;;;;;;PAÒAL;;;;;300;Bruno Centurion;AXUM;;;False;132054;0;1;;;;;;1;;10782,33
23232;Figueroa - (AUTOSERVICIOS) 588;CLAYPOLE;2026-10-08;08-10-2026;01-10-2026;FAC-A-132054;Venta;LAGOPUELO S.A;1504933;2,00;18910,28;22881,44;LIN KAI;;10,00 %;061;Nailah Guzman;;PL BABYSEC ULTASOFT XXXG x 28/4;9455,14;3477;;3;Autoservicio A;7245,32;NAHUEL MONTOYA;;$;2;SOFTYS ARGENTINA S.A;;;CON;;;;;;;PAÒAL;;;;;300;Bruno Centurion;AXUM;;;False;132054;0;1;;;;;;1;;9455,14
5849;AVENIDA SAN MARTIN E/EREZCANO Y LA ROSA - (TRADITIONAL TRADE) 1845;ADROGUE;2026-10-02;02-10-2026;01-10-2026;FAC-A-132060;Venta;LAGOPUELO S.A;1503118;12,00;19624,32;23745,43;CHRISTIAN RODOLFO MARTINEZ;;0,00 %;062;Nahuel Martinez;;TH BABYSEC ULTRA 50/24;1635,36;3416;;georgalos-803;Perfumeria;1127,83;NAHUEL MONTOYA;;$;2;SOFTYS ARGENTINA S.A;;;CON;;;;;;;;;;;;300;Bruno Centurion;AXUM;;;False;132060;0;1;;;;;;1;;1635,36
5849;AVENIDA SAN MARTIN E/EREZCANO Y LA ROSA - (TRADITIONAL TRADE) 1845;ADROGUE;2026-10-02;02-10-2026;01-10-2026;FAC-A-132060;Venta;LAGOPUELO S.A;1509761;12,00;9542,64;11546,59;CHRISTIAN RODOLFO MARTINEZ;;0,00 %;062;Nahuel Martinez;;TF LADYSOFT COMFORT EXT ALGODON 8x54;795,22;3416;;georgalos-803;Perfumeria;548,43;NAHUEL MONTOYA;;$;2;SOFTYS ARGENTINA S.A;;;CON;;;;;;;TOALLA FEMENINA;;;;;300;Bruno Centurion;AXUM;;;False;132060;0;1;;;;;;1;;795,22
5930;LAS MARGARITAS e/LOS DURAZNOS Y LOS GISASOLES - (TRADITIONAL TRADE) 888;TRISTAN SUAREZ;2026-10-06;06-10-2026;01-10-2026;FAC-A-132067;Venta;LAGOPUELO S.A;1509762;10,00;11721,90;14183,50;LUCAS GOMEZ;;0,00 %;075;Julieta Yegros;;TF NOCTUR EXT A 8x32;1172,19;3446;;2;ALMACEN;808,41;IVAN MONTOYA;;$;2;SOFTYS ARGENTINA S.A;;;CON;;;;;;;TOALLA FEMENINA;;;;;300;Bruno Centurion;AXUM;;;False;132067;0;1;;;;;;1;;1172,19
5930;LAS MARGARITAS e/LOS DURAZNOS Y LOS GISASOLES - (TRADITIONAL TRADE) 888;TRISTAN SUAREZ;2026-10-06;06-10-2026;01-10-2026;FAC-A-132067;Venta;LAGOPUELO S.A;1504078;6,00;14630,04;17702,35;LUCAS GOMEZ;;0,00 %;075;Julieta Yegros;;PL BABYSEC ULTRASOFT XG X8/15;2438,34;3446;;2;ALMACEN;1806,18;IVAN MONTOYA;;$;2;SOFTYS ARGENTINA S.A;;;CON;;;;;;;PAÒAL;;;;;300;Bruno Centurion;AXUM;;;False;132067;0;1;;;;;;1;;2438,34
5930;LAS MARGARITAS e/LOS DURAZNOS Y LOS GISASOLES - (TRADITIONAL TRADE) 888;TRISTAN SUAREZ;2026-10-06;06-10-2026;01-10-2026;FAC-A-132067;Venta;LAGOPUELO S.A;1504079;6,00;14630,04;17702,35;LUCAS GOMEZ;;0,00 %;075;Julieta Yegros;;PL BABYSEC ULTRASOFT XXG 8/15;2438,34;3446;;2;ALMACEN;1806,18;IVAN MONTOYA;;$;2;SOFTYS ARGENTINA S.A;;;CON;;;;;;;PAÒAL;;;;;300;Bruno Centurion;AXUM;;;False;132067;0;1;;;;;;1;;2438,34
5930;LAS MARGARITAS e/LOS DURAZNOS Y LOS GISASOLES - (TRADITIONAL TRADE) 888;TRISTAN SUAREZ;2026-10-06;06-10-2026;01-10-2026;FAC-A-132067;Venta;LAGOPUELO S.A;1504077;6,00;14630,10;17702,42;LUCAS GOMEZ;;0,00 %;075;Julieta Yegros;;PL BABYSEC ULTRASOFT G 8/20;2438,35;3446;;2;ALMACEN;1806,19;IVAN MONTOYA;;$;2;SOFTYS ARGENTINA S.A;;;CON;;;;;;;PAÒAL;;;;;300;Bruno Centurion;AXUM;;;False;132067;0;1;;;;;;1;;2438,35
421;WASHINGTON 546;Avellaneda;2026-10-02;02-10-2026;01-10-2026;FAC-A-132071;Venta;LAGOPUELO S.A;1509766;10,00;9158,00;11081,18;CHEN SHENQIANG;;0,00 %;28;Nadia Diaz;;TF T/SECA NORMAL MAS PROTECC 8x54;915,80;3409;;3;AUTOSERVICIO;631,59;SIMON OLIVERA;;$;2;SOFTYS ARGENTINA S.A;;;EFV;;;;;;;TOALLA FEMENINA;;;;;25;JOHANA VIGIL;AXUM;;;False;132071;0;1;;;;;;1;;915,80
421;WASHINGTON 546;Avellaneda;2026-10-02;02-10-2026;01-10-2026;FAC-A-132071;Venta;LAGOPUELO S.A;1509755;6,00;7198,02;8709,60;CHEN SHENQIANG;;0,00 %;28;Nadia Diaz;;TF UD T/SECA LADYSOFT ULTRA PROTECT 8;1199,67;3409;;3;AUTOSERVICIO;827,36;SIMON OLIVERA;;$;2;SOFTYS ARGENTINA S.A;;;EFV;;;;;;;TOALLA FEMENINA;;;;;25;JOHANA VIGIL;AXUM;;;False;132071;0;1;;;;;;1;;1199,67
421;WASHINGTON 546;Avellaneda;2026-10-02;02-10-2026;01-10-2026;FAC-A-132071;Venta;LAGOPUELO S.A;1509757;6,00;20000,76;24200,92;CHEN SHENQIANG;;0,00 %;28;Nadia Diaz;;TF UD T/SECA LADYSOFT UL PTEC 24u;3333,46;3409;;3;AUTOSERVICIO;2298,94;SIMON OLIVERA;;$;2;SOFTYS ARGENTINA S.A;;;EFV;;;;;;;TOALLA FEMENINA;;;;;25;JOHANA VIGIL;AXUM;;;False;132071;0;1;;;;;;1;;3333,46
421;WASHINGTON 546;Avellaneda;2026-10-02;02-10-2026;01-10-2026;FAC-A-132071;Venta;LAGOPUELO S.A;1509763;6,00;13590,30;16444,26;CHEN SHENQIANG;;0,00 %;28;Nadia Diaz;;TF Nocturna EXT ALGODON 16X16;2265,05;3409;;3;AUTOSERVICIO;1562,11;SIMON OLIVERA;;$;2;SOFTYS ARGENTINA S.A;;;EFV;;;;;;;TOALLA FEMENINA;;;;;25;JOHANA VIGIL;AXUM;;;False;132071;0;1;;;;;;1;;2265,05
5140;GRAL. OHIGGINS 1640 1640;GERLI;2026-10-02;02-10-2026;01-10-2026;FAC-A-132078;Venta;LAGOPUELO S.A;1509762;10,00;11721,90;14183,50;LORENA ALEJANDRA CHISCA;;0,00 %;30;Oriana Songini;;TF NOCTUR EXT A 8x32;1172,19;3408;;georgalos-7;Almacen;808,41;CLAUDIO GARCIA;;$;2;SOFTYS ARGENTINA S.A;;;EFV;;;;;;;TOALLA FEMENINA;;;;;25;JOHANA VIGIL;AXUM;;;False;132078;0;1;;;;;;1;;1172,19
5140;GRAL. OHIGGINS 1640 1640;GERLI;2026-10-02;02-10-2026;01-10-2026;FAC-A-132078;Venta;LAGOPUELO S.A;1509764;10,00;8486,40;10268,54;LORENA ALEJANDRA CHISCA;;0,00 %;30;Oriana Songini;;TF NORMAL T/SUAVE EXT ALGODON 8x54;848,64;3408;;georgalos-7;Almacen;585,27;CLAUDIO GARCIA;;$;2;SOFTYS ARGENTINA S.A;;;EFV;;;;;;;TOALLA FEMENINA;;;;;25;JOHANA VIGIL;AXUM;;;False;132078;0;1;;;;;;1;;848,64
5140;GRAL. OHIGGINS 1640 1640;GERLI;2026-10-02;02-10-2026;01-10-2026;FAC-A-132078;Venta;LAGOPUELO S.A;1509764;1,00;0,00;0,00;LORENA ALEJANDRA CHISCA;;100,00 %;30;Oriana Songini;;TF NORMAL T/SUAVE EXT ALGODON 8x54;0,00;3408;;georgalos-7;Almacen;585,27;CLAUDIO GARCIA;;$;2;SOFTYS ARGENTINA S.A;;;EFV;;;;;;;TOALLA FEMENINA;;;;;25;JOHANA VIGIL;AXUM;;;False;132078;0;1;;;;;;1;;0,00
108036;Crisologo Larralde 6885 0;WILDE;2026-10-02;02-10-2026;01-10-2026;FAC-B-132085;Venta;LAGOPUELO S.A;1503118;20,00;32707,20;39575,71;Micaela Borja;;0,00 %;27;Samanta Dogliotti;;TH BABYSEC ULTRA 50/24;1635,36;3409;;3;AUTOSERVICIO;1127,83;SIMON OLIVERA;;$;2;SOFTYS ARGENTINA S.A;;;EFV;;;;;;;;;;;;25;JOHANA VIGIL;AXUM;;;False;132085;0;1;;;;;;1;;1635,36
660;CALLE 895 4858;SAN FRANCISCO SOLANO;2026-10-02;02-10-2026;01-10-2026;FAC-A-132087;Venta;LAGOPUELO S.A;1509762;10,00;11721,90;14183,50;ERCEGOVIC MYRIAM;;0,00 %;056;Ezequiel Ferreira;;TF NOCTUR EXT A 8x32;1172,19;3412;;2;ALMACEN;808,41;IVAN MONTOYA;;$;2;SOFTYS ARGENTINA S.A;;;CON;;;;;;;TOALLA FEMENINA;;;;;300;Bruno Centurion;AXUM;;;False;132087;0;1;;;;;;1;;1172,19
660;CALLE 895 4858;SAN FRANCISCO SOLANO;2026-10-02;02-10-2026;01-10-2026;FAC-A-132087;Venta;LAGOPUELO S.A;1509766;5,00;4579,00;5540,59;ERCEGOVIC MYRIAM;;0,00 %;056;Ezequiel Ferreira;;TF T/SECA NORMAL MAS PROTECC 8x54;915,80;3412;;2;ALMACEN;631,59;IVAN MONTOYA;;$;2;SOFTYS ARGENTINA S.A;;;CON;;;;;;;TOALLA FEMENINA;;;;;300;Bruno Centurion;AXUM;;;False;132087;0;1;;;;;;1;;915,80
660;CALLE 895 4858;SAN FRANCISCO SOLANO;2026-10-02;02-10-2026;01-10-2026;FAC-A-132087;Venta;LAGOPUELO S.A;1505496;5,00;6203,75;7506,54;ERCEGOVIC MYRIAM;;0,00 %;056;Ezequiel Ferreira;;PO ELITE ST CON ALGODON X10 PACK 6;1240,75;3412;;2;ALMACEN;855,69;IVAN MONTOYA;;$;2;SOFTYS ARGENTINA S.A;;;CON;;;;;;;PAÒUELOS;;;;;300;Bruno Centurion;AXUM;;;False;132087;0;1;;;;;;1;;1240,75
873;AV EVA PERON 849;Claypole;2026-10-08;08-10-2026;01-10-2026;FAC-A-132090;Venta;LAGOPUELO S.A;1504289;12,00;129388,00;156559,48;Micaela Florencia RamÌrez;;10,00 %;061;Nailah Guzman;;PLBABYSEC PREM SOFTXXG x30/4;10782,33;3477;;georgalos-99;Otros;8874,35;NAHUEL MONTOYA;;$;2;SOFTYS ARGENTINA S.A;;;CON;;;;;;;PAÒAL;;;;;300;Bruno Centurion;AXUM;;;False;132090;0;1;;;;;;1;;10782,33
1084;CALLE 116 1585;BERAZATEGUI;2026-10-05;05-10-2026;01-10-2026;FAC-B-132092;Venta;ELEBES;1509761;10,00;7952,20;9622,16;INCO MAICO;;0,00 %;5;Eliana Huber;;TF LADYSOFT COMFORT EXT ALGODON 8x54;795,22;3428;;2;ALMACEN;548,43;CLAUDIO GARCIA;;$;2;SOFTYS ARGENTINA S.A;;;CON;;;;;;;TOALLA FEMENINA;;;;;25;JOHANA VIGIL;AXUM;;;False;132092;0;1;;;;;;1;;795,22
1084;CALLE 116 1585;BERAZATEGUI;2026-10-05;05-10-2026;01-10-2026;FAC-B-132092;Venta;ELEBES;1509758;20,00;22314,80;27000,91;INCO MAICO;;0,00 %;5;Eliana Huber;;TF UD T/SUAVE EXT ALGO 8X40;1115,74;3428;;2;ALMACEN;769,48;CLAUDIO GARCIA;;$;2;SOFTYS ARGENTINA S.A;;;CON;;;;;;;TOALLA FEMENINA;;;;;25;JOHANA VIGIL;AXUM;;;False;132092;0;1;;;;;;1;;1115,74
3860;529 2649;CENTRO AGRICOLA EL PATO;2026-10-02;02-10-2026;01-10-2026;FAC-A-132120;Venta;LAGOPUELO S.A;1501585;1,00;36501,38;44166,67;Irrazabal Giselle Magali;;0,00 %;051;Ezequiel Valente;;PH HIGIENOL HS MAX ALOE PANAL 80M X4;36501,38;3411;;2;ALMACEN;24669,76;JUAN ESCOTO;;$;2;SOFTYS ARGENTINA S.A;;;CON;;;;;;;PAPEL HIG;;;;;300;Bruno Centurion;AXUM;;;False;132120;0;1;;;;;;1;;36501,38
3860;529 2649;CENTRO AGRICOLA EL PATO;2026-10-02;02-10-2026;01-10-2026;FAC-A-132120;Venta;LAGOPUELO S.A;1505688;1,00;15533,64;18795,70;Irrazabal Giselle Magali;;5,00 %;051;Ezequiel Valente;;RC Sussex clasico mas blanco 50px3/10;15533,64;3411;;2;ALMACEN;12112,00;JUAN ESCOTO;;$;2;SOFTYS ARGENTINA S.A;;;CON;;;;;;;ROLLO DE COCINA;;;;;300;Bruno Centurion;AXUM;;;False;132120;0;1;;;;;;1;;15533,64
604;Yapey˙ entre arredondo y Mansilla (kiosco esquina rejas negras) 733;Avellaneda;2026-10-02;02-10-2026;01-10-2026;FAC-B-132126;Venta;ELEBES;1509764;10,00;8486,40;10268,54;Violeta Ulloa;;0,00 %;27;Samanta Dogliotti;;TF NORMAL T/SUAVE EXT ALGODON 8x54;848,64;3409;;5;KIOSCO;585,27;SIMON OLIVERA;;$;2;SOFTYS ARGENTINA S.A;;;EFV;;;;;;;TOALLA FEMENINA;;;;;25;JOHANA VIGIL;AXUM;;;False;132126;0;1;;;;;;1;;848,64
604;Yapey˙ entre arredondo y Mansilla (kiosco esquina rejas negras) 733;Avellaneda;2026-10-02;02-10-2026;01-10-2026;FAC-B-132126;Venta;ELEBES;1509764;1,00;0,00;0,00;Violeta Ulloa;;100,00 %;27;Samanta Dogliotti;;TF NORMAL T/SUAVE EXT ALGODON 8x54;0,00;3409;;5;KIOSCO;585,27;SIMON OLIVERA;;$;2;SOFTYS ARGENTINA S.A;;;EFV;;;;;;;TOALLA FEMENINA;;;;;25;JOHANA VIGIL;AXUM;;;False;132126;0;1;;;;;;1;;0,00
321087;AV 14 1282;Varela;2026-10-05;05-10-2026;01-10-2026;FAC-A-132130;Venta;ELEBES;1501618;1,00;19032,09;23028,83;JAUREGUY JOSE MARIO;;0,00 %;5;Eliana Huber;;PH HIG  FRESH ALOE 30M X4/12;19032,09;3428;;2;ALMACEN;13125,58;CLAUDIO GARCIA;;$;2;SOFTYS ARGENTINA S.A;;;CON;;;;;;;PAPEL HIG;;;;;25;JOHANA VIGIL;AXUM;;;False;132130;0;1;;;;;;1;;19032,09
321087;AV 14 1282;Varela;2026-10-05;05-10-2026;01-10-2026;FAC-A-132130;Venta;ELEBES;1505708;1,00;22612,61;27361,26;JAUREGUY JOSE MARIO;;0,00 %;5;Eliana Huber;;RC SUSEEX CLS MEGARROLO ALTO 200X1;22612,61;3428;;2;ALMACEN;16750,08;CLAUDIO GARCIA;;$;2;SOFTYS ARGENTINA S.A;;;CON;;;;;;;ROLLO DE COCINA;;;;;25;JOHANA VIGIL;AXUM;;;False;132130;0;1;;;;;;1;;22612,61
3195;CALLE 893 3623;SOLANO;2026-10-02;02-10-2026;01-10-2026;FAC-A-132143;Venta;LAGOPUELO S.A;1503131;10,00;24754,60;29953,07;LI XIANG;;0,00 %;056;Ezequiel Ferreira;;TH BABYSEC PREMIUM X45/10;2475,46;3412;;3;AUTOSERVICIO;1707,21;IVAN MONTOYA;;$;2;SOFTYS ARGENTINA S.A;;;CON;;;;;;;TOALLA HUMEDA;;;;;300;Bruno Centurion;AXUM;;;False;132143;0;1;;;;;;1;;2475,46
3195;CALLE 893 3623;SOLANO;2026-10-02;02-10-2026;01-10-2026;FAC-A-132143;Venta;LAGOPUELO S.A;1509758;40,00;44629,60;54001,82;LI XIANG;;0,00 %;056;Ezequiel Ferreira;;TF UD T/SUAVE EXT ALGO 8X40;1115,74;3412;;3;AUTOSERVICIO;769,48;IVAN MONTOYA;;$;2;SOFTYS ARGENTINA S.A;;;CON;;;;;;;TOALLA FEMENINA;;;;;300;Bruno Centurion;AXUM;;;False;132143;0;1;;;;;;1;;1115,74
3195;CALLE 893 3623;SOLANO;2026-10-02;02-10-2026;01-10-2026;FAC-A-132143;Venta;LAGOPUELO S.A;1509755;40,00;47986,80;58064,03;LI XIANG;;0,00 %;056;Ezequiel Ferreira;;TF UD T/SECA LADYSOFT ULTRA PROTECT 8;1199,67;3412;;3;AUTOSERVICIO;827,36;IVAN MONTOYA;;$;2;SOFTYS ARGENTINA S.A;;;CON;;;;;;;TOALLA FEMENINA;;;;;300;Bruno Centurion;AXUM;;;False;132143;0;1;;;;;;1;;1199,67
3195;CALLE 893 3623;SOLANO;2026-10-02;02-10-2026;01-10-2026;FAC-A-132143;Venta;LAGOPUELO S.A;1509756;6,00;14002,26;16942,73;LI XIANG;;0,00 %;056;Ezequiel Ferreira;;TF UD T/SECA LADYSOFT UL PRT 16u;2333,71;3412;;3;AUTOSERVICIO;1609,46;IVAN MONTOYA;;$;2;SOFTYS ARGENTINA S.A;;;CON;;;;;;;TOALLA FEMENINA;;;;;300;Bruno Centurion;AXUM;;;False;132143;0;1;;;;;;1;;2333,71
3195;CALLE 893 3623;SOLANO;2026-10-02;02-10-2026;01-10-2026;FAC-A-132143;Venta;LAGOPUELO S.A;1509759;6,00;12784,26;15468,95;LI XIANG;;0,00 %;056;Ezequiel Ferreira;;TF UD T/SUAVE EXT ALG 16x20;2130,71;3412;;3;AUTOSERVICIO;1469,45;IVAN MONTOYA;;$;2;SOFTYS ARGENTINA S.A;;;CON;;;;;;;TOALLA FEMENINA;;;;;300;Bruno Centurion;AXUM;;;False;132143;0;1;;;;;;1;;2130,71
623;LULES 80;Lomas de Zamora;2026-10-01;01-10-2026;01-10-2026;FAC-A-132147;Venta;Empresa LAGOPUELO;1501627;20,00;199255,20;241098,79;EL CHIRLO;;0,00 %;16;VENDEDOR DEPOSITO;;PH Higienol HS Balanced 20mx4/12;9962,76;3434;;6;MAYORISTA;9488,34;PEDIDOS INTERNOS;;$;2;SOFTYS ARGENTINA S.A;;;EFV;;;;;;;PAPEL HIG;;;;;;;gcw;;;False;132147;0;4;;;;;;1;;9962,76
104975;O Higgins 1596 0;GERLI;2026-10-02;02-10-2026;01-10-2026;FAC-A-132159;Venta;LAGOPUELO S.A;1509765;10,00;16621,80;20112,38;Sandra Nuli;;0,00 %;30;Oriana Songini;;TF NORMALT/SUAVE EXT ALG 16x27;1662,18;3408;;georgalos-7;Almacen;1146,33;CLAUDIO GARCIA;;$;2;SOFTYS ARGENTINA S.A;;;EFV;;;;;;;TOALLA FEMENINA;;;;;25;JOHANA VIGIL;AXUM;;;False;132159;0;1;;;;;;1;;1662,18
104975;O Higgins 1596 0;GERLI;2026-10-02;02-10-2026;01-10-2026;FAC-A-132159;Venta;LAGOPUELO S.A;1509768;10,00;9753,10;11801,25;Sandra Nuli;;0,00 %;30;Oriana Songini;;TF NORMAL T/SUAVE PIEL SENSIBLE 8x54;975,31;3408;;georgalos-7;Almacen;672,63;CLAUDIO GARCIA;;$;2;SOFTYS ARGENTINA S.A;;;EFV;;;;;;;TOALLA FEMENINA;;;;;25;JOHANA VIGIL;AXUM;;;False;132159;0;1;;;;;;1;;975,31
104975;O Higgins 1596 0;GERLI;2026-10-02;02-10-2026;01-10-2026;FAC-A-132159;Venta;LAGOPUELO S.A;1509755;10,00;11996,70;14516,01;Sandra Nuli;;0,00 %;30;Oriana Songini;;TF UD T/SECA LADYSOFT ULTRA PROTECT 8;1199,67;3408;;georgalos-7;Almacen;827,36;CLAUDIO GARCIA;;$;2;SOFTYS ARGENTINA S.A;;;EFV;;;;;;;TOALLA FEMENINA;;;;;25;JOHANA VIGIL;AXUM;;;False;132159;0;1;;;;;;1;;1199,67
4559;897 3236;SOLANO;2026-10-02;02-10-2026;01-10-2026;FAC-B-132165;Venta;LAGOPUELO S.A;1509761;12,00;9542,64;11546,59;RAMIREZ MARIA EUGENIA;;0,00 %;056;Ezequiel Ferreira;;TF LADYSOFT COMFORT EXT ALGODON 8x54;795,22;3412;;2;ALMACEN;548,43;IVAN MONTOYA;;$;2;SOFTYS ARGENTINA S.A;;;CON;;;;;;;TOALLA FEMENINA;;;;;300;Bruno Centurion;AXUM;;;False;132165;0;1;;;;;;1;;795,22
4559;897 3236;SOLANO;2026-10-02;02-10-2026;01-10-2026;FAC-B-132165;Venta;LAGOPUELO S.A;1509764;6,00;5091,84;6161,13;RAMIREZ MARIA EUGENIA;;0,00 %;056;Ezequiel Ferreira;;TF NORMAL T/SUAVE EXT ALGODON 8x54;848,64;3412;;2;ALMACEN;585,27;IVAN MONTOYA;;$;2;SOFTYS ARGENTINA S.A;;;CON;;;;;;;TOALLA FEMENINA;;;;;300;Bruno Centurion;AXUM;;;False;132165;0;1;;;;;;1;;848,64
106182;Margarita Weild 1467 0;LANUS;2026-10-01;01-10-2026;02-10-2026;NCR-A-132193;DevoluciÛn por Rechazo;LAGOPUELO S.A;1501553;-3,00;-50850,94;-61529,63;Lin li;SIN DINERO;31,00 %;27;Samanta Dogliotti;;PH HIGIENOL DH PLUS FUSI”N 30M x4/10;16950,31;3391;;3;AUTOSERVICIO;17199,92;CLAUDIO GARCIA;;$;2;SOFTYS ARGENTINA S.A;;;EFV;;;;;;;PAPEL HIG;;;;;25;JOHANA VIGIL;gcw;130925;;True;132193;0;1;;;;;;1;;16950,31
103530;Achaval 2754 1 0;REMEDIOS DE ESCALADA;2026-10-01;01-10-2026;02-10-2026;NCR-A-132194;DevoluciÛn por Rechazo;LAGOPUELO S.A;1509768;-12,00;-10821,72;-13094,28;Weng Weiqiang;NO QUIERE EL CLIENTE;0,00 %;29;Camila Navarrete;;TF NORMAL T/SUAVE PIEL SENSIBLE 8x54;901,81;3391;;3;AUTOSERVICIO;672,63;CLAUDIO GARCIA;;$;2;SOFTYS ARGENTINA S.A;;;EFV;;;;;;;TOALLA FEMENINA;;;;;25;JOHANA VIGIL;gcw;131426;;True;132194;0;1;;;;;;1;;901,81
4101;Avenida argentina 277;CARLOS SPEGAZZINI;2026-10-06;06-10-2026;02-10-2026;FAC-B-132199;Venta;LAGOPUELO S.A;1501618;1,00;19032,09;23028,83;Carrizo MarÌa Yolanda;;0,00 %;075;Julieta Yegros;;PH HIG  FRESH ALOE 30M X4/12;19032,09;3446;;5;KIOSCO;13125,58;IVAN MONTOYA;;$;2;SOFTYS ARGENTINA S.A;;;CON;;;;;;;PAPEL HIG;;;;;300;Bruno Centurion;AXUM;;;False;132199;0;1;;;;;;1;;19032,09
4101;Avenida argentina 277;CARLOS SPEGAZZINI;2026-10-06;06-10-2026;02-10-2026;FAC-B-132199;Venta;LAGOPUELO S.A;1505688;1,00;15533,64;18795,70;Carrizo MarÌa Yolanda;;5,00 %;075;Julieta Yegros;;RC Sussex clasico mas blanco 50px3/10;15533,64;3446;;5;KIOSCO;12112,00;IVAN MONTOYA;;$;2;SOFTYS ARGENTINA S.A;;;CON;;;;;;;ROLLO DE COCINA;;;;;300;Bruno Centurion;AXUM;;;False;132199;0;1;;;;;;1;;15533,64
4003;LA GUARDA 620;EZPELETA;2026-10-05;05-10-2026;02-10-2026;FAC-A-132206;Venta;LAGOPUELO S.A;1509768;12,00;11703,72;14161,50;MAESO GABRIELA;;0,00 %;2;Fernanda Cejas;;TF NORMAL T/SUAVE PIEL SENSIBLE 8x54;975,31;3430;;2;ALMACEN;672,63;LEONARDO SANTA CRUZ;;$;2;SOFTYS ARGENTINA S.A;;;CON;;;;;;;TOALLA FEMENINA;;;;;25;JOHANA VIGIL;AXUM;;;False;132206;0;1;;;;;;1;;975,31
23288;Dr. Jos√© Alberto Kellertas - (AUTOSERVICIOS) 347;LONGCHAMPS;2026-10-05;05-10-2026;02-10-2026;FAC-A-132208;Venta;LAGOPUELO S.A;1509763;10,00;22650,50;27407,11;CHEN JUAN;;0,00 %;062;Nahuel Martinez;;TF Nocturna EXT ALGODON 16X16;2265,05;3433;;OTR;SIN SUB;1562,11;WALTER JANIUK;;$;2;SOFTYS ARGENTINA S.A;;;CON;;;;;;;TOALLA FEMENINA;;;;;300;Bruno Centurion;AXUM;;;False;132208;0;1;;;;;;1;;2265,05
23288;Dr. Jos√© Alberto Kellertas - (AUTOSERVICIOS) 347;LONGCHAMPS;2026-10-05;05-10-2026;02-10-2026;FAC-A-132208;Venta;LAGOPUELO S.A;1509766;15,00;13737,00;16621,77;CHEN JUAN;;0,00 %;062;Nahuel Martinez;;TF T/SECA NORMAL MAS PROTECC 8x54;915,80;3433;;OTR;SIN SUB;631,59;WALTER JANIUK;;$;2;SOFTYS ARGENTINA S.A;;;CON;;;;;;;TOALLA FEMENINA;;;;;300;Bruno Centurion;AXUM;;;False;132208;0;1;;;;;;1;;915,80
23288;Dr. Jos√© Alberto Kellertas - (AUTOSERVICIOS) 347;LONGCHAMPS;2026-10-05;05-10-2026;02-10-2026;FAC-A-132208;Venta;LAGOPUELO S.A;1503118;72,00;117745,92;142472,56;CHEN JUAN;;0,00 %;062;Nahuel Martinez;;TH BABYSEC ULTRA 50/24;1635,36;3433;;OTR;SIN SUB;1127,83;WALTER JANIUK;;$;2;SOFTYS ARGENTINA S.A;;;CON;;;;;;;;;;;;300;Bruno Centurion;AXUM;;;False;132208;0;1;;;;;;1;;1635,36
27678;LAS FLORES 593;WILDE;2026-10-05;05-10-2026;02-10-2026;FAC-A-132219;Venta;LAGOPUELO S.A;1504289;4,00;47921,48;57984,99;JUAN MANUEL CORRALES;;0,00 %;30;Oriana Songini;;PLBABYSEC PREM SOFTXXG x30/4;11980,37;3425;;georgalos-803;Perfumeria;8874,35;MARIANO SOSA;;$;2;SOFTYS ARGENTINA S.A;;;CON;;;;;;;PAÒAL;;;;;25;JOHANA VIGIL;AXUM;;;False;132219;0;1;;;;;;1;;11980,37
27678;LAS FLORES 593;WILDE;2026-10-05;05-10-2026;02-10-2026;FAC-A-132219;Venta;LAGOPUELO S.A;1504205;4,00;39124,72;47340,91;JUAN MANUEL CORRALES;;0,00 %;30;Oriana Songini;;PL BABYSEC ULTRASOFT M 48/4;9781,18;3425;;georgalos-803;Perfumeria;7245,32;MARIANO SOSA;;$;2;SOFTYS ARGENTINA S.A;;;CON;;;;;;;PAÒAL;;;;;25;JOHANA VIGIL;AXUM;;;False;132219;0;1;;;;;;1;;9781,18
27678;LAS FLORES 593;WILDE;2026-10-05;05-10-2026;02-10-2026;FAC-A-132219;Venta;LAGOPUELO S.A;1504206;4,00;39124,72;47340,91;JUAN MANUEL CORRALES;;0,00 %;30;Oriana Songini;;PL BABYSEC ULTRASOFT G 40/4;9781,18;3425;;georgalos-803;Perfumeria;7245,32;MARIANO SOSA;;$;2;SOFTYS ARGENTINA S.A;;;CON;;;;;;;PAÒAL;;;;;25;JOHANA VIGIL;AXUM;;;False;132219;0;1;;;;;;1;;9781,18
27678;LAS FLORES 593;WILDE;2026-10-05;05-10-2026;02-10-2026;FAC-A-132219;Venta;LAGOPUELO S.A;1504207;8,00;78249,44;94681,82;JUAN MANUEL CORRALES;;0,00 %;30;Oriana Songini;;PL BABYSEC ULTRASOFT XG 32/4;9781,18;3425;;georgalos-803;Perfumeria;7245,32;MARIANO SOSA;;$;2;SOFTYS ARGENTINA S.A;;;CON;;;;;;;PAÒAL;;;;;25;JOHANA VIGIL;AXUM;;;False;132219;0;1;;;;;;1;;9781,18
27678;LAS FLORES 593;WILDE;2026-10-05;05-10-2026;02-10-2026;FAC-A-132219;Venta;LAGOPUELO S.A;1504208;4,00;39124,72;47340,91;JUAN MANUEL CORRALES;;0,00 %;30;Oriana Songini;;BABYSEC ULTSOFT XX6 30/4;9781,18;3425;;georgalos-803;Perfumeria;7245,32;MARIANO SOSA;;$;2;SOFTYS ARGENTINA S.A;;;CON;;;;;;;PAÒAL;;;;;25;JOHANA VIGIL;AXUM;;;False;132219;0;1;;;;;;1;;9781,18
22958;El Picaflor - (AUTOSERVICIOS) 3150;ALTE BROWN;2026-10-01;01-10-2026;02-10-2026;NCR-A-132222;DevoluciÛn por Rechazo;LAGOPUELO S.A;1509756;-20,00;-44012,80;-53255,49;WENG YAN HONG;NO QUIERE EL CLIENTE;0,00 %;056;Ezequiel Ferreira;;TF UD T/SECA LADYSOFT UL PRT 16u;2200,64;3398;;3;Autoservicio A;1609,46;NAHUEL MONTOYA;;$;2;SOFTYS ARGENTINA S.A;;;CON;;;;;;;TOALLA FEMENINA;;;;;300;Bruno Centurion;gcw;131185;;True;132222;0;1;;;;;;1;;2200,64
107686;Zeballos 2293 0;Avellaneda;2026-10-05;05-10-2026;02-10-2026;FAC-A-132227;Venta;ELEBES;1509764;10,00;8486,40;10268,54;Abate Teresa;;0,00 %;27;Samanta Dogliotti;;TF NORMAL T/SUAVE EXT ALGODON 8x54;848,64;3426;;georgalos-7;Almacen;585,27;HERNAN RIVERO;;$;2;SOFTYS ARGENTINA S.A;;;EFV;;;;;;;TOALLA FEMENINA;;;;;25;JOHANA VIGIL;AXUM;;;False;132227;0;1;;;;;;1;;848,64
107686;Zeballos 2293 0;Avellaneda;2026-10-05;05-10-2026;02-10-2026;FAC-A-132227;Venta;ELEBES;1509764;1,00;0,00;0,00;Abate Teresa;;100,00 %;27;Samanta Dogliotti;;TF NORMAL T/SUAVE EXT ALGODON 8x54;0,00;3426;;georgalos-7;Almacen;585,27;HERNAN RIVERO;;$;2;SOFTYS ARGENTINA S.A;;;EFV;;;;;;;TOALLA FEMENINA;;;;;25;JOHANA VIGIL;AXUM;;;False;132227;0;1;;;;;;1;;0,00
25087;COMB. MALVINAS - (TRADICIONAL) 2567;ADROGUE;2026-10-06;06-10-2026;02-10-2026;FAC-B-132238;Venta;ELEBES;1509755;20,00;23993,40;29032,01;MARTA MURUCHI;;0,00 %;063;Daniel Martin;;TF UD T/SECA LADYSOFT ULTRA PROTECT 8;1199,67;3444;;2;ALMACEN;827,36;CLAUDIO GARCIA;;$;2;SOFTYS ARGENTINA S.A;;;CON;;;;;;;TOALLA FEMENINA;;;;;300;Bruno Centurion;AXUM;;;False;132238;0;1;;;;;;1;;1199,67
25087;COMB. MALVINAS - (TRADICIONAL) 2567;ADROGUE;2026-10-06;06-10-2026;02-10-2026;FAC-B-132238;Venta;ELEBES;1509756;10,00;23337,10;28237,89;MARTA MURUCHI;;0,00 %;063;Daniel Martin;;TF UD T/SECA LADYSOFT UL PRT 16u;2333,71;3444;;2;ALMACEN;1609,46;CLAUDIO GARCIA;;$;2;SOFTYS ARGENTINA S.A;;;CON;;;;;;;TOALLA FEMENINA;;;;;300;Bruno Centurion;AXUM;;;False;132238;0;1;;;;;;1;;2333,71
25087;COMB. MALVINAS - (TRADICIONAL) 2567;ADROGUE;2026-10-06;06-10-2026;02-10-2026;FAC-B-132238;Venta;ELEBES;1509749;10,00;13004,20;15735,08;MARTA MURUCHI;;0,00 %;063;Daniel Martin;;PD ladysoft clasicos 20x30;1300,42;3444;;2;ALMACEN;896,84;CLAUDIO GARCIA;;$;2;SOFTYS ARGENTINA S.A;;;CON;;;;;;;PROTECTOR DIARIO;;;;;300;Bruno Centurion;AXUM;;;False;132238;0;1;;;;;;1;;1300,42
22940;Balboa - (TRADICIONAL) 597;CLAYPOLE;2026-10-01;01-10-2026;02-10-2026;NCR-B-132239;DevoluciÛn por Rechazo;LAGOPUELO S.A;1501627;-1,00;-12977,20;-15702,42;MARA GOMEZ;NO QUIERE EL CLIENTE;3,00 %;056;Ezequiel Ferreira;;PH Higienol HS Balanced 20mx4/12;12977,20;3398;;5;KIOSCO;9488,34;NAHUEL MONTOYA;;$;2;SOFTYS ARGENTINA S.A;;;CON;;;;;;;PAPEL HIG;;;;;300;Bruno Centurion;gcw;131307;;True;132239;0;1;;;;;;1;;12977,20
102923;Zeballos 2199 0;Crucecita;2026-10-05;05-10-2026;02-10-2026;FAC-A-132245;Venta;ELEBES;1501627;1,00;12040,70;14569,25;Carrizo J.m.;;10,00 %;27;Samanta Dogliotti;;PH Higienol HS Balanced 20mx4/12;12040,70;3426;;georgalos-7;Almacen;9488,34;HERNAN RIVERO;;$;2;SOFTYS ARGENTINA S.A;;;EFV;;;;;;;PAPEL HIG;;;;;25;JOHANA VIGIL;AXUM;;;False;132245;0;1;;;;;;1;;12040,70
3010;MARMOL 216;Quilmes;2026-10-05;05-10-2026;02-10-2026;FAC-A-132248;Venta;LAGOPUELO S.A;1509762;6,00;7033,14;8510,10;C.R.C.M S.R.L;;0,00 %;054;Leonel Caruso;;TF NOCTUR EXT A 8x32;1172,19;3430;;3;AUTOSERVICIO;808,41;LEONARDO SANTA CRUZ;;$;2;SOFTYS ARGENTINA S.A;;;CON;;;;;;;TOALLA FEMENINA;;;;;300;Bruno Centurion;AXUM;;;False;132248;0;1;;;;;;1;;1172,19
3010;MARMOL 216;Quilmes;2026-10-05;05-10-2026;02-10-2026;FAC-A-132248;Venta;LAGOPUELO S.A;1509763;6,00;13590,30;16444,26;C.R.C.M S.R.L;;0,00 %;054;Leonel Caruso;;TF Nocturna EXT ALGODON 16X16;2265,05;3430;;3;AUTOSERVICIO;1562,11;LEONARDO SANTA CRUZ;;$;2;SOFTYS ARGENTINA S.A;;;CON;;;;;;;TOALLA FEMENINA;;;;;300;Bruno Centurion;AXUM;;;False;132248;0;1;;;;;;1;;2265,05
27773;LAS FLORES 454;WILDE;2026-10-05;05-10-2026;02-10-2026;FAC-A-132255;Venta;LAGOPUELO S.A;1504088;16,00;229990,40;278288,38;GABRIEL GERMAN ROSSO;;0,00 %;30;Oriana Songini;;PL BABYSEC ULTRSOFT XXG x50/4;14374,40;3425;;georgalos-803;Perfumeria;10647,70;MARIANO SOSA;;$;2;SOFTYS ARGENTINA S.A;;;CON;;;;;;;PAÒAL;;;;;25;JOHANA VIGIL;AXUM;;;False;132255;0;1;;;;;;1;;14374,40
27773;LAS FLORES 454;WILDE;2026-10-05;05-10-2026;02-10-2026;FAC-A-132255;Venta;LAGOPUELO S.A;1502607;2,00;55717,18;67417,79;GABRIEL GERMAN ROSSO;;0,00 %;30;Oriana Songini;;PH ELITE ULTRA DH SOFT T C/ALG 30Mx4;27858,59;3425;;georgalos-803;Perfumeria;18637,00;MARIANO SOSA;;$;2;SOFTYS ARGENTINA S.A;;;CON;;;;;;;PAPEL HIG;;;;;25;JOHANA VIGIL;AXUM;;;False;132255;0;1;;;;;;1;;27858,59
6096;Calle 1268 N 598;Varela;2026-10-05;05-10-2026;02-10-2026;FAC-A-132258;Venta;LAGOPUELO S.A;1509756;10,00;23337,10;28237,89;LIN XINBIN;;0,00 %;051;Ezequiel Valente;;TF UD T/SECA LADYSOFT UL PRT 16u;2333,71;3431;;3;AUTOSERVICIO;1609,46;JUAN ESCOTO;;$;2;SOFTYS ARGENTINA S.A;;;CON;;;;;;;TOALLA FEMENINA;;;;;300;Bruno Centurion;AXUM;;;False;132258;0;1;;;;;;1;;2333,71
6096;Calle 1268 N 598;Varela;2026-10-05;05-10-2026;02-10-2026;FAC-A-132258;Venta;LAGOPUELO S.A;1509757;10,00;33334,60;40334,87;LIN XINBIN;;0,00 %;051;Ezequiel Valente;;TF UD T/SECA LADYSOFT UL PTEC 24u;3333,46;3431;;3;AUTOSERVICIO;2298,94;JUAN ESCOTO;;$;2;SOFTYS ARGENTINA S.A;;;CON;;;;;;;TOALLA FEMENINA;;;;;300;Bruno Centurion;AXUM;;;False;132258;0;1;;;;;;1;;3333,46
6096;Calle 1268 N 598;Varela;2026-10-05;05-10-2026;02-10-2026;FAC-A-132258;Venta;LAGOPUELO S.A;1509766;20,00;18316,00;22162,36;LIN XINBIN;;0,00 %;051;Ezequiel Valente;;TF T/SECA NORMAL MAS PROTECC 8x54;915,80;3431;;3;AUTOSERVICIO;631,59;JUAN ESCOTO;;$;2;SOFTYS ARGENTINA S.A;;;CON;;;;;;;TOALLA FEMENINA;;;;;300;Bruno Centurion;AXUM;;;False;132258;0;1;;;;;;1;;915,80
6096;Calle 1268 N 598;Varela;2026-10-05;05-10-2026;02-10-2026;FAC-A-132258;Venta;LAGOPUELO S.A;1509755;15,00;17995,05;21774,01;LIN XINBIN;;0,00 %;051;Ezequiel Valente;;TF UD T/SECA LADYSOFT ULTRA PROTECT 8;1199,67;3431;;3;AUTOSERVICIO;827,36;JUAN ESCOTO;;$;2;SOFTYS ARGENTINA S.A;;;CON;;;;;;;TOALLA FEMENINA;;;;;300;Bruno Centurion;AXUM;;;False;132258;0;1;;;;;;1;;1199,67
6096;Calle 1268 N 598;Varela;2026-10-05;05-10-2026;02-10-2026;FAC-A-132258;Venta;LAGOPUELO S.A;1504207;4,00;35212,25;42606,82;LIN XINBIN;;10,00 %;051;Ezequiel Valente;;PL BABYSEC ULTRASOFT XG 32/4;8803,06;3431;;3;AUTOSERVICIO;7245,32;JUAN ESCOTO;;$;2;SOFTYS ARGENTINA S.A;;;CON;;;;;;;PAÒAL;;;;;300;Bruno Centurion;AXUM;;;False;132258;0;1;;;;;;1;;8803,06
6096;Calle 1268 N 598;Varela;2026-10-05;05-10-2026;02-10-2026;FAC-A-132258;Venta;LAGOPUELO S.A;1504206;4,00;35212,25;42606,82;LIN XINBIN;;10,00 %;051;Ezequiel Valente;;PL BABYSEC ULTRASOFT G 40/4;8803,06;3431;;3;AUTOSERVICIO;7245,32;JUAN ESCOTO;;$;2;SOFTYS ARGENTINA S.A;;;CON;;;;;;;PAÒAL;;;;;300;Bruno Centurion;AXUM;;;False;132258;0;1;;;;;;1;;8803,06
6096;Calle 1268 N 598;Varela;2026-10-05;05-10-2026;02-10-2026;FAC-A-132258;Venta;LAGOPUELO S.A;1504205;4,00;35212,25;42606,82;LIN XINBIN;;10,00 %;051;Ezequiel Valente;;PL BABYSEC ULTRASOFT M 48/4;8803,06;3431;;3;AUTOSERVICIO;7245,32;JUAN ESCOTO;;$;2;SOFTYS ARGENTINA S.A;;;CON;;;;;;;PAÒAL;;;;;300;Bruno Centurion;AXUM;;;False;132258;0;1;;;;;;1;;8803,06
4039;JOSE HERNANDEZ 344;LLAVALLOL;2026-10-05;05-10-2026;02-10-2026;FAC-A-132266;Venta;LAGOPUELO S.A;1504289;4,00;43129,33;52186,49;CHEN YU TIAN;;10,00 %;063;Daniel Martin;;PLBABYSEC PREM SOFTXXG x30/4;10782,33;3429;;3;Autoservicio A;8874,35;SIMON OLIVERA;;$;2;SOFTYS ARGENTINA S.A;;;CON;;;;;;;PAÒAL;;;;;300;Bruno Centurion;AXUM;;;False;132266;0;1;;;;;;1;;10782,33
4039;JOSE HERNANDEZ 344;LLAVALLOL;2026-10-05;05-10-2026;02-10-2026;FAC-A-132266;Venta;LAGOPUELO S.A;1509756;10,00;23337,10;28237,89;CHEN YU TIAN;;0,00 %;063;Daniel Martin;;TF UD T/SECA LADYSOFT UL PRT 16u;2333,71;3429;;3;Autoservicio A;1609,46;SIMON OLIVERA;;$;2;SOFTYS ARGENTINA S.A;;;CON;;;;;;;TOALLA FEMENINA;;;;;300;Bruno Centurion;AXUM;;;False;132266;0;1;;;;;;1;;2333,71
81;CALLE 410 Y 461 1116;Berazategui;2026-10-05;05-10-2026;02-10-2026;FAC-B-132278;Venta;ELEBES;1501553;5,00;112756,24;136435,05;SANTA MARIA LUIS;;15,00 %;052;Nicole Sosa;;PH HIGIENOL DH PLUS FUSI”N 30M x4/10;22551,25;3431;;2;ALMACEN;17199,92;JUAN ESCOTO;;$;2;SOFTYS ARGENTINA S.A;;;EFV;;;;;;;PAPEL HIG;;;;;300;Bruno Centurion;AXUM;;;False;132278;0;1;;;;;;1;;22551,25
29392;UCRANIA 524;LLAVALLOL;2026-10-05;05-10-2026;02-10-2026;FAC-A-132283;Venta;LAGOPUELO S.A;1505496;35,00;43426,25;52545,76;yan han;;0,00 %;063;Daniel Martin;;PO ELITE ST CON ALGODON X10 PACK 6;1240,75;3429;;3;Autoservicio A;855,69;SIMON OLIVERA;;$;2;SOFTYS ARGENTINA S.A;;;CON;;;;;;;PAÒUELOS;;;;;300;Bruno Centurion;AXUM;;;False;132283;0;1;;;;;;1;;1240,75
29392;UCRANIA 524;LLAVALLOL;2026-10-05;05-10-2026;02-10-2026;FAC-A-132283;Venta;LAGOPUELO S.A;1509766;10,00;9158,00;11081,18;yan han;;0,00 %;063;Daniel Martin;;TF T/SECA NORMAL MAS PROTECC 8x54;915,80;3429;;3;Autoservicio A;631,59;SIMON OLIVERA;;$;2;SOFTYS ARGENTINA S.A;;;CON;;;;;;;TOALLA FEMENINA;;;;;300;Bruno Centurion;AXUM;;;False;132283;0;1;;;;;;1;;915,80
29392;UCRANIA 524;LLAVALLOL;2026-10-05;05-10-2026;02-10-2026;FAC-A-132283;Venta;LAGOPUELO S.A;1509762;10,00;11721,90;14183,50;yan han;;0,00 %;063;Daniel Martin;;TF NOCTUR EXT A 8x32;1172,19;3429;;3;Autoservicio A;808,41;SIMON OLIVERA;;$;2;SOFTYS ARGENTINA S.A;;;CON;;;;;;;TOALLA FEMENINA;;;;;300;Bruno Centurion;AXUM;;;False;132283;0;1;;;;;;1;;1172,19
29392;UCRANIA 524;LLAVALLOL;2026-10-05;05-10-2026;02-10-2026;FAC-A-132283;Venta;LAGOPUELO S.A;1509765;6,00;9973,08;12067,43;yan han;;0,00 %;063;Daniel Martin;;TF NORMALT/SUAVE EXT ALG 16x27;1662,18;3429;;3;Autoservicio A;1146,33;SIMON OLIVERA;;$;2;SOFTYS ARGENTINA S.A;;;CON;;;;;;;TOALLA FEMENINA;;;;;300;Bruno Centurion;AXUM;;;False;132283;0;1;;;;;;1;;1662,18
29392;UCRANIA 524;LLAVALLOL;2026-10-05;05-10-2026;02-10-2026;FAC-A-132283;Venta;LAGOPUELO S.A;1501627;1,00;12040,70;14569,25;yan han;;10,00 %;063;Daniel Martin;;PH Higienol HS Balanced 20mx4/12;12040,70;3429;;3;Autoservicio A;9488,34;SIMON OLIVERA;;$;2;SOFTYS ARGENTINA S.A;;;CON;;;;;;;PAPEL HIG;;;;;300;Bruno Centurion;AXUM;;;False;132283;0;1;;;;;;1;;12040,70
4735;Calle 835 N 718;solano;2026-10-06;06-10-2026;02-10-2026;FAC-A-132290;Venta;LAGOPUELO S.A;1509763;16,00;36240,80;43851,37;XU HUI;;0,00 %;056;Ezequiel Ferreira;;TF Nocturna EXT ALGODON 16X16;2265,05;3463;;3;AUTOSERVICIO;1562,11;SIMON OLIVERA;;$;2;SOFTYS ARGENTINA S.A;;;CON;;;;;;;TOALLA FEMENINA;;;;;300;Bruno Centurion;AXUM;;;False;132290;0;1;;;;;;1;;2265,05
4735;Calle 835 N 718;solano;2026-10-06;06-10-2026;02-10-2026;FAC-A-132290;Venta;LAGOPUELO S.A;1509755;12,00;14396,04;17419,21;XU HUI;;0,00 %;056;Ezequiel Ferreira;;TF UD T/SECA LADYSOFT ULTRA PROTECT 8;1199,67;3463;;3;AUTOSERVICIO;827,36;SIMON OLIVERA;;$;2;SOFTYS ARGENTINA S.A;;;CON;;;;;;;TOALLA FEMENINA;;;;;300;Bruno Centurion;AXUM;;;False;132290;0;1;;;;;;1;;1199,67
4735;Calle 835 N 718;solano;2026-10-06;06-10-2026;02-10-2026;FAC-A-132290;Venta;LAGOPUELO S.A;1509766;12,00;10989,60;13297,42;XU HUI;;0,00 %;056;Ezequiel Ferreira;;TF T/SECA NORMAL MAS PROTECC 8x54;915,80;3463;;3;AUTOSERVICIO;631,59;SIMON OLIVERA;;$;2;SOFTYS ARGENTINA S.A;;;CON;;;;;;;TOALLA FEMENINA;;;;;300;Bruno Centurion;AXUM;;;False;132290;0;1;;;;;;1;;915,80
4735;Calle 835 N 718;solano;2026-10-06;06-10-2026;02-10-2026;FAC-A-132290;Venta;LAGOPUELO S.A;1509764;12,00;10183,68;12322,25;XU HUI;;0,00 %;056;Ezequiel Ferreira;;TF NORMAL T/SUAVE EXT ALGODON 8x54;848,64;3463;;3;AUTOSERVICIO;585,27;SIMON OLIVERA;;$;2;SOFTYS ARGENTINA S.A;;;CON;;;;;;;TOALLA FEMENINA;;;;;300;Bruno Centurion;AXUM;;;False;132290;0;1;;;;;;1;;848,64
4735;Calle 835 N 718;solano;2026-10-06;06-10-2026;02-10-2026;FAC-A-132290;Venta;LAGOPUELO S.A;1501627;1,00;12040,70;14569,25;XU HUI;;10,00 %;056;Ezequiel Ferreira;;PH Higienol HS Balanced 20mx4/12;12040,70;3463;;3;AUTOSERVICIO;9488,34;SIMON OLIVERA;;$;2;SOFTYS ARGENTINA S.A;;;CON;;;;;;;PAPEL HIG;;;;;300;Bruno Centurion;AXUM;;;False;132290;0;1;;;;;;1;;12040,70
4735;Calle 835 N 718;solano;2026-10-06;06-10-2026;02-10-2026;FAC-A-132290;Venta;LAGOPUELO S.A;1509764;1,00;0,00;0,00;XU HUI;;100,00 %;056;Ezequiel Ferreira;;TF NORMAL T/SUAVE EXT ALGODON 8x54;0,00;3463;;3;AUTOSERVICIO;585,27;SIMON OLIVERA;;$;2;SOFTYS ARGENTINA S.A;;;CON;;;;;;;TOALLA FEMENINA;;;;;300;Bruno Centurion;AXUM;;;False;132290;0;1;;;;;;1;;0,00
23516;FRIAS 3453;JOSE MARMOL;2026-10-01;01-10-2026;02-10-2026;NCR-A-132305;DevoluciÛn por Rechazo;LAGOPUELO S.A;1509758;-15,00;-15769,65;-19081,28;LIN HAIYING;NO QUIERE EL CLIENTE;0,00 %;063;Daniel Martin;;TF UD T/SUAVE EXT ALGO 8X40;1051,31;3399;;3;Autoservicio A;769,48;SIMON OLIVERA;;$;2;SOFTYS ARGENTINA S.A;;;CON;;;;;;;TOALLA FEMENINA;;;;;300;Bruno Centurion;gcw;131049;;True;132305;0;1;;;;;;1;;1051,31
23520;Frias - (AUTOSERVICIOS) 4168;SAN JOSE;2026-10-01;01-10-2026;02-10-2026;NCR-A-132306;DevoluciÛn por Rechazo;LAGOPUELO S.A;1504078;-15,00;-30187,49;-36526,86;LIN JINSEN;NO QUIERE EL CLIENTE;10,00 %;063;Daniel Martin;;PL BABYSEC ULTRASOFT XG X8/15;2012,50;3399;;3;Autoservicio A;1806,18;SIMON OLIVERA;;$;2;SOFTYS ARGENTINA S.A;;;CON;;;;;;;PAÒAL;;;;;300;Bruno Centurion;gcw;130708;;True;132306;0;1;;;;;;1;;2012,50
4005;MITRE 4102;EZPELETA;2026-10-05;05-10-2026;02-10-2026;FAC-B-132307;Venta;LAGOPUELO S.A;1501627;2,00;24081,41;29138,50;MARTINEZ NATIVIDAD;;10,00 %;054;Leonel Caruso;;PH Higienol HS Balanced 20mx4/12;12040,70;3430;;2;ALMACEN;9488,34;LEONARDO SANTA CRUZ;;$;2;SOFTYS ARGENTINA S.A;;;CON;;;;;;;PAPEL HIG;;;;;300;Bruno Centurion;AXUM;;;False;132307;0;1;;;;;;1;;12040,70
5212;LORENZINI 1845;FLORENCIO VARELA;2026-10-05;05-10-2026;02-10-2026;FAC-A-132314;Venta;Empresa LAGOPUELO;1509761;6,00;4771,32;5773,30;PATRICIA LILIANA RUIZ;;0,00 %;6;Nieves Alegre;;TF LADYSOFT COMFORT EXT ALGODON 8x54;795,22;3428;;3;AUTOSERVICIO;548,43;CLAUDIO GARCIA;;$;2;SOFTYS ARGENTINA S.A;;;CON;;;;;;;TOALLA FEMENINA;;;;;25;JOHANA VIGIL;AXUM;;;False;132314;0;1;;;;;;1;;795,22
5212;LORENZINI 1845;FLORENCIO VARELA;2026-10-05;05-10-2026;02-10-2026;FAC-A-132314;Venta;Empresa LAGOPUELO;1509762;6,00;7033,14;8510,10;PATRICIA LILIANA RUIZ;;0,00 %;6;Nieves Alegre;;TF NOCTUR EXT A 8x32;1172,19;3428;;3;AUTOSERVICIO;808,41;CLAUDIO GARCIA;;$;2;SOFTYS ARGENTINA S.A;;;CON;;;;;;;TOALLA FEMENINA;;;;;25;JOHANA VIGIL;AXUM;;;False;132314;0;1;;;;;;1;;1172,19
5212;LORENZINI 1845;FLORENCIO VARELA;2026-10-05;05-10-2026;02-10-2026;FAC-A-132314;Venta;Empresa LAGOPUELO;1501553;1,00;22551,25;27287,01;PATRICIA LILIANA RUIZ;;15,00 %;6;Nieves Alegre;;PH HIGIENOL DH PLUS FUSI”N 30M x4/10;22551,25;3428;;3;AUTOSERVICIO;17199,92;CLAUDIO GARCIA;;$;2;SOFTYS ARGENTINA S.A;;;CON;;;;;;;PAPEL HIG;;;;;25;JOHANA VIGIL;AXUM;;;False;132314;0;1;;;;;;1;;22551,25
268;CALLE 1149 1571;Florencio Varela;2026-10-05;05-10-2026;02-10-2026;FAC-A-132331;Venta;LAGOPUELO S.A;1509766;12,00;10989,60;13297,42;FLORENTINO MIGUEL VICTOR;;0,00 %;051;Ezequiel Valente;;TF T/SECA NORMAL MAS PROTECC 8x54;915,80;3431;;3;AUTOSERVICIO;631,59;JUAN ESCOTO;;$;2;SOFTYS ARGENTINA S.A;;;EFV;;;;;;;TOALLA FEMENINA;;;;;300;Bruno Centurion;AXUM;;;False;132331;0;1;;;;;;1;;915,80
268;CALLE 1149 1571;Florencio Varela;2026-10-05;05-10-2026;02-10-2026;FAC-A-132331;Venta;LAGOPUELO S.A;1509759;10,00;21307,10;25781,59;FLORENTINO MIGUEL VICTOR;;0,00 %;051;Ezequiel Valente;;TF UD T/SUAVE EXT ALG 16x20;2130,71;3431;;3;AUTOSERVICIO;1469,45;JUAN ESCOTO;;$;2;SOFTYS ARGENTINA S.A;;;EFV;;;;;;;TOALLA FEMENINA;;;;;300;Bruno Centurion;AXUM;;;False;132331;0;1;;;;;;1;;2130,71
268;CALLE 1149 1571;Florencio Varela;2026-10-05;05-10-2026;02-10-2026;FAC-A-132331;Venta;LAGOPUELO S.A;1509763;10,00;22650,50;27407,11;FLORENTINO MIGUEL VICTOR;;0,00 %;051;Ezequiel Valente;;TF Nocturna EXT ALGODON 16X16;2265,05;3431;;3;AUTOSERVICIO;1562,11;JUAN ESCOTO;;$;2;SOFTYS ARGENTINA S.A;;;EFV;;;;;;;TOALLA FEMENINA;;;;;300;Bruno Centurion;AXUM;;;False;132331;0;1;;;;;;1;;2265,05
268;CALLE 1149 1571;Florencio Varela;2026-10-05;05-10-2026;02-10-2026;FAC-A-132331;Venta;LAGOPUELO S.A;1509749;10,00;13004,20;15735,08;FLORENTINO MIGUEL VICTOR;;0,00 %;051;Ezequiel Valente;;PD ladysoft clasicos 20x30;1300,42;3431;;3;AUTOSERVICIO;896,84;JUAN ESCOTO;;$;2;SOFTYS ARGENTINA S.A;;;EFV;;;;;;;PROTECTOR DIARIO;;;;;300;Bruno Centurion;AXUM;;;False;132331;0;1;;;;;;1;;1300,42
5619;Armesti - (Autoservicio) 2721;TEMPERLEY;2026-10-05;05-10-2026;02-10-2026;FAC-A-132337;Venta;LAGOPUELO S.A;1509768;12,00;11703,72;14161,50;DONGPING HUANG;;0,00 %;074;Romina Baez;;TF NORMAL T/SUAVE PIEL SENSIBLE 8x54;975,31;3427;;OTR;SIN SUB;672,63;NAHUEL MONTOYA;;$;2;SOFTYS ARGENTINA S.A;;;CON;;;;;;;TOALLA FEMENINA;;;;;300;Bruno Centurion;AXUM;;;False;132337;0;1;;;;;;1;;975,31
5460;LUIS BRAILLE 1809;FLORENCIO VARELA;2026-10-05;05-10-2026;02-10-2026;FAC-A-132339;Venta;LAGOPUELO S.A;1509766;12,00;10989,60;13297,42;WENG LIQIONG;;0,00 %;6;Nieves Alegre;;TF T/SECA NORMAL MAS PROTECC 8x54;915,80;3428;;3;AUTOSERVICIO;631,59;CLAUDIO GARCIA;;$;2;SOFTYS ARGENTINA S.A;;;CON;;;;;;;TOALLA FEMENINA;;;;;25;JOHANA VIGIL;AXUM;;;False;132339;0;1;;;;;;1;;915,80
5460;LUIS BRAILLE 1809;FLORENCIO VARELA;2026-10-05;05-10-2026;02-10-2026;FAC-A-132339;Venta;LAGOPUELO S.A;1509763;12,00;27180,60;32888,53;WENG LIQIONG;;0,00 %;6;Nieves Alegre;;TF Nocturna EXT ALGODON 16X16;2265,05;3428;;3;AUTOSERVICIO;1562,11;CLAUDIO GARCIA;;$;2;SOFTYS ARGENTINA S.A;;;CON;;;;;;;TOALLA FEMENINA;;;;;25;JOHANA VIGIL;AXUM;;;False;132339;0;1;;;;;;1;;2265,05
2717;GORRITI 850;FLORENCIO VARELA;2026-10-05;05-10-2026;02-10-2026;FAC-B-132342;Venta;ELEBES;1509766;10,00;9158,00;11081,18;EDUARDO ALBERTO CACERES;;0,00 %;6;Nieves Alegre;;TF T/SECA NORMAL MAS PROTECC 8x54;915,80;3428;;2;ALMACEN;631,59;CLAUDIO GARCIA;;$;2;SOFTYS ARGENTINA S.A;;;CON;;;;;;;TOALLA FEMENINA;;;;;25;JOHANA VIGIL;AXUM;;;False;132342;0;1;;;;;;1;;915,80
2717;GORRITI 850;FLORENCIO VARELA;2026-10-05;05-10-2026;02-10-2026;FAC-B-132342;Venta;ELEBES;1509764;10,00;8486,40;10268,54;EDUARDO ALBERTO CACERES;;0,00 %;6;Nieves Alegre;;TF NORMAL T/SUAVE EXT ALGODON 8x54;848,64;3428;;2;ALMACEN;585,27;CLAUDIO GARCIA;;$;2;SOFTYS ARGENTINA S.A;;;CON;;;;;;;TOALLA FEMENINA;;;;;25;JOHANA VIGIL;AXUM;;;False;132342;0;1;;;;;;1;;848,64
2717;GORRITI 850;FLORENCIO VARELA;2026-10-05;05-10-2026;02-10-2026;FAC-B-132342;Venta;ELEBES;1509761;10,00;7952,20;9622,16;EDUARDO ALBERTO CACERES;;0,00 %;6;Nieves Alegre;;TF LADYSOFT COMFORT EXT ALGODON 8x54;795,22;3428;;2;ALMACEN;548,43;CLAUDIO GARCIA;;$;2;SOFTYS ARGENTINA S.A;;;CON;;;;;;;TOALLA FEMENINA;;;;;25;JOHANA VIGIL;AXUM;;;False;132342;0;1;;;;;;1;;795,22
2717;GORRITI 850;FLORENCIO VARELA;2026-10-05;05-10-2026;02-10-2026;FAC-B-132342;Venta;ELEBES;1509764;1,00;0,00;0,00;EDUARDO ALBERTO CACERES;;100,00 %;6;Nieves Alegre;;TF NORMAL T/SUAVE EXT ALGODON 8x54;0,00;3428;;2;ALMACEN;585,27;CLAUDIO GARCIA;;$;2;SOFTYS ARGENTINA S.A;;;CON;;;;;;;TOALLA FEMENINA;;;;;25;JOHANA VIGIL;AXUM;;;False;132342;0;1;;;;;;1;;0,00
4043;SANTA FE 1494;EZPELETA;2026-10-05;05-10-2026;02-10-2026;FAC-B-132344;Venta;LAGOPUELO S.A;1504078;15,00;32917,59;39830,28;PINEDA FABIANA;;10,00 %;2;Fernanda Cejas;;PL BABYSEC ULTRASOFT XG X8/15;2194,51;3430;;georgalos-7;Almacen;1806,18;LEONARDO SANTA CRUZ;;$;2;SOFTYS ARGENTINA S.A;;;CON;;;;;;;PAÒAL;;;;;25;JOHANA VIGIL;AXUM;;;False;132344;0;1;;;;;;1;;2194,51
4043;SANTA FE 1494;EZPELETA;2026-10-05;05-10-2026;02-10-2026;FAC-B-132344;Venta;LAGOPUELO S.A;1504079;15,00;32917,59;39830,28;PINEDA FABIANA;;10,00 %;2;Fernanda Cejas;;PL BABYSEC ULTRASOFT XXG 8/15;2194,51;3430;;georgalos-7;Almacen;1806,18;LEONARDO SANTA CRUZ;;$;2;SOFTYS ARGENTINA S.A;;;CON;;;;;;;PAÒAL;;;;;25;JOHANA VIGIL;AXUM;;;False;132344;0;1;;;;;;1;;2194,51
4043;SANTA FE 1494;EZPELETA;2026-10-05;05-10-2026;02-10-2026;FAC-B-132344;Venta;LAGOPUELO S.A;1503118;12,00;19624,32;23745,43;PINEDA FABIANA;;0,00 %;2;Fernanda Cejas;;TH BABYSEC ULTRA 50/24;1635,36;3430;;georgalos-7;Almacen;1127,83;LEONARDO SANTA CRUZ;;$;2;SOFTYS ARGENTINA S.A;;;CON;;;;;;;;;;;;25;JOHANA VIGIL;AXUM;;;False;132344;0;1;;;;;;1;;1635,36
4043;SANTA FE 1494;EZPELETA;2026-10-05;05-10-2026;02-10-2026;FAC-B-132344;Venta;LAGOPUELO S.A;1509766;6,00;5494,80;6648,71;PINEDA FABIANA;;0,00 %;2;Fernanda Cejas;;TF T/SECA NORMAL MAS PROTECC 8x54;915,80;3430;;georgalos-7;Almacen;631,59;LEONARDO SANTA CRUZ;;$;2;SOFTYS ARGENTINA S.A;;;CON;;;;;;;TOALLA FEMENINA;;;;;25;JOHANA VIGIL;AXUM;;;False;132344;0;1;;;;;;1;;915,80
4043;SANTA FE 1494;EZPELETA;2026-10-05;05-10-2026;02-10-2026;FAC-B-132344;Venta;LAGOPUELO S.A;1509762;5,00;5860,95;7091,75;PINEDA FABIANA;;0,00 %;2;Fernanda Cejas;;TF NOCTUR EXT A 8x32;1172,19;3430;;georgalos-7;Almacen;808,41;LEONARDO SANTA CRUZ;;$;2;SOFTYS ARGENTINA S.A;;;CON;;;;;;;TOALLA FEMENINA;;;;;25;JOHANA VIGIL;AXUM;;;False;132344;0;1;;;;;;1;;1172,19
27405;Viamonte - (AUTOSERVICIOS) 1045;BANFIELD;2026-10-05;05-10-2026;02-10-2026;FAC-B-132347;Venta;LAGOPUELO S.A;1502607;5,00;139292,95;168544,47;Lin Shaobo;;0,00 %;073;Florencia Cubilla;;PH ELITE ULTRA DH SOFT T C/ALG 30Mx4;27858,59;3427;;3;Autoservicio A;18637,00;NAHUEL MONTOYA;;$;2;SOFTYS ARGENTINA S.A;;;CON;;;;;;;PAPEL HIG;;;;;300;Bruno Centurion;AXUM;;;False;132347;0;1;;;;;;1;;27858,59
4021;AVDA MITRE 4417;EZPELETA;2026-10-05;05-10-2026;02-10-2026;FAC-A-132359;Venta;LAGOPUELO S.A;1509762;32,00;37510,08;45387,20;BOCETTI SRL;;0,00 %;054;Leonel Caruso;;TF NOCTUR EXT A 8x32;1172,19;3430;;3;AUTOSERVICIO;808,41;LEONARDO SANTA CRUZ;;$;2;SOFTYS ARGENTINA S.A;;;CON;;;;;;;TOALLA FEMENINA;;;;;300;Bruno Centurion;AXUM;;;False;132359;0;1;;;;;;1;;1172,19
4021;AVDA MITRE 4417;EZPELETA;2026-10-05;05-10-2026;02-10-2026;FAC-A-132359;Venta;LAGOPUELO S.A;1509763;32,00;72481,60;87702,74;BOCETTI SRL;;0,00 %;054;Leonel Caruso;;TF Nocturna EXT ALGODON 16X16;2265,05;3430;;3;AUTOSERVICIO;1562,11;LEONARDO SANTA CRUZ;;$;2;SOFTYS ARGENTINA S.A;;;CON;;;;;;;TOALLA FEMENINA;;;;;300;Bruno Centurion;AXUM;;;False;132359;0;1;;;;;;1;;2265,05
4021;AVDA MITRE 4417;EZPELETA;2026-10-05;05-10-2026;02-10-2026;FAC-A-132359;Venta;LAGOPUELO S.A;1509756;40,00;93348,40;112951,56;BOCETTI SRL;;0,00 %;054;Leonel Caruso;;TF UD T/SECA LADYSOFT UL PRT 16u;2333,71;3430;;3;AUTOSERVICIO;1609,46;LEONARDO SANTA CRUZ;;$;2;SOFTYS ARGENTINA S.A;;;CON;;;;;;;TOALLA FEMENINA;;;;;300;Bruno Centurion;AXUM;;;False;132359;0;1;;;;;;1;;2333,71
4021;AVDA MITRE 4417;EZPELETA;2026-10-05;05-10-2026;02-10-2026;FAC-A-132359;Venta;LAGOPUELO S.A;1509759;40,00;85228,40;103126,36;BOCETTI SRL;;0,00 %;054;Leonel Caruso;;TF UD T/SUAVE EXT ALG 16x20;2130,71;3430;;3;AUTOSERVICIO;1469,45;LEONARDO SANTA CRUZ;;$;2;SOFTYS ARGENTINA S.A;;;CON;;;;;;;TOALLA FEMENINA;;;;;300;Bruno Centurion;AXUM;;;False;132359;0;1;;;;;;1;;2130,71
6502;Calle 1149 NUMERO 1134;FLORENCIO VARELA;2026-10-05;05-10-2026;02-10-2026;FAC-A-132364;Venta;LAGOPUELO S.A;1509755;12,00;14396,04;17419,21;LIN ZHUANG;;0,00 %;051;Ezequiel Valente;;TF UD T/SECA LADYSOFT ULTRA PROTECT 8;1199,67;3431;;3;AUTOSERVICIO;827,36;JUAN ESCOTO;;$;2;SOFTYS ARGENTINA S.A;;;CON;;;;;;;TOALLA FEMENINA;;;;;300;Bruno Centurion;AXUM;;;False;132364;0;1;;;;;;1;;1199,67
53841;ROCA 468;CARLOS SPEGAZZINI;2026-10-06;06-10-2026;02-10-2026;FAC-A-132368;Venta;LAGOPUELO S.A;1509766;10,00;9158,00;11081,18;RICARDO FABIAN IBA—EZ;;0,00 %;075;Julieta Yegros;;TF T/SECA NORMAL MAS PROTECC 8x54;915,80;3446;;3;AUTOSERVICIO;631,59;IVAN MONTOYA;;$;2;SOFTYS ARGENTINA S.A;;;CON;;;;;;;TOALLA FEMENINA;;;;;300;Bruno Centurion;AXUM;;;False;132368;0;1;;;;;;1;;915,80
53841;ROCA 468;CARLOS SPEGAZZINI;2026-10-06;06-10-2026;02-10-2026;FAC-A-132368;Venta;LAGOPUELO S.A;1501553;1,00;22551,25;27287,01;RICARDO FABIAN IBA—EZ;;15,00 %;075;Julieta Yegros;;PH HIGIENOL DH PLUS FUSI”N 30M x4/10;22551,25;3446;;3;AUTOSERVICIO;17199,92;IVAN MONTOYA;;$;2;SOFTYS ARGENTINA S.A;;;CON;;;;;;;PAPEL HIG;;;;;300;Bruno Centurion;AXUM;;;False;132368;0;1;;;;;;1;;22551,25
53841;ROCA 468;CARLOS SPEGAZZINI;2026-10-06;06-10-2026;02-10-2026;FAC-A-132368;Venta;LAGOPUELO S.A;1509749;10,00;13004,20;15735,08;RICARDO FABIAN IBA—EZ;;0,00 %;075;Julieta Yegros;;PD ladysoft clasicos 20x30;1300,42;3446;;3;AUTOSERVICIO;896,84;IVAN MONTOYA;;$;2;SOFTYS ARGENTINA S.A;;;CON;;;;;;;PROTECTOR DIARIO;;;;;300;Bruno Centurion;AXUM;;;False;132368;0;1;;;;;;1;;1300,42
5559;MERCEDES 1363;LLAVALLOL;2026-10-05;05-10-2026;02-10-2026;FAC-A-132373;Venta;LAGOPUELO S.A;1509756;10,00;23337,10;28237,89;SAIMEI CHEN;;0,00 %;063;Daniel Martin;;TF UD T/SECA LADYSOFT UL PRT 16u;2333,71;3429;;3;Autoservicio A;1609,46;SIMON OLIVERA;;$;2;SOFTYS ARGENTINA S.A;;;CON;;;;;;;TOALLA FEMENINA;;;;;300;Bruno Centurion;AXUM;;;False;132373;0;1;;;;;;1;;2333,71
107876;25  De Mayo 631 0;Avellaneda;2026-10-05;05-10-2026;02-10-2026;FAC-B-132378;Venta;LAGOPUELO S.A;1501627;2,00;24081,41;29138,50;Marco Zhang;;10,00 %;29;Camila Navarrete;;PH Higienol HS Balanced 20mx4/12;12040,70;3426;;3;AUTOSERVICIO;9488,34;HERNAN RIVERO;;$;2;SOFTYS ARGENTINA S.A;;;EFV;;;;;;;PAPEL HIG;;;;;25;JOHANA VIGIL;AXUM;;;False;132378;0;1;;;;;;1;;12040,70
42;AV 7 1721;Berazategui;2026-10-05;05-10-2026;02-10-2026;FAC-A-132383;Venta;LAGOPUELO S.A;1509755;10,00;11996,70;14516,01;Cinthia Rocio Villagra;;0,00 %;4;Selene Pawlikowski;;TF UD T/SECA LADYSOFT ULTRA PROTECT 8;1199,67;3428;;2;ALMACEN;827,36;CLAUDIO GARCIA;;$;2;SOFTYS ARGENTINA S.A;;;EFV;;;;;;;TOALLA FEMENINA;;;;;25;JOHANA VIGIL;AXUM;;;False;132383;0;1;;;;;;1;;1199,67
23639;ANGEL ROTTA 282;ESTEBAN ECHEVERR√¬çA;2026-10-05;05-10-2026;02-10-2026;FAC-A-132394;Venta;LAGOPUELO S.A;1501627;10,00;113717,76;137598,49;CAI ZHICHUN;;15,00 %;064;Karina Fernandez;;PH Higienol HS Balanced 20mx4/12;11371,78;3429;;3;Autoservicio A;9488,34;SIMON OLIVERA;;$;2;SOFTYS ARGENTINA S.A;;;CON;;;;;;;PAPEL HIG;;;;;300;Bruno Centurion;AXUM;;;False;132394;0;1;;;;;;1;;11371,78
23852;Madariaga - (TRADICIONAL) 86;MALVINAS ARGENTINAS;2026-10-06;06-10-2026;02-10-2026;FAC-B-132400;Venta;LAGOPUELO S.A;1501627;1,00;12040,70;14569,25;Acevedo Javier;;10,00 %;063;Daniel Martin;;PH Higienol HS Balanced 20mx4/12;12040,70;3444;;2;ALMACEN;9488,34;CLAUDIO GARCIA;;$;2;SOFTYS ARGENTINA S.A;;;CON;;;;;;;PAPEL HIG;;;;;300;Bruno Centurion;AXUM;;;False;132400;0;1;;;;;;1;;12040,70
5;O  BRIEN 427;Escalada;2026-10-05;05-10-2026;02-10-2026;FAC-A-132404;Venta;Empresa LAGOPUELO;1501622;7,00;118205,85;143029,08;ALEJANDRO NEGRO;;0,00 %;16;VENDEDOR DEPOSITO;;PH HIG FRESH ALOE30m x6/10;16886,55;3431;;georgalos-50;Empleados;16082,43;JUAN ESCOTO;;$;2;SOFTYS ARGENTINA S.A;;;15D;;;;;;;PAPEL HIG;;;;;;;gcw;;;False;132404;0;4;;;;;;1;;16886,55
5;O  BRIEN 427;Escalada;2026-10-05;05-10-2026;02-10-2026;FAC-A-132404;Venta;Empresa LAGOPUELO;1505708;5,00;87937,90;106404,86;ALEJANDRO NEGRO;;0,00 %;16;VENDEDOR DEPOSITO;;RC SUSEEX CLS MEGARROLO ALTO 200X1;17587,58;3431;;georgalos-50;Empleados;16750,08;JUAN ESCOTO;;$;2;SOFTYS ARGENTINA S.A;;;15D;;;;;;;ROLLO DE COCINA;;;;;;;gcw;;;False;132404;0;4;;;;;;1;;17587,58
5;O  BRIEN 427;Escalada;2026-10-05;05-10-2026;02-10-2026;FAC-A-132405;Venta;Empresa LAGOPUELO;1501622;4,00;67546,20;81730,90;ALEJANDRO NEGRO;;0,00 %;16;VENDEDOR DEPOSITO;;PH HIG FRESH ALOE30m x6/10;16886,55;3431;;georgalos-50;Empleados;16082,43;JUAN ESCOTO;;$;2;SOFTYS ARGENTINA S.A;;;15D;;;;;;;PAPEL HIG;;;;;;;gcw;;;False;132405;0;4;;;;;;1;;16886,55
5;O  BRIEN 427;Escalada;2026-10-05;05-10-2026;02-10-2026;FAC-A-132405;Venta;Empresa LAGOPUELO;1505708;3,00;52762,74;63842,92;ALEJANDRO NEGRO;;0,00 %;16;VENDEDOR DEPOSITO;;RC SUSEEX CLS MEGARROLO ALTO 200X1;17587,58;3431;;georgalos-50;Empleados;16750,08;JUAN ESCOTO;;$;2;SOFTYS ARGENTINA S.A;;;15D;;;;;;;ROLLO DE COCINA;;;;;;;gcw;;;False;132405;0;4;;;;;;1;;17587,58
107193;NicolAs Avellaneda 2325 0;SARANDI;2026-10-05;05-10-2026;02-10-2026;FAC-B-132410;Venta;ELEBES;1503118;6,00;9812,16;11872,71;Cesar Diaz;;0,00 %;27;Samanta Dogliotti;;TH BABYSEC ULTRA 50/24;1635,36;3426;;georgalos-7;Almacen;1127,83;HERNAN RIVERO;;$;2;SOFTYS ARGENTINA S.A;;;EFV;;;;;;;;;;;;25;JOHANA VIGIL;AXUM;;;False;132410;0;1;;;;;;1;;1635,36
106031;Anatole Frence 820 0;Sarandi;2026-10-05;05-10-2026;02-10-2026;FAC-A-132414;Venta;LAGOPUELO S.A;1501627;5,00;60203,52;72846,26;Borrero Carlos;;10,00 %;26;Sabrina Pereyra;;PH Higienol HS Balanced 20mx4/12;12040,70;3425;;georgalos-7;Almacen;9488,34;MARIANO SOSA;;$;2;SOFTYS ARGENTINA S.A;;;EFV;;;;;;;PAPEL HIG;;;;;25;JOHANA VIGIL;AXUM;;;False;132414;0;1;;;;;;1;;12040,70
29096;CARLOS BUNGE ENT POSADAS Y ASCASUBI - (AUTOSERVICIOS) 3676;LONGCHAMPS;2026-10-05;05-10-2026;02-10-2026;FAC-A-132419;Venta;LAGOPUELO S.A;1501627;2,00;24081,41;29138,50;TIARA AGUSTINA RAMIREZ;;10,00 %;062;Nahuel Martinez;;PH Higienol HS Balanced 20mx4/12;12040,70;3433;;2;ALMACEN;9488,34;WALTER JANIUK;;$;2;SOFTYS ARGENTINA S.A;;;CON;;;;;;;PAPEL HIG;;;;;300;Bruno Centurion;AXUM;;;False;132419;0;1;;;;;;1;;12040,70
23197;Languenheim - (AUTOSERVICIOS) 418;LONGCHAMPS;2026-10-05;05-10-2026;02-10-2026;FAC-A-132420;Venta;LAGOPUELO S.A;1504079;15,00;32917,59;39830,28;LI HONG;;10,00 %;062;Nahuel Martinez;;PL BABYSEC ULTRASOFT XXG 8/15;2194,51;3433;;3;Autoservicio B;1806,18;WALTER JANIUK;;$;2;SOFTYS ARGENTINA S.A;;;CON;;;;;;;PAÒAL;;;;;300;Bruno Centurion;AXUM;;;False;132420;0;1;;;;;;1;;2194,51
23197;Languenheim - (AUTOSERVICIOS) 418;LONGCHAMPS;2026-10-05;05-10-2026;02-10-2026;FAC-A-132420;Venta;LAGOPUELO S.A;1509762;12,00;14066,28;17020,20;LI HONG;;0,00 %;062;Nahuel Martinez;;TF NOCTUR EXT A 8x32;1172,19;3433;;3;Autoservicio B;808,41;WALTER JANIUK;;$;2;SOFTYS ARGENTINA S.A;;;CON;;;;;;;TOALLA FEMENINA;;;;;300;Bruno Centurion;AXUM;;;False;132420;0;1;;;;;;1;;1172,19
23290;Intendente Perrando - (AUTOSERVICIOS) 1448;LONGCHAMPS;2026-10-05;05-10-2026;02-10-2026;FAC-A-132426;Venta;LAGOPUELO S.A;1509758;10,00;11157,40;13500,45;CAI QUINGSHUN;;0,00 %;062;Nahuel Martinez;;TF UD T/SUAVE EXT ALGO 8X40;1115,74;3433;;3;Autoservicio B;769,48;WALTER JANIUK;;$;2;SOFTYS ARGENTINA S.A;;;CON;;;;;;;TOALLA FEMENINA;;;;;300;Bruno Centurion;AXUM;;;False;132426;0;1;;;;;;1;;1115,74
23874;SAN IGNACIO - (AUTOSERVICIOS) 667;LONGCHAMPS;2026-10-05;05-10-2026;02-10-2026;FAC-B-132427;Venta;LAGOPUELO S.A;1501553;1,00;22551,25;27287,01;MONICA BARROSO;;15,00 %;062;Nahuel Martinez;;PH HIGIENOL DH PLUS FUSI”N 30M x4/10;22551,25;3433;;2;ALMACEN;17199,92;WALTER JANIUK;;$;2;SOFTYS ARGENTINA S.A;;;CON;;;;;;;PAPEL HIG;;;;;300;Bruno Centurion;AXUM;;;False;132427;0;1;;;;;;1;;22551,25
1050;AV. 7 1549;Berazategui;2026-10-05;05-10-2026;02-10-2026;FAC-A-132446;Venta;LAGOPUELO S.A;1501627;2,00;24081,41;29138,50;TEJERA RAMON REINALDO;;10,00 %;4;Selene Pawlikowski;;PH Higienol HS Balanced 20mx4/12;12040,70;3428;;3;AUTOSERVICIO;9488,34;CLAUDIO GARCIA;;$;2;SOFTYS ARGENTINA S.A;;;CON;;;;;;;PAPEL HIG;;;;;25;JOHANA VIGIL;AXUM;;;False;132446;0;1;;;;;;1;;12040,70
1027;CALLE 4 1495;BERAZATEGUI;2026-10-05;05-10-2026;02-10-2026;FAC-A-132454;Venta;LAGOPUELO S.A;1509764;12,00;10183,68;12322,25;MACIEL AMARILLA BLANCA NIEVE;;0,00 %;5;Eliana Huber;;TF NORMAL T/SUAVE EXT ALGODON 8x54;848,64;3428;;3;AUTOSERVICIO;585,27;CLAUDIO GARCIA;;$;2;SOFTYS ARGENTINA S.A;;;CON;;;;;;;TOALLA FEMENINA;;;;;25;JOHANA VIGIL;AXUM;;;False;132454;0;1;;;;;;1;;848,64
1027;CALLE 4 1495;BERAZATEGUI;2026-10-05;05-10-2026;02-10-2026;FAC-A-132454;Venta;LAGOPUELO S.A;1509755;12,00;14396,04;17419,21;MACIEL AMARILLA BLANCA NIEVE;;0,00 %;5;Eliana Huber;;TF UD T/SECA LADYSOFT ULTRA PROTECT 8;1199,67;3428;;3;AUTOSERVICIO;827,36;CLAUDIO GARCIA;;$;2;SOFTYS ARGENTINA S.A;;;CON;;;;;;;TOALLA FEMENINA;;;;;25;JOHANA VIGIL;AXUM;;;False;132454;0;1;;;;;;1;;1199,67
1027;CALLE 4 1495;BERAZATEGUI;2026-10-05;05-10-2026;02-10-2026;FAC-A-132454;Venta;LAGOPUELO S.A;1501627;3,00;36122,11;43707,76;MACIEL AMARILLA BLANCA NIEVE;;10,00 %;5;Eliana Huber;;PH Higienol HS Balanced 20mx4/12;12040,70;3428;;3;AUTOSERVICIO;9488,34;CLAUDIO GARCIA;;$;2;SOFTYS ARGENTINA S.A;;;CON;;;;;;;PAPEL HIG;;;;;25;JOHANA VIGIL;AXUM;;;False;132454;0;1;;;;;;1;;12040,70
1027;CALLE 4 1495;BERAZATEGUI;2026-10-05;05-10-2026;02-10-2026;FAC-A-132454;Venta;LAGOPUELO S.A;1509764;1,00;0,00;0,00;MACIEL AMARILLA BLANCA NIEVE;;100,00 %;5;Eliana Huber;;TF NORMAL T/SUAVE EXT ALGODON 8x54;0,00;3428;;3;AUTOSERVICIO;585,27;CLAUDIO GARCIA;;$;2;SOFTYS ARGENTINA S.A;;;CON;;;;;;;TOALLA FEMENINA;;;;;25;JOHANA VIGIL;AXUM;;;False;132454;0;1;;;;;;1;;0,00
22877;SOLIS - (TRADICIONAL) 152;FLORENCIO VARELA;2026-10-05;05-10-2026;02-10-2026;FAC-B-132458;Venta;Empresa LAGOPUELO;1501627;3,00;36122,11;43707,76;RIVETTI YESICA ALEJANDRA;;10,00 %;6;Nieves Alegre;;PH Higienol HS Balanced 20mx4/12;12040,70;3428;;3;Autoservicio B;9488,34;CLAUDIO GARCIA;;$;2;SOFTYS ARGENTINA S.A;;;CON;;;;;;;PAPEL HIG;;;;;25;JOHANA VIGIL;AXUM;;;False;132458;0;1;;;;;;1;;12040,70
22877;SOLIS - (TRADICIONAL) 152;FLORENCIO VARELA;2026-10-05;05-10-2026;02-10-2026;FAC-B-132458;Venta;Empresa LAGOPUELO;1509755;12,00;14396,04;17419,21;RIVETTI YESICA ALEJANDRA;;0,00 %;6;Nieves Alegre;;TF UD T/SECA LADYSOFT ULTRA PROTECT 8;1199,67;3428;;3;Autoservicio B;827,36;CLAUDIO GARCIA;;$;2;SOFTYS ARGENTINA S.A;;;CON;;;;;;;TOALLA FEMENINA;;;;;25;JOHANA VIGIL;AXUM;;;False;132458;0;1;;;;;;1;;1199,67
22877;SOLIS - (TRADICIONAL) 152;FLORENCIO VARELA;2026-10-05;05-10-2026;02-10-2026;FAC-B-132458;Venta;Empresa LAGOPUELO;1509759;20,00;42614,20;51563,18;RIVETTI YESICA ALEJANDRA;;0,00 %;6;Nieves Alegre;;TF UD T/SUAVE EXT ALG 16x20;2130,71;3428;;3;Autoservicio B;1469,45;CLAUDIO GARCIA;;$;2;SOFTYS ARGENTINA S.A;;;CON;;;;;;;TOALLA FEMENINA;;;;;25;JOHANA VIGIL;AXUM;;;False;132458;0;1;;;;;;1;;2130,71
22877;SOLIS - (TRADICIONAL) 152;FLORENCIO VARELA;2026-10-05;05-10-2026;02-10-2026;FAC-B-132458;Venta;Empresa LAGOPUELO;1509764;12,00;10183,68;12322,25;RIVETTI YESICA ALEJANDRA;;0,00 %;6;Nieves Alegre;;TF NORMAL T/SUAVE EXT ALGODON 8x54;848,64;3428;;3;Autoservicio B;585,27;CLAUDIO GARCIA;;$;2;SOFTYS ARGENTINA S.A;;;CON;;;;;;;TOALLA FEMENINA;;;;;25;JOHANA VIGIL;AXUM;;;False;132458;0;1;;;;;;1;;848,64
22877;SOLIS - (TRADICIONAL) 152;FLORENCIO VARELA;2026-10-05;05-10-2026;02-10-2026;FAC-B-132458;Venta;Empresa LAGOPUELO;1509764;1,00;0,00;0,00;RIVETTI YESICA ALEJANDRA;;100,00 %;6;Nieves Alegre;;TF NORMAL T/SUAVE EXT ALGODON 8x54;0,00;3428;;3;Autoservicio B;585,27;CLAUDIO GARCIA;;$;2;SOFTYS ARGENTINA S.A;;;CON;;;;;;;TOALLA FEMENINA;;;;;25;JOHANA VIGIL;AXUM;;;False;132458;0;1;;;;;;1;;0,00
107816;12 De Octubre 615 0;CRUCESITA;2026-10-05;05-10-2026;02-10-2026;FAC-A-132462;Venta;LAGOPUELO S.A;1509762;32,00;37510,08;45387,20;Supermercado Lucky;;0,00 %;29;Camila Navarrete;;TF NOCTUR EXT A 8x32;1172,19;3426;;3;AUTOSERVICIO;808,41;HERNAN RIVERO;;$;2;SOFTYS ARGENTINA S.A;;;EFV;;;;;;;TOALLA FEMENINA;;;;;25;JOHANA VIGIL;AXUM;;;False;132462;0;1;;;;;;1;;1172,19
107816;12 De Octubre 615 0;CRUCESITA;2026-10-05;05-10-2026;02-10-2026;FAC-A-132462;Venta;LAGOPUELO S.A;1509768;54,00;52666,74;63726,76;Supermercado Lucky;;0,00 %;29;Camila Navarrete;;TF NORMAL T/SUAVE PIEL SENSIBLE 8x54;975,31;3426;;3;AUTOSERVICIO;672,63;HERNAN RIVERO;;$;2;SOFTYS ARGENTINA S.A;;;EFV;;;;;;;TOALLA FEMENINA;;;;;25;JOHANA VIGIL;AXUM;;;False;132462;0;1;;;;;;1;;975,31
107816;12 De Octubre 615 0;CRUCESITA;2026-10-05;05-10-2026;02-10-2026;FAC-A-132462;Venta;LAGOPUELO S.A;1509766;54,00;49453,20;59838,37;Supermercado Lucky;;0,00 %;29;Camila Navarrete;;TF T/SECA NORMAL MAS PROTECC 8x54;915,80;3426;;3;AUTOSERVICIO;631,59;HERNAN RIVERO;;$;2;SOFTYS ARGENTINA S.A;;;EFV;;;;;;;TOALLA FEMENINA;;;;;25;JOHANA VIGIL;AXUM;;;False;132462;0;1;;;;;;1;;915,80
3967;BARCELO E/ROJAS Y BARILARI - (Large Format) 366;BANFIELD;2026-10-05;05-10-2026;02-10-2026;FAC-A-132466;Venta;LAGOPUELO S.A;1509768;12,00;11703,72;14161,50;CHENGDONG LIN;;0,00 %;074;Romina Baez;;TF NORMAL T/SUAVE PIEL SENSIBLE 8x54;975,31;3427;;3;Autoservicio A;672,63;NAHUEL MONTOYA;;$;2;SOFTYS ARGENTINA S.A;;;CON;;;;;;;TOALLA FEMENINA;;;;;300;Bruno Centurion;AXUM;;;False;132466;0;1;;;;;;1;;975,31
23469;GUATAMBU 480;BURZACO;2026-10-05;05-10-2026;02-10-2026;FAC-A-132470;Venta;LAGOPUELO S.A;1509756;20,00;46674,20;56475,78;WANG MIN;;0,00 %;063;Daniel Martin;;TF UD T/SECA LADYSOFT UL PRT 16u;2333,71;3429;;3;Autoservicio A;1609,46;SIMON OLIVERA;;$;2;SOFTYS ARGENTINA S.A;;;CON;;;;;;;TOALLA FEMENINA;;;;;300;Bruno Centurion;AXUM;;;False;132470;0;1;;;;;;1;;2333,71
23469;GUATAMBU 480;BURZACO;2026-10-05;05-10-2026;02-10-2026;FAC-A-132470;Venta;LAGOPUELO S.A;1509763;16,00;36240,80;43851,37;WANG MIN;;0,00 %;063;Daniel Martin;;TF Nocturna EXT ALGODON 16X16;2265,05;3429;;3;Autoservicio A;1562,11;SIMON OLIVERA;;$;2;SOFTYS ARGENTINA S.A;;;CON;;;;;;;TOALLA FEMENINA;;;;;300;Bruno Centurion;AXUM;;;False;132470;0;1;;;;;;1;;2265,05
285;CALLE 114 387;Berazategui;2026-10-05;05-10-2026;02-10-2026;FAC-B-132477;Venta;ELEBES;1501627;1,00;12040,70;14569,25;ZURITA MIRTA;;10,00 %;5;Eliana Huber;;PH Higienol HS Balanced 20mx4/12;12040,70;3428;;2;ALMACEN;9488,34;CLAUDIO GARCIA;;$;2;SOFTYS ARGENTINA S.A;;;EFV;;;;;;;PAPEL HIG;;;;;25;JOHANA VIGIL;AXUM;;;False;132477;0;1;;;;;;1;;12040,70
4108;AV MITRE 3361;SARANDI;2026-10-05;05-10-2026;02-10-2026;FAC-A-132482;Venta;LAGOPUELO S.A;1509766;6,00;5494,80;6648,71;PATRICIA FERNANDA LURASCHI;;0,00 %;26;Sabrina Pereyra;;TF T/SECA NORMAL MAS PROTECC 8x54;915,80;3425;;2;ALMACEN;631,59;MARIANO SOSA;;$;2;SOFTYS ARGENTINA S.A;;;CON;;;;;;;TOALLA FEMENINA;;;;;25;JOHANA VIGIL;AXUM;;;False;132482;0;1;;;;;;1;;915,80
4108;AV MITRE 3361;SARANDI;2026-10-05;05-10-2026;02-10-2026;FAC-A-132482;Venta;LAGOPUELO S.A;1509764;6,00;5091,84;6161,13;PATRICIA FERNANDA LURASCHI;;0,00 %;26;Sabrina Pereyra;;TF NORMAL T/SUAVE EXT ALGODON 8x54;848,64;3425;;2;ALMACEN;585,27;MARIANO SOSA;;$;2;SOFTYS ARGENTINA S.A;;;CON;;;;;;;TOALLA FEMENINA;;;;;25;JOHANA VIGIL;AXUM;;;False;132482;0;1;;;;;;1;;848,64
878;san martin 1266;Longchamps;2026-10-05;05-10-2026;02-10-2026;FAC-A-132485;Venta;LAGOPUELO S.A;1509758;10,00;11157,40;13500,45;Chen Dami;;0,00 %;062;Nahuel Martinez;;TF UD T/SUAVE EXT ALGO 8X40;1115,74;3433;;3;AUTOSERVICIO;769,48;WALTER JANIUK;;$;2;SOFTYS ARGENTINA S.A;;;CON;;;;;;;TOALLA FEMENINA;;;;;300;Bruno Centurion;AXUM;;;False;132485;0;1;;;;;;1;;1115,74
27413;Capdevilla - (AUTOSERVICIOS) 2045;BANFIELD;2026-10-05;05-10-2026;02-10-2026;FAC-A-132494;Venta;LAGOPUELO S.A;1509757;6,00;20000,76;24200,92;YU CHAORONG;;0,00 %;073;Florencia Cubilla;;TF UD T/SECA LADYSOFT UL PTEC 24u;3333,46;3427;;3;Autoservicio B;2298,94;NAHUEL MONTOYA;;$;2;SOFTYS ARGENTINA S.A;;;CON;;;;;;;TOALLA FEMENINA;;;;;300;Bruno Centurion;AXUM;;;False;132494;0;1;;;;;;1;;3333,46
27413;Capdevilla - (AUTOSERVICIOS) 2045;BANFIELD;2026-10-05;05-10-2026;02-10-2026;FAC-A-132494;Venta;LAGOPUELO S.A;1509763;6,00;13590,30;16444,26;YU CHAORONG;;0,00 %;073;Florencia Cubilla;;TF Nocturna EXT ALGODON 16X16;2265,05;3427;;3;Autoservicio B;1562,11;NAHUEL MONTOYA;;$;2;SOFTYS ARGENTINA S.A;;;CON;;;;;;;TOALLA FEMENINA;;;;;300;Bruno Centurion;AXUM;;;False;132494;0;1;;;;;;1;;2265,05
27413;Capdevilla - (AUTOSERVICIOS) 2045;BANFIELD;2026-10-05;05-10-2026;02-10-2026;FAC-A-132494;Venta;LAGOPUELO S.A;1503118;10,00;16353,60;19787,86;YU CHAORONG;;0,00 %;073;Florencia Cubilla;;TH BABYSEC ULTRA 50/24;1635,36;3427;;3;Autoservicio B;1127,83;NAHUEL MONTOYA;;$;2;SOFTYS ARGENTINA S.A;;;CON;;;;;;;;;;;;300;Bruno Centurion;AXUM;;;False;132494;0;1;;;;;;1;;1635,36
23279;Provincia de Buenos Aires - (AUTOSERVICIOS) 1160;LONGCHAMPS;2026-10-05;05-10-2026;02-10-2026;FAC-A-132503;Venta;LAGOPUELO S.A;1509756;10,00;23337,10;28237,89;YAN XIAPING;;0,00 %;062;Nahuel Martinez;;TF UD T/SECA LADYSOFT UL PRT 16u;2333,71;3433;;3;Autoservicio A;1609,46;WALTER JANIUK;;$;2;SOFTYS ARGENTINA S.A;;;CON;;;;;;;TOALLA FEMENINA;;;;;300;Bruno Centurion;AXUM;;;False;132503;0;1;;;;;;1;;2333,71
23279;Provincia de Buenos Aires - (AUTOSERVICIOS) 1160;LONGCHAMPS;2026-10-05;05-10-2026;02-10-2026;FAC-A-132503;Venta;LAGOPUELO S.A;1509763;10,00;22650,50;27407,11;YAN XIAPING;;0,00 %;062;Nahuel Martinez;;TF Nocturna EXT ALGODON 16X16;2265,05;3433;;3;Autoservicio A;1562,11;WALTER JANIUK;;$;2;SOFTYS ARGENTINA S.A;;;CON;;;;;;;TOALLA FEMENINA;;;;;300;Bruno Centurion;AXUM;;;False;132503;0;1;;;;;;1;;2265,05
23279;Provincia de Buenos Aires - (AUTOSERVICIOS) 1160;LONGCHAMPS;2026-10-05;05-10-2026;02-10-2026;FAC-A-132503;Venta;LAGOPUELO S.A;1509762;10,00;11721,90;14183,50;YAN XIAPING;;0,00 %;062;Nahuel Martinez;;TF NOCTUR EXT A 8x32;1172,19;3433;;3;Autoservicio A;808,41;WALTER JANIUK;;$;2;SOFTYS ARGENTINA S.A;;;CON;;;;;;;TOALLA FEMENINA;;;;;300;Bruno Centurion;AXUM;;;False;132503;0;1;;;;;;1;;1172,19
709;INT BEGUIRISTAIN 435;Avellaneda;2026-10-05;05-10-2026;02-10-2026;FAC-B-132504;Venta;LAGOPUELO S.A;1509764;10,00;8486,40;10268,54;Kiosco Kate;;0,00 %;27;Samanta Dogliotti;;TF NORMAL T/SUAVE EXT ALGODON 8x54;848,64;3426;;5;KIOSCO;585,27;HERNAN RIVERO;;$;2;SOFTYS ARGENTINA S.A;;;CON;;;;;;;TOALLA FEMENINA;;;;;25;JOHANA VIGIL;AXUM;;;False;132504;0;1;;;;;;1;;848,64
709;INT BEGUIRISTAIN 435;Avellaneda;2026-10-05;05-10-2026;02-10-2026;FAC-B-132504;Venta;LAGOPUELO S.A;1509764;1,00;0,00;0,00;Kiosco Kate;;100,00 %;27;Samanta Dogliotti;;TF NORMAL T/SUAVE EXT ALGODON 8x54;0,00;3426;;5;KIOSCO;585,27;HERNAN RIVERO;;$;2;SOFTYS ARGENTINA S.A;;;CON;;;;;;;TOALLA FEMENINA;;;;;25;JOHANA VIGIL;AXUM;;;False;132504;0;1;;;;;;1;;0,00
27439;Graham Bell - (AUTOSERVICIOS) 1239;CARLOS SPEGAZZINI;2026-10-06;06-10-2026;02-10-2026;FAC-A-132511;Venta;LAGOPUELO S.A;1505496;12,00;14889,00;18015,69;Chen Duntai;;0,00 %;075;Julieta Yegros;;PO ELITE ST CON ALGODON X10 PACK 6;1240,75;3446;;3;Autoservicio A;855,69;IVAN MONTOYA;;$;2;SOFTYS ARGENTINA S.A;;;CON;;;;;;;PAÒUELOS;;;;;300;Bruno Centurion;AXUM;;;False;132511;0;1;;;;;;1;;1240,75
23624;RAMON SANTAMARINA - (AUTOSERVICIOS) 1148;MONTE GRANDE;2026-10-05;05-10-2026;02-10-2026;FAC-A-132514;Venta;LAGOPUELO S.A;1501627;10,00;113717,76;137598,49;SUPER ECO S.R.L.;;15,00 %;064;Karina Fernandez;;PH Higienol HS Balanced 20mx4/12;11371,78;3429;;3;Autoservicio A;9488,34;SIMON OLIVERA;;$;2;SOFTYS ARGENTINA S.A;;;CON;;;;;;;PAPEL HIG;;;;;300;Bruno Centurion;AXUM;;;False;132514;0;1;;;;;;1;;11371,78
29125;25 DE MAYO EX 879 - (AUTOSERVICIOS) 877;CARLOS SPEGAZZINI;2026-10-06;06-10-2026;02-10-2026;FAC-B-132521;Venta;LAGOPUELO S.A;1509762;15,00;17582,85;21275,25;CHURA TEOFILO;;0,00 %;075;Julieta Yegros;;TF NOCTUR EXT A 8x32;1172,19;3446;;2;ALMACEN;808,41;IVAN MONTOYA;;$;2;SOFTYS ARGENTINA S.A;;;CON;;;;;;;TOALLA FEMENINA;;;;;300;Bruno Centurion;AXUM;;;False;132521;0;1;;;;;;1;;1172,19
27696;Armesti esquina barcelo - (AUTOSERVICIOS) 2242;TEMPERLEY;2026-10-05;05-10-2026;02-10-2026;FAC-A-132531;Venta;LAGOPUELO S.A;1505708;1,00;22612,61;27361,26;STAIBANO MIGUEL ANGEL;;0,00 %;074;Romina Baez;;RC SUSEEX CLS MEGARROLO ALTO 200X1;22612,61;3427;;3;Autoservicio B;16750,08;NAHUEL MONTOYA;;$;2;SOFTYS ARGENTINA S.A;;;CON;;;;;;;ROLLO DE COCINA;;;;;300;Bruno Centurion;AXUM;;;False;132531;0;1;;;;;;1;;22612,61
27696;Armesti esquina barcelo - (AUTOSERVICIOS) 2242;TEMPERLEY;2026-10-05;05-10-2026;02-10-2026;FAC-A-132531;Venta;LAGOPUELO S.A;1505688;2,00;31067,28;37591,41;STAIBANO MIGUEL ANGEL;;5,00 %;074;Romina Baez;;RC Sussex clasico mas blanco 50px3/10;15533,64;3427;;3;Autoservicio B;12112,00;NAHUEL MONTOYA;;$;2;SOFTYS ARGENTINA S.A;;;CON;;;;;;;ROLLO DE COCINA;;;;;300;Bruno Centurion;AXUM;;;False;132531;0;1;;;;;;1;;15533,64
1129;CERRO FAMATINA 1135;Varela;2026-10-06;06-10-2026;02-10-2026;FAC-A-132540;Venta;ELEBES;1501627;2,00;24081,41;29138,50;CARO JORGE ADRIAN;;10,00 %;6;Nieves Alegre;;PH Higienol HS Balanced 20mx4/12;12040,70;3463;;2;ALMACEN;9488,34;SIMON OLIVERA;;$;2;SOFTYS ARGENTINA S.A;;;CON;;;;;;;PAPEL HIG;;;;;25;JOHANA VIGIL;AXUM;;;False;132540;0;1;;;;;;1;;12040,70
3144;EMILIO ZOLA 1653;QUILMES;2026-10-05;05-10-2026;02-10-2026;FAC-A-132542;Venta;LAGOPUELO S.A;1509762;12,00;14066,28;17020,20;Wang Lixiang;;0,00 %;054;Leonel Caruso;;TF NOCTUR EXT A 8x32;1172,19;3430;;3;AUTOSERVICIO;808,41;LEONARDO SANTA CRUZ;;$;2;SOFTYS ARGENTINA S.A;;;CON;;;;;;;TOALLA FEMENINA;;;;;300;Bruno Centurion;AXUM;;;False;132542;0;1;;;;;;1;;1172,19
3144;EMILIO ZOLA 1653;QUILMES;2026-10-05;05-10-2026;02-10-2026;FAC-A-132542;Venta;LAGOPUELO S.A;1509763;16,00;36240,80;43851,37;Wang Lixiang;;0,00 %;054;Leonel Caruso;;TF Nocturna EXT ALGODON 16X16;2265,05;3430;;3;AUTOSERVICIO;1562,11;LEONARDO SANTA CRUZ;;$;2;SOFTYS ARGENTINA S.A;;;CON;;;;;;;TOALLA FEMENINA;;;;;300;Bruno Centurion;AXUM;;;False;132542;0;1;;;;;;1;;2265,05
106319;Av MITRE 1729;Avellaneda;2026-10-05;05-10-2026;02-10-2026;FAC-B-132563;Venta;ELEBES;1509764;10,00;8486,40;10268,54;VerdulerÌa Jesica;;0,00 %;27;Samanta Dogliotti;;TF NORMAL T/SUAVE EXT ALGODON 8x54;848,64;3426;;georgalos-7;Almacen;585,27;HERNAN RIVERO;;$;2;SOFTYS ARGENTINA S.A;;;EFV;;;;;;;TOALLA FEMENINA;;;;;25;JOHANA VIGIL;AXUM;;;False;132563;0;1;;;;;;1;;848,64
106319;Av MITRE 1729;Avellaneda;2026-10-05;05-10-2026;02-10-2026;FAC-B-132563;Venta;ELEBES;1509764;1,00;0,00;0,00;VerdulerÌa Jesica;;100,00 %;27;Samanta Dogliotti;;TF NORMAL T/SUAVE EXT ALGODON 8x54;0,00;3426;;georgalos-7;Almacen;585,27;HERNAN RIVERO;;$;2;SOFTYS ARGENTINA S.A;;;EFV;;;;;;;TOALLA FEMENINA;;;;;25;JOHANA VIGIL;AXUM;;;False;132563;0;1;;;;;;1;;0,00
23292;Av. Pres. Hipolito Yrigoyen - (AUTOSERVICIOS) 17365;LONGCHAMPS;2026-10-05;05-10-2026;02-10-2026;FAC-A-132566;Venta;LAGOPUELO S.A;1509766;10,00;9158,00;11081,18;HUANG EVELYN;;0,00 %;062;Nahuel Martinez;;TF T/SECA NORMAL MAS PROTECC 8x54;915,80;3433;;3;Autoservicio A;631,59;WALTER JANIUK;;$;2;SOFTYS ARGENTINA S.A;;;CON;;;;;;;TOALLA FEMENINA;;;;;300;Bruno Centurion;AXUM;;;False;132566;0;1;;;;;;1;;915,80
23292;Av. Pres. Hipolito Yrigoyen - (AUTOSERVICIOS) 17365;LONGCHAMPS;2026-10-05;05-10-2026;02-10-2026;FAC-A-132566;Venta;LAGOPUELO S.A;1509756;10,00;23337,10;28237,89;HUANG EVELYN;;0,00 %;062;Nahuel Martinez;;TF UD T/SECA LADYSOFT UL PRT 16u;2333,71;3433;;3;Autoservicio A;1609,46;WALTER JANIUK;;$;2;SOFTYS ARGENTINA S.A;;;CON;;;;;;;TOALLA FEMENINA;;;;;300;Bruno Centurion;AXUM;;;False;132566;0;1;;;;;;1;;2333,71
23292;Av. Pres. Hipolito Yrigoyen - (AUTOSERVICIOS) 17365;LONGCHAMPS;2026-10-05;05-10-2026;02-10-2026;FAC-A-132566;Venta;LAGOPUELO S.A;1509765;6,00;9973,08;12067,43;HUANG EVELYN;;0,00 %;062;Nahuel Martinez;;TF NORMALT/SUAVE EXT ALG 16x27;1662,18;3433;;3;Autoservicio A;1146,33;WALTER JANIUK;;$;2;SOFTYS ARGENTINA S.A;;;CON;;;;;;;TOALLA FEMENINA;;;;;300;Bruno Centurion;AXUM;;;False;132566;0;1;;;;;;1;;1662,18
3083;JOSE ANDRES LOPEZ 329;QUILMES;2026-10-06;06-10-2026;02-10-2026;FAC-A-132571;Venta;LAGOPUELO S.A;1501627;1,00;12040,70;14569,25;HUANG JINJIN;;10,00 %;056;Ezequiel Ferreira;;PH Higienol HS Balanced 20mx4/12;12040,70;3463;;3;AUTOSERVICIO;9488,34;SIMON OLIVERA;;$;2;SOFTYS ARGENTINA S.A;;;CON;;;;;;;PAPEL HIG;;;;;300;Bruno Centurion;AXUM;;;False;132571;0;1;;;;;;1;;12040,70
23096;MIGUEL CANE - (KIOSCOS/MAXI) 1105;GLEW;2026-10-05;05-10-2026;02-10-2026;FAC-B-132575;Venta;Empresa LAGOPUELO;1509232;1,00;13179,71;15947,45;NAIR FEDERICO;;0,00 %;061;Nailah Guzman;;RC NOBLE 40P x3/10;13179,71;3433;;5;KIOSCO;9762,75;WALTER JANIUK;;$;2;SOFTYS ARGENTINA S.A;;;CON;;;;;;;ROLLO DE COCINA;;;;;300;Bruno Centurion;AXUM;;;False;132575;0;1;;;;;;1;;13179,71
3081;AVDA HIPOLITO YRIGOYEN 5270;Quilmes;2026-10-05;05-10-2026;02-10-2026;FAC-A-132583;Venta;LAGOPUELO S.A;1503131;6,00;14852,76;17971,84;LIN HUI ZHEN;;0,00 %;053;Verona Abati;;TH BABYSEC PREMIUM X45/10;2475,46;3430;;3;AUTOSERVICIO;1707,21;LEONARDO SANTA CRUZ;;$;2;SOFTYS ARGENTINA S.A;;;CON;;;;;;;TOALLA HUMEDA;;;;;300;Bruno Centurion;AXUM;;;False;132583;0;1;;;;;;1;;2475,46
3081;AVDA HIPOLITO YRIGOYEN 5270;Quilmes;2026-10-05;05-10-2026;02-10-2026;FAC-A-132583;Venta;LAGOPUELO S.A;1509762;10,00;11721,90;14183,50;LIN HUI ZHEN;;0,00 %;053;Verona Abati;;TF NOCTUR EXT A 8x32;1172,19;3430;;3;AUTOSERVICIO;808,41;LEONARDO SANTA CRUZ;;$;2;SOFTYS ARGENTINA S.A;;;CON;;;;;;;TOALLA FEMENINA;;;;;300;Bruno Centurion;AXUM;;;False;132583;0;1;;;;;;1;;1172,19
3081;AVDA HIPOLITO YRIGOYEN 5270;Quilmes;2026-10-05;05-10-2026;02-10-2026;FAC-A-132583;Venta;LAGOPUELO S.A;1509766;10,00;9158,00;11081,18;LIN HUI ZHEN;;0,00 %;053;Verona Abati;;TF T/SECA NORMAL MAS PROTECC 8x54;915,80;3430;;3;AUTOSERVICIO;631,59;LEONARDO SANTA CRUZ;;$;2;SOFTYS ARGENTINA S.A;;;CON;;;;;;;TOALLA FEMENINA;;;;;300;Bruno Centurion;AXUM;;;False;132583;0;1;;;;;;1;;915,80
6484;ACONCAGUA 1990;FLORENCIO VARELA;2026-10-06;06-10-2026;02-10-2026;FAC-B-132586;Venta;ELEBES;1509761;5,00;3976,10;4811,08;BENITEZ ZUNILDA;;0,00 %;6;Nieves Alegre;;TF LADYSOFT COMFORT EXT ALGODON 8x54;795,22;3463;;2;ALMACEN;548,43;SIMON OLIVERA;;$;2;SOFTYS ARGENTINA S.A;;;CON;;;;;;;TOALLA FEMENINA;;;;;25;JOHANA VIGIL;AXUM;;;False;132586;0;1;;;;;;1;;795,22
6484;ACONCAGUA 1990;FLORENCIO VARELA;2026-10-06;06-10-2026;02-10-2026;FAC-B-132586;Venta;ELEBES;1509749;5,00;6502,10;7867,54;BENITEZ ZUNILDA;;0,00 %;6;Nieves Alegre;;PD ladysoft clasicos 20x30;1300,42;3463;;2;ALMACEN;896,84;SIMON OLIVERA;;$;2;SOFTYS ARGENTINA S.A;;;CON;;;;;;;PROTECTOR DIARIO;;;;;25;JOHANA VIGIL;AXUM;;;False;132586;0;1;;;;;;1;;1300,42
23570;General Madariaga - (AUTOSERVICIOS) 559;BURZACO;2026-10-06;06-10-2026;02-10-2026;FAC-A-132590;Venta;LAGOPUELO S.A;1505776;30,00;41961,90;50773,90;WENG ZHU;;0,00 %;063;Daniel Martin;;SE SUSSEX HS 30X30 BLANCA X80;1398,73;3444;;3;Autoservicio A;1036,10;CLAUDIO GARCIA;;$;2;SOFTYS ARGENTINA S.A;;;CON;;;;;;;SERVILLETA;;;;;300;Bruno Centurion;AXUM;;;False;132590;0;1;;;;;;1;;1398,73
4223;ESQUEL 1565;Quilmes;2026-10-05;05-10-2026;02-10-2026;FAC-A-132615;Venta;LAGOPUELO S.A;1503118;24,00;39248,64;47490,85;CHEN SHUAI;;0,00 %;2;Fernanda Cejas;;TH BABYSEC ULTRA 50/24;1635,36;3430;;3;AUTOSERVICIO;1127,83;LEONARDO SANTA CRUZ;;$;2;SOFTYS ARGENTINA S.A;;;CON;;;;;;;;;;;;25;JOHANA VIGIL;AXUM;;;False;132615;0;1;;;;;;1;;1635,36
4223;ESQUEL 1565;Quilmes;2026-10-05;05-10-2026;02-10-2026;FAC-A-132615;Venta;LAGOPUELO S.A;1509766;6,00;5494,80;6648,71;CHEN SHUAI;;0,00 %;2;Fernanda Cejas;;TF T/SECA NORMAL MAS PROTECC 8x54;915,80;3430;;3;AUTOSERVICIO;631,59;LEONARDO SANTA CRUZ;;$;2;SOFTYS ARGENTINA S.A;;;CON;;;;;;;TOALLA FEMENINA;;;;;25;JOHANA VIGIL;AXUM;;;False;132615;0;1;;;;;;1;;915,80
4223;ESQUEL 1565;Quilmes;2026-10-05;05-10-2026;02-10-2026;FAC-A-132615;Venta;LAGOPUELO S.A;1509761;6,00;4771,32;5773,30;CHEN SHUAI;;0,00 %;2;Fernanda Cejas;;TF LADYSOFT COMFORT EXT ALGODON 8x54;795,22;3430;;3;AUTOSERVICIO;548,43;LEONARDO SANTA CRUZ;;$;2;SOFTYS ARGENTINA S.A;;;CON;;;;;;;TOALLA FEMENINA;;;;;25;JOHANA VIGIL;AXUM;;;False;132615;0;1;;;;;;1;;795,22
4223;ESQUEL 1565;Quilmes;2026-10-05;05-10-2026;02-10-2026;FAC-A-132615;Venta;LAGOPUELO S.A;1509762;6,00;7033,14;8510,10;CHEN SHUAI;;0,00 %;2;Fernanda Cejas;;TF NOCTUR EXT A 8x32;1172,19;3430;;3;AUTOSERVICIO;808,41;LEONARDO SANTA CRUZ;;$;2;SOFTYS ARGENTINA S.A;;;CON;;;;;;;TOALLA FEMENINA;;;;;25;JOHANA VIGIL;AXUM;;;False;132615;0;1;;;;;;1;;1172,19
4223;ESQUEL 1565;Quilmes;2026-10-05;05-10-2026;02-10-2026;FAC-A-132615;Venta;LAGOPUELO S.A;1509755;6,00;7198,02;8709,60;CHEN SHUAI;;0,00 %;2;Fernanda Cejas;;TF UD T/SECA LADYSOFT ULTRA PROTECT 8;1199,67;3430;;3;AUTOSERVICIO;827,36;LEONARDO SANTA CRUZ;;$;2;SOFTYS ARGENTINA S.A;;;CON;;;;;;;TOALLA FEMENINA;;;;;25;JOHANA VIGIL;AXUM;;;False;132615;0;1;;;;;;1;;1199,67
4223;ESQUEL 1565;Quilmes;2026-10-05;05-10-2026;02-10-2026;FAC-A-132615;Venta;LAGOPUELO S.A;1509758;6,00;6694,44;8100,27;CHEN SHUAI;;0,00 %;2;Fernanda Cejas;;TF UD T/SUAVE EXT ALGO 8X40;1115,74;3430;;3;AUTOSERVICIO;769,48;LEONARDO SANTA CRUZ;;$;2;SOFTYS ARGENTINA S.A;;;CON;;;;;;;TOALLA FEMENINA;;;;;25;JOHANA VIGIL;AXUM;;;False;132615;0;1;;;;;;1;;1115,74
4223;ESQUEL 1565;Quilmes;2026-10-05;05-10-2026;02-10-2026;FAC-A-132615;Venta;LAGOPUELO S.A;1509768;6,00;5851,86;7080,75;CHEN SHUAI;;0,00 %;2;Fernanda Cejas;;TF NORMAL T/SUAVE PIEL SENSIBLE 8x54;975,31;3430;;3;AUTOSERVICIO;672,63;LEONARDO SANTA CRUZ;;$;2;SOFTYS ARGENTINA S.A;;;CON;;;;;;;TOALLA FEMENINA;;;;;25;JOHANA VIGIL;AXUM;;;False;132615;0;1;;;;;;1;;975,31
4223;ESQUEL 1565;Quilmes;2026-10-05;05-10-2026;02-10-2026;FAC-A-132615;Venta;LAGOPUELO S.A;1509749;6,00;7802,52;9441,05;CHEN SHUAI;;0,00 %;2;Fernanda Cejas;;PD ladysoft clasicos 20x30;1300,42;3430;;3;AUTOSERVICIO;896,84;LEONARDO SANTA CRUZ;;$;2;SOFTYS ARGENTINA S.A;;;CON;;;;;;;PROTECTOR DIARIO;;;;;25;JOHANA VIGIL;AXUM;;;False;132615;0;1;;;;;;1;;1300,42
23085;GOB ARIAS - (AUTOSERVICIOS) 3077;GLEW;2026-10-05;05-10-2026;02-10-2026;FAC-A-132617;Venta;LAGOPUELO S.A;1502206;1,00;26373,10;31911,45;ZHENG HUAQING;;0,00 %;061;Nailah Guzman;;RC ELITE ULTRA CON ALGODON 120p x2/10;26373,10;3433;;3;Autoservicio A;19535,63;WALTER JANIUK;;$;2;SOFTYS ARGENTINA S.A;;;CON;;;;;;;ROLLO DE COCINA;;;;;300;Bruno Centurion;AXUM;;;False;132617;0;1;;;;;;1;;26373,10
27330;ADOLFO ALSINA 266;AVELLANEDA;2026-10-05;05-10-2026;02-10-2026;FAC-A-132619;Venta;ELEBES;1505776;30,00;41961,90;50773,90;LEONOR PACO PALOMINO;;0,00 %;28;Nadia Diaz;;SE SUSSEX HS 30X30 BLANCA X80;1398,73;3426;;2;ALMACEN;1036,10;HERNAN RIVERO;;$;2;SOFTYS ARGENTINA S.A;;;CON;;;;;;;SERVILLETA;;;;;25;JOHANA VIGIL;AXUM;;;False;132619;0;1;;;;;;1;;1398,73
2384;Calle 417 490 ESQ 454;Berazategui;2026-10-05;05-10-2026;02-10-2026;FAC-B-132625;Venta;ELEBES;1501627;1,00;12040,70;14569,25;ROLDAN JOSE;;10,00 %;052;Nicole Sosa;;PH Higienol HS Balanced 20mx4/12;12040,70;3431;;2;ALMACEN;9488,34;JUAN ESCOTO;;$;2;SOFTYS ARGENTINA S.A;;;CON;;;;;;;PAPEL HIG;;;;;300;Bruno Centurion;AXUM;;;False;132625;0;1;;;;;;1;;12040,70
3060;Calle 844 753;Quilmes;2026-10-06;06-10-2026;02-10-2026;FAC-A-132627;Venta;LAGOPUELO S.A;1509761;54,00;42941,88;51959,67;WU DONGHUA;;0,00 %;056;Ezequiel Ferreira;;TF LADYSOFT COMFORT EXT ALGODON 8x54;795,22;3463;;3;AUTOSERVICIO;548,43;SIMON OLIVERA;;$;2;SOFTYS ARGENTINA S.A;;;CON;;;;;;;TOALLA FEMENINA;;;;;300;Bruno Centurion;AXUM;;;False;132627;0;1;;;;;;1;;795,22
3026;ALFONSINA STORNI 724;QUILMES;2026-10-05;05-10-2026;02-10-2026;FAC-A-132630;Venta;LAGOPUELO S.A;1503118;24,00;39248,64;47490,85;CHEN XING;;0,00 %;054;Leonel Caruso;;TH BABYSEC ULTRA 50/24;1635,36;3430;;3;AUTOSERVICIO;1127,83;LEONARDO SANTA CRUZ;;$;2;SOFTYS ARGENTINA S.A;;;CON;;;;;;;;;;;;300;Bruno Centurion;AXUM;;;False;132630;0;1;;;;;;1;;1635,36
5014;AV FCIO VARELA 2055;QUILMES;2026-10-05;05-10-2026;02-10-2026;FAC-A-132638;Venta;LAGOPUELO S.A;1509756;20,00;46674,20;56475,78;HUANG ZHAORUI;;0,00 %;5;Eliana Huber;;TF UD T/SECA LADYSOFT UL PRT 16u;2333,71;3428;;3;AUTOSERVICIO;1609,46;CLAUDIO GARCIA;;$;2;SOFTYS ARGENTINA S.A;;;CON;;;;;;;TOALLA FEMENINA;;;;;25;JOHANA VIGIL;AXUM;;;False;132638;0;1;;;;;;1;;2333,71
5014;AV FCIO VARELA 2055;QUILMES;2026-10-05;05-10-2026;02-10-2026;FAC-A-132638;Venta;LAGOPUELO S.A;1509749;12,00;15605,04;18882,10;HUANG ZHAORUI;;0,00 %;5;Eliana Huber;;PD ladysoft clasicos 20x30;1300,42;3428;;3;AUTOSERVICIO;896,84;CLAUDIO GARCIA;;$;2;SOFTYS ARGENTINA S.A;;;CON;;;;;;;PROTECTOR DIARIO;;;;;25;JOHANA VIGIL;AXUM;;;False;132638;0;1;;;;;;1;;1300,42
5014;AV FCIO VARELA 2055;QUILMES;2026-10-05;05-10-2026;02-10-2026;FAC-A-132638;Venta;LAGOPUELO S.A;1503118;24,00;39248,64;47490,85;HUANG ZHAORUI;;0,00 %;5;Eliana Huber;;TH BABYSEC ULTRA 50/24;1635,36;3428;;3;AUTOSERVICIO;1127,83;CLAUDIO GARCIA;;$;2;SOFTYS ARGENTINA S.A;;;CON;;;;;;;;;;;;25;JOHANA VIGIL;AXUM;;;False;132638;0;1;;;;;;1;;1635,36
3232;LAVALLE 5181;Quilmes;2026-10-05;05-10-2026;02-10-2026;FAC-A-132642;Venta;LAGOPUELO S.A;1501618;1,00;19032,09;23028,83;ESQUIVEL MAURO DAMIAN;;0,00 %;053;Verona Abati;;PH HIG  FRESH ALOE 30M X4/12;19032,09;3430;;3;AUTOSERVICIO;13125,58;LEONARDO SANTA CRUZ;;$;2;SOFTYS ARGENTINA S.A;;;CON;;;;;;;PAPEL HIG;;;;;300;Bruno Centurion;AXUM;;;False;132642;0;1;;;;;;1;;19032,09
3232;LAVALLE 5181;Quilmes;2026-10-05;05-10-2026;02-10-2026;FAC-A-132642;Venta;LAGOPUELO S.A;1501586;1,00;30835,45;37310,89;ESQUIVEL MAURO DAMIAN;;0,00 %;053;Verona Abati;;PH HIGIENOL HS MAX 50x4;30835,45;3430;;3;AUTOSERVICIO;21265,83;LEONARDO SANTA CRUZ;;$;2;SOFTYS ARGENTINA S.A;;;CON;;;;;;;PAPEL HIG;;;;;300;Bruno Centurion;AXUM;;;False;132642;0;1;;;;;;1;;30835,45
3232;LAVALLE 5181;Quilmes;2026-10-05;05-10-2026;02-10-2026;FAC-A-132642;Venta;LAGOPUELO S.A;1501554;1,00;27773,62;33606,08;ESQUIVEL MAURO DAMIAN;;0,00 %;053;Verona Abati;;PH HIGIENOL DH BALANCE 30M X4/10;27773,62;3430;;3;AUTOSERVICIO;19154,22;LEONARDO SANTA CRUZ;;$;2;SOFTYS ARGENTINA S.A;;;CON;;;;;;;PAPEL HIG;;;;;300;Bruno Centurion;AXUM;;;False;132642;0;1;;;;;;1;;27773,62
3232;LAVALLE 5181;Quilmes;2026-10-05;05-10-2026;02-10-2026;FAC-A-132642;Venta;LAGOPUELO S.A;1501553;1,00;22551,25;27287,01;ESQUIVEL MAURO DAMIAN;;15,00 %;053;Verona Abati;;PH HIGIENOL DH PLUS FUSI”N 30M x4/10;22551,25;3430;;3;AUTOSERVICIO;17199,92;LEONARDO SANTA CRUZ;;$;2;SOFTYS ARGENTINA S.A;;;CON;;;;;;;PAPEL HIG;;;;;300;Bruno Centurion;AXUM;;;False;132642;0;1;;;;;;1;;22551,25
3232;LAVALLE 5181;Quilmes;2026-10-05;05-10-2026;02-10-2026;FAC-A-132642;Venta;LAGOPUELO S.A;1505776;15,00;20980,95;25386,95;ESQUIVEL MAURO DAMIAN;;0,00 %;053;Verona Abati;;SE SUSSEX HS 30X30 BLANCA X80;1398,73;3430;;3;AUTOSERVICIO;1036,10;LEONARDO SANTA CRUZ;;$;2;SOFTYS ARGENTINA S.A;;;CON;;;;;;;SERVILLETA;;;;;300;Bruno Centurion;AXUM;;;False;132642;0;1;;;;;;1;;1398,73
3232;LAVALLE 5181;Quilmes;2026-10-05;05-10-2026;02-10-2026;FAC-A-132642;Venta;LAGOPUELO S.A;1504078;8,00;17556,05;21242,82;ESQUIVEL MAURO DAMIAN;;10,00 %;053;Verona Abati;;PL BABYSEC ULTRASOFT XG X8/15;2194,51;3430;;3;AUTOSERVICIO;1806,18;LEONARDO SANTA CRUZ;;$;2;SOFTYS ARGENTINA S.A;;;CON;;;;;;;PAÒAL;;;;;300;Bruno Centurion;AXUM;;;False;132642;0;1;;;;;;1;;2194,51
3910;JOSE ANDRES LOPEZ 1151;solano;2026-10-06;06-10-2026;02-10-2026;FAC-B-132646;Venta;LAGOPUELO S.A;1509755;20,00;23993,40;29032,01;LELING LING;;0,00 %;056;Ezequiel Ferreira;;TF UD T/SECA LADYSOFT ULTRA PROTECT 8;1199,67;3463;;3;AUTOSERVICIO;827,36;SIMON OLIVERA;;$;2;SOFTYS ARGENTINA S.A;;;CON;;;;;;;TOALLA FEMENINA;;;;;300;Bruno Centurion;AXUM;;;False;132646;0;1;;;;;;1;;1199,67
3910;JOSE ANDRES LOPEZ 1151;solano;2026-10-06;06-10-2026;02-10-2026;FAC-B-132646;Venta;LAGOPUELO S.A;1509759;10,00;21307,10;25781,59;LELING LING;;0,00 %;056;Ezequiel Ferreira;;TF UD T/SUAVE EXT ALG 16x20;2130,71;3463;;3;AUTOSERVICIO;1469,45;SIMON OLIVERA;;$;2;SOFTYS ARGENTINA S.A;;;CON;;;;;;;TOALLA FEMENINA;;;;;300;Bruno Centurion;AXUM;;;False;132646;0;1;;;;;;1;;2130,71
3910;JOSE ANDRES LOPEZ 1151;solano;2026-10-06;06-10-2026;02-10-2026;FAC-B-132646;Venta;LAGOPUELO S.A;1509763;10,00;22650,50;27407,11;LELING LING;;0,00 %;056;Ezequiel Ferreira;;TF Nocturna EXT ALGODON 16X16;2265,05;3463;;3;AUTOSERVICIO;1562,11;SIMON OLIVERA;;$;2;SOFTYS ARGENTINA S.A;;;CON;;;;;;;TOALLA FEMENINA;;;;;300;Bruno Centurion;AXUM;;;False;132646;0;1;;;;;;1;;2265,05
104587;Roasenda L 25 1362 1362 0;CRUCESITA;2026-10-05;05-10-2026;02-10-2026;FAC-A-132653;Venta;ELEBES;1509764;10,00;8486,40;10268,54;Diotti Gabriel Eduardo;;0,00 %;27;Samanta Dogliotti;;TF NORMAL T/SUAVE EXT ALGODON 8x54;848,64;3426;;georgalos-7;Almacen;585,27;HERNAN RIVERO;;$;2;SOFTYS ARGENTINA S.A;;;EFV;;;;;;;TOALLA FEMENINA;;;;;25;JOHANA VIGIL;AXUM;;;False;132653;0;1;;;;;;1;;848,64
104587;Roasenda L 25 1362 1362 0;CRUCESITA;2026-10-05;05-10-2026;02-10-2026;FAC-A-132653;Venta;ELEBES;1509749;10,00;13004,20;15735,08;Diotti Gabriel Eduardo;;0,00 %;27;Samanta Dogliotti;;PD ladysoft clasicos 20x30;1300,42;3426;;georgalos-7;Almacen;896,84;HERNAN RIVERO;;$;2;SOFTYS ARGENTINA S.A;;;EFV;;;;;;;PROTECTOR DIARIO;;;;;25;JOHANA VIGIL;AXUM;;;False;132653;0;1;;;;;;1;;1300,42
104587;Roasenda L 25 1362 1362 0;CRUCESITA;2026-10-05;05-10-2026;02-10-2026;FAC-A-132653;Venta;ELEBES;1504077;3,00;7315,05;8851,21;Diotti Gabriel Eduardo;;0,00 %;27;Samanta Dogliotti;;PL BABYSEC ULTRASOFT G 8/20;2438,35;3426;;georgalos-7;Almacen;1806,19;HERNAN RIVERO;;$;2;SOFTYS ARGENTINA S.A;;;EFV;;;;;;;PAÒAL;;;;;25;JOHANA VIGIL;AXUM;;;False;132653;0;1;;;;;;1;;2438,35
104587;Roasenda L 25 1362 1362 0;CRUCESITA;2026-10-05;05-10-2026;02-10-2026;FAC-A-132653;Venta;ELEBES;1504078;3,00;7315,02;8851,17;Diotti Gabriel Eduardo;;0,00 %;27;Samanta Dogliotti;;PL BABYSEC ULTRASOFT XG X8/15;2438,34;3426;;georgalos-7;Almacen;1806,18;HERNAN RIVERO;;$;2;SOFTYS ARGENTINA S.A;;;EFV;;;;;;;PAÒAL;;;;;25;JOHANA VIGIL;AXUM;;;False;132653;0;1;;;;;;1;;2438,34
104587;Roasenda L 25 1362 1362 0;CRUCESITA;2026-10-05;05-10-2026;02-10-2026;FAC-A-132653;Venta;ELEBES;1509764;1,00;0,00;0,00;Diotti Gabriel Eduardo;;100,00 %;27;Samanta Dogliotti;;TF NORMAL T/SUAVE EXT ALGODON 8x54;0,00;3426;;georgalos-7;Almacen;585,27;HERNAN RIVERO;;$;2;SOFTYS ARGENTINA S.A;;;EFV;;;;;;;TOALLA FEMENINA;;;;;25;JOHANA VIGIL;AXUM;;;False;132653;0;1;;;;;;1;;0,00
23296;INT A. PINTOS e/Mercedes y comb. de Santiago - (AUTOSERVICIOS) 3255;LONGCHAMPS;2026-10-05;05-10-2026;02-10-2026;FAC-A-132655;Venta;LAGOPUELO S.A;1509755;40,00;47986,80;58064,03;ZHUANG HONG;;0,00 %;062;Nahuel Martinez;;TF UD T/SECA LADYSOFT ULTRA PROTECT 8;1199,67;3433;;3;Autoservicio B;827,36;WALTER JANIUK;;$;2;SOFTYS ARGENTINA S.A;;;CON;;;;;;;TOALLA FEMENINA;;;;;300;Bruno Centurion;AXUM;;;False;132655;0;1;;;;;;1;;1199,67
23296;INT A. PINTOS e/Mercedes y comb. de Santiago - (AUTOSERVICIOS) 3255;LONGCHAMPS;2026-10-05;05-10-2026;02-10-2026;FAC-A-132655;Venta;LAGOPUELO S.A;1509763;10,00;22650,50;27407,11;ZHUANG HONG;;0,00 %;062;Nahuel Martinez;;TF Nocturna EXT ALGODON 16X16;2265,05;3433;;3;Autoservicio B;1562,11;WALTER JANIUK;;$;2;SOFTYS ARGENTINA S.A;;;CON;;;;;;;TOALLA FEMENINA;;;;;300;Bruno Centurion;AXUM;;;False;132655;0;1;;;;;;1;;2265,05
29346;LACARRA - (PERFUMERIA) 1622;GERLI;2026-10-05;05-10-2026;02-10-2026;FAC-A-132665;Venta;LAGOPUELO S.A;1501553;30,00;556511,74;673379,20;MABEL REY;;30,08 %;24;Cecilia Gauchez;;PH HIGIENOL DH PLUS FUSI”N 30M x4/10;18550,39;3425;;georgalos-803;Perfumeria;17199,92;MARIANO SOSA;;$;2;SOFTYS ARGENTINA S.A;;;CON;;;;;;;PAPEL HIG;;;;;25;JOHANA VIGIL;AXUM;;;False;132665;0;1;;;;;;1;;18550,39
4009;FLORENCIO VARELA 686;EZPELETA;2026-10-05;05-10-2026;02-10-2026;FAC-A-132667;Venta;LAGOPUELO S.A;1509763;10,00;22650,50;27407,11;HESHENG;;0,00 %;2;Fernanda Cejas;;TF Nocturna EXT ALGODON 16X16;2265,05;3430;;3;AUTOSERVICIO;1562,11;LEONARDO SANTA CRUZ;;$;2;SOFTYS ARGENTINA S.A;;;CON;;;;;;;TOALLA FEMENINA;;;;;25;JOHANA VIGIL;AXUM;;;False;132667;0;1;;;;;;1;;2265,05
4009;FLORENCIO VARELA 686;EZPELETA;2026-10-05;05-10-2026;02-10-2026;FAC-A-132667;Venta;LAGOPUELO S.A;1509756;20,00;46674,20;56475,78;HESHENG;;0,00 %;2;Fernanda Cejas;;TF UD T/SECA LADYSOFT UL PRT 16u;2333,71;3430;;3;AUTOSERVICIO;1609,46;LEONARDO SANTA CRUZ;;$;2;SOFTYS ARGENTINA S.A;;;CON;;;;;;;TOALLA FEMENINA;;;;;25;JOHANA VIGIL;AXUM;;;False;132667;0;1;;;;;;1;;2333,71
4009;FLORENCIO VARELA 686;EZPELETA;2026-10-05;05-10-2026;02-10-2026;FAC-A-132667;Venta;LAGOPUELO S.A;1509762;20,00;23443,80;28367,00;HESHENG;;0,00 %;2;Fernanda Cejas;;TF NOCTUR EXT A 8x32;1172,19;3430;;3;AUTOSERVICIO;808,41;LEONARDO SANTA CRUZ;;$;2;SOFTYS ARGENTINA S.A;;;CON;;;;;;;TOALLA FEMENINA;;;;;25;JOHANA VIGIL;AXUM;;;False;132667;0;1;;;;;;1;;1172,19
4736;Calle 881 N 4461;solano;2026-10-06;06-10-2026;02-10-2026;FAC-A-132673;Venta;LAGOPUELO S.A;1505688;3,00;46600,92;56387,11;Chen Hui;;5,00 %;056;Ezequiel Ferreira;;RC Sussex clasico mas blanco 50px3/10;15533,64;3463;;3;AUTOSERVICIO;12112,00;SIMON OLIVERA;;$;2;SOFTYS ARGENTINA S.A;;;CON;;;;;;;ROLLO DE COCINA;;;;;300;Bruno Centurion;AXUM;;;False;132673;0;1;;;;;;1;;15533,64
29505;25 DE MAYO E/RUIZ E IRALA - (AUTOSERVICIOS) 1061;DOCK SUD;2026-10-05;05-10-2026;02-10-2026;FAC-A-132684;Venta;LAGOPUELO S.A;1509761;108,00;85883,76;103919,35;LAS 3 NI—AS;;0,00 %;29;Camila Navarrete;;TF LADYSOFT COMFORT EXT ALGODON 8x54;795,22;3426;;3;Autoservicio B;548,43;HERNAN RIVERO;;$;2;SOFTYS ARGENTINA S.A;;;CON;;;;;;;TOALLA FEMENINA;;;;;25;JOHANA VIGIL;AXUM;;;False;132684;0;1;;;;;;1;;795,22
23877;ROBLE 67;MALVINAS ARGENTINAS;2026-10-06;06-10-2026;02-10-2026;FAC-B-132686;Venta;LAGOPUELO S.A;1505688;1,00;15533,64;18795,70;CLAUDIO REYNOSO;;5,00 %;063;Daniel Martin;;RC Sussex clasico mas blanco 50px3/10;15533,64;3444;;2;ALMACEN;12112,00;CLAUDIO GARCIA;;$;2;SOFTYS ARGENTINA S.A;;;CON;;;;;;;ROLLO DE COCINA;;;;;300;Bruno Centurion;AXUM;;;False;132686;0;1;;;;;;1;;15533,64
25088;TIMBO 260;ADROGUE;2026-10-06;06-10-2026;02-10-2026;FAC-B-132696;Venta;LAGOPUELO S.A;1509762;4,00;4688,76;5673,40;GARCIA GUILLERMO;;0,00 %;063;Daniel Martin;;TF NOCTUR EXT A 8x32;1172,19;3444;;2;ALMACEN;808,41;CLAUDIO GARCIA;;$;2;SOFTYS ARGENTINA S.A;;;CON;;;;;;;TOALLA FEMENINA;;;;;300;Bruno Centurion;AXUM;;;False;132696;0;1;;;;;;1;;1172,19
25088;TIMBO 260;ADROGUE;2026-10-06;06-10-2026;02-10-2026;FAC-B-132696;Venta;LAGOPUELO S.A;1509749;3,00;3901,26;4720,52;GARCIA GUILLERMO;;0,00 %;063;Daniel Martin;;PD ladysoft clasicos 20x30;1300,42;3444;;2;ALMACEN;896,84;CLAUDIO GARCIA;;$;2;SOFTYS ARGENTINA S.A;;;CON;;;;;;;PROTECTOR DIARIO;;;;;300;Bruno Centurion;AXUM;;;False;132696;0;1;;;;;;1;;1300,42
25088;TIMBO 260;ADROGUE;2026-10-06;06-10-2026;02-10-2026;FAC-B-132696;Venta;LAGOPUELO S.A;1509766;3,00;2747,40;3324,35;GARCIA GUILLERMO;;0,00 %;063;Daniel Martin;;TF T/SECA NORMAL MAS PROTECC 8x54;915,80;3444;;2;ALMACEN;631,59;CLAUDIO GARCIA;;$;2;SOFTYS ARGENTINA S.A;;;CON;;;;;;;TOALLA FEMENINA;;;;;300;Bruno Centurion;AXUM;;;False;132696;0;1;;;;;;1;;915,80
25088;TIMBO 260;ADROGUE;2026-10-06;06-10-2026;02-10-2026;FAC-B-132696;Venta;LAGOPUELO S.A;1509764;3,00;2545,92;3080,56;GARCIA GUILLERMO;;0,00 %;063;Daniel Martin;;TF NORMAL T/SUAVE EXT ALGODON 8x54;848,64;3444;;2;ALMACEN;585,27;CLAUDIO GARCIA;;$;2;SOFTYS ARGENTINA S.A;;;CON;;;;;;;TOALLA FEMENINA;;;;;300;Bruno Centurion;AXUM;;;False;132696;0;1;;;;;;1;;848,64
25088;TIMBO 260;ADROGUE;2026-10-06;06-10-2026;02-10-2026;FAC-B-132696;Venta;LAGOPUELO S.A;1509761;3,00;2385,66;2886,65;GARCIA GUILLERMO;;0,00 %;063;Daniel Martin;;TF LADYSOFT COMFORT EXT ALGODON 8x54;795,22;3444;;2;ALMACEN;548,43;CLAUDIO GARCIA;;$;2;SOFTYS ARGENTINA S.A;;;CON;;;;;;;TOALLA FEMENINA;;;;;300;Bruno Centurion;AXUM;;;False;132696;0;1;;;;;;1;;795,22
22382;AV FLORENCIO VARELA - (KIOSCOS/MAXI) 584;EZPELETA ESTE;2026-10-05;05-10-2026;02-10-2026;FAC-B-132697;Venta;LAGOPUELO S.A;1505708;1,00;22612,61;27361,26;MIRTA MONTENEGRO;;0,00 %;2;Fernanda Cejas;;RC SUSEEX CLS MEGARROLO ALTO 200X1;22612,61;3430;;2;ALMACEN;16750,08;LEONARDO SANTA CRUZ;;$;2;SOFTYS ARGENTINA S.A;;;CON;;;;;;;ROLLO DE COCINA;;;;;25;JOHANA VIGIL;AXUM;;;False;132697;0;1;;;;;;1;;22612,61
22382;AV FLORENCIO VARELA - (KIOSCOS/MAXI) 584;EZPELETA ESTE;2026-10-05;05-10-2026;02-10-2026;FAC-B-132697;Venta;LAGOPUELO S.A;1501553;1,00;22551,25;27287,01;MIRTA MONTENEGRO;;15,00 %;2;Fernanda Cejas;;PH HIGIENOL DH PLUS FUSI”N 30M x4/10;22551,25;3430;;2;ALMACEN;17199,92;LEONARDO SANTA CRUZ;;$;2;SOFTYS ARGENTINA S.A;;;CON;;;;;;;PAPEL HIG;;;;;25;JOHANA VIGIL;AXUM;;;False;132697;0;1;;;;;;1;;22551,25
101334;San Martin 845 0;Avellaneda;2026-10-05;05-10-2026;02-10-2026;FAC-A-132703;Venta;LAGOPUELO S.A;1509762;6,00;7033,14;8510,10;Silvia Gomez;;0,00 %;28;Nadia Diaz;;TF NOCTUR EXT A 8x32;1172,19;3426;;3;AUTOSERVICIO;808,41;HERNAN RIVERO;;$;2;SOFTYS ARGENTINA S.A;;;EFV;;;;;;;TOALLA FEMENINA;;;;;25;JOHANA VIGIL;AXUM;;;False;132703;0;1;;;;;;1;;1172,19
101334;San Martin 845 0;Avellaneda;2026-10-05;05-10-2026;02-10-2026;FAC-A-132703;Venta;LAGOPUELO S.A;1509766;6,00;5494,80;6648,71;Silvia Gomez;;0,00 %;28;Nadia Diaz;;TF T/SECA NORMAL MAS PROTECC 8x54;915,80;3426;;3;AUTOSERVICIO;631,59;HERNAN RIVERO;;$;2;SOFTYS ARGENTINA S.A;;;EFV;;;;;;;TOALLA FEMENINA;;;;;25;JOHANA VIGIL;AXUM;;;False;132703;0;1;;;;;;1;;915,80
101334;San Martin 845 0;Avellaneda;2026-10-05;05-10-2026;02-10-2026;FAC-A-132703;Venta;LAGOPUELO S.A;1509761;6,00;4771,32;5773,30;Silvia Gomez;;0,00 %;28;Nadia Diaz;;TF LADYSOFT COMFORT EXT ALGODON 8x54;795,22;3426;;3;AUTOSERVICIO;548,43;HERNAN RIVERO;;$;2;SOFTYS ARGENTINA S.A;;;EFV;;;;;;;TOALLA FEMENINA;;;;;25;JOHANA VIGIL;AXUM;;;False;132703;0;1;;;;;;1;;795,22
4582;Calle 883 ESQ 845;Quilmes;2026-10-06;06-10-2026;02-10-2026;FAC-B-132705;Venta;LAGOPUELO S.A;1509762;10,00;11721,90;14183,50;CARNOVALE DOMINGO;;0,00 %;056;Ezequiel Ferreira;;TF NOCTUR EXT A 8x32;1172,19;3463;;2;ALMACEN;808,41;SIMON OLIVERA;;$;2;SOFTYS ARGENTINA S.A;;;CON;;;;;;;TOALLA FEMENINA;;;;;300;Bruno Centurion;AXUM;;;False;132705;0;1;;;;;;1;;1172,19
4582;Calle 883 ESQ 845;Quilmes;2026-10-06;06-10-2026;02-10-2026;FAC-B-132705;Venta;LAGOPUELO S.A;1509749;6,00;7802,52;9441,05;CARNOVALE DOMINGO;;0,00 %;056;Ezequiel Ferreira;;PD ladysoft clasicos 20x30;1300,42;3463;;2;ALMACEN;896,84;SIMON OLIVERA;;$;2;SOFTYS ARGENTINA S.A;;;CON;;;;;;;PROTECTOR DIARIO;;;;;300;Bruno Centurion;AXUM;;;False;132705;0;1;;;;;;1;;1300,42
27591;YERBAL 543;Lomas de Zamora;2026-10-05;05-10-2026;02-10-2026;FAC-A-132708;Venta;LAGOPUELO S.A;1503118;12,00;19624,32;23745,43;Chen Xiuxia;;0,00 %;074;Romina Baez;;TH BABYSEC ULTRA 50/24;1635,36;3427;;3;Autoservicio B;1127,83;NAHUEL MONTOYA;;$;2;SOFTYS ARGENTINA S.A;;;CON;;;;;;;;;;;;300;Bruno Centurion;AXUM;;;False;132708;0;1;;;;;;1;;1635,36
23113;ENTRE RIOS - (TRADICIONAL) 1574;GLEW;2026-10-05;05-10-2026;02-10-2026;FAC-B-132717;Venta;ELEBES;1509755;10,00;11996,70;14516,01;GILBER VEIZAGA;;0,00 %;061;Nailah Guzman;;TF UD T/SECA LADYSOFT ULTRA PROTECT 8;1199,67;3433;;2;ALMACEN;827,36;WALTER JANIUK;;$;2;SOFTYS ARGENTINA S.A;;;CON;;;;;;;TOALLA FEMENINA;;;;;300;Bruno Centurion;AXUM;;;False;132717;0;1;;;;;;1;;1199,67
23113;ENTRE RIOS - (TRADICIONAL) 1574;GLEW;2026-10-05;05-10-2026;02-10-2026;FAC-B-132717;Venta;ELEBES;1509758;10,00;11157,40;13500,45;GILBER VEIZAGA;;0,00 %;061;Nailah Guzman;;TF UD T/SUAVE EXT ALGO 8X40;1115,74;3433;;2;ALMACEN;769,48;WALTER JANIUK;;$;2;SOFTYS ARGENTINA S.A;;;CON;;;;;;;TOALLA FEMENINA;;;;;300;Bruno Centurion;AXUM;;;False;132717;0;1;;;;;;1;;1115,74
23113;ENTRE RIOS - (TRADICIONAL) 1574;GLEW;2026-10-05;05-10-2026;02-10-2026;FAC-B-132717;Venta;ELEBES;1509756;20,00;46674,20;56475,78;GILBER VEIZAGA;;0,00 %;061;Nailah Guzman;;TF UD T/SECA LADYSOFT UL PRT 16u;2333,71;3433;;2;ALMACEN;1609,46;WALTER JANIUK;;$;2;SOFTYS ARGENTINA S.A;;;CON;;;;;;;TOALLA FEMENINA;;;;;300;Bruno Centurion;AXUM;;;False;132717;0;1;;;;;;1;;2333,71
23113;ENTRE RIOS - (TRADICIONAL) 1574;GLEW;2026-10-05;05-10-2026;02-10-2026;FAC-B-132717;Venta;ELEBES;1509763;16,00;36240,80;43851,37;GILBER VEIZAGA;;0,00 %;061;Nailah Guzman;;TF Nocturna EXT ALGODON 16X16;2265,05;3433;;2;ALMACEN;1562,11;WALTER JANIUK;;$;2;SOFTYS ARGENTINA S.A;;;CON;;;;;;;TOALLA FEMENINA;;;;;300;Bruno Centurion;AXUM;;;False;132717;0;1;;;;;;1;;2265,05
1743;CALLE 2 502;BERAZATEGUI;2026-10-05;05-10-2026;02-10-2026;FAC-B-132719;Venta;ELEBES;1509762;3,00;3516,57;4255,05;OJEDA MARIA;;0,00 %;5;Eliana Huber;;TF NOCTUR EXT A 8x32;1172,19;3428;;5;KIOSCO;808,41;CLAUDIO GARCIA;;$;2;SOFTYS ARGENTINA S.A;;;CON;;;;;;;TOALLA FEMENINA;;;;;25;JOHANA VIGIL;AXUM;;;False;132719;0;1;;;;;;1;;1172,19
1743;CALLE 2 502;BERAZATEGUI;2026-10-05;05-10-2026;02-10-2026;FAC-B-132719;Venta;ELEBES;1509749;6,00;7802,52;9441,05;OJEDA MARIA;;0,00 %;5;Eliana Huber;;PD ladysoft clasicos 20x30;1300,42;3428;;5;KIOSCO;896,84;CLAUDIO GARCIA;;$;2;SOFTYS ARGENTINA S.A;;;CON;;;;;;;PROTECTOR DIARIO;;;;;25;JOHANA VIGIL;AXUM;;;False;132719;0;1;;;;;;1;;1300,42
3018;MITRE 1575;Quilmes;2026-10-05;05-10-2026;02-10-2026;FAC-A-132723;Venta;LAGOPUELO S.A;1509764;6,00;5091,84;6161,13;Cheng Zhangjin;;0,00 %;054;Leonel Caruso;;TF NORMAL T/SUAVE EXT ALGODON 8x54;848,64;3430;;3;AUTOSERVICIO;585,27;LEONARDO SANTA CRUZ;;$;2;SOFTYS ARGENTINA S.A;;;CON;;;;;;;TOALLA FEMENINA;;;;;300;Bruno Centurion;AXUM;;;False;132723;0;1;;;;;;1;;848,64
3018;MITRE 1575;Quilmes;2026-10-05;05-10-2026;02-10-2026;FAC-A-132723;Venta;LAGOPUELO S.A;1509766;6,00;5494,80;6648,71;Cheng Zhangjin;;0,00 %;054;Leonel Caruso;;TF T/SECA NORMAL MAS PROTECC 8x54;915,80;3430;;3;AUTOSERVICIO;631,59;LEONARDO SANTA CRUZ;;$;2;SOFTYS ARGENTINA S.A;;;CON;;;;;;;TOALLA FEMENINA;;;;;300;Bruno Centurion;AXUM;;;False;132723;0;1;;;;;;1;;915,80
3018;MITRE 1575;Quilmes;2026-10-05;05-10-2026;02-10-2026;FAC-A-132723;Venta;LAGOPUELO S.A;1509759;6,00;12784,26;15468,95;Cheng Zhangjin;;0,00 %;054;Leonel Caruso;;TF UD T/SUAVE EXT ALG 16x20;2130,71;3430;;3;AUTOSERVICIO;1469,45;LEONARDO SANTA CRUZ;;$;2;SOFTYS ARGENTINA S.A;;;CON;;;;;;;TOALLA FEMENINA;;;;;300;Bruno Centurion;AXUM;;;False;132723;0;1;;;;;;1;;2130,71
101197;Brandsen 3484 0;Sarandi;2026-10-05;05-10-2026;02-10-2026;FAC-A-132730;Venta;LAGOPUELO S.A;1502206;1,00;26373,10;31911,45;Chen Ying;;0,00 %;26;Sabrina Pereyra;;RC ELITE ULTRA CON ALGODON 120p x2/10;26373,10;3425;;georgalos-7;Almacen;19535,63;MARIANO SOSA;;$;2;SOFTYS ARGENTINA S.A;;;EFV;;;;;;;ROLLO DE COCINA;;;;;25;JOHANA VIGIL;AXUM;;;False;132730;0;1;;;;;;1;;26373,10
23274;GRL ALVEAR 887;Almirante Brown;2026-10-05;05-10-2026;02-10-2026;FAC-B-132734;Venta;LAGOPUELO S.A;1501585;1,00;36501,38;44166,67;CARNICERIA ROSETI;;0,00 %;062;Nahuel Martinez;;PH HIGIENOL HS MAX ALOE PANAL 80M X4;36501,38;3433;;2;ALMACEN;24669,76;WALTER JANIUK;;$;2;SOFTYS ARGENTINA S.A;;;CON;;;;;;;PAPEL HIG;;;;;300;Bruno Centurion;AXUM;;;False;132734;0;1;;;;;;1;;36501,38
23274;GRL ALVEAR 887;Almirante Brown;2026-10-05;05-10-2026;02-10-2026;FAC-B-132734;Venta;LAGOPUELO S.A;1503118;12,00;19624,32;23745,43;CARNICERIA ROSETI;;0,00 %;062;Nahuel Martinez;;TH BABYSEC ULTRA 50/24;1635,36;3433;;2;ALMACEN;1127,83;WALTER JANIUK;;$;2;SOFTYS ARGENTINA S.A;;;CON;;;;;;;;;;;;300;Bruno Centurion;AXUM;;;False;132734;0;1;;;;;;1;;1635,36
4320;Calle 882 N 4753;Quilmes;2026-10-06;06-10-2026;02-10-2026;FAC-A-132736;Venta;LAGOPUELO S.A;1509755;10,00;11996,70;14516,01;CHEN MIN;;0,00 %;056;Ezequiel Ferreira;;TF UD T/SECA LADYSOFT ULTRA PROTECT 8;1199,67;3463;;3;AUTOSERVICIO;827,36;SIMON OLIVERA;;$;2;SOFTYS ARGENTINA S.A;;;CON;;;;;;;TOALLA FEMENINA;;;;;300;Bruno Centurion;AXUM;;;False;132736;0;1;;;;;;1;;1199,67
4320;Calle 882 N 4753;Quilmes;2026-10-06;06-10-2026;02-10-2026;FAC-A-132736;Venta;LAGOPUELO S.A;1509761;10,00;7952,20;9622,16;CHEN MIN;;0,00 %;056;Ezequiel Ferreira;;TF LADYSOFT COMFORT EXT ALGODON 8x54;795,22;3463;;3;AUTOSERVICIO;548,43;SIMON OLIVERA;;$;2;SOFTYS ARGENTINA S.A;;;CON;;;;;;;TOALLA FEMENINA;;;;;300;Bruno Centurion;AXUM;;;False;132736;0;1;;;;;;1;;795,22
100488;Mitre 1925 0;CRUCESITA;2026-10-05;05-10-2026;02-10-2026;FAC-A-132741;Venta;LAGOPUELO S.A;1505708;1,00;22612,61;27361,26;Marchese Daniel Alejandro;;0,00 %;27;Samanta Dogliotti;;RC SUSEEX CLS MEGARROLO ALTO 200X1;22612,61;3426;;georgalos-7;Almacen;16750,08;HERNAN RIVERO;;$;2;SOFTYS ARGENTINA S.A;;;EFV;;;;;;;ROLLO DE COCINA;;;;;25;JOHANA VIGIL;AXUM;;;False;132741;0;1;;;;;;1;;22612,61
100488;Mitre 1925 0;CRUCESITA;2026-10-05;05-10-2026;02-10-2026;FAC-A-132741;Venta;LAGOPUELO S.A;1501627;1,00;12040,70;14569,25;Marchese Daniel Alejandro;;10,00 %;27;Samanta Dogliotti;;PH Higienol HS Balanced 20mx4/12;12040,70;3426;;georgalos-7;Almacen;9488,34;HERNAN RIVERO;;$;2;SOFTYS ARGENTINA S.A;;;EFV;;;;;;;PAPEL HIG;;;;;25;JOHANA VIGIL;AXUM;;;False;132741;0;1;;;;;;1;;12040,70
5050;GABRIELA MISTRAL 801;FLORENCIO VARELA;2026-10-06;06-10-2026;02-10-2026;FAC-B-132742;Venta;ELEBES;1509764;10,00;8486,40;10268,54;KAREN GODOY;;0,00 %;6;Nieves Alegre;;TF NORMAL T/SUAVE EXT ALGODON 8x54;848,64;3463;;2;ALMACEN;585,27;SIMON OLIVERA;;$;2;SOFTYS ARGENTINA S.A;;;CON;;;;;;;TOALLA FEMENINA;;;;;25;JOHANA VIGIL;AXUM;;;False;132742;0;1;;;;;;1;;848,64
5050;GABRIELA MISTRAL 801;FLORENCIO VARELA;2026-10-06;06-10-2026;02-10-2026;FAC-B-132742;Venta;ELEBES;1509764;1,00;0,00;0,00;KAREN GODOY;;100,00 %;6;Nieves Alegre;;TF NORMAL T/SUAVE EXT ALGODON 8x54;0,00;3463;;2;ALMACEN;585,27;SIMON OLIVERA;;$;2;SOFTYS ARGENTINA S.A;;;CON;;;;;;;TOALLA FEMENINA;;;;;25;JOHANA VIGIL;AXUM;;;False;132742;0;1;;;;;;1;;0,00
27402;Cabrera - (AUTOSERVICIOS) 445;BANFIELD;2026-10-05;05-10-2026;02-10-2026;FAC-A-132759;Venta;LAGOPUELO S.A;1501627;15,00;170576,64;206397,73;YE FENGYU;;15,00 %;073;Florencia Cubilla;;PH Higienol HS Balanced 20mx4/12;11371,78;3427;;3;Autoservicio B;9488,34;NAHUEL MONTOYA;;$;2;SOFTYS ARGENTINA S.A;;;CON;;;;;;;PAPEL HIG;;;;;300;Bruno Centurion;AXUM;;;False;132759;0;1;;;;;;1;;11371,78
4662;Calle 850 N 544;Quilmes;2026-10-06;06-10-2026;02-10-2026;FAC-A-132762;Venta;LAGOPUELO S.A;1509755;12,00;14396,04;17419,21;LIU XUEXING;;0,00 %;056;Ezequiel Ferreira;;TF UD T/SECA LADYSOFT ULTRA PROTECT 8;1199,67;3463;;3;AUTOSERVICIO;827,36;SIMON OLIVERA;;$;2;SOFTYS ARGENTINA S.A;;;CON;;;;;;;TOALLA FEMENINA;;;;;300;Bruno Centurion;AXUM;;;False;132762;0;1;;;;;;1;;1199,67
4662;Calle 850 N 544;Quilmes;2026-10-06;06-10-2026;02-10-2026;FAC-A-132762;Venta;LAGOPUELO S.A;1509764;12,00;10183,68;12322,25;LIU XUEXING;;0,00 %;056;Ezequiel Ferreira;;TF NORMAL T/SUAVE EXT ALGODON 8x54;848,64;3463;;3;AUTOSERVICIO;585,27;SIMON OLIVERA;;$;2;SOFTYS ARGENTINA S.A;;;CON;;;;;;;TOALLA FEMENINA;;;;;300;Bruno Centurion;AXUM;;;False;132762;0;1;;;;;;1;;848,64
4662;Calle 850 N 544;Quilmes;2026-10-06;06-10-2026;02-10-2026;FAC-A-132762;Venta;LAGOPUELO S.A;1509761;12,00;9542,64;11546,59;LIU XUEXING;;0,00 %;056;Ezequiel Ferreira;;TF LADYSOFT COMFORT EXT ALGODON 8x54;795,22;3463;;3;AUTOSERVICIO;548,43;SIMON OLIVERA;;$;2;SOFTYS ARGENTINA S.A;;;CON;;;;;;;TOALLA FEMENINA;;;;;300;Bruno Centurion;AXUM;;;False;132762;0;1;;;;;;1;;795,22
4662;Calle 850 N 544;Quilmes;2026-10-06;06-10-2026;02-10-2026;FAC-A-132762;Venta;LAGOPUELO S.A;1505708;1,00;22612,61;27361,26;LIU XUEXING;;0,00 %;056;Ezequiel Ferreira;;RC SUSEEX CLS MEGARROLO ALTO 200X1;22612,61;3463;;3;AUTOSERVICIO;16750,08;SIMON OLIVERA;;$;2;SOFTYS ARGENTINA S.A;;;CON;;;;;;;ROLLO DE COCINA;;;;;300;Bruno Centurion;AXUM;;;False;132762;0;1;;;;;;1;;22612,61
4662;Calle 850 N 544;Quilmes;2026-10-06;06-10-2026;02-10-2026;FAC-A-132762;Venta;LAGOPUELO S.A;1505688;1,00;15533,64;18795,70;LIU XUEXING;;5,00 %;056;Ezequiel Ferreira;;RC Sussex clasico mas blanco 50px3/10;15533,64;3463;;3;AUTOSERVICIO;12112,00;SIMON OLIVERA;;$;2;SOFTYS ARGENTINA S.A;;;CON;;;;;;;ROLLO DE COCINA;;;;;300;Bruno Centurion;AXUM;;;False;132762;0;1;;;;;;1;;15533,64
4662;Calle 850 N 544;Quilmes;2026-10-06;06-10-2026;02-10-2026;FAC-A-132762;Venta;LAGOPUELO S.A;1509764;1,00;0,00;0,00;LIU XUEXING;;100,00 %;056;Ezequiel Ferreira;;TF NORMAL T/SUAVE EXT ALGODON 8x54;0,00;3463;;3;AUTOSERVICIO;585,27;SIMON OLIVERA;;$;2;SOFTYS ARGENTINA S.A;;;CON;;;;;;;TOALLA FEMENINA;;;;;300;Bruno Centurion;AXUM;;;False;132762;0;1;;;;;;1;;0,00
917;RAMON FRANCO 6175;WILDE;2026-10-05;05-10-2026;02-10-2026;FAC-A-132767;Venta;LAGOPUELO S.A;1509764;10,00;8486,40;10268,54;YAMILA CORRADO;;0,00 %;30;Oriana Songini;;TF NORMAL T/SUAVE EXT ALGODON 8x54;848,64;3425;;5;KIOSCO;585,27;MARIANO SOSA;;$;2;SOFTYS ARGENTINA S.A;;;CON;;;;;;;TOALLA FEMENINA;;;;;25;JOHANA VIGIL;AXUM;;;False;132767;0;1;;;;;;1;;848,64
917;RAMON FRANCO 6175;WILDE;2026-10-05;05-10-2026;02-10-2026;FAC-A-132767;Venta;LAGOPUELO S.A;1509764;1,00;0,00;0,00;YAMILA CORRADO;;100,00 %;30;Oriana Songini;;TF NORMAL T/SUAVE EXT ALGODON 8x54;0,00;3425;;5;KIOSCO;585,27;MARIANO SOSA;;$;2;SOFTYS ARGENTINA S.A;;;CON;;;;;;;TOALLA FEMENINA;;;;;25;JOHANA VIGIL;AXUM;;;False;132767;0;1;;;;;;1;;0,00
3126;AVDA MOSCONI 4979;Quilmes;2026-10-06;06-10-2026;02-10-2026;FAC-A-132769;Venta;LAGOPUELO S.A;1509762;10,00;11721,90;14183,50;LIU XIONG;;0,00 %;056;Ezequiel Ferreira;;TF NOCTUR EXT A 8x32;1172,19;3463;;3;AUTOSERVICIO;808,41;SIMON OLIVERA;;$;2;SOFTYS ARGENTINA S.A;;;CON;;;;;;;TOALLA FEMENINA;;;;;300;Bruno Centurion;AXUM;;;False;132769;0;1;;;;;;1;;1172,19
3126;AVDA MOSCONI 4979;Quilmes;2026-10-06;06-10-2026;02-10-2026;FAC-A-132769;Venta;LAGOPUELO S.A;1509766;10,00;9158,00;11081,18;LIU XIONG;;0,00 %;056;Ezequiel Ferreira;;TF T/SECA NORMAL MAS PROTECC 8x54;915,80;3463;;3;AUTOSERVICIO;631,59;SIMON OLIVERA;;$;2;SOFTYS ARGENTINA S.A;;;CON;;;;;;;TOALLA FEMENINA;;;;;300;Bruno Centurion;AXUM;;;False;132769;0;1;;;;;;1;;915,80
3126;AVDA MOSCONI 4979;Quilmes;2026-10-06;06-10-2026;02-10-2026;FAC-A-132769;Venta;LAGOPUELO S.A;1509761;12,00;9542,64;11546,59;LIU XIONG;;0,00 %;056;Ezequiel Ferreira;;TF LADYSOFT COMFORT EXT ALGODON 8x54;795,22;3463;;3;AUTOSERVICIO;548,43;SIMON OLIVERA;;$;2;SOFTYS ARGENTINA S.A;;;CON;;;;;;;TOALLA FEMENINA;;;;;300;Bruno Centurion;AXUM;;;False;132769;0;1;;;;;;1;;795,22
5932;CNO GRL BELGRANO 7465;JUAN MARIA GUTIERREZ;2026-10-05;05-10-2026;02-10-2026;FAC-A-132774;Venta;LAGOPUELO S.A;1504088;40,00;487494,45;589868,29;MUNDO INFANTIL;;3,00 %;076;Martin Di Giorno;;PL BABYSEC ULTRSOFT XXG x50/4;12187,36;3431;;georgalos-32;Mayoristas;10647,70;JUAN ESCOTO;;$;2;SOFTYS ARGENTINA S.A;;;07D;;;;;;;PAÒAL;;;;;300;Bruno Centurion;AXUM;;;False;132774;0;2;;;;;;1;;12187,36
5932;CNO GRL BELGRANO 7465;JUAN MARIA GUTIERREZ;2026-10-05;05-10-2026;02-10-2026;FAC-A-132775;Venta;LAGOPUELO S.A;1503126;120,00;296542,97;358816,99;MUNDO INFANTIL;;3,00 %;076;Martin Di Giorno;;TH Babysec Multiuso x 120 un;2471,19;3431;;georgalos-32;Mayoristas;2159,00;JUAN ESCOTO;;$;2;SOFTYS ARGENTINA S.A;;;07D;;;;;;;SOFTYS;;;;;300;Bruno Centurion;AXUM;;;False;132775;0;2;;;;;;1;;2471,19
5932;CNO GRL BELGRANO 7465;JUAN MARIA GUTIERREZ;2026-10-05;05-10-2026;02-10-2026;FAC-A-132775;Venta;LAGOPUELO S.A;1504088;20,00;243747,23;294934,14;MUNDO INFANTIL;;3,00 %;076;Martin Di Giorno;;PL BABYSEC ULTRSOFT XXG x50/4;12187,36;3431;;georgalos-32;Mayoristas;10647,70;JUAN ESCOTO;;$;2;SOFTYS ARGENTINA S.A;;;07D;;;;;;;PAÒAL;;;;;300;Bruno Centurion;AXUM;;;False;132775;0;2;;;;;;1;;12187,36
29231;amenedo 811;BURZACO;2026-10-06;06-10-2026;05-10-2026;FAC-B-132802;Venta;Empresa LAGOPUELO;1503131;20,00;49509,20;59906,13;Carlos Dante de santis;;0,00 %;063;Daniel Martin;;TH BABYSEC PREMIUM X45/10;2475,46;3444;;OTR;PaÒalera;1707,21;CLAUDIO GARCIA;;$;2;SOFTYS ARGENTINA S.A;;;07D;;;;;;;TOALLA HUMEDA;;;;;300;Bruno Centurion;AXUM;;;False;132802;0;1;;;;;;1;;2475,46
29231;amenedo 811;BURZACO;2026-10-06;06-10-2026;05-10-2026;FAC-B-132802;Venta;Empresa LAGOPUELO;1503118;24,00;39248,64;47490,85;Carlos Dante de santis;;0,00 %;063;Daniel Martin;;TH BABYSEC ULTRA 50/24;1635,36;3444;;OTR;PaÒalera;1127,83;CLAUDIO GARCIA;;$;2;SOFTYS ARGENTINA S.A;;;07D;;;;;;;;;;;;300;Bruno Centurion;AXUM;;;False;132802;0;1;;;;;;1;;1635,36
29231;amenedo 811;BURZACO;2026-10-06;06-10-2026;05-10-2026;FAC-B-132802;Venta;Empresa LAGOPUELO;1503126;12,00;34975,80;42320,72;Carlos Dante de santis;;0,00 %;063;Daniel Martin;;TH Babysec Multiuso x 120 un;2914,65;3444;;OTR;PaÒalera;2159,00;CLAUDIO GARCIA;;$;2;SOFTYS ARGENTINA S.A;;;07D;;;;;;;SOFTYS;;;;;300;Bruno Centurion;AXUM;;;False;132802;0;1;;;;;;1;;2914,65
104668;Condarco 1634 0;WILDE;2026-10-02;02-10-2026;05-10-2026;NCR-A-132805;DevoluciÛn por Rechazo;ELEBES;1509762;-12,00;-14066,28;-17020,20;Guo Jiali;RECHAZA, MUY CARO;0,00 %;24;Cecilia Gauchez;;TF NOCTUR EXT A 8x32;1172,19;3408;;3;AUTOSERVICIO;808,41;CLAUDIO GARCIA;;$;2;SOFTYS ARGENTINA S.A;;;EFV;;;;;;;TOALLA FEMENINA;;;;;25;JOHANA VIGIL;gcw;131659;;True;132805;0;1;;;;;;1;;1172,19
23448;AV GRL SAN MARTIN 1765;Almirante Brown;2026-10-02;02-10-2026;05-10-2026;NCR-A-132816;DevoluciÛn por Rechazo;LAGOPUELO S.A;1505411;-36,00;-54137,88;-65506,83;JIACHEN S.R.L.;NO QUIERE EL CLIENTE;0,00 %;062;Nahuel Martinez;;P— ELITE FACIALES DISNEY x90/36;1503,83;3416;;3;Autoservicio A;1037,12;NAHUEL MONTOYA;;$;2;SOFTYS ARGENTINA S.A;;;CON;;;;;;;PAÒUELOS;;;;;300;Bruno Centurion;gcw;131743;;True;132816;0;1;;;;;;1;;1503,83
23448;AV GRL SAN MARTIN 1765;Almirante Brown;2026-10-02;02-10-2026;05-10-2026;NCR-A-132816;DevoluciÛn por Rechazo;LAGOPUELO S.A;1509766;-15,00;-13737,00;-16621,77;JIACHEN S.R.L.;NO QUIERE EL CLIENTE;0,00 %;062;Nahuel Martinez;;TF T/SECA NORMAL MAS PROTECC 8x54;915,80;3416;;3;Autoservicio A;631,59;NAHUEL MONTOYA;;$;2;SOFTYS ARGENTINA S.A;;;CON;;;;;;;TOALLA FEMENINA;;;;;300;Bruno Centurion;gcw;131743;;True;132816;0;1;;;;;;1;;915,80
23448;AV GRL SAN MARTIN 1765;Almirante Brown;2026-10-02;02-10-2026;05-10-2026;NCR-A-132816;DevoluciÛn por Rechazo;LAGOPUELO S.A;1509758;-15,00;-16736,10;-20250,68;JIACHEN S.R.L.;NO QUIERE EL CLIENTE;0,00 %;062;Nahuel Martinez;;TF UD T/SUAVE EXT ALGO 8X40;1115,74;3416;;3;Autoservicio A;769,48;NAHUEL MONTOYA;;$;2;SOFTYS ARGENTINA S.A;;;CON;;;;;;;TOALLA FEMENINA;;;;;300;Bruno Centurion;gcw;131743;;True;132816;0;1;;;;;;1;;1115,74
29090;ALGARROBO - (TRADICIONAL) 390;ADROGUE;2026-10-02;02-10-2026;05-10-2026;NCR-A-132817;DevoluciÛn por Rechazo;ELEBES;1501627;-2,00;-24081,41;-29138,50;MIRIAM ROSANA COLMAN;NO QUIERE EL CLIENTE;10,00 %;063;Daniel Martin;;PH Higienol HS Balanced 20mx4/12;12040,70;3416;;2;ALMACEN;9488,34;NAHUEL MONTOYA;;$;2;SOFTYS ARGENTINA S.A;;;CON;;;;;;;PAPEL HIG;;;;;300;Bruno Centurion;gcw;131812;;True;132817;0;1;;;;;;1;;12040,70
27397;Maipu - (AUTOSERVICIOS) 111;BANFIELD;2026-10-06;06-10-2026;05-10-2026;FAC-A-132818;Venta;LAGOPUELO S.A;1509761;12,00;9542,64;11546,59;Bavosi Juan Martin;;0,00 %;074;Romina Baez;;TF LADYSOFT COMFORT EXT ALGODON 8x54;795,22;3442;;5;KIOSCO;548,43;MARIANO SOSA;;$;2;SOFTYS ARGENTINA S.A;;;CON;;;;;;;TOALLA FEMENINA;;;;;300;Bruno Centurion;AXUM;;;False;132818;0;1;;;;;;1;;795,22
27397;Maipu - (AUTOSERVICIOS) 111;BANFIELD;2026-10-06;06-10-2026;05-10-2026;FAC-A-132818;Venta;LAGOPUELO S.A;1509762;12,00;14066,28;17020,20;Bavosi Juan Martin;;0,00 %;074;Romina Baez;;TF NOCTUR EXT A 8x32;1172,19;3442;;5;KIOSCO;808,41;MARIANO SOSA;;$;2;SOFTYS ARGENTINA S.A;;;CON;;;;;;;TOALLA FEMENINA;;;;;300;Bruno Centurion;AXUM;;;False;132818;0;1;;;;;;1;;1172,19
27397;Maipu - (AUTOSERVICIOS) 111;BANFIELD;2026-10-06;06-10-2026;05-10-2026;FAC-A-132818;Venta;LAGOPUELO S.A;1509764;12,00;10183,68;12322,25;Bavosi Juan Martin;;0,00 %;074;Romina Baez;;TF NORMAL T/SUAVE EXT ALGODON 8x54;848,64;3442;;5;KIOSCO;585,27;MARIANO SOSA;;$;2;SOFTYS ARGENTINA S.A;;;CON;;;;;;;TOALLA FEMENINA;;;;;300;Bruno Centurion;AXUM;;;False;132818;0;1;;;;;;1;;848,64
27397;Maipu - (AUTOSERVICIOS) 111;BANFIELD;2026-10-06;06-10-2026;05-10-2026;FAC-A-132818;Venta;LAGOPUELO S.A;1509766;12,00;10989,60;13297,42;Bavosi Juan Martin;;0,00 %;074;Romina Baez;;TF T/SECA NORMAL MAS PROTECC 8x54;915,80;3442;;5;KIOSCO;631,59;MARIANO SOSA;;$;2;SOFTYS ARGENTINA S.A;;;CON;;;;;;;TOALLA FEMENINA;;;;;300;Bruno Centurion;AXUM;;;False;132818;0;1;;;;;;1;;915,80
27397;Maipu - (AUTOSERVICIOS) 111;BANFIELD;2026-10-06;06-10-2026;05-10-2026;FAC-A-132818;Venta;LAGOPUELO S.A;1503118;10,00;16353,60;19787,86;Bavosi Juan Martin;;0,00 %;074;Romina Baez;;TH BABYSEC ULTRA 50/24;1635,36;3442;;5;KIOSCO;1127,83;MARIANO SOSA;;$;2;SOFTYS ARGENTINA S.A;;;CON;;;;;;;;;;;;300;Bruno Centurion;AXUM;;;False;132818;0;1;;;;;;1;;1635,36
27397;Maipu - (AUTOSERVICIOS) 111;BANFIELD;2026-10-06;06-10-2026;05-10-2026;FAC-A-132818;Venta;LAGOPUELO S.A;1509764;1,00;0,00;0,00;Bavosi Juan Martin;;100,00 %;074;Romina Baez;;TF NORMAL T/SUAVE EXT ALGODON 8x54;0,00;3442;;5;KIOSCO;585,27;MARIANO SOSA;;$;2;SOFTYS ARGENTINA S.A;;;CON;;;;;;;TOALLA FEMENINA;;;;;300;Bruno Centurion;AXUM;;;False;132818;0;1;;;;;;1;;0,00
2100;Calle 142B N 3150;Berazategui;2026-10-06;06-10-2026;05-10-2026;FAC-A-132822;Venta;LAGOPUELO S.A;1501553;2,00;45102,50;54574,02;COZZARIN ESTELA ELIZABETH;;15,00 %;4;Selene Pawlikowski;;PH HIGIENOL DH PLUS FUSI”N 30M x4/10;22551,25;3443;;3;AUTOSERVICIO;17199,92;JUAN ESCOTO;;$;2;SOFTYS ARGENTINA S.A;;;CON;;;;;;;PAPEL HIG;;;;;25;JOHANA VIGIL;AXUM;;;False;132822;0;1;;;;;;1;;22551,25
2100;Calle 142B N 3150;Berazategui;2026-10-06;06-10-2026;05-10-2026;FAC-A-132822;Venta;LAGOPUELO S.A;1501627;2,00;24081,41;29138,50;COZZARIN ESTELA ELIZABETH;;10,00 %;4;Selene Pawlikowski;;PH Higienol HS Balanced 20mx4/12;12040,70;3443;;3;AUTOSERVICIO;9488,34;JUAN ESCOTO;;$;2;SOFTYS ARGENTINA S.A;;;CON;;;;;;;PAPEL HIG;;;;;25;JOHANA VIGIL;AXUM;;;False;132822;0;1;;;;;;1;;12040,70
2100;Calle 142B N 3150;Berazategui;2026-10-06;06-10-2026;05-10-2026;FAC-A-132822;Venta;LAGOPUELO S.A;1505688;2,00;31067,28;37591,41;COZZARIN ESTELA ELIZABETH;;5,00 %;4;Selene Pawlikowski;;RC Sussex clasico mas blanco 50px3/10;15533,64;3443;;3;AUTOSERVICIO;12112,00;JUAN ESCOTO;;$;2;SOFTYS ARGENTINA S.A;;;CON;;;;;;;ROLLO DE COCINA;;;;;25;JOHANA VIGIL;AXUM;;;False;132822;0;1;;;;;;1;;15533,64
27766;LARROQUE - (TRADICIONAL) 1532;BANFIELD;2026-10-06;06-10-2026;05-10-2026;FAC-A-132829;Venta;LAGOPUELO S.A;1501854;1,00;17507,23;21183,75;PIONERE DEL MERCATO S.A.;;0,00 %;074;Romina Baez;;PH Higienol Texturado 30m x4/12;17507,23;3442;;3;Autoservicio B;12073,95;MARIANO SOSA;;$;2;SOFTYS ARGENTINA S.A;;;CON;;;;;;;PAPEL HIG;;;;;300;Bruno Centurion;AXUM;;;False;132829;0;1;;;;;;1;;17507,23
27766;LARROQUE - (TRADICIONAL) 1532;BANFIELD;2026-10-06;06-10-2026;05-10-2026;FAC-A-132829;Venta;LAGOPUELO S.A;1501585;1,00;36501,38;44166,67;PIONERE DEL MERCATO S.A.;;0,00 %;074;Romina Baez;;PH HIGIENOL HS MAX ALOE PANAL 80M X4;36501,38;3442;;3;Autoservicio B;24669,76;MARIANO SOSA;;$;2;SOFTYS ARGENTINA S.A;;;CON;;;;;;;PAPEL HIG;;;;;300;Bruno Centurion;AXUM;;;False;132829;0;1;;;;;;1;;36501,38
27766;LARROQUE - (TRADICIONAL) 1532;BANFIELD;2026-10-06;06-10-2026;05-10-2026;FAC-A-132829;Venta;LAGOPUELO S.A;1502607;1,00;27858,59;33708,89;PIONERE DEL MERCATO S.A.;;0,00 %;074;Romina Baez;;PH ELITE ULTRA DH SOFT T C/ALG 30Mx4;27858,59;3442;;3;Autoservicio B;18637,00;MARIANO SOSA;;$;2;SOFTYS ARGENTINA S.A;;;CON;;;;;;;PAPEL HIG;;;;;300;Bruno Centurion;AXUM;;;False;132829;0;1;;;;;;1;;27858,59
27766;LARROQUE - (TRADICIONAL) 1532;BANFIELD;2026-10-06;06-10-2026;05-10-2026;FAC-A-132829;Venta;LAGOPUELO S.A;1509232;1,00;13179,71;15947,45;PIONERE DEL MERCATO S.A.;;0,00 %;074;Romina Baez;;RC NOBLE 40P x3/10;13179,71;3442;;3;Autoservicio B;9762,75;MARIANO SOSA;;$;2;SOFTYS ARGENTINA S.A;;;CON;;;;;;;ROLLO DE COCINA;;;;;300;Bruno Centurion;AXUM;;;False;132829;0;1;;;;;;1;;13179,71
27382;Av. Gral Martin Rodriguez 1095;VILLLA CENTENARIO;2026-10-06;06-10-2026;05-10-2026;FAC-A-132834;Venta;LAGOPUELO S.A;1501627;2,00;24081,41;29138,50;Bao Jinchun;;10,00 %;073;Florencia Cubilla;;PH Higienol HS Balanced 20mx4/12;12040,70;3442;;3;Autoservicio B;9488,34;MARIANO SOSA;;$;2;SOFTYS ARGENTINA S.A;;;CON;;;;;;;PAPEL HIG;;;;;300;Bruno Centurion;AXUM;;;False;132834;0;1;;;;;;1;;12040,70
5475;Juan Domingo PerÛn 2549;FLORENCIO VARELA;2026-10-06;06-10-2026;05-10-2026;FAC-A-132837;Venta;LAGOPUELO S.A;1503118;24,00;39248,64;47490,85;LIN XIUJUAN;;0,00 %;6;Nieves Alegre;;TH BABYSEC ULTRA 50/24;1635,36;3463;;3;AUTOSERVICIO;1127,83;SIMON OLIVERA;;$;2;SOFTYS ARGENTINA S.A;;;CON;;;;;;;;;;;;25;JOHANA VIGIL;AXUM;;;False;132837;0;1;;;;;;1;;1635,36
5475;Juan Domingo PerÛn 2549;FLORENCIO VARELA;2026-10-06;06-10-2026;05-10-2026;FAC-A-132837;Venta;LAGOPUELO S.A;1509762;32,00;36384,78;44025,58;LIN XIUJUAN;;3,00 %;6;Nieves Alegre;;TF NOCTUR EXT A 8x32;1137,02;3463;;3;AUTOSERVICIO;808,41;SIMON OLIVERA;;$;2;SOFTYS ARGENTINA S.A;;;CON;;;;;;;TOALLA FEMENINA;;;;;25;JOHANA VIGIL;AXUM;;;False;132837;0;1;;;;;;1;;1137,02
5475;Juan Domingo PerÛn 2549;FLORENCIO VARELA;2026-10-06;06-10-2026;05-10-2026;FAC-A-132837;Venta;LAGOPUELO S.A;1509758;40,00;43290,71;52381,76;LIN XIUJUAN;;3,00 %;6;Nieves Alegre;;TF UD T/SUAVE EXT ALGO 8X40;1082,27;3463;;3;AUTOSERVICIO;769,48;SIMON OLIVERA;;$;2;SOFTYS ARGENTINA S.A;;;CON;;;;;;;TOALLA FEMENINA;;;;;25;JOHANA VIGIL;AXUM;;;False;132837;0;1;;;;;;1;;1082,27
5475;Juan Domingo PerÛn 2549;FLORENCIO VARELA;2026-10-06;06-10-2026;05-10-2026;FAC-A-132837;Venta;LAGOPUELO S.A;1509755;40,00;46547,20;56322,11;LIN XIUJUAN;;3,00 %;6;Nieves Alegre;;TF UD T/SECA LADYSOFT ULTRA PROTECT 8;1163,68;3463;;3;AUTOSERVICIO;827,36;SIMON OLIVERA;;$;2;SOFTYS ARGENTINA S.A;;;CON;;;;;;;TOALLA FEMENINA;;;;;25;JOHANA VIGIL;AXUM;;;False;132837;0;1;;;;;;1;;1163,68
29162;BRANDSEN - (TRADICIONAL) 359;QUILMES;2026-10-02;02-10-2026;05-10-2026;NCR-A-132845;DevoluciÛn por Rechazo;LAGOPUELO S.A;1505708;-1,00;-20733,71;-25087,79;FLORENCIA MARIA MEDINA;CERRADO DENTRO DE HORARIO;0,00 %;2;Fernanda Cejas;;RC SUSEEX CLS MEGARROLO ALTO 200X1;20733,71;3413;;2;ALMACEN;16750,08;HERNAN RIVERO;;$;2;SOFTYS ARGENTINA S.A;;;CON;;;;;;;ROLLO DE COCINA;;;;;25;JOHANA VIGIL;gcw;130893;;True;132845;0;1;;;;;;1;;20733,71
29162;BRANDSEN - (TRADICIONAL) 359;QUILMES;2026-10-02;02-10-2026;05-10-2026;NCR-A-132845;DevoluciÛn por Rechazo;LAGOPUELO S.A;1505688;-1,00;-15042,56;-18201,49;FLORENCIA MARIA MEDINA;CERRADO DENTRO DE HORARIO;5,00 %;2;Fernanda Cejas;;RC Sussex clasico mas blanco 50px3/10;15042,56;3413;;2;ALMACEN;12112,00;HERNAN RIVERO;;$;2;SOFTYS ARGENTINA S.A;;;CON;;;;;;;ROLLO DE COCINA;;;;;25;JOHANA VIGIL;gcw;130893;;True;132845;0;1;;;;;;1;;15042,56
29162;BRANDSEN - (TRADICIONAL) 359;QUILMES;2026-10-02;02-10-2026;05-10-2026;NCR-A-132845;DevoluciÛn por Rechazo;LAGOPUELO S.A;1501553;-1,00;-18915,57;-22887,83;FLORENCIA MARIA MEDINA;CERRADO DENTRO DE HORARIO;23,00 %;2;Fernanda Cejas;;PH HIGIENOL DH PLUS FUSI”N 30M x4/10;18915,57;3413;;2;ALMACEN;17199,92;HERNAN RIVERO;;$;2;SOFTYS ARGENTINA S.A;;;CON;;;;;;;PAPEL HIG;;;;;25;JOHANA VIGIL;gcw;130893;;True;132845;0;1;;;;;;1;;18915,57
105956;Udaondo 1332 0;LANUS;2026-10-06;06-10-2026;05-10-2026;FAC-A-132848;Venta;LAGOPUELO S.A;1509759;6,00;12784,26;15468,95;Lin Liqin;;0,00 %;30;Oriana Songini;;TF UD T/SUAVE EXT ALG 16x20;2130,71;3441;;3;AUTOSERVICIO;1469,45;HERNAN RIVERO;;$;2;SOFTYS ARGENTINA S.A;;;EFV;;;;;;;TOALLA FEMENINA;;;;;25;JOHANA VIGIL;AXUM;;;False;132848;0;1;;;;;;1;;2130,71
102819;Noya 315 0;GERLI;2026-10-06;06-10-2026;05-10-2026;FAC-A-132858;Venta;LAGOPUELO S.A;1509764;6,00;5091,84;6161,13;Lin Hua;;0,00 %;26;Sabrina Pereyra;;TF NORMAL T/SUAVE EXT ALGODON 8x54;848,64;3441;;3;AUTOSERVICIO;585,27;HERNAN RIVERO;;$;2;SOFTYS ARGENTINA S.A;;;EFV;;;;;;;TOALLA FEMENINA;;;;;25;JOHANA VIGIL;AXUM;;;False;132858;0;1;;;;;;1;;848,64
102819;Noya 315 0;GERLI;2026-10-06;06-10-2026;05-10-2026;FAC-A-132858;Venta;LAGOPUELO S.A;1509749;6,00;7802,52;9441,05;Lin Hua;;0,00 %;26;Sabrina Pereyra;;PD ladysoft clasicos 20x30;1300,42;3441;;3;AUTOSERVICIO;896,84;HERNAN RIVERO;;$;2;SOFTYS ARGENTINA S.A;;;EFV;;;;;;;PROTECTOR DIARIO;;;;;25;JOHANA VIGIL;AXUM;;;False;132858;0;1;;;;;;1;;1300,42
102819;Noya 315 0;GERLI;2026-10-06;06-10-2026;05-10-2026;FAC-A-132858;Venta;LAGOPUELO S.A;1509765;6,00;9973,08;12067,43;Lin Hua;;0,00 %;26;Sabrina Pereyra;;TF NORMALT/SUAVE EXT ALG 16x27;1662,18;3441;;3;AUTOSERVICIO;1146,33;HERNAN RIVERO;;$;2;SOFTYS ARGENTINA S.A;;;EFV;;;;;;;TOALLA FEMENINA;;;;;25;JOHANA VIGIL;AXUM;;;False;132858;0;1;;;;;;1;;1662,18
27386;Vieytes 1526;BANFIELD;2026-10-06;06-10-2026;05-10-2026;FAC-A-132874;Venta;LAGOPUELO S.A;1509762;12,00;14066,28;17020,20;Santacruz Palacios Patricia Mabel;;0,00 %;074;Romina Baez;;TF NOCTUR EXT A 8x32;1172,19;3442;;3;Autoservicio A;808,41;MARIANO SOSA;;$;2;SOFTYS ARGENTINA S.A;;;CON;;;;;;;TOALLA FEMENINA;;;;;300;Bruno Centurion;AXUM;;;False;132874;0;1;;;;;;1;;1172,19
382;Formosa (entre Jujuy y Santiago del estero) 1005;Lan˙s;2026-10-06;06-10-2026;05-10-2026;FAC-B-132879;Venta;ELEBES;1505688;1,00;15533,64;18795,70;Mariana NuÒez;;5,00 %;30;Oriana Songini;;RC Sussex clasico mas blanco 50px3/10;15533,64;3441;;2;ALMACEN;12112,00;HERNAN RIVERO;;$;2;SOFTYS ARGENTINA S.A;;;EFV;;;;;;;ROLLO DE COCINA;;;;;25;JOHANA VIGIL;AXUM;;;False;132879;0;1;;;;;;1;;15533,64
329086;Montevideo 1411;BERNAL;2026-10-06;06-10-2026;05-10-2026;FAC-A-132886;Venta;LAGOPUELO S.A;1505688;1,00;15533,64;18795,70;DE GREGORIO GUSTAVO DANIEL;;5,00 %;053;Verona Abati;;RC Sussex clasico mas blanco 50px3/10;15533,64;3445;;georgalos-7;Almacen;12112,00;LEONARDO SANTA CRUZ;;$;2;SOFTYS ARGENTINA S.A;;;EFV;;;;;;;ROLLO DE COCINA;;;;;300;Bruno Centurion;AXUM;;;False;132886;0;1;;;;;;1;;15533,64
329086;Montevideo 1411;BERNAL;2026-10-06;06-10-2026;05-10-2026;FAC-A-132886;Venta;LAGOPUELO S.A;1501618;1,00;19032,09;23028,83;DE GREGORIO GUSTAVO DANIEL;;0,00 %;053;Verona Abati;;PH HIG  FRESH ALOE 30M X4/12;19032,09;3445;;georgalos-7;Almacen;13125,58;LEONARDO SANTA CRUZ;;$;2;SOFTYS ARGENTINA S.A;;;EFV;;;;;;;PAPEL HIG;;;;;300;Bruno Centurion;AXUM;;;False;132886;0;1;;;;;;1;;19032,09
5837;adolfo alsina e/roca y bartolome mitre - (Large Format) 760;BURZACO;2026-10-06;06-10-2026;05-10-2026;FAC-A-132888;Venta;LAGOPUELO S.A;1509764;20,00;16972,80;20537,09;lin liqing;;0,00 %;063;Daniel Martin;;TF NORMAL T/SUAVE EXT ALGODON 8x54;848,64;3444;;3;Autoservicio A;585,27;CLAUDIO GARCIA;;$;2;SOFTYS ARGENTINA S.A;;;CON;;;;;;;TOALLA FEMENINA;;;;;300;Bruno Centurion;AXUM;;;False;132888;0;1;;;;;;1;;848,64
5837;adolfo alsina e/roca y bartolome mitre - (Large Format) 760;BURZACO;2026-10-06;06-10-2026;05-10-2026;FAC-A-132888;Venta;LAGOPUELO S.A;1509766;20,00;18316,00;22162,36;lin liqing;;0,00 %;063;Daniel Martin;;TF T/SECA NORMAL MAS PROTECC 8x54;915,80;3444;;3;Autoservicio A;631,59;CLAUDIO GARCIA;;$;2;SOFTYS ARGENTINA S.A;;;CON;;;;;;;TOALLA FEMENINA;;;;;300;Bruno Centurion;AXUM;;;False;132888;0;1;;;;;;1;;915,80
5837;adolfo alsina e/roca y bartolome mitre - (Large Format) 760;BURZACO;2026-10-06;06-10-2026;05-10-2026;FAC-A-132888;Venta;LAGOPUELO S.A;1509764;2,00;0,00;0,00;lin liqing;;100,00 %;063;Daniel Martin;;TF NORMAL T/SUAVE EXT ALGODON 8x54;0,00;3444;;3;Autoservicio A;585,27;CLAUDIO GARCIA;;$;2;SOFTYS ARGENTINA S.A;;;CON;;;;;;;TOALLA FEMENINA;;;;;300;Bruno Centurion;AXUM;;;False;132888;0;1;;;;;;1;;0,00
6468;MONSERRAT 876;FLORENCIO VARELA;2026-10-06;06-10-2026;05-10-2026;FAC-A-132891;Venta;LAGOPUELO S.A;1509764;54,00;44451,76;53786,63;GEREZ ANTONIO JULIO;;3,00 %;6;Nieves Alegre;;TF NORMAL T/SUAVE EXT ALGODON 8x54;823,18;3463;;3;AUTOSERVICIO;585,27;SIMON OLIVERA;;$;2;SOFTYS ARGENTINA S.A;;;CON;;;;;;;TOALLA FEMENINA;;;;;25;JOHANA VIGIL;AXUM;;;False;132891;0;1;;;;;;1;;823,18
6468;MONSERRAT 876;FLORENCIO VARELA;2026-10-06;06-10-2026;05-10-2026;FAC-A-132891;Venta;LAGOPUELO S.A;1509762;32,00;36384,78;44025,58;GEREZ ANTONIO JULIO;;3,00 %;6;Nieves Alegre;;TF NOCTUR EXT A 8x32;1137,02;3463;;3;AUTOSERVICIO;808,41;SIMON OLIVERA;;$;2;SOFTYS ARGENTINA S.A;;;CON;;;;;;;TOALLA FEMENINA;;;;;25;JOHANA VIGIL;AXUM;;;False;132891;0;1;;;;;;1;;1137,02
6468;MONSERRAT 876;FLORENCIO VARELA;2026-10-06;06-10-2026;05-10-2026;FAC-A-132891;Venta;LAGOPUELO S.A;1509766;54,00;47969,60;58043,22;GEREZ ANTONIO JULIO;;3,00 %;6;Nieves Alegre;;TF T/SECA NORMAL MAS PROTECC 8x54;888,33;3463;;3;AUTOSERVICIO;631,59;SIMON OLIVERA;;$;2;SOFTYS ARGENTINA S.A;;;CON;;;;;;;TOALLA FEMENINA;;;;;25;JOHANA VIGIL;AXUM;;;False;132891;0;1;;;;;;1;;888,33
6468;MONSERRAT 876;FLORENCIO VARELA;2026-10-06;06-10-2026;05-10-2026;FAC-A-132891;Venta;LAGOPUELO S.A;1509764;5,00;0,00;0,00;GEREZ ANTONIO JULIO;;100,00 %;6;Nieves Alegre;;TF NORMAL T/SUAVE EXT ALGODON 8x54;0,00;3463;;3;AUTOSERVICIO;585,27;SIMON OLIVERA;;$;2;SOFTYS ARGENTINA S.A;;;CON;;;;;;;TOALLA FEMENINA;;;;;25;JOHANA VIGIL;AXUM;;;False;132891;0;1;;;;;;1;;0,00
101240;Montevideo 1417 1 0;BERNAL;2026-10-06;06-10-2026;05-10-2026;FAC-A-132893;Venta;LAGOPUELO S.A;1509762;10,00;11721,90;14183,50;XU WEIWEI;;0,00 %;053;Verona Abati;;TF NOCTUR EXT A 8x32;1172,19;3445;;3;AUTOSERVICIO;808,41;LEONARDO SANTA CRUZ;;$;2;SOFTYS ARGENTINA S.A;;;EFV;;;;;;;TOALLA FEMENINA;;;;;300;Bruno Centurion;AXUM;;;False;132893;0;1;;;;;;1;;1172,19
101240;Montevideo 1417 1 0;BERNAL;2026-10-06;06-10-2026;05-10-2026;FAC-A-132893;Venta;LAGOPUELO S.A;1509766;8,00;7326,40;8864,94;XU WEIWEI;;0,00 %;053;Verona Abati;;TF T/SECA NORMAL MAS PROTECC 8x54;915,80;3445;;3;AUTOSERVICIO;631,59;LEONARDO SANTA CRUZ;;$;2;SOFTYS ARGENTINA S.A;;;EFV;;;;;;;TOALLA FEMENINA;;;;;300;Bruno Centurion;AXUM;;;False;132893;0;1;;;;;;1;;915,80
27819;JUAN GARAY entre berutti y teodoro - (TRADICIONAL) 665;EZEIZA;2026-10-06;06-10-2026;05-10-2026;FAC-B-132894;Venta;LAGOPUELO S.A;1501553;1,00;22551,25;27287,01;ALBERTO;;15,00 %;075;Julieta Yegros;;PH HIGIENOL DH PLUS FUSI”N 30M x4/10;22551,25;3446;;2;ALMACEN;17199,92;IVAN MONTOYA;;$;2;SOFTYS ARGENTINA S.A;;;CON;;;;;;;PAPEL HIG;;;;;300;Bruno Centurion;AXUM;;;False;132894;0;1;;;;;;1;;22551,25
27683;ANA ACERBONI - (AUTOSERVICIOS) 741;BANFIELD;2026-10-06;06-10-2026;05-10-2026;FAC-A-132896;Venta;LAGOPUELO S.A;1504078;30,00;65835,18;79660,57;HONG YU;;10,00 %;073;Florencia Cubilla;;PL BABYSEC ULTRASOFT XG X8/15;2194,51;3442;;3;Autoservicio B;1806,18;MARIANO SOSA;;$;2;SOFTYS ARGENTINA S.A;;;CON;;;;;;;PAÒAL;;;;;300;Bruno Centurion;AXUM;;;False;132896;0;1;;;;;;1;;2194,51
27683;ANA ACERBONI - (AUTOSERVICIOS) 741;BANFIELD;2026-10-06;06-10-2026;05-10-2026;FAC-A-132896;Venta;LAGOPUELO S.A;1504079;30,00;65835,18;79660,57;HONG YU;;10,00 %;073;Florencia Cubilla;;PL BABYSEC ULTRASOFT XXG 8/15;2194,51;3442;;3;Autoservicio B;1806,18;MARIANO SOSA;;$;2;SOFTYS ARGENTINA S.A;;;CON;;;;;;;PAÒAL;;;;;300;Bruno Centurion;AXUM;;;False;132896;0;1;;;;;;1;;2194,51
1225;Calle 137 Y AV. EVA PERON 1;Berazategui;2026-10-06;06-10-2026;05-10-2026;FAC-A-132900;Venta;LAGOPUELO S.A;1502607;10,00;278585,90;337088,94;SUPERMERCADOS LOS ANGELES SA;;0,00 %;051;Ezequiel Valente;;PH ELITE ULTRA DH SOFT T C/ALG 30Mx4;27858,59;3443;;3;AUTOSERVICIO;18637,00;JUAN ESCOTO;;$;2;SOFTYS ARGENTINA S.A;;;CON;;;;;;;PAPEL HIG;;;;;300;Bruno Centurion;AXUM;;;False;132900;0;1;;;;;;1;;27858,59
1225;Calle 137 Y AV. EVA PERON 1;Berazategui;2026-10-06;06-10-2026;05-10-2026;FAC-A-132900;Venta;LAGOPUELO S.A;1507915;5,00;178362,90;215819,11;SUPERMERCADOS LOS ANGELES SA;;0,00 %;051;Ezequiel Valente;;PH HIGIENOL DH YAPA 50X x4;35672,58;3443;;3;AUTOSERVICIO;24601,78;JUAN ESCOTO;;$;2;SOFTYS ARGENTINA S.A;;;CON;;;;;;;PAPEL HIG;;;;;300;Bruno Centurion;AXUM;;;False;132900;0;1;;;;;;1;;35672,58
1225;Calle 137 Y AV. EVA PERON 1;Berazategui;2026-10-06;06-10-2026;05-10-2026;FAC-A-132900;Venta;LAGOPUELO S.A;1505774;21,00;46704,21;56512,09;SUPERMERCADOS LOS ANGELES SA;;0,00 %;051;Ezequiel Valente;;SE SUSSEX HS 30x30 BLANCA x140/21;2224,01;3443;;3;AUTOSERVICIO;1647,41;JUAN ESCOTO;;$;2;SOFTYS ARGENTINA S.A;;;CON;;;;;;;SERVILLETA;;;;;300;Bruno Centurion;AXUM;;;False;132900;0;1;;;;;;1;;2224,01
1225;Calle 137 Y AV. EVA PERON 1;Berazategui;2026-10-06;06-10-2026;05-10-2026;FAC-A-132900;Venta;LAGOPUELO S.A;1505411;72,00;108275,76;131013,67;SUPERMERCADOS LOS ANGELES SA;;0,00 %;051;Ezequiel Valente;;P— ELITE FACIALES DISNEY x90/36;1503,83;3443;;3;AUTOSERVICIO;1037,12;JUAN ESCOTO;;$;2;SOFTYS ARGENTINA S.A;;;CON;;;;;;;PAÒUELOS;;;;;300;Bruno Centurion;AXUM;;;False;132900;0;1;;;;;;1;;1503,83
1225;Calle 137 Y AV. EVA PERON 1;Berazategui;2026-10-06;06-10-2026;05-10-2026;FAC-A-132900;Venta;LAGOPUELO S.A;1501553;60,00;1114296,96;1348299,32;SUPERMERCADOS LOS ANGELES SA;;30,00 %;051;Ezequiel Valente;;PH HIGIENOL DH PLUS FUSI”N 30M x4/10;18571,62;3443;;3;AUTOSERVICIO;17199,92;JUAN ESCOTO;;$;2;SOFTYS ARGENTINA S.A;;;CON;;;;;;;PAPEL HIG;;;;;300;Bruno Centurion;AXUM;;;False;132900;0;1;;;;;;1;;18571,62
27620;San Joaquin - (AUTOSERVICIOS) 321;TURDERA;2026-10-02;02-10-2026;05-10-2026;NCR-A-132903;DevoluciÛn por Rechazo;LAGOPUELO S.A;1509762;-12,00;-13384,92;-16195,75;XIONGBIN LIN;NO HIZO PEDIDO;0,00 %;074;Romina Baez;;TF NOCTUR EXT A 8x32;1115,41;3410;;3;Autoservicio A;808,41;MARIANO SOSA;;$;2;SOFTYS ARGENTINA S.A;;;CON;;;;;;;TOALLA FEMENINA;;;;;300;Bruno Centurion;gcw;131356;;True;132903;0;1;;;;;;1;;1115,41
27620;San Joaquin - (AUTOSERVICIOS) 321;TURDERA;2026-10-02;02-10-2026;05-10-2026;NCR-A-132903;DevoluciÛn por Rechazo;LAGOPUELO S.A;1509758;-12,00;-12615,72;-15265,02;XIONGBIN LIN;NO HIZO PEDIDO;0,00 %;074;Romina Baez;;TF UD T/SUAVE EXT ALGO 8X40;1051,31;3410;;3;Autoservicio A;769,48;MARIANO SOSA;;$;2;SOFTYS ARGENTINA S.A;;;CON;;;;;;;TOALLA FEMENINA;;;;;300;Bruno Centurion;gcw;131356;;True;132903;0;1;;;;;;1;;1051,31
23386;Joaquin V. Gonzalez - (AUTOSERVICIOS) 2086;ALTE BROWN;2026-10-06;06-10-2026;05-10-2026;FAC-A-132913;Venta;ELEBES;1509762;12,00;14066,28;17020,20;Chen shaoqin;;0,00 %;061;Nailah Guzman;;TF NOCTUR EXT A 8x32;1172,19;3447;;3;Autoservicio A;808,41;WALTER JANIUK;;$;2;SOFTYS ARGENTINA S.A;;;CON;;;;;;;TOALLA FEMENINA;;;;;300;Bruno Centurion;AXUM;;;False;132913;0;1;;;;;;1;;1172,19
23386;Joaquin V. Gonzalez - (AUTOSERVICIOS) 2086;ALTE BROWN;2026-10-06;06-10-2026;05-10-2026;FAC-A-132913;Venta;ELEBES;1509766;12,00;10989,60;13297,42;Chen shaoqin;;0,00 %;061;Nailah Guzman;;TF T/SECA NORMAL MAS PROTECC 8x54;915,80;3447;;3;Autoservicio A;631,59;WALTER JANIUK;;$;2;SOFTYS ARGENTINA S.A;;;CON;;;;;;;TOALLA FEMENINA;;;;;300;Bruno Centurion;AXUM;;;False;132913;0;1;;;;;;1;;915,80
23386;Joaquin V. Gonzalez - (AUTOSERVICIOS) 2086;ALTE BROWN;2026-10-06;06-10-2026;05-10-2026;FAC-A-132913;Venta;ELEBES;1509755;12,00;14396,04;17419,21;Chen shaoqin;;0,00 %;061;Nailah Guzman;;TF UD T/SECA LADYSOFT ULTRA PROTECT 8;1199,67;3447;;3;Autoservicio A;827,36;WALTER JANIUK;;$;2;SOFTYS ARGENTINA S.A;;;CON;;;;;;;TOALLA FEMENINA;;;;;300;Bruno Centurion;AXUM;;;False;132913;0;1;;;;;;1;;1199,67
5426;DERQUI 1455;FLORENCIO VARELA;2026-10-06;06-10-2026;05-10-2026;FAC-A-132914;Venta;LAGOPUELO S.A;1509762;20,00;23443,80;28367,00;HAI YAN;;0,00 %;7;Myrian Lertora;;TF NOCTUR EXT A 8x32;1172,19;3463;;3;AUTOSERVICIO;808,41;SIMON OLIVERA;;$;2;SOFTYS ARGENTINA S.A;;;CON;;;;;;;TOALLA FEMENINA;;;;;25;JOHANA VIGIL;AXUM;;;False;132914;0;1;;;;;;1;;1172,19
5426;DERQUI 1455;FLORENCIO VARELA;2026-10-06;06-10-2026;05-10-2026;FAC-A-132914;Venta;LAGOPUELO S.A;1509756;8,00;18669,68;22590,31;HAI YAN;;0,00 %;7;Myrian Lertora;;TF UD T/SECA LADYSOFT UL PRT 16u;2333,71;3463;;3;AUTOSERVICIO;1609,46;SIMON OLIVERA;;$;2;SOFTYS ARGENTINA S.A;;;CON;;;;;;;TOALLA FEMENINA;;;;;25;JOHANA VIGIL;AXUM;;;False;132914;0;1;;;;;;1;;2333,71
101719;Giribone 1059 0;Pi√±eyro;2026-10-06;06-10-2026;05-10-2026;FAC-A-132923;Venta;LAGOPUELO S.A;1501553;1,00;22551,25;27287,01;Oscar Castillo;;15,00 %;24;Cecilia Gauchez;;PH HIGIENOL DH PLUS FUSI”N 30M x4/10;22551,25;3441;;georgalos-7;Almacen;17199,92;HERNAN RIVERO;;$;2;SOFTYS ARGENTINA S.A;;;EFV;;;;;;;PAPEL HIG;;;;;25;JOHANA VIGIL;AXUM;;;False;132923;0;1;;;;;;1;;22551,25
101719;Giribone 1059 0;Pi√±eyro;2026-10-06;06-10-2026;05-10-2026;FAC-A-132923;Venta;LAGOPUELO S.A;1505688;1,00;15533,64;18795,70;Oscar Castillo;;5,00 %;24;Cecilia Gauchez;;RC Sussex clasico mas blanco 50px3/10;15533,64;3441;;georgalos-7;Almacen;12112,00;HERNAN RIVERO;;$;2;SOFTYS ARGENTINA S.A;;;EFV;;;;;;;ROLLO DE COCINA;;;;;25;JOHANA VIGIL;AXUM;;;False;132923;0;1;;;;;;1;;15533,64
1499;CALLE 155 1765;BERAZATEGUI;2026-10-06;06-10-2026;05-10-2026;FAC-A-132925;Venta;LAGOPUELO S.A;1509761;12,00;9542,64;11546,59;POMBO HORACIO NORBERTO;;0,00 %;5;Eliana Huber;;TF LADYSOFT COMFORT EXT ALGODON 8x54;795,22;3443;;3;AUTOSERVICIO;548,43;JUAN ESCOTO;;$;2;SOFTYS ARGENTINA S.A;;;CON;;;;;;;TOALLA FEMENINA;;;;;25;JOHANA VIGIL;AXUM;;;False;132925;0;1;;;;;;1;;795,22
1499;CALLE 155 1765;BERAZATEGUI;2026-10-06;06-10-2026;05-10-2026;FAC-A-132925;Venta;LAGOPUELO S.A;1509755;12,00;14396,04;17419,21;POMBO HORACIO NORBERTO;;0,00 %;5;Eliana Huber;;TF UD T/SECA LADYSOFT ULTRA PROTECT 8;1199,67;3443;;3;AUTOSERVICIO;827,36;JUAN ESCOTO;;$;2;SOFTYS ARGENTINA S.A;;;CON;;;;;;;TOALLA FEMENINA;;;;;25;JOHANA VIGIL;AXUM;;;False;132925;0;1;;;;;;1;;1199,67
1499;CALLE 155 1765;BERAZATEGUI;2026-10-06;06-10-2026;05-10-2026;FAC-A-132925;Venta;LAGOPUELO S.A;1509768;8,00;7802,48;9441,00;POMBO HORACIO NORBERTO;;0,00 %;5;Eliana Huber;;TF NORMAL T/SUAVE PIEL SENSIBLE 8x54;975,31;3443;;3;AUTOSERVICIO;672,63;JUAN ESCOTO;;$;2;SOFTYS ARGENTINA S.A;;;CON;;;;;;;TOALLA FEMENINA;;;;;25;JOHANA VIGIL;AXUM;;;False;132925;0;1;;;;;;1;;975,31
1499;CALLE 155 1765;BERAZATEGUI;2026-10-06;06-10-2026;05-10-2026;FAC-A-132925;Venta;LAGOPUELO S.A;1509757;6,00;20000,76;24200,92;POMBO HORACIO NORBERTO;;0,00 %;5;Eliana Huber;;TF UD T/SECA LADYSOFT UL PTEC 24u;3333,46;3443;;3;AUTOSERVICIO;2298,94;JUAN ESCOTO;;$;2;SOFTYS ARGENTINA S.A;;;CON;;;;;;;TOALLA FEMENINA;;;;;25;JOHANA VIGIL;AXUM;;;False;132925;0;1;;;;;;1;;3333,46
1499;CALLE 155 1765;BERAZATEGUI;2026-10-06;06-10-2026;05-10-2026;FAC-A-132925;Venta;LAGOPUELO S.A;1509763;6,00;13590,30;16444,26;POMBO HORACIO NORBERTO;;0,00 %;5;Eliana Huber;;TF Nocturna EXT ALGODON 16X16;2265,05;3443;;3;AUTOSERVICIO;1562,11;JUAN ESCOTO;;$;2;SOFTYS ARGENTINA S.A;;;CON;;;;;;;TOALLA FEMENINA;;;;;25;JOHANA VIGIL;AXUM;;;False;132925;0;1;;;;;;1;;2265,05
1499;CALLE 155 1765;BERAZATEGUI;2026-10-06;06-10-2026;05-10-2026;FAC-A-132925;Venta;LAGOPUELO S.A;1509759;6,00;12784,26;15468,95;POMBO HORACIO NORBERTO;;0,00 %;5;Eliana Huber;;TF UD T/SUAVE EXT ALG 16x20;2130,71;3443;;3;AUTOSERVICIO;1469,45;JUAN ESCOTO;;$;2;SOFTYS ARGENTINA S.A;;;CON;;;;;;;TOALLA FEMENINA;;;;;25;JOHANA VIGIL;AXUM;;;False;132925;0;1;;;;;;1;;2130,71
1499;CALLE 155 1765;BERAZATEGUI;2026-10-06;06-10-2026;05-10-2026;FAC-A-132925;Venta;LAGOPUELO S.A;1509756;6,00;14002,26;16942,73;POMBO HORACIO NORBERTO;;0,00 %;5;Eliana Huber;;TF UD T/SECA LADYSOFT UL PRT 16u;2333,71;3443;;3;AUTOSERVICIO;1609,46;JUAN ESCOTO;;$;2;SOFTYS ARGENTINA S.A;;;CON;;;;;;;TOALLA FEMENINA;;;;;25;JOHANA VIGIL;AXUM;;;False;132925;0;1;;;;;;1;;2333,71
1499;CALLE 155 1765;BERAZATEGUI;2026-10-06;06-10-2026;05-10-2026;FAC-A-132925;Venta;LAGOPUELO S.A;1509749;6,00;7802,52;9441,05;POMBO HORACIO NORBERTO;;0,00 %;5;Eliana Huber;;PD ladysoft clasicos 20x30;1300,42;3443;;3;AUTOSERVICIO;896,84;JUAN ESCOTO;;$;2;SOFTYS ARGENTINA S.A;;;CON;;;;;;;PROTECTOR DIARIO;;;;;25;JOHANA VIGIL;AXUM;;;False;132925;0;1;;;;;;1;;1300,42
27890;JUNCAL Piso:BIS - (AUTOSERVICIOS) 996;TEMPERLEY;2026-10-02;02-10-2026;05-10-2026;NCR-A-132928;DevoluciÛn por Rechazo;LAGOPUELO S.A;1501627;-5,00;-60203,52;-72846,26;SARA ESTHER SZKARLATIUK;NO QUIERE EL CLIENTE;10,00 %;073;Florencia Cubilla;;PH Higienol HS Balanced 20mx4/12;12040,70;3410;;2;ALMACEN;9488,34;MARIANO SOSA;;$;2;SOFTYS ARGENTINA S.A;;;CON;;;;;;;PAPEL HIG;;;;;300;Bruno Centurion;gcw;131859;;True;132928;0;1;;;;;;1;;12040,70
108867;Pilcomayo 4000 Esquina Calle 169 0;BERNAL;2026-10-06;06-10-2026;05-10-2026;FAC-B-132941;Venta;LAGOPUELO S.A;1509755;40,00;47986,80;58064,03;Galeano Gustavo;;0,00 %;2;Fernanda Cejas;;TF UD T/SECA LADYSOFT ULTRA PROTECT 8;1199,67;3445;;3;AUTOSERVICIO;827,36;LEONARDO SANTA CRUZ;;$;2;SOFTYS ARGENTINA S.A;;;EFV;;;;;;;TOALLA FEMENINA;;;;;25;JOHANA VIGIL;AXUM;;;False;132941;0;1;;;;;;1;;1199,67
108867;Pilcomayo 4000 Esquina Calle 169 0;BERNAL;2026-10-06;06-10-2026;05-10-2026;FAC-B-132941;Venta;LAGOPUELO S.A;1509756;20,00;46674,20;56475,78;Galeano Gustavo;;0,00 %;2;Fernanda Cejas;;TF UD T/SECA LADYSOFT UL PRT 16u;2333,71;3445;;3;AUTOSERVICIO;1609,46;LEONARDO SANTA CRUZ;;$;2;SOFTYS ARGENTINA S.A;;;EFV;;;;;;;TOALLA FEMENINA;;;;;25;JOHANA VIGIL;AXUM;;;False;132941;0;1;;;;;;1;;2333,71
108867;Pilcomayo 4000 Esquina Calle 169 0;BERNAL;2026-10-06;06-10-2026;05-10-2026;FAC-B-132941;Venta;LAGOPUELO S.A;1509750;10,00;34204,00;41386,84;Galeano Gustavo;;0,00 %;2;Fernanda Cejas;;PD LADYSOFT CLASICOS 56x10;3420,40;3445;;3;AUTOSERVICIO;2358,90;LEONARDO SANTA CRUZ;;$;2;SOFTYS ARGENTINA S.A;;;EFV;;;;;;;PROTECTOR DIARIO;;;;;25;JOHANA VIGIL;AXUM;;;False;132941;0;1;;;;;;1;;3420,40
23204;Dr. Joaqu√≠n Essoin - (AUTOSERVICIOS) 176;LONGCHAMPS;2026-10-06;06-10-2026;05-10-2026;FAC-A-132945;Venta;LAGOPUELO S.A;1509765;5,00;8310,90;10056,19;LIN HUAIPING;;0,00 %;062;Nahuel Martinez;;TF NORMALT/SUAVE EXT ALG 16x27;1662,18;3447;;3;Autoservicio B;1146,33;WALTER JANIUK;;$;2;SOFTYS ARGENTINA S.A;;;CON;;;;;;;TOALLA FEMENINA;;;;;300;Bruno Centurion;AXUM;;;False;132945;0;1;;;;;;1;;1662,18
23212;25 de Mayo - (AUTOSERVICIOS) 326;LONGCHAMPS;2026-10-06;06-10-2026;05-10-2026;FAC-A-132948;Venta;LAGOPUELO S.A;1509755;15,00;17995,05;21774,01;LIN YINGMEI;;0,00 %;062;Nahuel Martinez;;TF UD T/SECA LADYSOFT ULTRA PROTECT 8;1199,67;3447;;OTR;SIN SUB;827,36;WALTER JANIUK;;$;2;SOFTYS ARGENTINA S.A;;;CON;;;;;;;TOALLA FEMENINA;;;;;300;Bruno Centurion;AXUM;;;False;132948;0;1;;;;;;1;;1199,67
23208;JUAN A. VUCETICH ESQ. C. DEL CAMPO - (AUTOSERVICIOS) 285;LONGCHAMPS;2026-10-06;06-10-2026;05-10-2026;FAC-B-132950;Venta;ELEBES;1501627;5,00;60203,52;72846,26;MARTINEZ NADIA;;10,00 %;062;Nahuel Martinez;;PH Higienol HS Balanced 20mx4/12;12040,70;3447;;2;ALMACEN;9488,34;WALTER JANIUK;;$;2;SOFTYS ARGENTINA S.A;;;CON;;;;;;;PAPEL HIG;;;;;300;Bruno Centurion;AXUM;;;False;132950;0;1;;;;;;1;;12040,70
23208;JUAN A. VUCETICH ESQ. C. DEL CAMPO - (AUTOSERVICIOS) 285;LONGCHAMPS;2026-10-06;06-10-2026;05-10-2026;FAC-B-132950;Venta;ELEBES;1505688;3,00;46600,92;56387,11;MARTINEZ NADIA;;5,00 %;062;Nahuel Martinez;;RC Sussex clasico mas blanco 50px3/10;15533,64;3447;;2;ALMACEN;12112,00;WALTER JANIUK;;$;2;SOFTYS ARGENTINA S.A;;;CON;;;;;;;ROLLO DE COCINA;;;;;300;Bruno Centurion;AXUM;;;False;132950;0;1;;;;;;1;;15533,64
23208;JUAN A. VUCETICH ESQ. C. DEL CAMPO - (AUTOSERVICIOS) 285;LONGCHAMPS;2026-10-06;06-10-2026;05-10-2026;FAC-B-132950;Venta;ELEBES;1503131;10,00;24754,60;29953,07;MARTINEZ NADIA;;0,00 %;062;Nahuel Martinez;;TH BABYSEC PREMIUM X45/10;2475,46;3447;;2;ALMACEN;1707,21;WALTER JANIUK;;$;2;SOFTYS ARGENTINA S.A;;;CON;;;;;;;TOALLA HUMEDA;;;;;300;Bruno Centurion;AXUM;;;False;132950;0;1;;;;;;1;;2475,46
23208;JUAN A. VUCETICH ESQ. C. DEL CAMPO - (AUTOSERVICIOS) 285;LONGCHAMPS;2026-10-06;06-10-2026;05-10-2026;FAC-B-132950;Venta;ELEBES;1503118;10,00;16353,60;19787,86;MARTINEZ NADIA;;0,00 %;062;Nahuel Martinez;;TH BABYSEC ULTRA 50/24;1635,36;3447;;2;ALMACEN;1127,83;WALTER JANIUK;;$;2;SOFTYS ARGENTINA S.A;;;CON;;;;;;;;;;;;300;Bruno Centurion;AXUM;;;False;132950;0;1;;;;;;1;;1635,36
5452;VICTORIANO MONTES 879;FLORENCIO VARELA;2026-10-06;06-10-2026;05-10-2026;FAC-A-132965;Venta;LAGOPUELO S.A;1509764;12,00;10183,68;12322,25;CAI JIANHUI;;0,00 %;7;Myrian Lertora;;TF NORMAL T/SUAVE EXT ALGODON 8x54;848,64;3463;;3;AUTOSERVICIO;585,27;SIMON OLIVERA;;$;2;SOFTYS ARGENTINA S.A;;;CON;;;;;;;TOALLA FEMENINA;;;;;25;JOHANA VIGIL;AXUM;;;False;132965;0;1;;;;;;1;;848,64
5452;VICTORIANO MONTES 879;FLORENCIO VARELA;2026-10-06;06-10-2026;05-10-2026;FAC-A-132965;Venta;LAGOPUELO S.A;1509764;1,00;0,00;0,00;CAI JIANHUI;;100,00 %;7;Myrian Lertora;;TF NORMAL T/SUAVE EXT ALGODON 8x54;0,00;3463;;3;AUTOSERVICIO;585,27;SIMON OLIVERA;;$;2;SOFTYS ARGENTINA S.A;;;CON;;;;;;;TOALLA FEMENINA;;;;;25;JOHANA VIGIL;AXUM;;;False;132965;0;1;;;;;;1;;0,00
29066;C. GRAL BELGRANO 1415;BERNAL OESTE;2026-10-06;06-10-2026;05-10-2026;FAC-B-132968;Venta;ELEBES;1501585;1,00;36501,38;44166,67;SILVIA MOLINA;;0,00 %;056;Ezequiel Ferreira;;PH HIGIENOL HS MAX ALOE PANAL 80M X4;36501,38;3445;;2;ALMACEN;24669,76;LEONARDO SANTA CRUZ;;$;2;SOFTYS ARGENTINA S.A;;;CON;;;;;;;PAPEL HIG;;;;;300;Bruno Centurion;AXUM;;;False;132968;0;1;;;;;;1;;36501,38
5475;Juan Domingo PerÛn 2549;FLORENCIO VARELA;2026-10-06;06-10-2026;05-10-2026;FAC-A-132974;Venta;LAGOPUELO S.A;1509756;20,00;45273,97;54781,51;LIN XIUJUAN;;3,00 %;6;Nieves Alegre;;TF UD T/SECA LADYSOFT UL PRT 16u;2263,70;3463;;3;AUTOSERVICIO;1609,46;SIMON OLIVERA;;$;2;SOFTYS ARGENTINA S.A;;;CON;;;;;;;TOALLA FEMENINA;;;;;25;JOHANA VIGIL;AXUM;;;False;132974;0;1;;;;;;1;;2263,70
5475;Juan Domingo PerÛn 2549;FLORENCIO VARELA;2026-10-06;06-10-2026;05-10-2026;FAC-A-132974;Venta;LAGOPUELO S.A;1509759;20,00;41335,77;50016,29;LIN XIUJUAN;;3,00 %;6;Nieves Alegre;;TF UD T/SUAVE EXT ALG 16x20;2066,79;3463;;3;AUTOSERVICIO;1469,45;SIMON OLIVERA;;$;2;SOFTYS ARGENTINA S.A;;;CON;;;;;;;TOALLA FEMENINA;;;;;25;JOHANA VIGIL;AXUM;;;False;132974;0;1;;;;;;1;;2066,79
6468;MONSERRAT 876;FLORENCIO VARELA;2026-10-06;06-10-2026;05-10-2026;FAC-A-132975;Venta;LAGOPUELO S.A;1509756;20,00;45273,97;54781,51;GEREZ ANTONIO JULIO;;3,00 %;6;Nieves Alegre;;TF UD T/SECA LADYSOFT UL PRT 16u;2263,70;3463;;3;AUTOSERVICIO;1609,46;SIMON OLIVERA;;$;2;SOFTYS ARGENTINA S.A;;;CON;;;;;;;TOALLA FEMENINA;;;;;25;JOHANA VIGIL;AXUM;;;False;132975;0;1;;;;;;1;;2263,70
6468;MONSERRAT 876;FLORENCIO VARELA;2026-10-06;06-10-2026;05-10-2026;FAC-A-132975;Venta;LAGOPUELO S.A;1509765;27,00;43532,49;52674,32;GEREZ ANTONIO JULIO;;3,00 %;6;Nieves Alegre;;TF NORMALT/SUAVE EXT ALG 16x27;1612,31;3463;;3;AUTOSERVICIO;1146,33;SIMON OLIVERA;;$;2;SOFTYS ARGENTINA S.A;;;CON;;;;;;;TOALLA FEMENINA;;;;;25;JOHANA VIGIL;AXUM;;;False;132975;0;1;;;;;;1;;1612,31
2099;EVA PERON 3389;Berazategui;2026-10-06;06-10-2026;05-10-2026;FAC-A-132979;Venta;LAGOPUELO S.A;1501553;1,00;22551,25;27287,01;FRANCHINO CHRISTIAN GABRIEL;;15,00 %;051;Ezequiel Valente;;PH HIGIENOL DH PLUS FUSI”N 30M x4/10;22551,25;3443;;2;ALMACEN;17199,92;JUAN ESCOTO;;$;2;SOFTYS ARGENTINA S.A;;;CON;;;;;;;PAPEL HIG;;;;;300;Bruno Centurion;AXUM;;;False;132979;0;1;;;;;;1;;22551,25
23559;ALEM - (AUTOSERVICIOS) 330;BURZACO;2026-10-06;06-10-2026;05-10-2026;FAC-A-132986;Venta;LAGOPUELO S.A;1509759;10,00;21307,10;25781,59;CHEN YALANMEI;;0,00 %;063;Daniel Martin;;TF UD T/SUAVE EXT ALG 16x20;2130,71;3444;;3;Autoservicio A;1469,45;CLAUDIO GARCIA;;$;2;SOFTYS ARGENTINA S.A;;;CON;;;;;;;TOALLA FEMENINA;;;;;300;Bruno Centurion;AXUM;;;False;132986;0;1;;;;;;1;;2130,71
23559;ALEM - (AUTOSERVICIOS) 330;BURZACO;2026-10-06;06-10-2026;05-10-2026;FAC-A-132986;Venta;LAGOPUELO S.A;1509756;10,00;23337,10;28237,89;CHEN YALANMEI;;0,00 %;063;Daniel Martin;;TF UD T/SECA LADYSOFT UL PRT 16u;2333,71;3444;;3;Autoservicio A;1609,46;CLAUDIO GARCIA;;$;2;SOFTYS ARGENTINA S.A;;;CON;;;;;;;TOALLA FEMENINA;;;;;300;Bruno Centurion;AXUM;;;False;132986;0;1;;;;;;1;;2333,71
23214;Juan A. Vucetich - (AUTOSERVICIOS) 932;BURZACO;2026-10-06;06-10-2026;05-10-2026;FAC-A-132989;Venta;LAGOPUELO S.A;1503118;24,00;39248,64;47490,85;ZHUANG LAN;;0,00 %;062;Nahuel Martinez;;TH BABYSEC ULTRA 50/24;1635,36;3447;;3;Autoservicio B;1127,83;WALTER JANIUK;;$;2;SOFTYS ARGENTINA S.A;;;CON;;;;;;;;;;;;300;Bruno Centurion;AXUM;;;False;132989;0;1;;;;;;1;;1635,36
3892;CALLE 879 4020;solano;2026-10-06;06-10-2026;05-10-2026;FAC-A-132997;Venta;LAGOPUELO S.A;1509762;32,00;37510,08;45387,20;JUAN VEN GYUN;;0,00 %;056;Ezequiel Ferreira;;TF NOCTUR EXT A 8x32;1172,19;3463;;3;AUTOSERVICIO;808,41;SIMON OLIVERA;;$;2;SOFTYS ARGENTINA S.A;;;CON;;;;;;;TOALLA FEMENINA;;;;;300;Bruno Centurion;AXUM;;;False;132997;0;1;;;;;;1;;1172,19
323940;San Martin 642 0;BERNAL;2026-10-06;06-10-2026;05-10-2026;FAC-A-133001;Venta;LAGOPUELO S.A;1509763;8,00;18120,40;21925,68;Yanyan Ding;;0,00 %;054;Leonel Caruso;;TF Nocturna EXT ALGODON 16X16;2265,05;3445;;3;AUTOSERVICIO;1562,11;LEONARDO SANTA CRUZ;;$;2;SOFTYS ARGENTINA S.A;;;EFV;;;;;;;TOALLA FEMENINA;;;;;300;Bruno Centurion;AXUM;;;False;133001;0;1;;;;;;1;;2265,05
1227;Calle 302 Y 359;BERAZATEGUI;2026-10-06;06-10-2026;05-10-2026;FAC-A-133012;Venta;LAGOPUELO S.A;1509761;6,00;4771,32;5773,30;SILVA MARISA BEATRIZ;;0,00 %;051;Ezequiel Valente;;TF LADYSOFT COMFORT EXT ALGODON 8x54;795,22;3443;;3;AUTOSERVICIO;548,43;JUAN ESCOTO;;$;2;SOFTYS ARGENTINA S.A;;;8;;;;;;;TOALLA FEMENINA;;;;;300;Bruno Centurion;AXUM;;;False;133012;0;1;;;;;;1;;795,22
1227;Calle 302 Y 359;BERAZATEGUI;2026-10-06;06-10-2026;05-10-2026;FAC-A-133012;Venta;LAGOPUELO S.A;1509765;6,00;9973,08;12067,43;SILVA MARISA BEATRIZ;;0,00 %;051;Ezequiel Valente;;TF NORMALT/SUAVE EXT ALG 16x27;1662,18;3443;;3;AUTOSERVICIO;1146,33;JUAN ESCOTO;;$;2;SOFTYS ARGENTINA S.A;;;8;;;;;;;TOALLA FEMENINA;;;;;300;Bruno Centurion;AXUM;;;False;133012;0;1;;;;;;1;;1662,18
1227;Calle 302 Y 359;BERAZATEGUI;2026-10-06;06-10-2026;05-10-2026;FAC-A-133012;Venta;LAGOPUELO S.A;1509763;6,00;13590,30;16444,26;SILVA MARISA BEATRIZ;;0,00 %;051;Ezequiel Valente;;TF Nocturna EXT ALGODON 16X16;2265,05;3443;;3;AUTOSERVICIO;1562,11;JUAN ESCOTO;;$;2;SOFTYS ARGENTINA S.A;;;8;;;;;;;TOALLA FEMENINA;;;;;300;Bruno Centurion;AXUM;;;False;133012;0;1;;;;;;1;;2265,05
1227;Calle 302 Y 359;BERAZATEGUI;2026-10-06;06-10-2026;05-10-2026;FAC-A-133012;Venta;LAGOPUELO S.A;1509749;6,00;7802,52;9441,05;SILVA MARISA BEATRIZ;;0,00 %;051;Ezequiel Valente;;PD ladysoft clasicos 20x30;1300,42;3443;;3;AUTOSERVICIO;896,84;JUAN ESCOTO;;$;2;SOFTYS ARGENTINA S.A;;;8;;;;;;;PROTECTOR DIARIO;;;;;300;Bruno Centurion;AXUM;;;False;133012;0;1;;;;;;1;;1300,42
1227;Calle 302 Y 359;BERAZATEGUI;2026-10-06;06-10-2026;05-10-2026;FAC-A-133012;Venta;LAGOPUELO S.A;1509756;6,00;14002,26;16942,73;SILVA MARISA BEATRIZ;;0,00 %;051;Ezequiel Valente;;TF UD T/SECA LADYSOFT UL PRT 16u;2333,71;3443;;3;AUTOSERVICIO;1609,46;JUAN ESCOTO;;$;2;SOFTYS ARGENTINA S.A;;;8;;;;;;;TOALLA FEMENINA;;;;;300;Bruno Centurion;AXUM;;;False;133012;0;1;;;;;;1;;2333,71
1227;Calle 302 Y 359;BERAZATEGUI;2026-10-06;06-10-2026;05-10-2026;FAC-A-133012;Venta;LAGOPUELO S.A;1509243;1,00;17848,21;21596,33;SILVA MARISA BEATRIZ;;0,00 %;051;Ezequiel Valente;;PH NOBLE HS 30M X4/12;17848,21;3443;;3;AUTOSERVICIO;12309,11;JUAN ESCOTO;;$;2;SOFTYS ARGENTINA S.A;;;8;;;;;;;PAPEL HIG;;;;;300;Bruno Centurion;AXUM;;;False;133012;0;1;;;;;;1;;17848,21
1227;Calle 302 Y 359;BERAZATEGUI;2026-10-06;06-10-2026;05-10-2026;FAC-A-133012;Venta;LAGOPUELO S.A;1503131;3,00;7426,38;8985,92;SILVA MARISA BEATRIZ;;0,00 %;051;Ezequiel Valente;;TH BABYSEC PREMIUM X45/10;2475,46;3443;;3;AUTOSERVICIO;1707,21;JUAN ESCOTO;;$;2;SOFTYS ARGENTINA S.A;;;8;;;;;;;TOALLA HUMEDA;;;;;300;Bruno Centurion;AXUM;;;False;133012;0;1;;;;;;1;;2475,46
1227;Calle 302 Y 359;BERAZATEGUI;2026-10-06;06-10-2026;05-10-2026;FAC-A-133012;Venta;LAGOPUELO S.A;1503126;3,00;8743,95;10580,18;SILVA MARISA BEATRIZ;;0,00 %;051;Ezequiel Valente;;TH Babysec Multiuso x 120 un;2914,65;3443;;3;AUTOSERVICIO;2159,00;JUAN ESCOTO;;$;2;SOFTYS ARGENTINA S.A;;;8;;;;;;;SOFTYS;;;;;300;Bruno Centurion;AXUM;;;False;133012;0;1;;;;;;1;;2914,65
108922;Calle 169 2136 0;BERNAL;2026-10-06;06-10-2026;05-10-2026;FAC-B-133017;Venta;LAGOPUELO S.A;1509755;10,00;11996,70;14516,01;Cecilia Romero;;0,00 %;2;Fernanda Cejas;;TF UD T/SECA LADYSOFT ULTRA PROTECT 8;1199,67;3445;;georgalos-7;Almacen;827,36;LEONARDO SANTA CRUZ;;$;2;SOFTYS ARGENTINA S.A;;;EFV;;;;;;;TOALLA FEMENINA;;;;;25;JOHANA VIGIL;AXUM;;;False;133017;0;1;;;;;;1;;1199,67
5944;URQUIZA 1010;Ezeiza;2026-10-06;06-10-2026;05-10-2026;FAC-A-133024;Venta;ELEBES;1503131;20,00;49509,20;59906,13;ZHENHAO ZHUANG;;0,00 %;075;Julieta Yegros;;TH BABYSEC PREMIUM X45/10;2475,46;3446;;3;AUTOSERVICIO;1707,21;IVAN MONTOYA;;$;2;SOFTYS ARGENTINA S.A;;;CON;;;;;;;TOALLA HUMEDA;;;;;300;Bruno Centurion;AXUM;;;False;133024;0;1;;;;;;1;;2475,46
5944;URQUIZA 1010;Ezeiza;2026-10-06;06-10-2026;05-10-2026;FAC-A-133024;Venta;ELEBES;1501627;10,00;113717,76;137598,49;ZHENHAO ZHUANG;;15,00 %;075;Julieta Yegros;;PH Higienol HS Balanced 20mx4/12;11371,78;3446;;3;AUTOSERVICIO;9488,34;IVAN MONTOYA;;$;2;SOFTYS ARGENTINA S.A;;;CON;;;;;;;PAPEL HIG;;;;;300;Bruno Centurion;AXUM;;;False;133024;0;1;;;;;;1;;11371,78
5944;URQUIZA 1010;Ezeiza;2026-10-06;06-10-2026;05-10-2026;FAC-A-133024;Venta;ELEBES;1501618;4,00;76128,36;92115,32;ZHENHAO ZHUANG;;0,00 %;075;Julieta Yegros;;PH HIG  FRESH ALOE 30M X4/12;19032,09;3446;;3;AUTOSERVICIO;13125,58;IVAN MONTOYA;;$;2;SOFTYS ARGENTINA S.A;;;CON;;;;;;;PAPEL HIG;;;;;300;Bruno Centurion;AXUM;;;False;133024;0;1;;;;;;1;;19032,09
3086;AVDA SANTA FE Y CALLE 889;SAN FRANCISCO SOLANO;2026-10-06;06-10-2026;05-10-2026;FAC-A-133029;Venta;LAGOPUELO S.A;1505688;1,00;15533,64;18795,70;EVELIN GISEL GAUNA;;5,00 %;056;Ezequiel Ferreira;;RC Sussex clasico mas blanco 50px3/10;15533,64;3445;;3;AUTOSERVICIO;12112,00;LEONARDO SANTA CRUZ;;$;2;SOFTYS ARGENTINA S.A;;;CON;;;;;;;ROLLO DE COCINA;;;;;300;Bruno Centurion;AXUM;;;False;133029;0;1;;;;;;1;;15533,64
3086;AVDA SANTA FE Y CALLE 889;SAN FRANCISCO SOLANO;2026-10-06;06-10-2026;05-10-2026;FAC-A-133029;Venta;LAGOPUELO S.A;1501627;1,00;12040,70;14569,25;EVELIN GISEL GAUNA;;10,00 %;056;Ezequiel Ferreira;;PH Higienol HS Balanced 20mx4/12;12040,70;3445;;3;AUTOSERVICIO;9488,34;LEONARDO SANTA CRUZ;;$;2;SOFTYS ARGENTINA S.A;;;CON;;;;;;;PAPEL HIG;;;;;300;Bruno Centurion;AXUM;;;False;133029;0;1;;;;;;1;;12040,70
3086;AVDA SANTA FE Y CALLE 889;SAN FRANCISCO SOLANO;2026-10-06;06-10-2026;05-10-2026;FAC-A-133029;Venta;LAGOPUELO S.A;1505708;1,00;22612,61;27361,26;EVELIN GISEL GAUNA;;0,00 %;056;Ezequiel Ferreira;;RC SUSEEX CLS MEGARROLO ALTO 200X1;22612,61;3445;;3;AUTOSERVICIO;16750,08;LEONARDO SANTA CRUZ;;$;2;SOFTYS ARGENTINA S.A;;;CON;;;;;;;ROLLO DE COCINA;;;;;300;Bruno Centurion;AXUM;;;False;133029;0;1;;;;;;1;;22612,61
322657;Cramer 616 0;BERNAL;2026-10-06;06-10-2026;05-10-2026;FAC-A-133030;Venta;LAGOPUELO S.A;1509762;12,00;14066,28;17020,20;Huang Jiaping;;0,00 %;054;Leonel Caruso;;TF NOCTUR EXT A 8x32;1172,19;3445;;3;AUTOSERVICIO;808,41;LEONARDO SANTA CRUZ;;$;2;SOFTYS ARGENTINA S.A;;;EFV;;;;;;;TOALLA FEMENINA;;;;;300;Bruno Centurion;AXUM;;;False;133030;0;1;;;;;;1;;1172,19
322657;Cramer 616 0;BERNAL;2026-10-06;06-10-2026;05-10-2026;FAC-A-133030;Venta;LAGOPUELO S.A;1509766;12,00;10989,60;13297,42;Huang Jiaping;;0,00 %;054;Leonel Caruso;;TF T/SECA NORMAL MAS PROTECC 8x54;915,80;3445;;3;AUTOSERVICIO;631,59;LEONARDO SANTA CRUZ;;$;2;SOFTYS ARGENTINA S.A;;;EFV;;;;;;;TOALLA FEMENINA;;;;;300;Bruno Centurion;AXUM;;;False;133030;0;1;;;;;;1;;915,80
322657;Cramer 616 0;BERNAL;2026-10-06;06-10-2026;05-10-2026;FAC-A-133030;Venta;LAGOPUELO S.A;1509758;6,00;6694,44;8100,27;Huang Jiaping;;0,00 %;054;Leonel Caruso;;TF UD T/SUAVE EXT ALGO 8X40;1115,74;3445;;3;AUTOSERVICIO;769,48;LEONARDO SANTA CRUZ;;$;2;SOFTYS ARGENTINA S.A;;;EFV;;;;;;;TOALLA FEMENINA;;;;;300;Bruno Centurion;AXUM;;;False;133030;0;1;;;;;;1;;1115,74
322657;Cramer 616 0;BERNAL;2026-10-06;06-10-2026;05-10-2026;FAC-A-133030;Venta;LAGOPUELO S.A;1509756;8,00;18669,68;22590,31;Huang Jiaping;;0,00 %;054;Leonel Caruso;;TF UD T/SECA LADYSOFT UL PRT 16u;2333,71;3445;;3;AUTOSERVICIO;1609,46;LEONARDO SANTA CRUZ;;$;2;SOFTYS ARGENTINA S.A;;;EFV;;;;;;;TOALLA FEMENINA;;;;;300;Bruno Centurion;AXUM;;;False;133030;0;1;;;;;;1;;2333,71
322657;Cramer 616 0;BERNAL;2026-10-06;06-10-2026;05-10-2026;FAC-A-133030;Venta;LAGOPUELO S.A;1509765;6,00;9973,08;12067,43;Huang Jiaping;;0,00 %;054;Leonel Caruso;;TF NORMALT/SUAVE EXT ALG 16x27;1662,18;3445;;3;AUTOSERVICIO;1146,33;LEONARDO SANTA CRUZ;;$;2;SOFTYS ARGENTINA S.A;;;EFV;;;;;;;TOALLA FEMENINA;;;;;300;Bruno Centurion;AXUM;;;False;133030;0;1;;;;;;1;;1662,18
2454;Calle 158 ESQ. 46;PLATANOS;2026-10-06;06-10-2026;05-10-2026;FAC-A-133033;Venta;LAGOPUELO S.A;1501553;1,00;22551,25;27287,01;GARIGLIO SANDRA EDITH;;15,00 %;052;Nicole Sosa;;PH HIGIENOL DH PLUS FUSI”N 30M x4/10;22551,25;3443;;3;AUTOSERVICIO;17199,92;JUAN ESCOTO;;$;2;SOFTYS ARGENTINA S.A;;;CON;;;;;;;PAPEL HIG;;;;;300;Bruno Centurion;AXUM;;;False;133033;0;1;;;;;;1;;22551,25
2454;Calle 158 ESQ. 46;PLATANOS;2026-10-06;06-10-2026;05-10-2026;FAC-A-133033;Venta;LAGOPUELO S.A;1505688;1,00;15533,64;18795,70;GARIGLIO SANDRA EDITH;;5,00 %;052;Nicole Sosa;;RC Sussex clasico mas blanco 50px3/10;15533,64;3443;;3;AUTOSERVICIO;12112,00;JUAN ESCOTO;;$;2;SOFTYS ARGENTINA S.A;;;CON;;;;;;;ROLLO DE COCINA;;;;;300;Bruno Centurion;AXUM;;;False;133033;0;1;;;;;;1;;15533,64
2454;Calle 158 ESQ. 46;PLATANOS;2026-10-06;06-10-2026;05-10-2026;FAC-A-133033;Venta;LAGOPUELO S.A;1501585;1,00;36501,38;44166,67;GARIGLIO SANDRA EDITH;;0,00 %;052;Nicole Sosa;;PH HIGIENOL HS MAX ALOE PANAL 80M X4;36501,38;3443;;3;AUTOSERVICIO;24669,76;JUAN ESCOTO;;$;2;SOFTYS ARGENTINA S.A;;;CON;;;;;;;PAPEL HIG;;;;;300;Bruno Centurion;AXUM;;;False;133033;0;1;;;;;;1;;36501,38
2454;Calle 158 ESQ. 46;PLATANOS;2026-10-06;06-10-2026;05-10-2026;FAC-A-133033;Venta;LAGOPUELO S.A;1509762;5,00;5860,95;7091,75;GARIGLIO SANDRA EDITH;;0,00 %;052;Nicole Sosa;;TF NOCTUR EXT A 8x32;1172,19;3443;;3;AUTOSERVICIO;808,41;JUAN ESCOTO;;$;2;SOFTYS ARGENTINA S.A;;;CON;;;;;;;TOALLA FEMENINA;;;;;300;Bruno Centurion;AXUM;;;False;133033;0;1;;;;;;1;;1172,19
2454;Calle 158 ESQ. 46;PLATANOS;2026-10-06;06-10-2026;05-10-2026;FAC-A-133033;Venta;LAGOPUELO S.A;1509764;5,00;4243,20;5134,27;GARIGLIO SANDRA EDITH;;0,00 %;052;Nicole Sosa;;TF NORMAL T/SUAVE EXT ALGODON 8x54;848,64;3443;;3;AUTOSERVICIO;585,27;JUAN ESCOTO;;$;2;SOFTYS ARGENTINA S.A;;;CON;;;;;;;TOALLA FEMENINA;;;;;300;Bruno Centurion;AXUM;;;False;133033;0;1;;;;;;1;;848,64
23385;Claudio Leon Sempere - (AUTOSERVICIOS) 1630;ALTE BROWN;2026-10-06;06-10-2026;05-10-2026;FAC-A-133035;Venta;LAGOPUELO S.A;1509763;16,00;36240,80;43851,37;SHI YUMING;;0,00 %;061;Nailah Guzman;;TF Nocturna EXT ALGODON 16X16;2265,05;3447;;3;Autoservicio A;1562,11;WALTER JANIUK;;$;2;SOFTYS ARGENTINA S.A;;;CON;;;;;;;TOALLA FEMENINA;;;;;300;Bruno Centurion;AXUM;;;False;133035;0;1;;;;;;1;;2265,05
23219;Enrique de Rosas - (AUTOSERVICIOS) 935;LONGCHAMPS;2026-10-06;06-10-2026;05-10-2026;FAC-A-133041;Venta;LAGOPUELO S.A;1501553;5,00;112756,24;136435,05;LIN JINLISNG;;15,00 %;062;Nahuel Martinez;;PH HIGIENOL DH PLUS FUSI”N 30M x4/10;22551,25;3447;;3;Autoservicio A;17199,92;WALTER JANIUK;;$;2;SOFTYS ARGENTINA S.A;;;CON;;;;;;;PAPEL HIG;;;;;300;Bruno Centurion;AXUM;;;False;133041;0;1;;;;;;1;;22551,25
23219;Enrique de Rosas - (AUTOSERVICIOS) 935;LONGCHAMPS;2026-10-06;06-10-2026;05-10-2026;FAC-A-133041;Venta;LAGOPUELO S.A;1501627;2,00;24081,41;29138,50;LIN JINLISNG;;10,00 %;062;Nahuel Martinez;;PH Higienol HS Balanced 20mx4/12;12040,70;3447;;3;Autoservicio A;9488,34;WALTER JANIUK;;$;2;SOFTYS ARGENTINA S.A;;;CON;;;;;;;PAPEL HIG;;;;;300;Bruno Centurion;AXUM;;;False;133041;0;1;;;;;;1;;12040,70
23219;Enrique de Rosas - (AUTOSERVICIOS) 935;LONGCHAMPS;2026-10-06;06-10-2026;05-10-2026;FAC-A-133041;Venta;LAGOPUELO S.A;1509758;12,00;13388,88;16200,54;LIN JINLISNG;;0,00 %;062;Nahuel Martinez;;TF UD T/SUAVE EXT ALGO 8X40;1115,74;3447;;3;Autoservicio A;769,48;WALTER JANIUK;;$;2;SOFTYS ARGENTINA S.A;;;CON;;;;;;;TOALLA FEMENINA;;;;;300;Bruno Centurion;AXUM;;;False;133041;0;1;;;;;;1;;1115,74
23219;Enrique de Rosas - (AUTOSERVICIOS) 935;LONGCHAMPS;2026-10-06;06-10-2026;05-10-2026;FAC-A-133041;Venta;LAGOPUELO S.A;1509756;10,00;23337,10;28237,89;LIN JINLISNG;;0,00 %;062;Nahuel Martinez;;TF UD T/SECA LADYSOFT UL PRT 16u;2333,71;3447;;3;Autoservicio A;1609,46;WALTER JANIUK;;$;2;SOFTYS ARGENTINA S.A;;;CON;;;;;;;TOALLA FEMENINA;;;;;300;Bruno Centurion;AXUM;;;False;133041;0;1;;;;;;1;;2333,71
23219;Enrique de Rosas - (AUTOSERVICIOS) 935;LONGCHAMPS;2026-10-06;06-10-2026;05-10-2026;FAC-A-133041;Venta;LAGOPUELO S.A;1509763;10,00;22650,50;27407,11;LIN JINLISNG;;0,00 %;062;Nahuel Martinez;;TF Nocturna EXT ALGODON 16X16;2265,05;3447;;3;Autoservicio A;1562,11;WALTER JANIUK;;$;2;SOFTYS ARGENTINA S.A;;;CON;;;;;;;TOALLA FEMENINA;;;;;300;Bruno Centurion;AXUM;;;False;133041;0;1;;;;;;1;;2265,05
23219;Enrique de Rosas - (AUTOSERVICIOS) 935;LONGCHAMPS;2026-10-06;06-10-2026;05-10-2026;FAC-A-133041;Venta;LAGOPUELO S.A;1503118;12,00;19624,32;23745,43;LIN JINLISNG;;0,00 %;062;Nahuel Martinez;;TH BABYSEC ULTRA 50/24;1635,36;3447;;3;Autoservicio A;1127,83;WALTER JANIUK;;$;2;SOFTYS ARGENTINA S.A;;;CON;;;;;;;;;;;;300;Bruno Centurion;AXUM;;;False;133041;0;1;;;;;;1;;1635,36
23219;Enrique de Rosas - (AUTOSERVICIOS) 935;LONGCHAMPS;2026-10-06;06-10-2026;05-10-2026;FAC-A-133041;Venta;LAGOPUELO S.A;1502607;1,00;27858,59;33708,89;LIN JINLISNG;;0,00 %;062;Nahuel Martinez;;PH ELITE ULTRA DH SOFT T C/ALG 30Mx4;27858,59;3447;;3;Autoservicio A;18637,00;WALTER JANIUK;;$;2;SOFTYS ARGENTINA S.A;;;CON;;;;;;;PAPEL HIG;;;;;300;Bruno Centurion;AXUM;;;False;133041;0;1;;;;;;1;;27858,59
101439;Oliden 1263 0;VALENTIN ALSINA;2026-10-06;06-10-2026;05-10-2026;FAC-A-133046;Venta;LAGOPUELO S.A;1501553;15,00;318370,56;385228,38;Lin Daoguang;;20,00 %;28;Nadia Diaz;;PH HIGIENOL DH PLUS FUSI”N 30M x4/10;21224,70;3441;;3;AUTOSERVICIO;17199,92;HERNAN RIVERO;;$;2;SOFTYS ARGENTINA S.A;;;EFV;;;;;;;PAPEL HIG;;;;;25;JOHANA VIGIL;AXUM;;;False;133046;0;1;;;;;;1;;21224,70
101439;Oliden 1263 0;VALENTIN ALSINA;2026-10-06;06-10-2026;05-10-2026;FAC-A-133046;Venta;LAGOPUELO S.A;1505776;30,00;41961,90;50773,90;Lin Daoguang;;0,00 %;28;Nadia Diaz;;SE SUSSEX HS 30X30 BLANCA X80;1398,73;3441;;3;AUTOSERVICIO;1036,10;HERNAN RIVERO;;$;2;SOFTYS ARGENTINA S.A;;;EFV;;;;;;;SERVILLETA;;;;;25;JOHANA VIGIL;AXUM;;;False;133046;0;1;;;;;;1;;1398,73
101439;Oliden 1263 0;VALENTIN ALSINA;2026-10-06;06-10-2026;05-10-2026;FAC-A-133046;Venta;LAGOPUELO S.A;1505688;5,00;77668,20;93978,52;Lin Daoguang;;5,00 %;28;Nadia Diaz;;RC Sussex clasico mas blanco 50px3/10;15533,64;3441;;3;AUTOSERVICIO;12112,00;HERNAN RIVERO;;$;2;SOFTYS ARGENTINA S.A;;;EFV;;;;;;;ROLLO DE COCINA;;;;;25;JOHANA VIGIL;AXUM;;;False;133046;0;1;;;;;;1;;15533,64
928;CALLE 809 2734;Quilmes Oeste;2026-10-06;06-10-2026;05-10-2026;FAC-A-133048;Venta;Empresa LAGOPUELO;1509749;60,00;60321,96;72989,57;Guzman Ruben;;5,00 %;076;Martin Di Giorno;;PD ladysoft clasicos 20x30;1005,37;3445;;georgalos-815;Mayoristas Perfumeros;896,84;LEONARDO SANTA CRUZ;;$;2;SOFTYS ARGENTINA S.A;;;CON;;;;;;;PROTECTOR DIARIO;;;;;300;Bruno Centurion;AXUM;;;False;133048;0;2;;;;;;1;;1005,37
928;CALLE 809 2734;Quilmes Oeste;2026-10-06;06-10-2026;05-10-2026;FAC-A-133048;Venta;Empresa LAGOPUELO;1509750;20,00;52886,50;63992,67;Guzman Ruben;;5,00 %;076;Martin Di Giorno;;PD LADYSOFT CLASICOS 56x10;2644,33;3445;;georgalos-815;Mayoristas Perfumeros;2358,90;LEONARDO SANTA CRUZ;;$;2;SOFTYS ARGENTINA S.A;;;CON;;;;;;;PROTECTOR DIARIO;;;;;300;Bruno Centurion;AXUM;;;False;133048;0;2;;;;;;1;;2644,33
928;CALLE 809 2734;Quilmes Oeste;2026-10-06;06-10-2026;05-10-2026;FAC-A-133048;Venta;Empresa LAGOPUELO;1509758;80,00;69006,48;83497,84;Guzman Ruben;;5,00 %;076;Martin Di Giorno;;TF UD T/SUAVE EXT ALGO 8X40;862,58;3445;;georgalos-815;Mayoristas Perfumeros;769,48;LEONARDO SANTA CRUZ;;$;2;SOFTYS ARGENTINA S.A;;;CON;;;;;;;TOALLA FEMENINA;;;;;300;Bruno Centurion;AXUM;;;False;133048;0;2;;;;;;1;;862,58
928;CALLE 809 2734;Quilmes Oeste;2026-10-06;06-10-2026;05-10-2026;FAC-A-133048;Venta;Empresa LAGOPUELO;1509759;40,00;65890,48;79727,48;Guzman Ruben;;5,00 %;076;Martin Di Giorno;;TF UD T/SUAVE EXT ALG 16x20;1647,26;3445;;georgalos-815;Mayoristas Perfumeros;1469,45;LEONARDO SANTA CRUZ;;$;2;SOFTYS ARGENTINA S.A;;;CON;;;;;;;TOALLA FEMENINA;;;;;300;Bruno Centurion;AXUM;;;False;133048;0;2;;;;;;1;;1647,26
928;CALLE 809 2734;Quilmes Oeste;2026-10-06;06-10-2026;05-10-2026;FAC-A-133048;Venta;Empresa LAGOPUELO;1509762;128,00;115996,67;140355,97;Guzman Ruben;;5,00 %;076;Martin Di Giorno;;TF NOCTUR EXT A 8x32;906,22;3445;;georgalos-815;Mayoristas Perfumeros;808,41;LEONARDO SANTA CRUZ;;$;2;SOFTYS ARGENTINA S.A;;;CON;;;;;;;TOALLA FEMENINA;;;;;300;Bruno Centurion;AXUM;;;False;133048;0;2;;;;;;1;;906,22
928;CALLE 809 2734;Quilmes Oeste;2026-10-06;06-10-2026;05-10-2026;FAC-A-133048;Venta;Empresa LAGOPUELO;1509763;64,00;112072,03;135607,16;Guzman Ruben;;5,00 %;076;Martin Di Giorno;;TF Nocturna EXT ALGODON 16X16;1751,13;3445;;georgalos-815;Mayoristas Perfumeros;1562,11;LEONARDO SANTA CRUZ;;$;2;SOFTYS ARGENTINA S.A;;;CON;;;;;;;TOALLA FEMENINA;;;;;300;Bruno Centurion;AXUM;;;False;133048;0;2;;;;;;1;;1751,13
928;CALLE 809 2734;Quilmes Oeste;2026-10-06;06-10-2026;05-10-2026;FAC-A-133048;Venta;Empresa LAGOPUELO;1509756;180,00;324756,36;392955,20;Guzman Ruben;;5,00 %;076;Martin Di Giorno;;TF UD T/SECA LADYSOFT UL PRT 16u;1804,20;3445;;georgalos-815;Mayoristas Perfumeros;1609,46;LEONARDO SANTA CRUZ;;$;2;SOFTYS ARGENTINA S.A;;;CON;;;;;;;TOALLA FEMENINA;;;;;300;Bruno Centurion;AXUM;;;False;133048;0;2;;;;;;1;;1804,20
29200;CALLE 20 ENT 159/160 - (PERFUMERIA) 5943;BERAZATEGUI;2026-10-06;06-10-2026;05-10-2026;FAC-A-133049;Venta;Empresa LAGOPUELO;1503118;6,00;9812,16;11872,71;PATRICIA VARGAS RODRIGUEZ;;0,00 %;5;Eliana Huber;;TH BABYSEC ULTRA 50/24;1635,36;3443;;georgalos-803;Perfumeria;1127,83;JUAN ESCOTO;;$;2;SOFTYS ARGENTINA S.A;;;CON;;;;;;;;;;;;25;JOHANA VIGIL;AXUM;;;False;133049;0;1;;;;;;1;;1635,36
27390;Godoy Cruz - (AUTOSERVICIOS) 630;BANFIELD;2026-10-06;06-10-2026;05-10-2026;FAC-A-133057;Venta;LAGOPUELO S.A;1505689;2,00;41084,38;49712,10;Lin Yinting;;0,00 %;074;Romina Baez;;RC SUSSEX ULTRA 60P x 3/10;20542,19;3442;;3;Autoservicio A;15216,44;MARIANO SOSA;;$;2;SOFTYS ARGENTINA S.A;;;CON;;;;;;;ROLLO DE COCINA;;;;;300;Bruno Centurion;AXUM;;;False;133057;0;1;;;;;;1;;20542,19
27390;Godoy Cruz - (AUTOSERVICIOS) 630;BANFIELD;2026-10-06;06-10-2026;05-10-2026;FAC-A-133057;Venta;LAGOPUELO S.A;1505698;1,00;15545,68;18810,27;Lin Yinting;;0,00 %;074;Romina Baez;;RC SUSSEX PREMIUM MAXI 100P;15545,68;3442;;3;Autoservicio A;11515,32;MARIANO SOSA;;$;2;SOFTYS ARGENTINA S.A;;;CON;;;;;;;ROLLO DE COCINA;;;;;300;Bruno Centurion;AXUM;;;False;133057;0;1;;;;;;1;;15545,68
1202;CALLE 24 4705;Berazategui;2026-10-06;06-10-2026;05-10-2026;FAC-A-133061;Venta;LAGOPUELO S.A;1501627;10,00;113717,76;137598,49;GUZMAN MERIDA HERNAN;;15,00 %;4;Selene Pawlikowski;;PH Higienol HS Balanced 20mx4/12;11371,78;3443;;3;AUTOSERVICIO;9488,34;JUAN ESCOTO;;$;2;SOFTYS ARGENTINA S.A;;;CON;;;;;;;PAPEL HIG;;;;;25;JOHANA VIGIL;AXUM;;;False;133061;0;1;;;;;;1;;11371,78
27911;VIRGEN DE ITATI - (AUTOSERVICIOS) 905;BANFIELD;2026-10-06;06-10-2026;05-10-2026;FAC-A-133067;Venta;LAGOPUELO S.A;1509755;12,00;14396,04;17419,21;ENQIN HUANG;;0,00 %;073;Florencia Cubilla;;TF UD T/SECA LADYSOFT ULTRA PROTECT 8;1199,67;3442;;3;Autoservicio B;827,36;MARIANO SOSA;;$;2;SOFTYS ARGENTINA S.A;;;CON;;;;;;;TOALLA FEMENINA;;;;;300;Bruno Centurion;AXUM;;;False;133067;0;1;;;;;;1;;1199,67
23571;Francisco Cafferata - (TRADICIONAL) 1032;TURDERA;2026-10-06;06-10-2026;05-10-2026;FAC-B-133073;Venta;ELEBES;1509755;6,00;7198,02;8709,60;GARCIA MIRTA;;0,00 %;063;Daniel Martin;;TF UD T/SECA LADYSOFT ULTRA PROTECT 8;1199,67;3444;;2;ALMACEN;827,36;CLAUDIO GARCIA;;$;2;SOFTYS ARGENTINA S.A;;;CON;;;;;;;TOALLA FEMENINA;;;;;300;Bruno Centurion;AXUM;;;False;133073;0;1;;;;;;1;;1199,67
23571;Francisco Cafferata - (TRADICIONAL) 1032;TURDERA;2026-10-06;06-10-2026;05-10-2026;FAC-B-133073;Venta;ELEBES;1509758;6,00;6694,44;8100,27;GARCIA MIRTA;;0,00 %;063;Daniel Martin;;TF UD T/SUAVE EXT ALGO 8X40;1115,74;3444;;2;ALMACEN;769,48;CLAUDIO GARCIA;;$;2;SOFTYS ARGENTINA S.A;;;CON;;;;;;;TOALLA FEMENINA;;;;;300;Bruno Centurion;AXUM;;;False;133073;0;1;;;;;;1;;1115,74
23571;Francisco Cafferata - (TRADICIONAL) 1032;TURDERA;2026-10-06;06-10-2026;05-10-2026;FAC-B-133073;Venta;ELEBES;1505496;3,00;3722,25;4503,92;GARCIA MIRTA;;0,00 %;063;Daniel Martin;;PO ELITE ST CON ALGODON X10 PACK 6;1240,75;3444;;2;ALMACEN;855,69;CLAUDIO GARCIA;;$;2;SOFTYS ARGENTINA S.A;;;CON;;;;;;;PAÒUELOS;;;;;300;Bruno Centurion;AXUM;;;False;133073;0;1;;;;;;1;;1240,75
322671;Cramer 868;BERNAL;2026-10-06;06-10-2026;05-10-2026;FAC-A-133088;Venta;LAGOPUELO S.A;1509761;6,00;4771,32;5773,30;Ricardo Palacios;;0,00 %;054;Leonel Caruso;;TF LADYSOFT COMFORT EXT ALGODON 8x54;795,22;3445;;3;AUTOSERVICIO;548,43;LEONARDO SANTA CRUZ;;$;2;SOFTYS ARGENTINA S.A;;;EFV;;;;;;;TOALLA FEMENINA;;;;;300;Bruno Centurion;AXUM;;;False;133088;0;1;;;;;;1;;795,22
29254;ALMAFUERTE - (AUTOSERVICIOS) 1837;BANFIELD;2026-10-06;06-10-2026;05-10-2026;FAC-A-133094;Venta;LAGOPUELO S.A;1509764;9,00;7637,76;9241,69;WENJIN YAO;;0,00 %;074;Romina Baez;;TF NORMAL T/SUAVE EXT ALGODON 8x54;848,64;3442;;3;Autoservicio A;585,27;MARIANO SOSA;;$;2;SOFTYS ARGENTINA S.A;;;CON;;;;;;;TOALLA FEMENINA;;;;;300;Bruno Centurion;AXUM;;;False;133094;0;1;;;;;;1;;848,64
29254;ALMAFUERTE - (AUTOSERVICIOS) 1837;BANFIELD;2026-10-06;06-10-2026;05-10-2026;FAC-A-133094;Venta;LAGOPUELO S.A;1509766;6,00;5494,80;6648,71;WENJIN YAO;;0,00 %;074;Romina Baez;;TF T/SECA NORMAL MAS PROTECC 8x54;915,80;3442;;3;Autoservicio A;631,59;MARIANO SOSA;;$;2;SOFTYS ARGENTINA S.A;;;CON;;;;;;;TOALLA FEMENINA;;;;;300;Bruno Centurion;AXUM;;;False;133094;0;1;;;;;;1;;915,80
23230;ONCATIVO - (AUTOSERVICIOS) 18;BURZACO;2026-10-06;06-10-2026;05-10-2026;FAC-B-133099;Venta;ELEBES;1501627;2,00;24081,41;29138,50;MARIA INES GONZALEZ;;10,00 %;062;Nahuel Martinez;;PH Higienol HS Balanced 20mx4/12;12040,70;3447;;2;ALMACEN;9488,34;WALTER JANIUK;;$;2;SOFTYS ARGENTINA S.A;;;CON;;;;;;;PAPEL HIG;;;;;300;Bruno Centurion;AXUM;;;False;133099;0;1;;;;;;1;;12040,70
27703;CHILE 360;PI—EYRO;2026-10-06;06-10-2026;05-10-2026;FAC-A-133101;Venta;LAGOPUELO S.A;1509764;6,00;5091,84;6161,13;CARINA  BEATRIZ GUERRA;;0,00 %;26;Sabrina Pereyra;;TF NORMAL T/SUAVE EXT ALGODON 8x54;848,64;3441;;2;ALMACEN;585,27;HERNAN RIVERO;;$;2;SOFTYS ARGENTINA S.A;;;CON;;;;;;;TOALLA FEMENINA;;;;;25;JOHANA VIGIL;AXUM;;;False;133101;0;1;;;;;;1;;848,64
27703;CHILE 360;PI—EYRO;2026-10-06;06-10-2026;05-10-2026;FAC-A-133101;Venta;LAGOPUELO S.A;1509762;6,00;7033,14;8510,10;CARINA  BEATRIZ GUERRA;;0,00 %;26;Sabrina Pereyra;;TF NOCTUR EXT A 8x32;1172,19;3441;;2;ALMACEN;808,41;HERNAN RIVERO;;$;2;SOFTYS ARGENTINA S.A;;;CON;;;;;;;TOALLA FEMENINA;;;;;25;JOHANA VIGIL;AXUM;;;False;133101;0;1;;;;;;1;;1172,19
23565;Florida 1214;BURZACO;2026-10-06;06-10-2026;05-10-2026;FAC-A-133104;Venta;ELEBES;1501553;1,00;22551,25;27287,01;PASZCZUUK JUAN CARLOS;;15,00 %;063;Daniel Martin;;PH HIGIENOL DH PLUS FUSI”N 30M x4/10;22551,25;3444;;2;ALMACEN;17199,92;CLAUDIO GARCIA;;$;2;SOFTYS ARGENTINA S.A;;;CON;;;;;;;PAPEL HIG;;;;;300;Bruno Centurion;AXUM;;;False;133104;0;1;;;;;;1;;22551,25
27701;URUGUAY 865;AVELLANEDA;2026-10-06;06-10-2026;05-10-2026;FAC-A-133109;Venta;ELEBES;1501627;1,00;12040,70;14569,25;MARIA ALEJANDRA TANUS;;10,00 %;27;Samanta Dogliotti;;PH Higienol HS Balanced 20mx4/12;12040,70;3441;;2;ALMACEN;9488,34;HERNAN RIVERO;;$;2;SOFTYS ARGENTINA S.A;;;CON;;;;;;;PAPEL HIG;;;;;25;JOHANA VIGIL;AXUM;;;False;133109;0;1;;;;;;1;;12040,70
23858;ALSINA - (TRADICIONAL) 380;BURZACO;2026-10-06;06-10-2026;05-10-2026;FAC-A-133115;Venta;ELEBES;1501627;1,00;12040,70;14569,25;FACUNDO GUILLERMO GARBAGNATI;;10,00 %;061;Nailah Guzman;;PH Higienol HS Balanced 20mx4/12;12040,70;3447;;georgalos-803;Perfumeria;9488,34;WALTER JANIUK;;$;2;SOFTYS ARGENTINA S.A;;;CON;;;;;;;PAPEL HIG;;;;;300;Bruno Centurion;AXUM;;;False;133115;0;1;;;;;;1;;12040,70
23858;ALSINA - (TRADICIONAL) 380;BURZACO;2026-10-06;06-10-2026;05-10-2026;FAC-A-133115;Venta;ELEBES;1505688;1,00;15533,64;18795,70;FACUNDO GUILLERMO GARBAGNATI;;5,00 %;061;Nailah Guzman;;RC Sussex clasico mas blanco 50px3/10;15533,64;3447;;georgalos-803;Perfumeria;12112,00;WALTER JANIUK;;$;2;SOFTYS ARGENTINA S.A;;;CON;;;;;;;ROLLO DE COCINA;;;;;300;Bruno Centurion;AXUM;;;False;133115;0;1;;;;;;1;;15533,64
23845;CALLE 24 - (OTROS) 4822;BERAZATEGUI;2026-10-06;06-10-2026;05-10-2026;FAC-B-133117;Venta;ELEBES;1505688;1,00;15533,64;18795,70;MIGUEL;;5,00 %;4;Selene Pawlikowski;;RC Sussex clasico mas blanco 50px3/10;15533,64;3443;;2;ALMACEN;12112,00;JUAN ESCOTO;;$;2;SOFTYS ARGENTINA S.A;;;CON;;;;;;;ROLLO DE COCINA;;;;;25;JOHANA VIGIL;AXUM;;;False;133117;0;1;;;;;;1;;15533,64
23845;CALLE 24 - (OTROS) 4822;BERAZATEGUI;2026-10-06;06-10-2026;05-10-2026;FAC-B-133117;Venta;ELEBES;1503131;6,00;14852,76;17971,84;MIGUEL;;0,00 %;4;Selene Pawlikowski;;TH BABYSEC PREMIUM X45/10;2475,46;3443;;2;ALMACEN;1707,21;JUAN ESCOTO;;$;2;SOFTYS ARGENTINA S.A;;;CON;;;;;;;TOALLA HUMEDA;;;;;25;JOHANA VIGIL;AXUM;;;False;133117;0;1;;;;;;1;;2475,46
23845;CALLE 24 - (OTROS) 4822;BERAZATEGUI;2026-10-06;06-10-2026;05-10-2026;FAC-B-133117;Venta;ELEBES;1501553;1,00;22551,25;27287,01;MIGUEL;;15,00 %;4;Selene Pawlikowski;;PH HIGIENOL DH PLUS FUSI”N 30M x4/10;22551,25;3443;;2;ALMACEN;17199,92;JUAN ESCOTO;;$;2;SOFTYS ARGENTINA S.A;;;CON;;;;;;;PAPEL HIG;;;;;25;JOHANA VIGIL;AXUM;;;False;133117;0;1;;;;;;1;;22551,25
27389;Jm penna - (AUTOSERVICIOS) 1557;BANFIELD;2026-10-06;06-10-2026;05-10-2026;FAC-A-133118;Venta;LAGOPUELO S.A;1509765;27,00;44878,86;54303,42;XIAOZHU LIN;;0,00 %;074;Romina Baez;;TF NORMALT/SUAVE EXT ALG 16x27;1662,18;3442;;3;Autoservicio A;1146,33;MARIANO SOSA;;$;2;SOFTYS ARGENTINA S.A;;;CON;;;;;;;TOALLA FEMENINA;;;;;300;Bruno Centurion;AXUM;;;False;133118;0;1;;;;;;1;;1662,18
100910;Mario Bravo 440 0;Avellaneda;2026-10-06;06-10-2026;05-10-2026;FAC-A-133121;Venta;LAGOPUELO S.A;1505776;30,00;41961,90;50773,90;Qiu mingjin;;0,00 %;26;Sabrina Pereyra;;SE SUSSEX HS 30X30 BLANCA X80;1398,73;3441;;3;AUTOSERVICIO;1036,10;HERNAN RIVERO;;$;2;SOFTYS ARGENTINA S.A;;;EFV;;;;;;;SERVILLETA;;;;;25;JOHANA VIGIL;AXUM;;;False;133121;0;1;;;;;;1;;1398,73
100910;Mario Bravo 440 0;Avellaneda;2026-10-06;06-10-2026;05-10-2026;FAC-A-133121;Venta;LAGOPUELO S.A;1505496;35,00;43426,25;52545,76;Qiu mingjin;;0,00 %;26;Sabrina Pereyra;;PO ELITE ST CON ALGODON X10 PACK 6;1240,75;3441;;3;AUTOSERVICIO;855,69;HERNAN RIVERO;;$;2;SOFTYS ARGENTINA S.A;;;EFV;;;;;;;PAÒUELOS;;;;;25;JOHANA VIGIL;AXUM;;;False;133121;0;1;;;;;;1;;1240,75
6429;MANUEL IGLESIAS 1503;Varela;2026-10-07;07-10-2026;05-10-2026;FAC-B-133125;Venta;LAGOPUELO S.A;1501553;2,00;45102,50;54574,02;RAMIREZ VANESA;;15,00 %;7;Myrian Lertora;;PH HIGIENOL DH PLUS FUSI”N 30M x4/10;22551,25;3455;;2;ALMACEN;17199,92;IVAN MONTOYA;;$;2;SOFTYS ARGENTINA S.A;;;CON;;;;;;;PAPEL HIG;;;;;25;JOHANA VIGIL;AXUM;;;False;133125;0;1;;;;;;1;;22551,25
104815;Yrigoyen 1775 0;GERLI;2026-10-06;06-10-2026;05-10-2026;FAC-A-133126;Venta;LAGOPUELO S.A;1501553;30,00;557148,48;674149,66;Chen Shuying;;30,00 %;24;Cecilia Gauchez;;PH HIGIENOL DH PLUS FUSI”N 30M x4/10;18571,62;3441;;3;AUTOSERVICIO;17199,92;HERNAN RIVERO;;$;2;SOFTYS ARGENTINA S.A;;;EFV;;;;;;;PAPEL HIG;;;;;25;JOHANA VIGIL;AXUM;;;False;133126;0;1;;;;;;1;;18571,62
104815;Yrigoyen 1775 0;GERLI;2026-10-06;06-10-2026;05-10-2026;FAC-A-133126;Venta;LAGOPUELO S.A;1509766;12,00;10989,60;13297,42;Chen Shuying;;0,00 %;24;Cecilia Gauchez;;TF T/SECA NORMAL MAS PROTECC 8x54;915,80;3441;;3;AUTOSERVICIO;631,59;HERNAN RIVERO;;$;2;SOFTYS ARGENTINA S.A;;;EFV;;;;;;;TOALLA FEMENINA;;;;;25;JOHANA VIGIL;AXUM;;;False;133126;0;1;;;;;;1;;915,80
104815;Yrigoyen 1775 0;GERLI;2026-10-06;06-10-2026;05-10-2026;FAC-A-133126;Venta;LAGOPUELO S.A;1509762;12,00;14066,28;17020,20;Chen Shuying;;0,00 %;24;Cecilia Gauchez;;TF NOCTUR EXT A 8x32;1172,19;3441;;3;AUTOSERVICIO;808,41;HERNAN RIVERO;;$;2;SOFTYS ARGENTINA S.A;;;EFV;;;;;;;TOALLA FEMENINA;;;;;25;JOHANA VIGIL;AXUM;;;False;133126;0;1;;;;;;1;;1172,19
3688;EVA PERON 1186;QUILMES;2026-10-06;06-10-2026;05-10-2026;FAC-B-133130;Venta;LAGOPUELO S.A;1501618;5,00;95160,45;115144,14;WENG YIHONG;;0,00 %;056;Ezequiel Ferreira;;PH HIG  FRESH ALOE 30M X4/12;19032,09;3445;;3;AUTOSERVICIO;13125,58;LEONARDO SANTA CRUZ;;$;2;SOFTYS ARGENTINA S.A;;;CON;;;;;;;PAPEL HIG;;;;;300;Bruno Centurion;AXUM;;;False;133130;0;1;;;;;;1;;19032,09
3688;EVA PERON 1186;QUILMES;2026-10-06;06-10-2026;05-10-2026;FAC-B-133130;Venta;LAGOPUELO S.A;1505776;30,00;41961,90;50773,90;WENG YIHONG;;0,00 %;056;Ezequiel Ferreira;;SE SUSSEX HS 30X30 BLANCA X80;1398,73;3445;;3;AUTOSERVICIO;1036,10;LEONARDO SANTA CRUZ;;$;2;SOFTYS ARGENTINA S.A;;;CON;;;;;;;SERVILLETA;;;;;300;Bruno Centurion;AXUM;;;False;133130;0;1;;;;;;1;;1398,73
3688;EVA PERON 1186;QUILMES;2026-10-06;06-10-2026;05-10-2026;FAC-B-133130;Venta;LAGOPUELO S.A;1509755;12,00;14396,04;17419,21;WENG YIHONG;;0,00 %;056;Ezequiel Ferreira;;TF UD T/SECA LADYSOFT ULTRA PROTECT 8;1199,67;3445;;3;AUTOSERVICIO;827,36;LEONARDO SANTA CRUZ;;$;2;SOFTYS ARGENTINA S.A;;;CON;;;;;;;TOALLA FEMENINA;;;;;300;Bruno Centurion;AXUM;;;False;133130;0;1;;;;;;1;;1199,67
3688;EVA PERON 1186;QUILMES;2026-10-06;06-10-2026;05-10-2026;FAC-B-133130;Venta;LAGOPUELO S.A;1509758;12,00;13388,88;16200,54;WENG YIHONG;;0,00 %;056;Ezequiel Ferreira;;TF UD T/SUAVE EXT ALGO 8X40;1115,74;3445;;3;AUTOSERVICIO;769,48;LEONARDO SANTA CRUZ;;$;2;SOFTYS ARGENTINA S.A;;;CON;;;;;;;TOALLA FEMENINA;;;;;300;Bruno Centurion;AXUM;;;False;133130;0;1;;;;;;1;;1115,74
3688;EVA PERON 1186;QUILMES;2026-10-06;06-10-2026;05-10-2026;FAC-B-133130;Venta;LAGOPUELO S.A;1509761;54,00;42941,88;51959,67;WENG YIHONG;;0,00 %;056;Ezequiel Ferreira;;TF LADYSOFT COMFORT EXT ALGODON 8x54;795,22;3445;;3;AUTOSERVICIO;548,43;LEONARDO SANTA CRUZ;;$;2;SOFTYS ARGENTINA S.A;;;CON;;;;;;;TOALLA FEMENINA;;;;;300;Bruno Centurion;AXUM;;;False;133130;0;1;;;;;;1;;795,22
3688;EVA PERON 1186;QUILMES;2026-10-06;06-10-2026;05-10-2026;FAC-B-133130;Venta;LAGOPUELO S.A;1501627;1,00;12040,70;14569,25;WENG YIHONG;;10,00 %;056;Ezequiel Ferreira;;PH Higienol HS Balanced 20mx4/12;12040,70;3445;;3;AUTOSERVICIO;9488,34;LEONARDO SANTA CRUZ;;$;2;SOFTYS ARGENTINA S.A;;;CON;;;;;;;PAPEL HIG;;;;;300;Bruno Centurion;AXUM;;;False;133130;0;1;;;;;;1;;12040,70
29382;AZUL 315;MONTE GRANDE;2026-10-06;06-10-2026;05-10-2026;FAC-B-133134;Venta;LAGOPUELO S.A;1509756;20,00;46674,20;56475,78;CHEN FANG;;0,00 %;064;Karina Fernandez;;TF UD T/SECA LADYSOFT UL PRT 16u;2333,71;3444;;3;Autoservicio B;1609,46;CLAUDIO GARCIA;;$;2;SOFTYS ARGENTINA S.A;;;CON;;;;;;;TOALLA FEMENINA;;;;;300;Bruno Centurion;AXUM;;;False;133134;0;1;;;;;;1;;2333,71
105547;Hipolito Yrigoyen 1357 0;Avellaneda;2026-10-06;06-10-2026;05-10-2026;FAC-A-133138;Venta;LAGOPUELO S.A;1501553;9,00;202961,23;245583,09;LIN DANDAN;;15,00 %;24;Cecilia Gauchez;;PH HIGIENOL DH PLUS FUSI”N 30M x4/10;22551,25;3441;;3;AUTOSERVICIO;17199,92;HERNAN RIVERO;;$;2;SOFTYS ARGENTINA S.A;;;EFV;;;;;;;PAPEL HIG;;;;;25;JOHANA VIGIL;AXUM;;;False;133138;0;1;;;;;;1;;22551,25
108493;Coronel Delia 1539 0;LANUS;2026-10-06;06-10-2026;05-10-2026;FAC-B-133141;Venta;LAGOPUELO S.A;1505688;1,00;15533,64;18795,70;Nely Flores;;5,00 %;30;Oriana Songini;;RC Sussex clasico mas blanco 50px3/10;15533,64;3441;;3;AUTOSERVICIO;12112,00;HERNAN RIVERO;;$;2;SOFTYS ARGENTINA S.A;;;EFV;;;;;;;ROLLO DE COCINA;;;;;25;JOHANA VIGIL;AXUM;;;False;133141;0;1;;;;;;1;;15533,64
108493;Coronel Delia 1539 0;LANUS;2026-10-06;06-10-2026;05-10-2026;FAC-B-133141;Venta;LAGOPUELO S.A;1509755;6,00;7198,02;8709,60;Nely Flores;;0,00 %;30;Oriana Songini;;TF UD T/SECA LADYSOFT ULTRA PROTECT 8;1199,67;3441;;3;AUTOSERVICIO;827,36;HERNAN RIVERO;;$;2;SOFTYS ARGENTINA S.A;;;EFV;;;;;;;TOALLA FEMENINA;;;;;25;JOHANA VIGIL;AXUM;;;False;133141;0;1;;;;;;1;;1199,67
108493;Coronel Delia 1539 0;LANUS;2026-10-06;06-10-2026;05-10-2026;FAC-B-133141;Venta;LAGOPUELO S.A;1509766;6,00;5494,80;6648,71;Nely Flores;;0,00 %;30;Oriana Songini;;TF T/SECA NORMAL MAS PROTECC 8x54;915,80;3441;;3;AUTOSERVICIO;631,59;HERNAN RIVERO;;$;2;SOFTYS ARGENTINA S.A;;;EFV;;;;;;;TOALLA FEMENINA;;;;;25;JOHANA VIGIL;AXUM;;;False;133141;0;1;;;;;;1;;915,80
108493;Coronel Delia 1539 0;LANUS;2026-10-06;06-10-2026;05-10-2026;FAC-B-133141;Venta;LAGOPUELO S.A;1509749;6,00;7802,52;9441,05;Nely Flores;;0,00 %;30;Oriana Songini;;PD ladysoft clasicos 20x30;1300,42;3441;;3;AUTOSERVICIO;896,84;HERNAN RIVERO;;$;2;SOFTYS ARGENTINA S.A;;;EFV;;;;;;;PROTECTOR DIARIO;;;;;25;JOHANA VIGIL;AXUM;;;False;133141;0;1;;;;;;1;;1300,42
108493;Coronel Delia 1539 0;LANUS;2026-10-06;06-10-2026;05-10-2026;FAC-B-133141;Venta;LAGOPUELO S.A;1509761;6,00;4771,32;5773,30;Nely Flores;;0,00 %;30;Oriana Songini;;TF LADYSOFT COMFORT EXT ALGODON 8x54;795,22;3441;;3;AUTOSERVICIO;548,43;HERNAN RIVERO;;$;2;SOFTYS ARGENTINA S.A;;;EFV;;;;;;;TOALLA FEMENINA;;;;;25;JOHANA VIGIL;AXUM;;;False;133141;0;1;;;;;;1;;795,22
1466;CALLE 154 3821;Berazategui;2026-10-06;06-10-2026;05-10-2026;FAC-A-133145;Venta;LAGOPUELO S.A;1509764;10,00;8486,40;10268,54;BALBUENA HERNAN PABLO;;0,00 %;052;Nicole Sosa;;TF NORMAL T/SUAVE EXT ALGODON 8x54;848,64;3443;;3;AUTOSERVICIO;585,27;JUAN ESCOTO;;$;2;SOFTYS ARGENTINA S.A;;;CON;;;;;;;TOALLA FEMENINA;;;;;300;Bruno Centurion;AXUM;;;False;133145;0;1;;;;;;1;;848,64
1466;CALLE 154 3821;Berazategui;2026-10-06;06-10-2026;05-10-2026;FAC-A-133145;Venta;LAGOPUELO S.A;1509755;10,00;11996,70;14516,01;BALBUENA HERNAN PABLO;;0,00 %;052;Nicole Sosa;;TF UD T/SECA LADYSOFT ULTRA PROTECT 8;1199,67;3443;;3;AUTOSERVICIO;827,36;JUAN ESCOTO;;$;2;SOFTYS ARGENTINA S.A;;;CON;;;;;;;TOALLA FEMENINA;;;;;300;Bruno Centurion;AXUM;;;False;133145;0;1;;;;;;1;;1199,67
1466;CALLE 154 3821;Berazategui;2026-10-06;06-10-2026;05-10-2026;FAC-A-133145;Venta;LAGOPUELO S.A;1509756;5,00;11668,55;14118,95;BALBUENA HERNAN PABLO;;0,00 %;052;Nicole Sosa;;TF UD T/SECA LADYSOFT UL PRT 16u;2333,71;3443;;3;AUTOSERVICIO;1609,46;JUAN ESCOTO;;$;2;SOFTYS ARGENTINA S.A;;;CON;;;;;;;TOALLA FEMENINA;;;;;300;Bruno Centurion;AXUM;;;False;133145;0;1;;;;;;1;;2333,71
1466;CALLE 154 3821;Berazategui;2026-10-06;06-10-2026;05-10-2026;FAC-A-133145;Venta;LAGOPUELO S.A;1509764;1,00;0,00;0,00;BALBUENA HERNAN PABLO;;100,00 %;052;Nicole Sosa;;TF NORMAL T/SUAVE EXT ALGODON 8x54;0,00;3443;;3;AUTOSERVICIO;585,27;JUAN ESCOTO;;$;2;SOFTYS ARGENTINA S.A;;;CON;;;;;;;TOALLA FEMENINA;;;;;300;Bruno Centurion;AXUM;;;False;133145;0;1;;;;;;1;;0,00
24057;CONSTITUCION 525;BURZACO;2026-10-06;06-10-2026;05-10-2026;FAC-B-133149;Venta;LAGOPUELO S.A;1509762;10,00;11721,90;14183,50;CAROLINA ORTIZ;;0,00 %;063;Daniel Martin;;TF NOCTUR EXT A 8x32;1172,19;3444;;5;KIOSCO;808,41;CLAUDIO GARCIA;;$;2;SOFTYS ARGENTINA S.A;;;CON;;;;;;;TOALLA FEMENINA;;;;;300;Bruno Centurion;AXUM;;;False;133149;0;1;;;;;;1;;1172,19
24057;CONSTITUCION 525;BURZACO;2026-10-06;06-10-2026;05-10-2026;FAC-B-133149;Venta;LAGOPUELO S.A;1509764;6,00;5091,84;6161,13;CAROLINA ORTIZ;;0,00 %;063;Daniel Martin;;TF NORMAL T/SUAVE EXT ALGODON 8x54;848,64;3444;;5;KIOSCO;585,27;CLAUDIO GARCIA;;$;2;SOFTYS ARGENTINA S.A;;;CON;;;;;;;TOALLA FEMENINA;;;;;300;Bruno Centurion;AXUM;;;False;133149;0;1;;;;;;1;;848,64
24057;CONSTITUCION 525;BURZACO;2026-10-06;06-10-2026;05-10-2026;FAC-B-133149;Venta;LAGOPUELO S.A;1501553;1,00;22551,25;27287,01;CAROLINA ORTIZ;;15,00 %;063;Daniel Martin;;PH HIGIENOL DH PLUS FUSI”N 30M x4/10;22551,25;3444;;5;KIOSCO;17199,92;CLAUDIO GARCIA;;$;2;SOFTYS ARGENTINA S.A;;;CON;;;;;;;PAPEL HIG;;;;;300;Bruno Centurion;AXUM;;;False;133149;0;1;;;;;;1;;22551,25
24057;CONSTITUCION 525;BURZACO;2026-10-06;06-10-2026;05-10-2026;FAC-B-133149;Venta;LAGOPUELO S.A;1501627;1,00;12040,70;14569,25;CAROLINA ORTIZ;;10,00 %;063;Daniel Martin;;PH Higienol HS Balanced 20mx4/12;12040,70;3444;;5;KIOSCO;9488,34;CLAUDIO GARCIA;;$;2;SOFTYS ARGENTINA S.A;;;CON;;;;;;;PAPEL HIG;;;;;300;Bruno Centurion;AXUM;;;False;133149;0;1;;;;;;1;;12040,70
27996;FRENCH ENTR ALEM Y ACEVEDO - (PERFUMERIA) 131;BANFIELD;2026-10-06;06-10-2026;05-10-2026;FAC-A-133161;Venta;LAGOPUELO S.A;1501553;3,00;67653,74;81861,03;ELBA NOEMI IGLESIAS;;15,00 %;074;Romina Baez;;PH HIGIENOL DH PLUS FUSI”N 30M x4/10;22551,25;3442;;OTR;SIN SUB;17199,92;MARIANO SOSA;;$;2;SOFTYS ARGENTINA S.A;;;CON;;;;;;;PAPEL HIG;;;;;300;Bruno Centurion;AXUM;;;False;133161;0;1;;;;;;1;;22551,25
27996;FRENCH ENTR ALEM Y ACEVEDO - (PERFUMERIA) 131;BANFIELD;2026-10-06;06-10-2026;05-10-2026;FAC-A-133161;Venta;LAGOPUELO S.A;1505411;12,00;18045,96;21835,61;ELBA NOEMI IGLESIAS;;0,00 %;074;Romina Baez;;P— ELITE FACIALES DISNEY x90/36;1503,83;3442;;OTR;SIN SUB;1037,12;MARIANO SOSA;;$;2;SOFTYS ARGENTINA S.A;;;CON;;;;;;;PAÒUELOS;;;;;300;Bruno Centurion;AXUM;;;False;133161;0;1;;;;;;1;;1503,83
27996;FRENCH ENTR ALEM Y ACEVEDO - (PERFUMERIA) 131;BANFIELD;2026-10-06;06-10-2026;05-10-2026;FAC-A-133161;Venta;LAGOPUELO S.A;1501584;1,00;46504,33;56270,24;ELBA NOEMI IGLESIAS;;0,00 %;074;Romina Baez;;PH HIGIENOL HS MAX ALOE PANAL 100M 4x/10;46504,33;3442;;OTR;SIN SUB;32071,95;MARIANO SOSA;;$;2;SOFTYS ARGENTINA S.A;;;CON;;;;;;;PAPEL HIG;;;;;300;Bruno Centurion;AXUM;;;False;133161;0;1;;;;;;1;;46504,33
418;CHILE (Valentin Alsina) 1802;Lan˙s;2026-10-06;06-10-2026;05-10-2026;FAC-B-133166;Venta;ELEBES;1505688;1,00;15533,64;18795,70;NANCY GELATO;;5,00 %;27;Samanta Dogliotti;;RC Sussex clasico mas blanco 50px3/10;15533,64;3441;;2;ALMACEN;12112,00;HERNAN RIVERO;;$;2;SOFTYS ARGENTINA S.A;;;EFV;;;;;;;ROLLO DE COCINA;;;;;25;JOHANA VIGIL;AXUM;;;False;133166;0;1;;;;;;1;;15533,64
27806;PTE.J.D.PERON 2634;VALENTIN ALSINA;2026-10-06;06-10-2026;05-10-2026;FAC-A-133170;Venta;ELEBES;1501627;1,00;12040,70;14569,25;GABRIEL REGINO PELIZZARI;;10,00 %;28;Nadia Diaz;;PH Higienol HS Balanced 20mx4/12;12040,70;3441;;OTR;Articulo de limpieza;9488,34;HERNAN RIVERO;;$;2;SOFTYS ARGENTINA S.A;;;CON;;;;;;;PAPEL HIG;;;;;25;JOHANA VIGIL;AXUM;;;False;133170;0;1;;;;;;1;;12040,70
27806;PTE.J.D.PERON 2634;VALENTIN ALSINA;2026-10-06;06-10-2026;05-10-2026;FAC-A-133170;Venta;ELEBES;1501554;2,00;55547,24;67212,16;GABRIEL REGINO PELIZZARI;;0,00 %;28;Nadia Diaz;;PH HIGIENOL DH BALANCE 30M X4/10;27773,62;3441;;OTR;Articulo de limpieza;19154,22;HERNAN RIVERO;;$;2;SOFTYS ARGENTINA S.A;;;CON;;;;;;;PAPEL HIG;;;;;25;JOHANA VIGIL;AXUM;;;False;133170;0;1;;;;;;1;;27773,62
22134;CALLE 39 5410;BERAZATEGUI;2026-10-06;06-10-2026;05-10-2026;FAC-A-133174;Venta;LAGOPUELO S.A;1505496;35,00;43426,25;52545,76;CASAV SRL;;0,00 %;052;Nicole Sosa;;PO ELITE ST CON ALGODON X10 PACK 6;1240,75;3443;;6;MAYORISTA;855,69;JUAN ESCOTO;;$;2;SOFTYS ARGENTINA S.A;;;CON;;;;;;;PAÒUELOS;;;;;300;Bruno Centurion;AXUM;;;False;133174;0;1;;;;;;1;;1240,75
22134;CALLE 39 5410;BERAZATEGUI;2026-10-06;06-10-2026;05-10-2026;FAC-A-133174;Venta;LAGOPUELO S.A;1509762;96,00;112530,24;136161,59;CASAV SRL;;0,00 %;052;Nicole Sosa;;TF NOCTUR EXT A 8x32;1172,19;3443;;6;MAYORISTA;808,41;JUAN ESCOTO;;$;2;SOFTYS ARGENTINA S.A;;;CON;;;;;;;TOALLA FEMENINA;;;;;300;Bruno Centurion;AXUM;;;False;133174;0;1;;;;;;1;;1172,19
22134;CALLE 39 5410;BERAZATEGUI;2026-10-06;06-10-2026;05-10-2026;FAC-A-133174;Venta;LAGOPUELO S.A;1509764;162,00;137479,68;166350,41;CASAV SRL;;0,00 %;052;Nicole Sosa;;TF NORMAL T/SUAVE EXT ALGODON 8x54;848,64;3443;;6;MAYORISTA;585,27;JUAN ESCOTO;;$;2;SOFTYS ARGENTINA S.A;;;CON;;;;;;;TOALLA FEMENINA;;;;;300;Bruno Centurion;AXUM;;;False;133174;0;1;;;;;;1;;848,64
22134;CALLE 39 5410;BERAZATEGUI;2026-10-06;06-10-2026;05-10-2026;FAC-A-133174;Venta;LAGOPUELO S.A;1509764;16,00;0,00;0,00;CASAV SRL;;100,00 %;052;Nicole Sosa;;TF NORMAL T/SUAVE EXT ALGODON 8x54;0,00;3443;;6;MAYORISTA;585,27;JUAN ESCOTO;;$;2;SOFTYS ARGENTINA S.A;;;CON;;;;;;;TOALLA FEMENINA;;;;;300;Bruno Centurion;AXUM;;;False;133174;0;1;;;;;;1;;0,00
5514;Av. Monteverde - (TRADICIONAL) 5776;BURZACO;2026-10-06;06-10-2026;05-10-2026;FAC-A-133176;Venta;LAGOPUELO S.A;1505708;1,00;22612,61;27361,26;Fiscal Cristina del Valle;;0,00 %;062;Nahuel Martinez;;RC SUSEEX CLS MEGARROLO ALTO 200X1;22612,61;3447;;2;ALMACEN;16750,08;WALTER JANIUK;;$;2;SOFTYS ARGENTINA S.A;;;CON;;;;;;;ROLLO DE COCINA;;;;;300;Bruno Centurion;AXUM;;;False;133176;0;1;;;;;;1;;22612,61
5514;Av. Monteverde - (TRADICIONAL) 5776;BURZACO;2026-10-06;06-10-2026;05-10-2026;FAC-A-133176;Venta;LAGOPUELO S.A;1501553;2,00;45102,50;54574,02;Fiscal Cristina del Valle;;15,00 %;062;Nahuel Martinez;;PH HIGIENOL DH PLUS FUSI”N 30M x4/10;22551,25;3447;;2;ALMACEN;17199,92;WALTER JANIUK;;$;2;SOFTYS ARGENTINA S.A;;;CON;;;;;;;PAPEL HIG;;;;;300;Bruno Centurion;AXUM;;;False;133176;0;1;;;;;;1;;22551,25
5514;Av. Monteverde - (TRADICIONAL) 5776;BURZACO;2026-10-06;06-10-2026;05-10-2026;FAC-A-133176;Venta;LAGOPUELO S.A;1501627;2,00;24081,41;29138,50;Fiscal Cristina del Valle;;10,00 %;062;Nahuel Martinez;;PH Higienol HS Balanced 20mx4/12;12040,70;3447;;2;ALMACEN;9488,34;WALTER JANIUK;;$;2;SOFTYS ARGENTINA S.A;;;CON;;;;;;;PAPEL HIG;;;;;300;Bruno Centurion;AXUM;;;False;133176;0;1;;;;;;1;;12040,70
5514;Av. Monteverde - (TRADICIONAL) 5776;BURZACO;2026-10-06;06-10-2026;05-10-2026;FAC-A-133176;Venta;LAGOPUELO S.A;1505712;1,00;11219,88;13576,05;Fiscal Cristina del Valle;;0,00 %;062;Nahuel Martinez;;RC SUSSEX CLASICO 50P X6/4;11219,88;3447;;2;ALMACEN;8944,08;WALTER JANIUK;;$;2;SOFTYS ARGENTINA S.A;;;CON;;;;;;;SOFTYS;;;;;300;Bruno Centurion;AXUM;;;False;133176;0;1;;;;;;1;;11219,88
23206;AV. TOMAS ESPORA 5345;LONGCHAMPS;2026-10-06;06-10-2026;05-10-2026;FAC-A-133181;Venta;LAGOPUELO S.A;1501618;3,00;57096,27;69086,49;RODRIGUEZ HERNAN ARIEL;;0,00 %;062;Nahuel Martinez;;PH HIG  FRESH ALOE 30M X4/12;19032,09;3447;;3;Autoservicio B;13125,58;WALTER JANIUK;;$;2;SOFTYS ARGENTINA S.A;;;8;;;;;;;PAPEL HIG;;;;;300;Bruno Centurion;AXUM;;;False;133181;0;1;;;;;;1;;19032,09
23206;AV. TOMAS ESPORA 5345;LONGCHAMPS;2026-10-06;06-10-2026;05-10-2026;FAC-A-133181;Venta;LAGOPUELO S.A;1502607;2,00;55717,18;67417,79;RODRIGUEZ HERNAN ARIEL;;0,00 %;062;Nahuel Martinez;;PH ELITE ULTRA DH SOFT T C/ALG 30Mx4;27858,59;3447;;3;Autoservicio B;18637,00;WALTER JANIUK;;$;2;SOFTYS ARGENTINA S.A;;;8;;;;;;;PAPEL HIG;;;;;300;Bruno Centurion;AXUM;;;False;133181;0;1;;;;;;1;;27858,59
23206;AV. TOMAS ESPORA 5345;LONGCHAMPS;2026-10-06;06-10-2026;05-10-2026;FAC-A-133181;Venta;LAGOPUELO S.A;1505688;5,00;77668,20;93978,52;RODRIGUEZ HERNAN ARIEL;;5,00 %;062;Nahuel Martinez;;RC Sussex clasico mas blanco 50px3/10;15533,64;3447;;3;Autoservicio B;12112,00;WALTER JANIUK;;$;2;SOFTYS ARGENTINA S.A;;;8;;;;;;;ROLLO DE COCINA;;;;;300;Bruno Centurion;AXUM;;;False;133181;0;1;;;;;;1;;15533,64
23206;AV. TOMAS ESPORA 5345;LONGCHAMPS;2026-10-06;06-10-2026;05-10-2026;FAC-A-133181;Venta;LAGOPUELO S.A;1501553;2,00;45102,50;54574,02;RODRIGUEZ HERNAN ARIEL;;15,00 %;062;Nahuel Martinez;;PH HIGIENOL DH PLUS FUSI”N 30M x4/10;22551,25;3447;;3;Autoservicio B;17199,92;WALTER JANIUK;;$;2;SOFTYS ARGENTINA S.A;;;8;;;;;;;PAPEL HIG;;;;;300;Bruno Centurion;AXUM;;;False;133181;0;1;;;;;;1;;22551,25
23206;AV. TOMAS ESPORA 5345;LONGCHAMPS;2026-10-06;06-10-2026;05-10-2026;FAC-A-133181;Venta;LAGOPUELO S.A;1501586;1,00;30835,45;37310,89;RODRIGUEZ HERNAN ARIEL;;0,00 %;062;Nahuel Martinez;;PH HIGIENOL HS MAX 50x4;30835,45;3447;;3;Autoservicio B;21265,83;WALTER JANIUK;;$;2;SOFTYS ARGENTINA S.A;;;8;;;;;;;PAPEL HIG;;;;;300;Bruno Centurion;AXUM;;;False;133181;0;1;;;;;;1;;30835,45
23206;AV. TOMAS ESPORA 5345;LONGCHAMPS;2026-10-06;06-10-2026;05-10-2026;FAC-A-133181;Venta;LAGOPUELO S.A;1501585;1,00;36501,38;44166,67;RODRIGUEZ HERNAN ARIEL;;0,00 %;062;Nahuel Martinez;;PH HIGIENOL HS MAX ALOE PANAL 80M X4;36501,38;3447;;3;Autoservicio B;24669,76;WALTER JANIUK;;$;2;SOFTYS ARGENTINA S.A;;;8;;;;;;;PAPEL HIG;;;;;300;Bruno Centurion;AXUM;;;False;133181;0;1;;;;;;1;;36501,38
23206;AV. TOMAS ESPORA 5345;LONGCHAMPS;2026-10-06;06-10-2026;05-10-2026;FAC-A-133181;Venta;LAGOPUELO S.A;1501854;1,00;17507,23;21183,75;RODRIGUEZ HERNAN ARIEL;;0,00 %;062;Nahuel Martinez;;PH Higienol Texturado 30m x4/12;17507,23;3447;;3;Autoservicio B;12073,95;WALTER JANIUK;;$;2;SOFTYS ARGENTINA S.A;;;8;;;;;;;PAPEL HIG;;;;;300;Bruno Centurion;AXUM;;;False;133181;0;1;;;;;;1;;17507,23
5305;GURRUCHAGA 301;FLORENCIO VARELA;2026-10-06;06-10-2026;05-10-2026;FAC-A-133186;Venta;LAGOPUELO S.A;1509755;10,00;11996,70;14516,01;GUSTAVO DANIEL AVALOS;;0,00 %;6;Nieves Alegre;;TF UD T/SECA LADYSOFT ULTRA PROTECT 8;1199,67;3463;;3;AUTOSERVICIO;827,36;SIMON OLIVERA;;$;2;SOFTYS ARGENTINA S.A;;;CON;;;;;;;TOALLA FEMENINA;;;;;25;JOHANA VIGIL;AXUM;;;False;133186;0;1;;;;;;1;;1199,67
5305;GURRUCHAGA 301;FLORENCIO VARELA;2026-10-06;06-10-2026;05-10-2026;FAC-A-133186;Venta;LAGOPUELO S.A;1509762;10,00;11721,90;14183,50;GUSTAVO DANIEL AVALOS;;0,00 %;6;Nieves Alegre;;TF NOCTUR EXT A 8x32;1172,19;3463;;3;AUTOSERVICIO;808,41;SIMON OLIVERA;;$;2;SOFTYS ARGENTINA S.A;;;CON;;;;;;;TOALLA FEMENINA;;;;;25;JOHANA VIGIL;AXUM;;;False;133186;0;1;;;;;;1;;1172,19
5305;GURRUCHAGA 301;FLORENCIO VARELA;2026-10-06;06-10-2026;05-10-2026;FAC-A-133186;Venta;LAGOPUELO S.A;1509764;10,00;8486,40;10268,54;GUSTAVO DANIEL AVALOS;;0,00 %;6;Nieves Alegre;;TF NORMAL T/SUAVE EXT ALGODON 8x54;848,64;3463;;3;AUTOSERVICIO;585,27;SIMON OLIVERA;;$;2;SOFTYS ARGENTINA S.A;;;CON;;;;;;;TOALLA FEMENINA;;;;;25;JOHANA VIGIL;AXUM;;;False;133186;0;1;;;;;;1;;848,64
5305;GURRUCHAGA 301;FLORENCIO VARELA;2026-10-06;06-10-2026;05-10-2026;FAC-A-133186;Venta;LAGOPUELO S.A;1509759;10,00;21307,10;25781,59;GUSTAVO DANIEL AVALOS;;0,00 %;6;Nieves Alegre;;TF UD T/SUAVE EXT ALG 16x20;2130,71;3463;;3;AUTOSERVICIO;1469,45;SIMON OLIVERA;;$;2;SOFTYS ARGENTINA S.A;;;CON;;;;;;;TOALLA FEMENINA;;;;;25;JOHANA VIGIL;AXUM;;;False;133186;0;1;;;;;;1;;2130,71
5305;GURRUCHAGA 301;FLORENCIO VARELA;2026-10-06;06-10-2026;05-10-2026;FAC-A-133186;Venta;LAGOPUELO S.A;1509764;1,00;0,00;0,00;GUSTAVO DANIEL AVALOS;;100,00 %;6;Nieves Alegre;;TF NORMAL T/SUAVE EXT ALGODON 8x54;0,00;3463;;3;AUTOSERVICIO;585,27;SIMON OLIVERA;;$;2;SOFTYS ARGENTINA S.A;;;CON;;;;;;;TOALLA FEMENINA;;;;;25;JOHANA VIGIL;AXUM;;;False;133186;0;1;;;;;;1;;0,00
3947;buenos aires E/Arenales y Juan Manuel prieto - (TRADICIONAL) 1064;BURZACO;2026-10-06;06-10-2026;05-10-2026;FAC-A-133188;Venta;LAGOPUELO S.A;1501627;1,00;12040,70;14569,25;JORGE DANIEL LUNA;;10,00 %;063;Daniel Martin;;PH Higienol HS Balanced 20mx4/12;12040,70;3444;;3;Autoservicio B;9488,34;CLAUDIO GARCIA;;$;2;SOFTYS ARGENTINA S.A;;;CON;;;;;;;PAPEL HIG;;;;;300;Bruno Centurion;AXUM;;;False;133188;0;1;;;;;;1;;12040,70
3947;buenos aires E/Arenales y Juan Manuel prieto - (TRADICIONAL) 1064;BURZACO;2026-10-06;06-10-2026;05-10-2026;FAC-A-133188;Venta;LAGOPUELO S.A;1505688;1,00;15533,64;18795,70;JORGE DANIEL LUNA;;5,00 %;063;Daniel Martin;;RC Sussex clasico mas blanco 50px3/10;15533,64;3444;;3;Autoservicio B;12112,00;CLAUDIO GARCIA;;$;2;SOFTYS ARGENTINA S.A;;;CON;;;;;;;ROLLO DE COCINA;;;;;300;Bruno Centurion;AXUM;;;False;133188;0;1;;;;;;1;;15533,64
101720;Mario Bravo 1382 0;Avellaneda;2026-10-06;06-10-2026;05-10-2026;FAC-A-133189;Venta;LAGOPUELO S.A;1509764;20,00;16972,80;20537,09;Wu Min;;0,00 %;27;Samanta Dogliotti;;TF NORMAL T/SUAVE EXT ALGODON 8x54;848,64;3441;;3;AUTOSERVICIO;585,27;HERNAN RIVERO;;$;2;SOFTYS ARGENTINA S.A;;;EFV;;;;;;;TOALLA FEMENINA;;;;;25;JOHANA VIGIL;AXUM;;;False;133189;0;1;;;;;;1;;848,64
101720;Mario Bravo 1382 0;Avellaneda;2026-10-06;06-10-2026;05-10-2026;FAC-A-133189;Venta;LAGOPUELO S.A;1509764;2,00;0,00;0,00;Wu Min;;100,00 %;27;Samanta Dogliotti;;TF NORMAL T/SUAVE EXT ALGODON 8x54;0,00;3441;;3;AUTOSERVICIO;585,27;HERNAN RIVERO;;$;2;SOFTYS ARGENTINA S.A;;;EFV;;;;;;;TOALLA FEMENINA;;;;;25;JOHANA VIGIL;AXUM;;;False;133189;0;1;;;;;;1;;0,00
849;GALICIA 402;Avellaneda;2026-10-06;06-10-2026;05-10-2026;FAC-A-133192;Venta;ELEBES;1505708;1,00;22612,61;27361,26;GÛmez Fleitas blasida;;0,00 %;24;Cecilia Gauchez;;RC SUSEEX CLS MEGARROLO ALTO 200X1;22612,61;3441;;2;ALMACEN;16750,08;HERNAN RIVERO;;$;2;SOFTYS ARGENTINA S.A;;;CON;;;;;;;ROLLO DE COCINA;;;;;25;JOHANA VIGIL;AXUM;;;False;133192;0;1;;;;;;1;;22612,61
849;GALICIA 402;Avellaneda;2026-10-06;06-10-2026;05-10-2026;FAC-A-133192;Venta;ELEBES;1505688;1,00;15533,64;18795,70;GÛmez Fleitas blasida;;5,00 %;24;Cecilia Gauchez;;RC Sussex clasico mas blanco 50px3/10;15533,64;3441;;2;ALMACEN;12112,00;HERNAN RIVERO;;$;2;SOFTYS ARGENTINA S.A;;;CON;;;;;;;ROLLO DE COCINA;;;;;25;JOHANA VIGIL;AXUM;;;False;133192;0;1;;;;;;1;;15533,64
23369;AV ESPORA 3565;Almirante Brown;2026-10-06;06-10-2026;05-10-2026;FAC-A-133203;Venta;LAGOPUELO S.A;1502607;1,00;27858,59;33708,89;WEI HONGSHU;;0,00 %;061;Nailah Guzman;;PH ELITE ULTRA DH SOFT T C/ALG 30Mx4;27858,59;3447;;3;Autoservicio B;18637,00;WALTER JANIUK;;$;2;SOFTYS ARGENTINA S.A;;;CON;;;;;;;PAPEL HIG;;;;;300;Bruno Centurion;AXUM;;;False;133203;0;1;;;;;;1;;27858,59
23369;AV ESPORA 3565;Almirante Brown;2026-10-06;06-10-2026;05-10-2026;FAC-A-133203;Venta;LAGOPUELO S.A;1501627;3,00;36122,11;43707,76;WEI HONGSHU;;10,00 %;061;Nailah Guzman;;PH Higienol HS Balanced 20mx4/12;12040,70;3447;;3;Autoservicio B;9488,34;WALTER JANIUK;;$;2;SOFTYS ARGENTINA S.A;;;CON;;;;;;;PAPEL HIG;;;;;300;Bruno Centurion;AXUM;;;False;133203;0;1;;;;;;1;;12040,70
23576;Coronel Mariano Echenaguc√≠a - (TRADICIONAL) 958;BURZACO;2026-10-06;06-10-2026;05-10-2026;FAC-A-133213;Venta;ELEBES;1501627;2,00;24081,41;29138,50;HUGO CAMELINO;;10,00 %;063;Daniel Martin;;PH Higienol HS Balanced 20mx4/12;12040,70;3444;;OTR;SIN SUB;9488,34;CLAUDIO GARCIA;;$;2;SOFTYS ARGENTINA S.A;;;CON;;;;;;;PAPEL HIG;;;;;300;Bruno Centurion;AXUM;;;False;133213;0;1;;;;;;1;;12040,70
1144;HUDSON 253;Varela;2026-10-06;06-10-2026;05-10-2026;FAC-A-133221;Venta;LAGOPUELO S.A;1501553;1,00;22551,25;27287,01;QUISPE MONICA;;15,00 %;6;Nieves Alegre;;PH HIGIENOL DH PLUS FUSI”N 30M x4/10;22551,25;3463;;2;ALMACEN;17199,92;SIMON OLIVERA;;$;2;SOFTYS ARGENTINA S.A;;;CON;;;;;;;PAPEL HIG;;;;;25;JOHANA VIGIL;AXUM;;;False;133221;0;1;;;;;;1;;22551,25
29159;DRAGO 383;MALVINAS ARGENTINAS;2026-10-06;06-10-2026;05-10-2026;FAC-B-133231;Venta;ELEBES;1501627;2,00;24081,41;29138,50;GONZALEZ MARIA;;10,00 %;063;Daniel Martin;;PH Higienol HS Balanced 20mx4/12;12040,70;3444;;2;ALMACEN;9488,34;CLAUDIO GARCIA;;$;2;SOFTYS ARGENTINA S.A;;;CON;;;;;;;PAPEL HIG;;;;;300;Bruno Centurion;AXUM;;;False;133231;0;1;;;;;;1;;12040,70
29159;DRAGO 383;MALVINAS ARGENTINAS;2026-10-06;06-10-2026;05-10-2026;FAC-B-133231;Venta;ELEBES;1509749;3,00;3901,26;4720,52;GONZALEZ MARIA;;0,00 %;063;Daniel Martin;;PD ladysoft clasicos 20x30;1300,42;3444;;2;ALMACEN;896,84;CLAUDIO GARCIA;;$;2;SOFTYS ARGENTINA S.A;;;CON;;;;;;;PROTECTOR DIARIO;;;;;300;Bruno Centurion;AXUM;;;False;133231;0;1;;;;;;1;;1300,42
29159;DRAGO 383;MALVINAS ARGENTINAS;2026-10-06;06-10-2026;05-10-2026;FAC-B-133231;Venta;ELEBES;1503131;2,00;4950,92;5990,61;GONZALEZ MARIA;;0,00 %;063;Daniel Martin;;TH BABYSEC PREMIUM X45/10;2475,46;3444;;2;ALMACEN;1707,21;CLAUDIO GARCIA;;$;2;SOFTYS ARGENTINA S.A;;;CON;;;;;;;TOALLA HUMEDA;;;;;300;Bruno Centurion;AXUM;;;False;133231;0;1;;;;;;1;;2475,46
1277;CALLE 158 4264;BERAZATEGUI;2026-10-06;06-10-2026;05-10-2026;FAC-A-133239;Venta;LAGOPUELO S.A;1509756;20,00;46674,20;56475,78;CASERES C. OSVALDO;;0,00 %;052;Nicole Sosa;;TF UD T/SECA LADYSOFT UL PRT 16u;2333,71;3443;;3;AUTOSERVICIO;1609,46;JUAN ESCOTO;;$;2;SOFTYS ARGENTINA S.A;;;CON;;;;;;;TOALLA FEMENINA;;;;;300;Bruno Centurion;AXUM;;;False;133239;0;1;;;;;;1;;2333,71
1277;CALLE 158 4264;BERAZATEGUI;2026-10-06;06-10-2026;05-10-2026;FAC-A-133239;Venta;LAGOPUELO S.A;1509762;24,00;28132,56;34040,40;CASERES C. OSVALDO;;0,00 %;052;Nicole Sosa;;TF NOCTUR EXT A 8x32;1172,19;3443;;3;AUTOSERVICIO;808,41;JUAN ESCOTO;;$;2;SOFTYS ARGENTINA S.A;;;CON;;;;;;;TOALLA FEMENINA;;;;;300;Bruno Centurion;AXUM;;;False;133239;0;1;;;;;;1;;1172,19
1277;CALLE 158 4264;BERAZATEGUI;2026-10-06;06-10-2026;05-10-2026;FAC-A-133241;Venta;LAGOPUELO S.A;1502384;30,00;53359,20;64564,63;CASERES C. OSVALDO;;0,00 %;052;Nicole Sosa;;SE ELITE X100/30 ULTRA SUAVE;1778,64;3443;;3;AUTOSERVICIO;1317,51;JUAN ESCOTO;;$;2;SOFTYS ARGENTINA S.A;;;CON;;;;;;;SERVILLETA;;;;;300;Bruno Centurion;AXUM;;;False;133241;0;1;;;;;;1;;1778,64
1277;CALLE 158 4264;BERAZATEGUI;2026-10-06;06-10-2026;05-10-2026;FAC-A-133241;Venta;LAGOPUELO S.A;1505411;6,00;9022,98;10917,81;CASERES C. OSVALDO;;0,00 %;052;Nicole Sosa;;P— ELITE FACIALES DISNEY x90/36;1503,83;3443;;3;AUTOSERVICIO;1037,12;JUAN ESCOTO;;$;2;SOFTYS ARGENTINA S.A;;;CON;;;;;;;PAÒUELOS;;;;;300;Bruno Centurion;AXUM;;;False;133241;0;1;;;;;;1;;1503,83
102007;Mexico 861 0;Avellaneda;2026-10-06;06-10-2026;05-10-2026;FAC-A-133248;Venta;ELEBES;1509764;10,00;8486,40;10268,54;Bertero Ana Isabel;;0,00 %;27;Samanta Dogliotti;;TF NORMAL T/SUAVE EXT ALGODON 8x54;848,64;3441;;georgalos-7;Almacen;585,27;HERNAN RIVERO;;$;2;SOFTYS ARGENTINA S.A;;;EFV;;;;;;;TOALLA FEMENINA;;;;;25;JOHANA VIGIL;AXUM;;;False;133248;0;1;;;;;;1;;848,64
102007;Mexico 861 0;Avellaneda;2026-10-06;06-10-2026;05-10-2026;FAC-A-133248;Venta;ELEBES;1509764;1,00;0,00;0,00;Bertero Ana Isabel;;100,00 %;27;Samanta Dogliotti;;TF NORMAL T/SUAVE EXT ALGODON 8x54;0,00;3441;;georgalos-7;Almacen;585,27;HERNAN RIVERO;;$;2;SOFTYS ARGENTINA S.A;;;EFV;;;;;;;TOALLA FEMENINA;;;;;25;JOHANA VIGIL;AXUM;;;False;133248;0;1;;;;;;1;;0,00
22821;AV HUDSON - (PERFUMERIA) 191;FLORENCIO VARELA;2026-10-06;06-10-2026;05-10-2026;FAC-B-133251;Venta;LAGOPUELO S.A;1501553;1,00;22551,25;27287,01;VARELA AZUCENA;;15,00 %;6;Nieves Alegre;;PH HIGIENOL DH PLUS FUSI”N 30M x4/10;22551,25;3463;;3;Autoservicio B;17199,92;SIMON OLIVERA;;$;2;SOFTYS ARGENTINA S.A;;;CON;;;;;;;PAPEL HIG;;;;;25;JOHANA VIGIL;AXUM;;;False;133251;0;1;;;;;;1;;22551,25
23734;BARRACAS 1450;ESTEBAN ECHEVERR√¬çA;2026-10-06;06-10-2026;05-10-2026;FAC-A-133257;Venta;LAGOPUELO S.A;1502613;3,00;59947,38;72536,33;PROVEDURIA GALAXIA 2000 SRL;;0,00 %;064;Karina Fernandez;;PH ELITE HS 30M X4 /12;19982,46;3444;;3;Autoservicio A;13781,01;CLAUDIO GARCIA;;$;2;SOFTYS ARGENTINA S.A;;;CON;;;;;;;PAPEL HIG;;;;;300;Bruno Centurion;AXUM;;;False;133257;0;1;;;;;;1;;19982,46
23734;BARRACAS 1450;ESTEBAN ECHEVERR√¬çA;2026-10-06;06-10-2026;05-10-2026;FAC-A-133258;Venta;LAGOPUELO S.A;1509756;20,00;46674,20;56475,78;PROVEDURIA GALAXIA 2000 SRL;;0,00 %;064;Karina Fernandez;;TF UD T/SECA LADYSOFT UL PRT 16u;2333,71;3444;;3;Autoservicio A;1609,46;CLAUDIO GARCIA;;$;2;SOFTYS ARGENTINA S.A;;;CON;;;;;;;TOALLA FEMENINA;;;;;300;Bruno Centurion;AXUM;;;False;133258;0;1;;;;;;1;;2333,71
106075;Calle 195 N 944 0;BERNAL;2026-10-06;06-10-2026;05-10-2026;FAC-B-133267;Venta;LAGOPUELO S.A;1509766;12,00;10989,60;13297,42;Valeria;;0,00 %;056;Ezequiel Ferreira;;TF T/SECA NORMAL MAS PROTECC 8x54;915,80;3445;;georgalos-7;Almacen;631,59;LEONARDO SANTA CRUZ;;$;2;SOFTYS ARGENTINA S.A;;;EFV;;;;;;;TOALLA FEMENINA;;;;;300;Bruno Centurion;AXUM;;;False;133267;0;1;;;;;;1;;915,80
106075;Calle 195 N 944 0;BERNAL;2026-10-06;06-10-2026;05-10-2026;FAC-B-133267;Venta;LAGOPUELO S.A;1509767;12,00;16282,80;19702,19;Valeria;;0,00 %;056;Ezequiel Ferreira;;TF UD TSUAVE ACTIVE 8X40;1356,90;3445;;georgalos-7;Almacen;935,79;LEONARDO SANTA CRUZ;;$;2;SOFTYS ARGENTINA S.A;;;EFV;;;;;;;TOALLA FEMENINA;;;;;300;Bruno Centurion;AXUM;;;False;133267;0;1;;;;;;1;;1356,90
23200;LAPRIDA - (TRADICIONAL) 302;LONGCHAMPS;2026-10-06;06-10-2026;05-10-2026;FAC-B-133276;Venta;ELEBES;1509762;20,00;23443,80;28367,00;ROJAS ELSA;;0,00 %;062;Nahuel Martinez;;TF NOCTUR EXT A 8x32;1172,19;3447;;2;ALMACEN;808,41;WALTER JANIUK;;$;2;SOFTYS ARGENTINA S.A;;;CON;;;;;;;TOALLA FEMENINA;;;;;300;Bruno Centurion;AXUM;;;False;133276;0;1;;;;;;1;;1172,19
23200;LAPRIDA - (TRADICIONAL) 302;LONGCHAMPS;2026-10-06;06-10-2026;05-10-2026;FAC-B-133276;Venta;ELEBES;1509755;20,00;23993,40;29032,01;ROJAS ELSA;;0,00 %;062;Nahuel Martinez;;TF UD T/SECA LADYSOFT ULTRA PROTECT 8;1199,67;3447;;2;ALMACEN;827,36;WALTER JANIUK;;$;2;SOFTYS ARGENTINA S.A;;;CON;;;;;;;TOALLA FEMENINA;;;;;300;Bruno Centurion;AXUM;;;False;133276;0;1;;;;;;1;;1199,67
5328;AV. HUDSON 553;FLORENCIO VARELA;2026-10-06;06-10-2026;05-10-2026;FAC-A-133277;Venta;LAGOPUELO S.A;1501586;3,00;92506,35;111932,68;MAMAMI VALERIA NATALIA;;0,00 %;6;Nieves Alegre;;PH HIGIENOL HS MAX 50x4;30835,45;3463;;2;ALMACEN;21265,83;SIMON OLIVERA;;$;2;SOFTYS ARGENTINA S.A;;;CON;;;;;;;PAPEL HIG;;;;;25;JOHANA VIGIL;AXUM;;;False;133277;0;1;;;;;;1;;30835,45
5328;AV. HUDSON 553;FLORENCIO VARELA;2026-10-06;06-10-2026;05-10-2026;FAC-A-133277;Venta;LAGOPUELO S.A;1501553;2,00;45102,50;54574,02;MAMAMI VALERIA NATALIA;;15,00 %;6;Nieves Alegre;;PH HIGIENOL DH PLUS FUSI”N 30M x4/10;22551,25;3463;;2;ALMACEN;17199,92;SIMON OLIVERA;;$;2;SOFTYS ARGENTINA S.A;;;CON;;;;;;;PAPEL HIG;;;;;25;JOHANA VIGIL;AXUM;;;False;133277;0;1;;;;;;1;;22551,25
5328;AV. HUDSON 553;FLORENCIO VARELA;2026-10-06;06-10-2026;05-10-2026;FAC-A-133277;Venta;LAGOPUELO S.A;1503118;24,00;39248,64;47490,85;MAMAMI VALERIA NATALIA;;0,00 %;6;Nieves Alegre;;TH BABYSEC ULTRA 50/24;1635,36;3463;;2;ALMACEN;1127,83;SIMON OLIVERA;;$;2;SOFTYS ARGENTINA S.A;;;CON;;;;;;;;;;;;25;JOHANA VIGIL;AXUM;;;False;133277;0;1;;;;;;1;;1635,36
5328;AV. HUDSON 553;FLORENCIO VARELA;2026-10-06;06-10-2026;05-10-2026;FAC-A-133277;Venta;LAGOPUELO S.A;1509762;32,00;37510,08;45387,20;MAMAMI VALERIA NATALIA;;0,00 %;6;Nieves Alegre;;TF NOCTUR EXT A 8x32;1172,19;3463;;2;ALMACEN;808,41;SIMON OLIVERA;;$;2;SOFTYS ARGENTINA S.A;;;CON;;;;;;;TOALLA FEMENINA;;;;;25;JOHANA VIGIL;AXUM;;;False;133277;0;1;;;;;;1;;1172,19
103349;Uruguay 998 0;Avellaneda;2026-10-06;06-10-2026;05-10-2026;FAC-A-133285;Venta;ELEBES;1509764;10,00;8486,40;10268,54;Vera Natalia;;0,00 %;27;Samanta Dogliotti;;TF NORMAL T/SUAVE EXT ALGODON 8x54;848,64;3441;;georgalos-7;Almacen;585,27;HERNAN RIVERO;;$;2;SOFTYS ARGENTINA S.A;;;EFV;;;;;;;TOALLA FEMENINA;;;;;25;JOHANA VIGIL;AXUM;;;False;133285;0;1;;;;;;1;;848,64
103349;Uruguay 998 0;Avellaneda;2026-10-06;06-10-2026;05-10-2026;FAC-A-133285;Venta;ELEBES;1509764;1,00;0,00;0,00;Vera Natalia;;100,00 %;27;Samanta Dogliotti;;TF NORMAL T/SUAVE EXT ALGODON 8x54;0,00;3441;;georgalos-7;Almacen;585,27;HERNAN RIVERO;;$;2;SOFTYS ARGENTINA S.A;;;EFV;;;;;;;TOALLA FEMENINA;;;;;25;JOHANA VIGIL;AXUM;;;False;133285;0;1;;;;;;1;;0,00
23390;Dardo Rocha - (AUTOSERVICIOS) 688;BURZACO;2026-10-06;06-10-2026;05-10-2026;FAC-A-133307;Venta;LAGOPUELO S.A;1509756;10,00;23337,10;28237,89;CHEN YOULOMG;;0,00 %;061;Nailah Guzman;;TF UD T/SECA LADYSOFT UL PRT 16u;2333,71;3447;;3;Autoservicio B;1609,46;WALTER JANIUK;;$;2;SOFTYS ARGENTINA S.A;;;CON;;;;;;;TOALLA FEMENINA;;;;;300;Bruno Centurion;AXUM;;;False;133307;0;1;;;;;;1;;2333,71
23390;Dardo Rocha - (AUTOSERVICIOS) 688;BURZACO;2026-10-06;06-10-2026;05-10-2026;FAC-A-133307;Venta;LAGOPUELO S.A;1509759;10,00;21307,10;25781,59;CHEN YOULOMG;;0,00 %;061;Nailah Guzman;;TF UD T/SUAVE EXT ALG 16x20;2130,71;3447;;3;Autoservicio B;1469,45;WALTER JANIUK;;$;2;SOFTYS ARGENTINA S.A;;;CON;;;;;;;TOALLA FEMENINA;;;;;300;Bruno Centurion;AXUM;;;False;133307;0;1;;;;;;1;;2130,71
23390;Dardo Rocha - (AUTOSERVICIOS) 688;BURZACO;2026-10-06;06-10-2026;05-10-2026;FAC-A-133307;Venta;LAGOPUELO S.A;1509763;10,00;22650,50;27407,11;CHEN YOULOMG;;0,00 %;061;Nailah Guzman;;TF Nocturna EXT ALGODON 16X16;2265,05;3447;;3;Autoservicio B;1562,11;WALTER JANIUK;;$;2;SOFTYS ARGENTINA S.A;;;CON;;;;;;;TOALLA FEMENINA;;;;;300;Bruno Centurion;AXUM;;;False;133307;0;1;;;;;;1;;2265,05
24016;AV BOSQUES - (TRADICIONAL) 26;BOSQUES;2026-10-06;06-10-2026;05-10-2026;FAC-A-133316;Venta;LAGOPUELO S.A;1509755;10,00;11996,70;14516,01;ARMARA YESICA;;0,00 %;6;Nieves Alegre;;TF UD T/SECA LADYSOFT ULTRA PROTECT 8;1199,67;3463;;5;KIOSCO;827,36;SIMON OLIVERA;;$;2;SOFTYS ARGENTINA S.A;;;CON;;;;;;;TOALLA FEMENINA;;;;;25;JOHANA VIGIL;AXUM;;;False;133316;0;1;;;;;;1;;1199,67
24016;AV BOSQUES - (TRADICIONAL) 26;BOSQUES;2026-10-06;06-10-2026;05-10-2026;FAC-A-133316;Venta;LAGOPUELO S.A;1509766;10,00;9158,00;11081,18;ARMARA YESICA;;0,00 %;6;Nieves Alegre;;TF T/SECA NORMAL MAS PROTECC 8x54;915,80;3463;;5;KIOSCO;631,59;SIMON OLIVERA;;$;2;SOFTYS ARGENTINA S.A;;;CON;;;;;;;TOALLA FEMENINA;;;;;25;JOHANA VIGIL;AXUM;;;False;133316;0;1;;;;;;1;;915,80
24016;AV BOSQUES - (TRADICIONAL) 26;BOSQUES;2026-10-06;06-10-2026;05-10-2026;FAC-A-133316;Venta;LAGOPUELO S.A;1509764;10,00;8486,40;10268,54;ARMARA YESICA;;0,00 %;6;Nieves Alegre;;TF NORMAL T/SUAVE EXT ALGODON 8x54;848,64;3463;;5;KIOSCO;585,27;SIMON OLIVERA;;$;2;SOFTYS ARGENTINA S.A;;;CON;;;;;;;TOALLA FEMENINA;;;;;25;JOHANA VIGIL;AXUM;;;False;133316;0;1;;;;;;1;;848,64
24016;AV BOSQUES - (TRADICIONAL) 26;BOSQUES;2026-10-06;06-10-2026;05-10-2026;FAC-A-133316;Venta;LAGOPUELO S.A;1509764;1,00;0,00;0,00;ARMARA YESICA;;100,00 %;6;Nieves Alegre;;TF NORMAL T/SUAVE EXT ALGODON 8x54;0,00;3463;;5;KIOSCO;585,27;SIMON OLIVERA;;$;2;SOFTYS ARGENTINA S.A;;;CON;;;;;;;TOALLA FEMENINA;;;;;25;JOHANA VIGIL;AXUM;;;False;133316;0;1;;;;;;1;;0,00
105547;Hipolito Yrigoyen 1357 0;Avellaneda;2026-10-06;06-10-2026;05-10-2026;FAC-A-133317;Venta;LAGOPUELO S.A;1501553;1,00;22551,25;27287,01;LIN DANDAN;;15,00 %;24;Cecilia Gauchez;;PH HIGIENOL DH PLUS FUSI”N 30M x4/10;22551,25;3441;;3;AUTOSERVICIO;17199,92;HERNAN RIVERO;;$;2;SOFTYS ARGENTINA S.A;;;EFV;;;;;;;PAPEL HIG;;;;;25;JOHANA VIGIL;gcw;;;False;133317;0;1;;;;;;1;;22551,25
2405;AV. 33 5840;Berazategui;2026-10-06;06-10-2026;05-10-2026;FAC-A-133319;Venta;LAGOPUELO S.A;1509758;6,00;6694,44;8100,27;LUQUE LILIANA;;0,00 %;5;Eliana Huber;;TF UD T/SUAVE EXT ALGO 8X40;1115,74;3443;;2;ALMACEN;769,48;JUAN ESCOTO;;$;2;SOFTYS ARGENTINA S.A;;;CON;;;;;;;TOALLA FEMENINA;;;;;25;JOHANA VIGIL;AXUM;;;False;133319;0;1;;;;;;1;;1115,74
2405;AV. 33 5840;Berazategui;2026-10-06;06-10-2026;05-10-2026;FAC-A-133319;Venta;LAGOPUELO S.A;1509764;6,00;5091,84;6161,13;LUQUE LILIANA;;0,00 %;5;Eliana Huber;;TF NORMAL T/SUAVE EXT ALGODON 8x54;848,64;3443;;2;ALMACEN;585,27;JUAN ESCOTO;;$;2;SOFTYS ARGENTINA S.A;;;CON;;;;;;;TOALLA FEMENINA;;;;;25;JOHANA VIGIL;AXUM;;;False;133319;0;1;;;;;;1;;848,64
2405;AV. 33 5840;Berazategui;2026-10-06;06-10-2026;05-10-2026;FAC-A-133319;Venta;LAGOPUELO S.A;1504078;3,00;6583,52;7966,06;LUQUE LILIANA;;10,00 %;5;Eliana Huber;;PL BABYSEC ULTRASOFT XG X8/15;2194,51;3443;;2;ALMACEN;1806,18;JUAN ESCOTO;;$;2;SOFTYS ARGENTINA S.A;;;CON;;;;;;;PAÒAL;;;;;25;JOHANA VIGIL;AXUM;;;False;133319;0;1;;;;;;1;;2194,51
6228;NOVAK 1703;Varela;2026-10-01;01-10-2026;05-10-2026;NCR-B-133325;DevoluciÛn por Rechazo;LAGOPUELO S.A;1501553;-1,00;-18915,57;-22887,83;MARIA MOLINA;CERRADO DENTRO DE HORARIO;23,00 %;7;Myrian Lertora;;PH HIGIENOL DH PLUS FUSI”N 30M x4/10;18915,57;3392;;2;ALMACEN;17199,92;WALTER JANIUK;;$;2;SOFTYS ARGENTINA S.A;;;CON;;;;;;;PAPEL HIG;;;;;25;JOHANA VIGIL;gcw;131235;;True;133325;0;1;;;;;;1;;18915,57
31637;GRISNTEIN 3049;FLORENCIO VARELA;2026-10-01;01-10-2026;05-10-2026;NCR-B-133327;DevoluciÛn por Rechazo;LAGOPUELO S.A;1501553;-16,00;-290857,53;-351937,61;FILIBERTO BALTAZAR;SIN DINERO;26,00 %;6;Nieves Alegre;;PH HIGIENOL DH PLUS FUSI”N 30M x4/10;18178,60;3392;;3;AUTOSERVICIO;17199,92;WALTER JANIUK;;$;2;SOFTYS ARGENTINA S.A;;;CON;;;;;;;PAPEL HIG;;;;;25;JOHANA VIGIL;gcw;131422;;True;133327;0;1;;;;;;1;;18178,60
28046;SANTIAGO DE LINIERS - (TRADICIONAL) 1350;EZEIZA;2026-10-06;06-10-2026;05-10-2026;FAC-A-133331;Venta;LAGOPUELO S.A;1504079;10,00;21945,06;26553,52;CRISTIAN NU—EZ;;10,00 %;075;Julieta Yegros;;PL BABYSEC ULTRASOFT XXG 8/15;2194,51;3446;;5;KIOSCO;1806,18;IVAN MONTOYA;;$;2;SOFTYS ARGENTINA S.A;;;CON;;;;;;;PAÒAL;;;;;300;Bruno Centurion;AXUM;;;False;133331;0;1;;;;;;1;;2194,51
22147;CALLE N¬∫ 6225 - (TRADICIONAL) 28;BERAZATEGU√¬ç;2026-10-06;06-10-2026;05-10-2026;FAC-B-133334;Venta;ELEBES;1501553;2,00;45102,50;54574,02;SOLIS JUANA;;15,00 %;5;Eliana Huber;;PH HIGIENOL DH PLUS FUSI”N 30M x4/10;22551,25;3443;;2;ALMACEN;17199,92;JUAN ESCOTO;;$;2;SOFTYS ARGENTINA S.A;;;CON;;;;;;;PAPEL HIG;;;;;25;JOHANA VIGIL;AXUM;;;False;133334;0;1;;;;;;1;;22551,25
108068;Pedemonte 1950 0;BERNAL;2026-10-06;06-10-2026;05-10-2026;FAC-B-133340;Venta;LAGOPUELO S.A;1504292;3,00;49556,50;59963,37;Sonia Cuadra;;10,00 %;056;Ezequiel Ferreira;;PL BABYSEC PREMIUM SOFT XG 48/3;16518,83;3445;;georgalos-7;Almacen;13595,75;LEONARDO SANTA CRUZ;;$;2;SOFTYS ARGENTINA S.A;;;EFV;;;;;;;PAÒAL;;;;;300;Bruno Centurion;AXUM;;;False;133340;0;1;;;;;;1;;16518,83
107787;Monse√±or De Andrea 1040 0;BERNAL;2026-10-06;06-10-2026;05-10-2026;FAC-A-133341;Venta;LAGOPUELO S.A;1509764;54,00;45826,56;55450,14;Lu Xiaoshou;;0,00 %;056;Ezequiel Ferreira;;TF NORMAL T/SUAVE EXT ALGODON 8x54;848,64;3445;;3;AUTOSERVICIO;585,27;LEONARDO SANTA CRUZ;;$;2;SOFTYS ARGENTINA S.A;;;EFV;;;;;;;TOALLA FEMENINA;;;;;300;Bruno Centurion;AXUM;;;False;133341;0;1;;;;;;1;;848,64
107787;Monse√±or De Andrea 1040 0;BERNAL;2026-10-06;06-10-2026;05-10-2026;FAC-A-133341;Venta;LAGOPUELO S.A;1509762;32,00;37510,08;45387,20;Lu Xiaoshou;;0,00 %;056;Ezequiel Ferreira;;TF NOCTUR EXT A 8x32;1172,19;3445;;3;AUTOSERVICIO;808,41;LEONARDO SANTA CRUZ;;$;2;SOFTYS ARGENTINA S.A;;;EFV;;;;;;;TOALLA FEMENINA;;;;;300;Bruno Centurion;AXUM;;;False;133341;0;1;;;;;;1;;1172,19
107787;Monse√±or De Andrea 1040 0;BERNAL;2026-10-06;06-10-2026;05-10-2026;FAC-A-133341;Venta;LAGOPUELO S.A;1509756;20,00;46674,20;56475,78;Lu Xiaoshou;;0,00 %;056;Ezequiel Ferreira;;TF UD T/SECA LADYSOFT UL PRT 16u;2333,71;3445;;3;AUTOSERVICIO;1609,46;LEONARDO SANTA CRUZ;;$;2;SOFTYS ARGENTINA S.A;;;EFV;;;;;;;TOALLA FEMENINA;;;;;300;Bruno Centurion;AXUM;;;False;133341;0;1;;;;;;1;;2333,71
107787;Monse√±or De Andrea 1040 0;BERNAL;2026-10-06;06-10-2026;05-10-2026;FAC-A-133341;Venta;LAGOPUELO S.A;1509766;54,00;49453,20;59838,37;Lu Xiaoshou;;0,00 %;056;Ezequiel Ferreira;;TF T/SECA NORMAL MAS PROTECC 8x54;915,80;3445;;3;AUTOSERVICIO;631,59;LEONARDO SANTA CRUZ;;$;2;SOFTYS ARGENTINA S.A;;;EFV;;;;;;;TOALLA FEMENINA;;;;;300;Bruno Centurion;AXUM;;;False;133341;0;1;;;;;;1;;915,80
107787;Monse√±or De Andrea 1040 0;BERNAL;2026-10-06;06-10-2026;05-10-2026;FAC-A-133341;Venta;LAGOPUELO S.A;1509765;27,00;44878,86;54303,42;Lu Xiaoshou;;0,00 %;056;Ezequiel Ferreira;;TF NORMALT/SUAVE EXT ALG 16x27;1662,18;3445;;3;AUTOSERVICIO;1146,33;LEONARDO SANTA CRUZ;;$;2;SOFTYS ARGENTINA S.A;;;EFV;;;;;;;TOALLA FEMENINA;;;;;300;Bruno Centurion;AXUM;;;False;133341;0;1;;;;;;1;;1662,18
107787;Monse√±or De Andrea 1040 0;BERNAL;2026-10-06;06-10-2026;05-10-2026;FAC-A-133341;Venta;LAGOPUELO S.A;1509764;5,00;0,00;0,00;Lu Xiaoshou;;100,00 %;056;Ezequiel Ferreira;;TF NORMAL T/SUAVE EXT ALGODON 8x54;0,00;3445;;3;AUTOSERVICIO;585,27;LEONARDO SANTA CRUZ;;$;2;SOFTYS ARGENTINA S.A;;;EFV;;;;;;;TOALLA FEMENINA;;;;;300;Bruno Centurion;AXUM;;;False;133341;0;1;;;;;;1;;0,00
1788;CALLE 13 322;BERAZATEGUI;2026-10-06;06-10-2026;05-10-2026;FAC-A-133346;Venta;LAGOPUELO S.A;1505688;1,00;15533,64;18795,70;MARIANA BARRAZA;;5,00 %;4;Selene Pawlikowski;;RC Sussex clasico mas blanco 50px3/10;15533,64;3463;;2;ALMACEN;12112,00;SIMON OLIVERA;;$;2;SOFTYS ARGENTINA S.A;;;CON;;;;;;;ROLLO DE COCINA;;;;;25;JOHANA VIGIL;AXUM;;;False;133346;0;1;;;;;;1;;15533,64
6377;AV. EVA PERON 7499;Varela;2026-10-07;07-10-2026;05-10-2026;FAC-A-133348;Venta;LAGOPUELO S.A;1509757;15,00;50001,90;60502,30;Zhou Xinchen;;0,00 %;7;Myrian Lertora;;TF UD T/SECA LADYSOFT UL PTEC 24u;3333,46;3455;;3;AUTOSERVICIO;2298,94;IVAN MONTOYA;;$;2;SOFTYS ARGENTINA S.A;;;CON;;;;;;;TOALLA FEMENINA;;;;;25;JOHANA VIGIL;gcw;;;False;133348;0;1;;;;;;1;;3333,46
2283;CALLE 762 935;Varela;2026-10-07;07-10-2026;05-10-2026;FAC-A-133350;Venta;LAGOPUELO S.A;1501554;2,00;55547,24;67212,16;MAMANI CALLATA SOFIA;;0,00 %;7;Myrian Lertora;;PH HIGIENOL DH BALANCE 30M X4/10;27773,62;3455;;2;ALMACEN;19154,22;IVAN MONTOYA;;$;2;SOFTYS ARGENTINA S.A;;;CON;;;;;;;PAPEL HIG;;;;;25;JOHANA VIGIL;gcw;;;False;133350;0;1;;;;;;1;;27773,62
25059;AV EVA PERON - RUTA PCIAL 53 5716;FLORENCIO VARELA;2026-10-07;07-10-2026;05-10-2026;FAC-A-133352;Venta;Empresa LAGOPUELO;1509762;20,00;23443,80;28367,00;JOSE ALBERTO CORONEL;;0,00 %;7;Myrian Lertora;;TF NOCTUR EXT A 8x32;1172,19;3455;;georgalos-803;Perfumeria;808,41;IVAN MONTOYA;;$;2;SOFTYS ARGENTINA S.A;;;CON;;;;;;;TOALLA FEMENINA;;;;;25;JOHANA VIGIL;gcw;;;False;133352;0;1;;;;;;1;;1172,19
25059;AV EVA PERON - RUTA PCIAL 53 5716;FLORENCIO VARELA;2026-10-07;07-10-2026;05-10-2026;FAC-A-133352;Venta;Empresa LAGOPUELO;1509758;20,00;22314,80;27000,91;JOSE ALBERTO CORONEL;;0,00 %;7;Myrian Lertora;;TF UD T/SUAVE EXT ALGO 8X40;1115,74;3455;;georgalos-803;Perfumeria;769,48;IVAN MONTOYA;;$;2;SOFTYS ARGENTINA S.A;;;CON;;;;;;;TOALLA FEMENINA;;;;;25;JOHANA VIGIL;gcw;;;False;133352;0;1;;;;;;1;;1115,74
25059;AV EVA PERON - RUTA PCIAL 53 5716;FLORENCIO VARELA;2026-10-07;07-10-2026;05-10-2026;FAC-A-133352;Venta;Empresa LAGOPUELO;1509768;20,00;19506,20;23602,50;JOSE ALBERTO CORONEL;;0,00 %;7;Myrian Lertora;;TF NORMAL T/SUAVE PIEL SENSIBLE 8x54;975,31;3455;;georgalos-803;Perfumeria;672,63;IVAN MONTOYA;;$;2;SOFTYS ARGENTINA S.A;;;CON;;;;;;;TOALLA FEMENINA;;;;;25;JOHANA VIGIL;gcw;;;False;133352;0;1;;;;;;1;;975,31
25059;AV EVA PERON - RUTA PCIAL 53 5716;FLORENCIO VARELA;2026-10-07;07-10-2026;05-10-2026;FAC-A-133352;Venta;Empresa LAGOPUELO;1509761;20,00;15904,40;19244,32;JOSE ALBERTO CORONEL;;0,00 %;7;Myrian Lertora;;TF LADYSOFT COMFORT EXT ALGODON 8x54;795,22;3455;;georgalos-803;Perfumeria;548,43;IVAN MONTOYA;;$;2;SOFTYS ARGENTINA S.A;;;CON;;;;;;;TOALLA FEMENINA;;;;;25;JOHANA VIGIL;gcw;;;False;133352;0;1;;;;;;1;;795,22
5489;MADRID 1608;FLORENCIO VARELA;2026-10-07;07-10-2026;05-10-2026;FAC-B-133354;Venta;LAGOPUELO S.A;1501627;1,00;12040,70;14569,25;PIRES JORGE ORLANDO;;10,00 %;7;Myrian Lertora;;PH Higienol HS Balanced 20mx4/12;12040,70;3455;;3;AUTOSERVICIO;9488,34;IVAN MONTOYA;;$;2;SOFTYS ARGENTINA S.A;;;CON;;;;;;;PAPEL HIG;;;;;25;JOHANA VIGIL;gcw;;;False;133354;0;1;;;;;;1;;12040,70
5489;MADRID 1608;FLORENCIO VARELA;2026-10-07;07-10-2026;05-10-2026;FAC-B-133354;Venta;LAGOPUELO S.A;1501618;1,00;19032,09;23028,83;PIRES JORGE ORLANDO;;0,00 %;7;Myrian Lertora;;PH HIG  FRESH ALOE 30M X4/12;19032,09;3455;;3;AUTOSERVICIO;13125,58;IVAN MONTOYA;;$;2;SOFTYS ARGENTINA S.A;;;CON;;;;;;;PAPEL HIG;;;;;25;JOHANA VIGIL;gcw;;;False;133354;0;1;;;;;;1;;19032,09
5489;MADRID 1608;FLORENCIO VARELA;2026-10-07;07-10-2026;05-10-2026;FAC-B-133354;Venta;LAGOPUELO S.A;1501622;1,00;23319,52;28216,62;PIRES JORGE ORLANDO;;0,00 %;7;Myrian Lertora;;PH HIG FRESH ALOE30m x6/10;23319,52;3455;;3;AUTOSERVICIO;16082,43;IVAN MONTOYA;;$;2;SOFTYS ARGENTINA S.A;;;CON;;;;;;;PAPEL HIG;;;;;25;JOHANA VIGIL;gcw;;;False;133354;0;1;;;;;;1;;23319,52
5489;MADRID 1608;FLORENCIO VARELA;2026-10-07;07-10-2026;05-10-2026;FAC-B-133354;Venta;LAGOPUELO S.A;1502610;1,00;24485,25;29627,15;PIRES JORGE ORLANDO;;0,00 %;7;Myrian Lertora;;PH ELITE HS CLS C/ALGODON 30M X6/10;24485,25;3455;;3;AUTOSERVICIO;16886,38;IVAN MONTOYA;;$;2;SOFTYS ARGENTINA S.A;;;CON;;;;;;;PAPEL HIG;;;;;25;JOHANA VIGIL;gcw;;;False;133354;0;1;;;;;;1;;24485,25
5489;MADRID 1608;FLORENCIO VARELA;2026-10-07;07-10-2026;05-10-2026;FAC-B-133354;Venta;LAGOPUELO S.A;1509244;1,00;21555,76;26082,47;PIRES JORGE ORLANDO;;0,00 %;7;Myrian Lertora;;PH NOBLE HS 30X6;21555,76;3455;;3;AUTOSERVICIO;14866,04;IVAN MONTOYA;;$;2;SOFTYS ARGENTINA S.A;;;CON;;;;;;;PAPEL HIG;;;;;25;JOHANA VIGIL;gcw;;;False;133354;0;1;;;;;;1;;21555,76
5489;MADRID 1608;FLORENCIO VARELA;2026-10-07;07-10-2026;05-10-2026;FAC-B-133354;Venta;LAGOPUELO S.A;1509232;1,00;13179,71;15947,45;PIRES JORGE ORLANDO;;0,00 %;7;Myrian Lertora;;RC NOBLE 40P x3/10;13179,71;3455;;3;AUTOSERVICIO;9762,75;IVAN MONTOYA;;$;2;SOFTYS ARGENTINA S.A;;;CON;;;;;;;ROLLO DE COCINA;;;;;25;JOHANA VIGIL;gcw;;;False;133354;0;1;;;;;;1;;13179,71
22928;CALLE 893 5468;SAN FRANCISCO SOLANO;2026-10-08;08-10-2026;06-10-2026;FAC-A-133379;Venta;LAGOPUELO S.A;1509757;30,00;100003,80;121004,60;DAIANA PEREZ;;0,00 %;056;Ezequiel Ferreira;;TF UD T/SECA LADYSOFT UL PTEC 24u;3333,46;3477;;OTR;PaÒalera;2298,94;NAHUEL MONTOYA;;$;2;SOFTYS ARGENTINA S.A;;;CON;;;;;;;TOALLA FEMENINA;;;;;300;Bruno Centurion;AXUM;;;False;133379;0;1;;;;;;1;;3333,46
22928;CALLE 893 5468;SAN FRANCISCO SOLANO;2026-10-08;08-10-2026;06-10-2026;FAC-A-133379;Venta;LAGOPUELO S.A;1509756;20,00;46674,20;56475,78;DAIANA PEREZ;;0,00 %;056;Ezequiel Ferreira;;TF UD T/SECA LADYSOFT UL PRT 16u;2333,71;3477;;OTR;PaÒalera;1609,46;NAHUEL MONTOYA;;$;2;SOFTYS ARGENTINA S.A;;;CON;;;;;;;TOALLA FEMENINA;;;;;300;Bruno Centurion;AXUM;;;False;133379;0;1;;;;;;1;;2333,71
22928;CALLE 893 5468;SAN FRANCISCO SOLANO;2026-10-08;08-10-2026;06-10-2026;FAC-A-133379;Venta;LAGOPUELO S.A;1509759;20,00;42614,20;51563,18;DAIANA PEREZ;;0,00 %;056;Ezequiel Ferreira;;TF UD T/SUAVE EXT ALG 16x20;2130,71;3477;;OTR;PaÒalera;1469,45;NAHUEL MONTOYA;;$;2;SOFTYS ARGENTINA S.A;;;CON;;;;;;;TOALLA FEMENINA;;;;;300;Bruno Centurion;AXUM;;;False;133379;0;1;;;;;;1;;2130,71
22928;CALLE 893 5468;SAN FRANCISCO SOLANO;2026-10-08;08-10-2026;06-10-2026;FAC-A-133379;Venta;LAGOPUELO S.A;1509760;30,00;90939,30;110036,55;DAIANA PEREZ;;0,00 %;056;Ezequiel Ferreira;;TD UF T/Suave Ladysoft EXT ALGOD”N 24x15;3031,31;3477;;OTR;PaÒalera;2090,56;NAHUEL MONTOYA;;$;2;SOFTYS ARGENTINA S.A;;;CON;;;;;;;TOALLA FEMENINA;;;;;300;Bruno Centurion;AXUM;;;False;133379;0;1;;;;;;1;;3031,31
878;san martin 1266;Longchamps;2026-10-05;05-10-2026;06-10-2026;NCR-A-133382;DevoluciÛn por Rechazo;LAGOPUELO S.A;1509758;-10,00;-11157,40;-13500,45;Chen Dami;SIN DINERO;0,00 %;062;Nahuel Martinez;;TF UD T/SUAVE EXT ALGO 8X40;1115,74;3433;;3;AUTOSERVICIO;769,48;WALTER JANIUK;;$;2;SOFTYS ARGENTINA S.A;;;CON;;;;;;;TOALLA FEMENINA;;;;;300;Bruno Centurion;gcw;132485;;True;133382;0;1;;;;;;1;;1115,74
23290;Intendente Perrando - (AUTOSERVICIOS) 1448;LONGCHAMPS;2026-10-05;05-10-2026;06-10-2026;NCR-A-133385;DevoluciÛn por Rechazo;LAGOPUELO S.A;1509758;-10,00;-11157,40;-13500,45;CAI QUINGSHUN;NO HIZO PEDIDO;0,00 %;062;Nahuel Martinez;;TF UD T/SUAVE EXT ALGO 8X40;1115,74;3433;;3;Autoservicio B;769,48;WALTER JANIUK;;$;2;SOFTYS ARGENTINA S.A;;;CON;;;;;;;TOALLA FEMENINA;;;;;300;Bruno Centurion;gcw;132426;;True;133385;0;1;;;;;;1;;1115,74
1027;CALLE 4 1495;BERAZATEGUI;2026-10-05;05-10-2026;06-10-2026;NCR-A-133386;DevoluciÛn por Rechazo;LAGOPUELO S.A;1509764;-12,00;-10183,68;-12322,25;MACIEL AMARILLA BLANCA NIEVE;SIN DINERO;0,00 %;5;Eliana Huber;;TF NORMAL T/SUAVE EXT ALGODON 8x54;848,64;3428;;3;AUTOSERVICIO;585,27;CLAUDIO GARCIA;;$;2;SOFTYS ARGENTINA S.A;;;CON;;;;;;;TOALLA FEMENINA;;;;;25;JOHANA VIGIL;gcw;132454;;True;133386;0;1;;;;;;1;;848,64
1027;CALLE 4 1495;BERAZATEGUI;2026-10-05;05-10-2026;06-10-2026;NCR-A-133386;DevoluciÛn por Rechazo;LAGOPUELO S.A;1509755;-12,00;-14396,04;-17419,21;MACIEL AMARILLA BLANCA NIEVE;SIN DINERO;0,00 %;5;Eliana Huber;;TF UD T/SECA LADYSOFT ULTRA PROTECT 8;1199,67;3428;;3;AUTOSERVICIO;827,36;CLAUDIO GARCIA;;$;2;SOFTYS ARGENTINA S.A;;;CON;;;;;;;TOALLA FEMENINA;;;;;25;JOHANA VIGIL;gcw;132454;;True;133386;0;1;;;;;;1;;1199,67
1027;CALLE 4 1495;BERAZATEGUI;2026-10-05;05-10-2026;06-10-2026;NCR-A-133386;DevoluciÛn por Rechazo;LAGOPUELO S.A;1501627;-3,00;-36122,11;-43707,76;MACIEL AMARILLA BLANCA NIEVE;SIN DINERO;10,00 %;5;Eliana Huber;;PH Higienol HS Balanced 20mx4/12;12040,70;3428;;3;AUTOSERVICIO;9488,34;CLAUDIO GARCIA;;$;2;SOFTYS ARGENTINA S.A;;;CON;;;;;;;PAPEL HIG;;;;;25;JOHANA VIGIL;gcw;132454;;True;133386;0;1;;;;;;1;;12040,70
1027;CALLE 4 1495;BERAZATEGUI;2026-10-05;05-10-2026;06-10-2026;NCR-A-133386;DevoluciÛn por Rechazo;LAGOPUELO S.A;1509764;-1,00;0,00;0,00;MACIEL AMARILLA BLANCA NIEVE;SIN DINERO;100,00 %;5;Eliana Huber;;TF NORMAL T/SUAVE EXT ALGODON 8x54;0,00;3428;;3;AUTOSERVICIO;585,27;CLAUDIO GARCIA;;$;2;SOFTYS ARGENTINA S.A;;;CON;;;;;;;TOALLA FEMENINA;;;;;25;JOHANA VIGIL;gcw;132454;;True;133386;0;1;;;;;;1;;0,00
5212;LORENZINI 1845;FLORENCIO VARELA;2026-10-05;05-10-2026;06-10-2026;NCR-A-133389;DevoluciÛn por Rechazo;Empresa LAGOPUELO;1509761;-6,00;-4771,32;-5773,30;PATRICIA LILIANA RUIZ;SIN DINERO;0,00 %;6;Nieves Alegre;;TF LADYSOFT COMFORT EXT ALGODON 8x54;795,22;3428;;3;AUTOSERVICIO;548,43;CLAUDIO GARCIA;;$;2;SOFTYS ARGENTINA S.A;;;CON;;;;;;;TOALLA FEMENINA;;;;;25;JOHANA VIGIL;gcw;132314;;True;133389;0;1;;;;;;1;;795,22
5212;LORENZINI 1845;FLORENCIO VARELA;2026-10-05;05-10-2026;06-10-2026;NCR-A-133389;DevoluciÛn por Rechazo;Empresa LAGOPUELO;1509762;-6,00;-7033,14;-8510,10;PATRICIA LILIANA RUIZ;SIN DINERO;0,00 %;6;Nieves Alegre;;TF NOCTUR EXT A 8x32;1172,19;3428;;3;AUTOSERVICIO;808,41;CLAUDIO GARCIA;;$;2;SOFTYS ARGENTINA S.A;;;CON;;;;;;;TOALLA FEMENINA;;;;;25;JOHANA VIGIL;gcw;132314;;True;133389;0;1;;;;;;1;;1172,19
5212;LORENZINI 1845;FLORENCIO VARELA;2026-10-05;05-10-2026;06-10-2026;NCR-A-133389;DevoluciÛn por Rechazo;Empresa LAGOPUELO;1501553;-1,00;-22551,25;-27287,01;PATRICIA LILIANA RUIZ;SIN DINERO;15,00 %;6;Nieves Alegre;;PH HIGIENOL DH PLUS FUSI”N 30M x4/10;22551,25;3428;;3;AUTOSERVICIO;17199,92;CLAUDIO GARCIA;;$;2;SOFTYS ARGENTINA S.A;;;CON;;;;;;;PAPEL HIG;;;;;25;JOHANA VIGIL;gcw;132314;;True;133389;0;1;;;;;;1;;22551,25
2717;GORRITI 850;FLORENCIO VARELA;2026-10-05;05-10-2026;06-10-2026;NCR-B-133391;DevoluciÛn por Rechazo;ELEBES;1509766;-20,00;-16955,60;-20516,28;EDUARDO ALBERTO CACERES;CERRADO DENTRO DE HORARIO;0,00 %;6;Nieves Alegre;;TF T/SECA NORMAL MAS PROTECC 8x54;847,78;3428;;2;ALMACEN;631,59;CLAUDIO GARCIA;;$;2;SOFTYS ARGENTINA S.A;;;CON;;;;;;;TOALLA FEMENINA;;;;;25;JOHANA VIGIL;gcw;130099;;True;133391;0;1;;;;;;1;;847,78
2717;GORRITI 850;FLORENCIO VARELA;2026-10-05;05-10-2026;06-10-2026;NCR-B-133391;DevoluciÛn por Rechazo;ELEBES;1509764;-20,00;-15690,40;-18985,38;EDUARDO ALBERTO CACERES;CERRADO DENTRO DE HORARIO;0,00 %;6;Nieves Alegre;;TF NORMAL T/SUAVE EXT ALGODON 8x54;784,52;3428;;2;ALMACEN;585,27;CLAUDIO GARCIA;;$;2;SOFTYS ARGENTINA S.A;;;CON;;;;;;;TOALLA FEMENINA;;;;;25;JOHANA VIGIL;gcw;130099;;True;133391;0;1;;;;;;1;;784,52
2717;GORRITI 850;FLORENCIO VARELA;2026-10-05;05-10-2026;06-10-2026;NCR-B-133391;DevoluciÛn por Rechazo;ELEBES;1509764;-2,00;0,00;0,00;EDUARDO ALBERTO CACERES;CERRADO DENTRO DE HORARIO;100,00 %;6;Nieves Alegre;;TF NORMAL T/SUAVE EXT ALGODON 8x54;0,00;3428;;2;ALMACEN;585,27;CLAUDIO GARCIA;;$;2;SOFTYS ARGENTINA S.A;;;CON;;;;;;;TOALLA FEMENINA;;;;;25;JOHANA VIGIL;gcw;130099;;True;133391;0;1;;;;;;1;;0,00
2717;GORRITI 850;FLORENCIO VARELA;2026-10-05;05-10-2026;06-10-2026;NCR-B-133392;DevoluciÛn por Rechazo;ELEBES;1509766;-10,00;-9158,00;-11081,18;EDUARDO ALBERTO CACERES;CERRADO DENTRO DE HORARIO;0,00 %;6;Nieves Alegre;;TF T/SECA NORMAL MAS PROTECC 8x54;915,80;3428;;2;ALMACEN;631,59;CLAUDIO GARCIA;;$;2;SOFTYS ARGENTINA S.A;;;CON;;;;;;;TOALLA FEMENINA;;;;;25;JOHANA VIGIL;gcw;132342;;True;133392;0;1;;;;;;1;;915,80
2717;GORRITI 850;FLORENCIO VARELA;2026-10-05;05-10-2026;06-10-2026;NCR-B-133392;DevoluciÛn por Rechazo;ELEBES;1509764;-10,00;-8486,40;-10268,54;EDUARDO ALBERTO CACERES;CERRADO DENTRO DE HORARIO;0,00 %;6;Nieves Alegre;;TF NORMAL T/SUAVE EXT ALGODON 8x54;848,64;3428;;2;ALMACEN;585,27;CLAUDIO GARCIA;;$;2;SOFTYS ARGENTINA S.A;;;CON;;;;;;;TOALLA FEMENINA;;;;;25;JOHANA VIGIL;gcw;132342;;True;133392;0;1;;;;;;1;;848,64
2717;GORRITI 850;FLORENCIO VARELA;2026-10-05;05-10-2026;06-10-2026;NCR-B-133392;DevoluciÛn por Rechazo;ELEBES;1509761;-10,00;-7952,20;-9622,16;EDUARDO ALBERTO CACERES;CERRADO DENTRO DE HORARIO;0,00 %;6;Nieves Alegre;;TF LADYSOFT COMFORT EXT ALGODON 8x54;795,22;3428;;2;ALMACEN;548,43;CLAUDIO GARCIA;;$;2;SOFTYS ARGENTINA S.A;;;CON;;;;;;;TOALLA FEMENINA;;;;;25;JOHANA VIGIL;gcw;132342;;True;133392;0;1;;;;;;1;;795,22
2717;GORRITI 850;FLORENCIO VARELA;2026-10-05;05-10-2026;06-10-2026;NCR-B-133392;DevoluciÛn por Rechazo;ELEBES;1509764;-1,00;0,00;0,00;EDUARDO ALBERTO CACERES;CERRADO DENTRO DE HORARIO;100,00 %;6;Nieves Alegre;;TF NORMAL T/SUAVE EXT ALGODON 8x54;0,00;3428;;2;ALMACEN;585,27;CLAUDIO GARCIA;;$;2;SOFTYS ARGENTINA S.A;;;CON;;;;;;;TOALLA FEMENINA;;;;;25;JOHANA VIGIL;gcw;132342;;True;133392;0;1;;;;;;1;;0,00
5014;AV FCIO VARELA 2055;QUILMES;2026-10-05;05-10-2026;06-10-2026;NCR-A-133395;DevoluciÛn por Rechazo;LAGOPUELO S.A;1509749;-12,00;-15605,04;-18882,10;HUANG ZHAORUI;NO QUIERE EL CLIENTE;0,00 %;5;Eliana Huber;;PD ladysoft clasicos 20x30;1300,42;3428;;3;AUTOSERVICIO;896,84;CLAUDIO GARCIA;;$;2;SOFTYS ARGENTINA S.A;;;CON;;;;;;;PROTECTOR DIARIO;;;;;25;JOHANA VIGIL;gcw;132638;;True;133395;0;1;;;;;;1;;1300,42
1743;CALLE 2 502;BERAZATEGUI;2026-10-05;05-10-2026;06-10-2026;NCR-B-133396;DevoluciÛn por Rechazo;ELEBES;1509749;-6,00;-7802,52;-9441,05;OJEDA MARIA;NO QUIERE EL CLIENTE;0,00 %;5;Eliana Huber;;PD ladysoft clasicos 20x30;1300,42;3428;;5;KIOSCO;896,84;CLAUDIO GARCIA;;$;2;SOFTYS ARGENTINA S.A;;;CON;;;;;;;PROTECTOR DIARIO;;;;;25;JOHANA VIGIL;gcw;132719;;True;133396;0;1;;;;;;1;;1300,42
24906;ARMESTI 3388;TEMPERLEY;2026-10-08;08-10-2026;06-10-2026;FAC-A-133397;Venta;LAGOPUELO S.A;1503118;48,00;78497,28;94981,71;JULIA HUARACHICALLE;;0,00 %;063;Daniel Martin;;TH BABYSEC ULTRA 50/24;1635,36;3479;;georgalos-803;Perfumeria;1127,83;MARIANO SOSA;;$;2;SOFTYS ARGENTINA S.A;;;CON;;;;;;;;;;;;300;Bruno Centurion;AXUM;;;False;133397;0;1;;;;;;1;;1635,36
27892;GENERAL HORNOS - (ARTICULO DE LIMPIEZA) 1427;LOMAS DE ZAMORA;2026-10-07;07-10-2026;06-10-2026;FAC-A-133399;Venta;LAGOPUELO S.A;1501553;10,00;212247,04;256818,92;ANA KARINA SANTOS;;20,00 %;073;Florencia Cubilla;;PH HIGIENOL DH PLUS FUSI”N 30M x4/10;21224,70;3456;;OTR;Articulo de limpieza;17199,92;NAHUEL MONTOYA;;$;2;SOFTYS ARGENTINA S.A;;;CON;;;;;;;PAPEL HIG;;;;;300;Bruno Centurion;AXUM;;;False;133399;0;1;;;;;;1;;21224,70
23664;TOMAS A EDISON - (AUTOSERVICIOS) 555;EL JAGUEL;2026-10-07;07-10-2026;06-10-2026;FAC-A-133401;Venta;LAGOPUELO S.A;1509759;20,00;42614,20;51563,18;YAN SHIYUMEI;;0,00 %;064;Karina Fernandez;;TF UD T/SUAVE EXT ALG 16x20;2130,71;3458;;3;Autoservicio A;1469,45;WALTER JANIUK;;$;2;SOFTYS ARGENTINA S.A;;;CON;;;;;;;TOALLA FEMENINA;;;;;300;Bruno Centurion;AXUM;;;False;133401;0;1;;;;;;1;;2130,71
107816;12 De Octubre 615 0;CRUCESITA;2026-10-05;05-10-2026;06-10-2026;NCR-A-133407;DevoluciÛn por Rechazo;LAGOPUELO S.A;1509762;-32,00;-37510,08;-45387,20;Supermercado Lucky;NO HIZO PEDIDO;0,00 %;29;Camila Navarrete;;TF NOCTUR EXT A 8x32;1172,19;3426;;3;AUTOSERVICIO;808,41;HERNAN RIVERO;;$;2;SOFTYS ARGENTINA S.A;;;EFV;;;;;;;TOALLA FEMENINA;;;;;25;JOHANA VIGIL;gcw;132462;;True;133407;0;1;;;;;;1;;1172,19
107816;12 De Octubre 615 0;CRUCESITA;2026-10-05;05-10-2026;06-10-2026;NCR-A-133407;DevoluciÛn por Rechazo;LAGOPUELO S.A;1509768;-54,00;-52666,74;-63726,76;Supermercado Lucky;NO HIZO PEDIDO;0,00 %;29;Camila Navarrete;;TF NORMAL T/SUAVE PIEL SENSIBLE 8x54;975,31;3426;;3;AUTOSERVICIO;672,63;HERNAN RIVERO;;$;2;SOFTYS ARGENTINA S.A;;;EFV;;;;;;;TOALLA FEMENINA;;;;;25;JOHANA VIGIL;gcw;132462;;True;133407;0;1;;;;;;1;;975,31
107816;12 De Octubre 615 0;CRUCESITA;2026-10-05;05-10-2026;06-10-2026;NCR-A-133407;DevoluciÛn por Rechazo;LAGOPUELO S.A;1509766;-54,00;-49453,20;-59838,37;Supermercado Lucky;NO HIZO PEDIDO;0,00 %;29;Camila Navarrete;;TF T/SECA NORMAL MAS PROTECC 8x54;915,80;3426;;3;AUTOSERVICIO;631,59;HERNAN RIVERO;;$;2;SOFTYS ARGENTINA S.A;;;EFV;;;;;;;TOALLA FEMENINA;;;;;25;JOHANA VIGIL;gcw;132462;;True;133407;0;1;;;;;;1;;915,80
3200;AV. SAN MARTIN 1602;Quilmes;2026-10-08;08-10-2026;06-10-2026;FAC-A-133419;Venta;LAGOPUELO S.A;1504289;4,00;43129,33;52186,49;Huang Wenqiang;;10,00 %;056;Ezequiel Ferreira;;PLBABYSEC PREM SOFTXXG x30/4;10782,33;3478;;3;AUTOSERVICIO;8874,35;WALTER JANIUK;;$;2;SOFTYS ARGENTINA S.A;;;CON;;;;;;;PAÒAL;;;;;300;Bruno Centurion;AXUM;;;False;133419;0;1;;;;;;1;;10782,33
3200;AV. SAN MARTIN 1602;Quilmes;2026-10-08;08-10-2026;06-10-2026;FAC-A-133419;Venta;LAGOPUELO S.A;1501627;1,00;12040,70;14569,25;Huang Wenqiang;;10,00 %;056;Ezequiel Ferreira;;PH Higienol HS Balanced 20mx4/12;12040,70;3478;;3;AUTOSERVICIO;9488,34;WALTER JANIUK;;$;2;SOFTYS ARGENTINA S.A;;;CON;;;;;;;PAPEL HIG;;;;;300;Bruno Centurion;AXUM;;;False;133419;0;1;;;;;;1;;12040,70
107602;Manuel Maza 2755 0;LANUS;2026-10-07;07-10-2026;06-10-2026;FAC-A-133431;Venta;ELEBES;1501586;1,00;30835,45;37310,89;Weng de;;0,00 %;26;Sabrina Pereyra;;PH HIGIENOL HS MAX 50x4;30835,45;3454;;3;AUTOSERVICIO;21265,83;SIMON OLIVERA;;$;2;SOFTYS ARGENTINA S.A;;;EFV;;;;;;;PAPEL HIG;;;;;25;JOHANA VIGIL;AXUM;;;False;133431;0;1;;;;;;1;;30835,45
3954;SAN MARTIN 1709;solano;2026-10-08;08-10-2026;06-10-2026;FAC-A-133435;Venta;LAGOPUELO S.A;1501553;2,00;45102,50;54574,02;FAN QISONG;;15,00 %;056;Ezequiel Ferreira;;PH HIGIENOL DH PLUS FUSI”N 30M x4/10;22551,25;3478;;3;AUTOSERVICIO;17199,92;WALTER JANIUK;;$;2;SOFTYS ARGENTINA S.A;;;CON;;;;;;;PAPEL HIG;;;;;300;Bruno Centurion;AXUM;;;False;133435;0;1;;;;;;1;;22551,25
3954;SAN MARTIN 1709;solano;2026-10-08;08-10-2026;06-10-2026;FAC-A-133435;Venta;LAGOPUELO S.A;1509755;10,00;11996,70;14516,01;FAN QISONG;;0,00 %;056;Ezequiel Ferreira;;TF UD T/SECA LADYSOFT ULTRA PROTECT 8;1199,67;3478;;3;AUTOSERVICIO;827,36;WALTER JANIUK;;$;2;SOFTYS ARGENTINA S.A;;;CON;;;;;;;TOALLA FEMENINA;;;;;300;Bruno Centurion;AXUM;;;False;133435;0;1;;;;;;1;;1199,67
3954;SAN MARTIN 1709;solano;2026-10-08;08-10-2026;06-10-2026;FAC-A-133435;Venta;LAGOPUELO S.A;1501627;1,00;12040,70;14569,25;FAN QISONG;;10,00 %;056;Ezequiel Ferreira;;PH Higienol HS Balanced 20mx4/12;12040,70;3478;;3;AUTOSERVICIO;9488,34;WALTER JANIUK;;$;2;SOFTYS ARGENTINA S.A;;;CON;;;;;;;PAPEL HIG;;;;;300;Bruno Centurion;AXUM;;;False;133435;0;1;;;;;;1;;12040,70
27660;TUYUTI - (TRADICIONAL) 1098;EZEIZA;2026-10-07;07-10-2026;06-10-2026;FAC-A-133442;Venta;LAGOPUELO S.A;1501627;1,00;12040,70;14569,25;FABRICIO ESCURRA ILJUSZYK;;10,00 %;075;Julieta Yegros;;PH Higienol HS Balanced 20mx4/12;12040,70;3458;;3;Autoservicio B;9488,34;WALTER JANIUK;;$;2;SOFTYS ARGENTINA S.A;;;CON;;;;;;;PAPEL HIG;;;;;300;Bruno Centurion;AXUM;;;False;133442;0;1;;;;;;1;;12040,70
29314;presidente peron 1774;LOMAS DE ZAMORA;2026-10-07;07-10-2026;06-10-2026;FAC-A-133448;Venta;Empresa LAGOPUELO;1509758;40,00;44629,60;54001,82;CLAUDIO ROBERTO BAZAN;;0,00 %;074;Romina Baez;;TF UD T/SUAVE EXT ALGO 8X40;1115,74;3456;;6;MAYORISTA;769,48;NAHUEL MONTOYA;;$;2;SOFTYS ARGENTINA S.A;;;07D;;;;;;;TOALLA FEMENINA;;;;;300;Bruno Centurion;AXUM;;;False;133448;0;1;;;;;;1;;1115,74
29314;presidente peron 1774;LOMAS DE ZAMORA;2026-10-07;07-10-2026;06-10-2026;FAC-A-133448;Venta;Empresa LAGOPUELO;1509755;40,00;47986,80;58064,03;CLAUDIO ROBERTO BAZAN;;0,00 %;074;Romina Baez;;TF UD T/SECA LADYSOFT ULTRA PROTECT 8;1199,67;3456;;6;MAYORISTA;827,36;NAHUEL MONTOYA;;$;2;SOFTYS ARGENTINA S.A;;;07D;;;;;;;TOALLA FEMENINA;;;;;300;Bruno Centurion;AXUM;;;False;133448;0;1;;;;;;1;;1199,67
29314;presidente peron 1774;LOMAS DE ZAMORA;2026-10-07;07-10-2026;06-10-2026;FAC-A-133448;Venta;Empresa LAGOPUELO;1509761;54,00;42941,88;51959,67;CLAUDIO ROBERTO BAZAN;;0,00 %;074;Romina Baez;;TF LADYSOFT COMFORT EXT ALGODON 8x54;795,22;3456;;6;MAYORISTA;548,43;NAHUEL MONTOYA;;$;2;SOFTYS ARGENTINA S.A;;;07D;;;;;;;TOALLA FEMENINA;;;;;300;Bruno Centurion;AXUM;;;False;133448;0;1;;;;;;1;;795,22
29314;presidente peron 1774;LOMAS DE ZAMORA;2026-10-07;07-10-2026;06-10-2026;FAC-A-133448;Venta;Empresa LAGOPUELO;1509764;54,00;45826,56;55450,14;CLAUDIO ROBERTO BAZAN;;0,00 %;074;Romina Baez;;TF NORMAL T/SUAVE EXT ALGODON 8x54;848,64;3456;;6;MAYORISTA;585,27;NAHUEL MONTOYA;;$;2;SOFTYS ARGENTINA S.A;;;07D;;;;;;;TOALLA FEMENINA;;;;;300;Bruno Centurion;AXUM;;;False;133448;0;1;;;;;;1;;848,64
29314;presidente peron 1774;LOMAS DE ZAMORA;2026-10-07;07-10-2026;06-10-2026;FAC-A-133448;Venta;Empresa LAGOPUELO;1503131;10,00;24754,60;29953,07;CLAUDIO ROBERTO BAZAN;;0,00 %;074;Romina Baez;;TH BABYSEC PREMIUM X45/10;2475,46;3456;;6;MAYORISTA;1707,21;NAHUEL MONTOYA;;$;2;SOFTYS ARGENTINA S.A;;;07D;;;;;;;TOALLA HUMEDA;;;;;300;Bruno Centurion;AXUM;;;False;133448;0;1;;;;;;1;;2475,46
29314;presidente peron 1774;LOMAS DE ZAMORA;2026-10-07;07-10-2026;06-10-2026;FAC-A-133448;Venta;Empresa LAGOPUELO;1501627;10,00;133785,60;161880,58;CLAUDIO ROBERTO BAZAN;;0,00 %;074;Romina Baez;;PH Higienol HS Balanced 20mx4/12;13378,56;3456;;6;MAYORISTA;9488,34;NAHUEL MONTOYA;;$;2;SOFTYS ARGENTINA S.A;;;07D;;;;;;;PAPEL HIG;;;;;300;Bruno Centurion;AXUM;;;False;133448;0;1;;;;;;1;;13378,56
29314;presidente peron 1774;LOMAS DE ZAMORA;2026-10-07;07-10-2026;06-10-2026;FAC-A-133448;Venta;Empresa LAGOPUELO;1501618;5,00;95160,45;115144,14;CLAUDIO ROBERTO BAZAN;;0,00 %;074;Romina Baez;;PH HIG  FRESH ALOE 30M X4/12;19032,09;3456;;6;MAYORISTA;13125,58;NAHUEL MONTOYA;;$;2;SOFTYS ARGENTINA S.A;;;07D;;;;;;;PAPEL HIG;;;;;300;Bruno Centurion;AXUM;;;False;133448;0;1;;;;;;1;;19032,09
29314;presidente peron 1774;LOMAS DE ZAMORA;2026-10-07;07-10-2026;06-10-2026;FAC-A-133448;Venta;Empresa LAGOPUELO;1509764;5,00;0,00;0,00;CLAUDIO ROBERTO BAZAN;;100,00 %;074;Romina Baez;;TF NORMAL T/SUAVE EXT ALGODON 8x54;0,00;3456;;6;MAYORISTA;585,27;NAHUEL MONTOYA;;$;2;SOFTYS ARGENTINA S.A;;;07D;;;;;;;TOALLA FEMENINA;;;;;300;Bruno Centurion;AXUM;;;False;133448;0;1;;;;;;1;;0,00
29102;BOEDO - (TRADICIONAL) 541;LOMAS DE ZAMORA;2026-10-07;07-10-2026;06-10-2026;FAC-A-133454;Venta;LAGOPUELO S.A;1503118;24,00;39248,64;47490,85;SILVIA MU—OZ APAZA;;0,00 %;074;Romina Baez;;TH BABYSEC ULTRA 50/24;1635,36;3456;;5;KIOSCO;1127,83;NAHUEL MONTOYA;;$;2;SOFTYS ARGENTINA S.A;;;CON;;;;;;;;;;;;300;Bruno Centurion;AXUM;;;False;133454;0;1;;;;;;1;;1635,36
3492;LAMADRID 1352;Quilmes;2026-10-07;07-10-2026;06-10-2026;FAC-A-133458;Venta;LAGOPUELO S.A;1503118;24,00;39248,64;47490,85;LIN XIUJUAN;;0,00 %;054;Leonel Caruso;;TH BABYSEC ULTRA 50/24;1635,36;3459;;3;AUTOSERVICIO;1127,83;LEONARDO SANTA CRUZ;;$;2;SOFTYS ARGENTINA S.A;;;CON;;;;;;;;;;;;300;Bruno Centurion;AXUM;;;False;133458;0;1;;;;;;1;;1635,36
24096;SAN CRISTOBAL - (AUTOSERVICIOS) 425;TEMPERLEY;2026-10-08;08-10-2026;06-10-2026;FAC-A-133463;Venta;LAGOPUELO S.A;1509762;10,00;11721,90;14183,50;CHEN XIONGPING;;0,00 %;063;Daniel Martin;;TF NOCTUR EXT A 8x32;1172,19;3479;;3;Autoservicio A;808,41;MARIANO SOSA;;$;2;SOFTYS ARGENTINA S.A;;;CON;;;;;;;TOALLA FEMENINA;;;;;300;Bruno Centurion;AXUM;;;False;133463;0;1;;;;;;1;;1172,19
24096;SAN CRISTOBAL - (AUTOSERVICIOS) 425;TEMPERLEY;2026-10-08;08-10-2026;06-10-2026;FAC-A-133463;Venta;LAGOPUELO S.A;1509768;10,00;9753,10;11801,25;CHEN XIONGPING;;0,00 %;063;Daniel Martin;;TF NORMAL T/SUAVE PIEL SENSIBLE 8x54;975,31;3479;;3;Autoservicio A;672,63;MARIANO SOSA;;$;2;SOFTYS ARGENTINA S.A;;;CON;;;;;;;TOALLA FEMENINA;;;;;300;Bruno Centurion;AXUM;;;False;133463;0;1;;;;;;1;;975,31
23352;Gervasio M√©ndez - (AUTOSERVICIOS) 180;GLEW;2026-10-07;07-10-2026;06-10-2026;FAC-A-133467;Venta;LAGOPUELO S.A;1509766;54,00;49453,20;59838,37;QI YIGUANG;;0,00 %;062;Nahuel Martinez;;TF T/SECA NORMAL MAS PROTECC 8x54;915,80;3462;;3;Autoservicio B;631,59;HERNAN RIVERO;;$;2;SOFTYS ARGENTINA S.A;;;CON;;;;;;;TOALLA FEMENINA;;;;;300;Bruno Centurion;AXUM;;;False;133467;0;1;;;;;;1;;915,80
23352;Gervasio M√©ndez - (AUTOSERVICIOS) 180;GLEW;2026-10-07;07-10-2026;06-10-2026;FAC-A-133467;Venta;LAGOPUELO S.A;1509749;30,00;39012,60;47205,25;QI YIGUANG;;0,00 %;062;Nahuel Martinez;;PD ladysoft clasicos 20x30;1300,42;3462;;3;Autoservicio B;896,84;HERNAN RIVERO;;$;2;SOFTYS ARGENTINA S.A;;;CON;;;;;;;PROTECTOR DIARIO;;;;;300;Bruno Centurion;AXUM;;;False;133467;0;1;;;;;;1;;1300,42
5110;RUTA 36 2141;FLORENCIO VARELA;2026-10-08;08-10-2026;06-10-2026;FAC-A-133472;Venta;LAGOPUELO S.A;1504075;18,00;43890,66;53107,70;Jjiang Yuanyu;;0,00 %;6;Nieves Alegre;;PL BABYSEC ULTRASOF CH 12/18;2438,37;3472;;3;AUTOSERVICIO;1806,20;IVAN MONTOYA;;$;2;SOFTYS ARGENTINA S.A;;;CON;;;;;;;PAÒAL;;;;;25;JOHANA VIGIL;AXUM;;;False;133472;0;1;;;;;;1;;2438,37
5110;RUTA 36 2141;FLORENCIO VARELA;2026-10-08;08-10-2026;06-10-2026;FAC-A-133472;Venta;LAGOPUELO S.A;1504076;20,00;48767,00;59008,07;Jjiang Yuanyu;;0,00 %;6;Nieves Alegre;;PL BABYSEC ULTRASOFT M 8/20;2438,35;3472;;3;AUTOSERVICIO;1806,19;IVAN MONTOYA;;$;2;SOFTYS ARGENTINA S.A;;;CON;;;;;;;PAÒAL;;;;;25;JOHANA VIGIL;AXUM;;;False;133472;0;1;;;;;;1;;2438,35
5110;RUTA 36 2141;FLORENCIO VARELA;2026-10-08;08-10-2026;06-10-2026;FAC-A-133472;Venta;LAGOPUELO S.A;1504279;4,00;47921,48;57984,99;Jjiang Yuanyu;;0,00 %;6;Nieves Alegre;;PL BABYSEC PREM SOFT Mx48/4;11980,37;3472;;3;AUTOSERVICIO;8874,35;IVAN MONTOYA;;$;2;SOFTYS ARGENTINA S.A;;;CON;;;;;;;PAÒAL;;;;;25;JOHANA VIGIL;AXUM;;;False;133472;0;1;;;;;;1;;11980,37
5110;RUTA 36 2141;FLORENCIO VARELA;2026-10-08;08-10-2026;06-10-2026;FAC-A-133472;Venta;LAGOPUELO S.A;1504289;4,00;47921,48;57984,99;Jjiang Yuanyu;;0,00 %;6;Nieves Alegre;;PLBABYSEC PREM SOFTXXG x30/4;11980,37;3472;;3;AUTOSERVICIO;8874,35;IVAN MONTOYA;;$;2;SOFTYS ARGENTINA S.A;;;CON;;;;;;;PAÒAL;;;;;25;JOHANA VIGIL;AXUM;;;False;133472;0;1;;;;;;1;;11980,37
5110;RUTA 36 2141;FLORENCIO VARELA;2026-10-08;08-10-2026;06-10-2026;FAC-A-133472;Venta;LAGOPUELO S.A;1503118;24,00;39248,64;47490,85;Jjiang Yuanyu;;0,00 %;6;Nieves Alegre;;TH BABYSEC ULTRA 50/24;1635,36;3472;;3;AUTOSERVICIO;1127,83;IVAN MONTOYA;;$;2;SOFTYS ARGENTINA S.A;;;CON;;;;;;;;;;;;25;JOHANA VIGIL;AXUM;;;False;133472;0;1;;;;;;1;;1635,36
5110;RUTA 36 2141;FLORENCIO VARELA;2026-10-08;08-10-2026;06-10-2026;FAC-A-133472;Venta;LAGOPUELO S.A;1509767;12,00;16282,80;19702,19;Jjiang Yuanyu;;0,00 %;6;Nieves Alegre;;TF UD TSUAVE ACTIVE 8X40;1356,90;3472;;3;AUTOSERVICIO;935,79;IVAN MONTOYA;;$;2;SOFTYS ARGENTINA S.A;;;CON;;;;;;;TOALLA FEMENINA;;;;;25;JOHANA VIGIL;AXUM;;;False;133472;0;1;;;;;;1;;1356,90
23350;Antonio Lamberti 596;ALTE BROWN;2026-10-07;07-10-2026;06-10-2026;FAC-A-133474;Venta;LAGOPUELO S.A;1503118;24,00;39248,64;47490,85;LI YUQING;;0,00 %;062;Nahuel Martinez;;TH BABYSEC ULTRA 50/24;1635,36;3462;;3;Autoservicio B;1127,83;HERNAN RIVERO;;$;2;SOFTYS ARGENTINA S.A;;;CON;;;;;;;;;;;;300;Bruno Centurion;AXUM;;;False;133474;0;1;;;;;;1;;1635,36
23350;Antonio Lamberti 596;ALTE BROWN;2026-10-07;07-10-2026;06-10-2026;FAC-A-133474;Venta;LAGOPUELO S.A;1509766;10,00;9158,00;11081,18;LI YUQING;;0,00 %;062;Nahuel Martinez;;TF T/SECA NORMAL MAS PROTECC 8x54;915,80;3462;;3;Autoservicio B;631,59;HERNAN RIVERO;;$;2;SOFTYS ARGENTINA S.A;;;CON;;;;;;;TOALLA FEMENINA;;;;;300;Bruno Centurion;AXUM;;;False;133474;0;1;;;;;;1;;915,80
23350;Antonio Lamberti 596;ALTE BROWN;2026-10-07;07-10-2026;06-10-2026;FAC-A-133474;Venta;LAGOPUELO S.A;1509756;20,00;46674,20;56475,78;LI YUQING;;0,00 %;062;Nahuel Martinez;;TF UD T/SECA LADYSOFT UL PRT 16u;2333,71;3462;;3;Autoservicio B;1609,46;HERNAN RIVERO;;$;2;SOFTYS ARGENTINA S.A;;;CON;;;;;;;TOALLA FEMENINA;;;;;300;Bruno Centurion;AXUM;;;False;133474;0;1;;;;;;1;;2333,71
23350;Antonio Lamberti 596;ALTE BROWN;2026-10-07;07-10-2026;06-10-2026;FAC-A-133474;Venta;LAGOPUELO S.A;1509755;40,00;47986,80;58064,03;LI YUQING;;0,00 %;062;Nahuel Martinez;;TF UD T/SECA LADYSOFT ULTRA PROTECT 8;1199,67;3462;;3;Autoservicio B;827,36;HERNAN RIVERO;;$;2;SOFTYS ARGENTINA S.A;;;CON;;;;;;;TOALLA FEMENINA;;;;;300;Bruno Centurion;AXUM;;;False;133474;0;1;;;;;;1;;1199,67
1497;AV SAN MARTIN 2062;SAN FRANCISCO SOLANO (QUILMES);2026-10-08;08-10-2026;06-10-2026;FAC-A-133491;Venta;LAGOPUELO S.A;1509763;16,00;36240,80;43851,37;Fang Zhibo;;0,00 %;056;Ezequiel Ferreira;;TF Nocturna EXT ALGODON 16X16;2265,05;3478;;3;AUTOSERVICIO;1562,11;WALTER JANIUK;;$;2;SOFTYS ARGENTINA S.A;;;CON;;;;;;;TOALLA FEMENINA;;;;;300;Bruno Centurion;AXUM;;;False;133491;0;1;;;;;;1;;2265,05
1497;AV SAN MARTIN 2062;SAN FRANCISCO SOLANO (QUILMES);2026-10-08;08-10-2026;06-10-2026;FAC-A-133491;Venta;LAGOPUELO S.A;1509756;20,00;46674,20;56475,78;Fang Zhibo;;0,00 %;056;Ezequiel Ferreira;;TF UD T/SECA LADYSOFT UL PRT 16u;2333,71;3478;;3;AUTOSERVICIO;1609,46;WALTER JANIUK;;$;2;SOFTYS ARGENTINA S.A;;;CON;;;;;;;TOALLA FEMENINA;;;;;300;Bruno Centurion;AXUM;;;False;133491;0;1;;;;;;1;;2333,71
1497;AV SAN MARTIN 2062;SAN FRANCISCO SOLANO (QUILMES);2026-10-08;08-10-2026;06-10-2026;FAC-A-133491;Venta;LAGOPUELO S.A;1501627;1,00;12040,70;14569,25;Fang Zhibo;;10,00 %;056;Ezequiel Ferreira;;PH Higienol HS Balanced 20mx4/12;12040,70;3478;;3;AUTOSERVICIO;9488,34;WALTER JANIUK;;$;2;SOFTYS ARGENTINA S.A;;;CON;;;;;;;PAPEL HIG;;;;;300;Bruno Centurion;AXUM;;;False;133491;0;1;;;;;;1;;12040,70
1497;AV SAN MARTIN 2062;SAN FRANCISCO SOLANO (QUILMES);2026-10-08;08-10-2026;06-10-2026;FAC-A-133491;Venta;LAGOPUELO S.A;1505688;5,00;77668,20;93978,52;Fang Zhibo;;5,00 %;056;Ezequiel Ferreira;;RC Sussex clasico mas blanco 50px3/10;15533,64;3478;;3;AUTOSERVICIO;12112,00;WALTER JANIUK;;$;2;SOFTYS ARGENTINA S.A;;;CON;;;;;;;ROLLO DE COCINA;;;;;300;Bruno Centurion;AXUM;;;False;133491;0;1;;;;;;1;;15533,64
460;CALLE 53 (entre 148 y 149. Hudson) 4873;Berazategui;2026-10-07;07-10-2026;06-10-2026;FAC-A-133499;Venta;LAGOPUELO S.A;1501553;1,00;22551,25;27287,01;Sandra Stigliano;;15,00 %;052;Nicole Sosa;;PH HIGIENOL DH PLUS FUSI”N 30M x4/10;22551,25;3457;;2;ALMACEN;17199,92;JUAN ESCOTO;;$;2;SOFTYS ARGENTINA S.A;;;EFV;;;;;;;PAPEL HIG;;;;;300;Bruno Centurion;AXUM;;;False;133499;0;1;;;;;;1;;22551,25
5623;RAUL SOLDI - (TRADITIONAL TRADE) 177;GLEW;2026-10-07;07-10-2026;06-10-2026;FAC-A-133500;Venta;LAGOPUELO S.A;1501618;2,00;38064,18;46057,66;ESTILO TROTE S.A.;;0,00 %;062;Nahuel Martinez;;PH HIG  FRESH ALOE 30M X4/12;19032,09;3462;;3;Autoservicio B;13125,58;HERNAN RIVERO;;$;2;SOFTYS ARGENTINA S.A;;;CON;;;;;;;PAPEL HIG;;;;;300;Bruno Centurion;AXUM;;;False;133500;0;1;;;;;;1;;19032,09
5623;RAUL SOLDI - (TRADITIONAL TRADE) 177;GLEW;2026-10-07;07-10-2026;06-10-2026;FAC-A-133500;Venta;LAGOPUELO S.A;1501553;5,00;112756,24;136435,05;ESTILO TROTE S.A.;;15,00 %;062;Nahuel Martinez;;PH HIGIENOL DH PLUS FUSI”N 30M x4/10;22551,25;3462;;3;Autoservicio B;17199,92;HERNAN RIVERO;;$;2;SOFTYS ARGENTINA S.A;;;CON;;;;;;;PAPEL HIG;;;;;300;Bruno Centurion;AXUM;;;False;133500;0;1;;;;;;1;;22551,25
5623;RAUL SOLDI - (TRADITIONAL TRADE) 177;GLEW;2026-10-07;07-10-2026;06-10-2026;FAC-A-133500;Venta;LAGOPUELO S.A;1501627;5,00;60203,52;72846,26;ESTILO TROTE S.A.;;10,00 %;062;Nahuel Martinez;;PH Higienol HS Balanced 20mx4/12;12040,70;3462;;3;Autoservicio B;9488,34;HERNAN RIVERO;;$;2;SOFTYS ARGENTINA S.A;;;CON;;;;;;;PAPEL HIG;;;;;300;Bruno Centurion;AXUM;;;False;133500;0;1;;;;;;1;;12040,70
5623;RAUL SOLDI - (TRADITIONAL TRADE) 177;GLEW;2026-10-07;07-10-2026;06-10-2026;FAC-A-133500;Venta;LAGOPUELO S.A;1503118;10,00;16353,60;19787,86;ESTILO TROTE S.A.;;0,00 %;062;Nahuel Martinez;;TH BABYSEC ULTRA 50/24;1635,36;3462;;3;Autoservicio B;1127,83;HERNAN RIVERO;;$;2;SOFTYS ARGENTINA S.A;;;CON;;;;;;;;;;;;300;Bruno Centurion;AXUM;;;False;133500;0;1;;;;;;1;;1635,36
5623;RAUL SOLDI - (TRADITIONAL TRADE) 177;GLEW;2026-10-07;07-10-2026;06-10-2026;FAC-A-133500;Venta;LAGOPUELO S.A;1503131;10,00;24754,60;29953,07;ESTILO TROTE S.A.;;0,00 %;062;Nahuel Martinez;;TH BABYSEC PREMIUM X45/10;2475,46;3462;;3;Autoservicio B;1707,21;HERNAN RIVERO;;$;2;SOFTYS ARGENTINA S.A;;;CON;;;;;;;TOALLA HUMEDA;;;;;300;Bruno Centurion;AXUM;;;False;133500;0;1;;;;;;1;;2475,46
5623;RAUL SOLDI - (TRADITIONAL TRADE) 177;GLEW;2026-10-07;07-10-2026;06-10-2026;FAC-A-133500;Venta;LAGOPUELO S.A;1509766;54,00;49453,20;59838,37;ESTILO TROTE S.A.;;0,00 %;062;Nahuel Martinez;;TF T/SECA NORMAL MAS PROTECC 8x54;915,80;3462;;3;Autoservicio B;631,59;HERNAN RIVERO;;$;2;SOFTYS ARGENTINA S.A;;;CON;;;;;;;TOALLA FEMENINA;;;;;300;Bruno Centurion;AXUM;;;False;133500;0;1;;;;;;1;;915,80
5623;RAUL SOLDI - (TRADITIONAL TRADE) 177;GLEW;2026-10-07;07-10-2026;06-10-2026;FAC-A-133500;Venta;LAGOPUELO S.A;1509764;54,00;45826,56;55450,14;ESTILO TROTE S.A.;;0,00 %;062;Nahuel Martinez;;TF NORMAL T/SUAVE EXT ALGODON 8x54;848,64;3462;;3;Autoservicio B;585,27;HERNAN RIVERO;;$;2;SOFTYS ARGENTINA S.A;;;CON;;;;;;;TOALLA FEMENINA;;;;;300;Bruno Centurion;AXUM;;;False;133500;0;1;;;;;;1;;848,64
5623;RAUL SOLDI - (TRADITIONAL TRADE) 177;GLEW;2026-10-07;07-10-2026;06-10-2026;FAC-A-133500;Venta;LAGOPUELO S.A;1509749;30,00;39012,60;47205,25;ESTILO TROTE S.A.;;0,00 %;062;Nahuel Martinez;;PD ladysoft clasicos 20x30;1300,42;3462;;3;Autoservicio B;896,84;HERNAN RIVERO;;$;2;SOFTYS ARGENTINA S.A;;;CON;;;;;;;PROTECTOR DIARIO;;;;;300;Bruno Centurion;AXUM;;;False;133500;0;1;;;;;;1;;1300,42
5623;RAUL SOLDI - (TRADITIONAL TRADE) 177;GLEW;2026-10-07;07-10-2026;06-10-2026;FAC-A-133500;Venta;LAGOPUELO S.A;1509769;12,00;63483,48;76815,01;ESTILO TROTE S.A.;;0,00 %;062;Nahuel Martinez;;PD RESPIRABLES 100/12;5290,29;3462;;3;Autoservicio B;3648,47;HERNAN RIVERO;;$;2;SOFTYS ARGENTINA S.A;;;CON;;;;;;;PROTECTOR DIARIO;;;;;300;Bruno Centurion;AXUM;;;False;133500;0;1;;;;;;1;;5290,29
5623;RAUL SOLDI - (TRADITIONAL TRADE) 177;GLEW;2026-10-07;07-10-2026;06-10-2026;FAC-A-133500;Venta;LAGOPUELO S.A;1509763;16,00;36240,80;43851,37;ESTILO TROTE S.A.;;0,00 %;062;Nahuel Martinez;;TF Nocturna EXT ALGODON 16X16;2265,05;3462;;3;Autoservicio B;1562,11;HERNAN RIVERO;;$;2;SOFTYS ARGENTINA S.A;;;CON;;;;;;;TOALLA FEMENINA;;;;;300;Bruno Centurion;AXUM;;;False;133500;0;1;;;;;;1;;2265,05
5623;RAUL SOLDI - (TRADITIONAL TRADE) 177;GLEW;2026-10-07;07-10-2026;06-10-2026;FAC-A-133500;Venta;LAGOPUELO S.A;1509762;32,00;37510,08;45387,20;ESTILO TROTE S.A.;;0,00 %;062;Nahuel Martinez;;TF NOCTUR EXT A 8x32;1172,19;3462;;3;Autoservicio B;808,41;HERNAN RIVERO;;$;2;SOFTYS ARGENTINA S.A;;;CON;;;;;;;TOALLA FEMENINA;;;;;300;Bruno Centurion;AXUM;;;False;133500;0;1;;;;;;1;;1172,19
5623;RAUL SOLDI - (TRADITIONAL TRADE) 177;GLEW;2026-10-07;07-10-2026;06-10-2026;FAC-A-133500;Venta;LAGOPUELO S.A;1509756;20,00;46674,20;56475,78;ESTILO TROTE S.A.;;0,00 %;062;Nahuel Martinez;;TF UD T/SECA LADYSOFT UL PRT 16u;2333,71;3462;;3;Autoservicio B;1609,46;HERNAN RIVERO;;$;2;SOFTYS ARGENTINA S.A;;;CON;;;;;;;TOALLA FEMENINA;;;;;300;Bruno Centurion;AXUM;;;False;133500;0;1;;;;;;1;;2333,71
5623;RAUL SOLDI - (TRADITIONAL TRADE) 177;GLEW;2026-10-07;07-10-2026;06-10-2026;FAC-A-133500;Venta;LAGOPUELO S.A;1509764;5,00;0,00;0,00;ESTILO TROTE S.A.;;100,00 %;062;Nahuel Martinez;;TF NORMAL T/SUAVE EXT ALGODON 8x54;0,00;3462;;3;Autoservicio B;585,27;HERNAN RIVERO;;$;2;SOFTYS ARGENTINA S.A;;;CON;;;;;;;TOALLA FEMENINA;;;;;300;Bruno Centurion;AXUM;;;False;133500;0;1;;;;;;1;;0,00
4202;SAN MARTIN 2092;Quilmes;2026-10-08;08-10-2026;06-10-2026;FAC-A-133503;Venta;LAGOPUELO S.A;1501553;1,00;22551,25;27287,01;CIEZA GUERRERO PERCY HENDERSON;;15,00 %;056;Ezequiel Ferreira;;PH HIGIENOL DH PLUS FUSI”N 30M x4/10;22551,25;3478;;2;ALMACEN;17199,92;WALTER JANIUK;;$;2;SOFTYS ARGENTINA S.A;;;CON;;;;;;;PAPEL HIG;;;;;300;Bruno Centurion;AXUM;;;False;133503;0;1;;;;;;1;;22551,25
4202;SAN MARTIN 2092;Quilmes;2026-10-08;08-10-2026;06-10-2026;FAC-A-133503;Venta;LAGOPUELO S.A;1505688;1,00;15533,64;18795,70;CIEZA GUERRERO PERCY HENDERSON;;5,00 %;056;Ezequiel Ferreira;;RC Sussex clasico mas blanco 50px3/10;15533,64;3478;;2;ALMACEN;12112,00;WALTER JANIUK;;$;2;SOFTYS ARGENTINA S.A;;;CON;;;;;;;ROLLO DE COCINA;;;;;300;Bruno Centurion;AXUM;;;False;133503;0;1;;;;;;1;;15533,64
322004;AV. 14 5184;BERAZATEGUI;2026-10-07;07-10-2026;06-10-2026;FAC-A-133508;Venta;LAGOPUELO S.A;1509756;10,00;23337,10;28237,89;PACO MOLLO SEBASTIAN;;0,00 %;5;Eliana Huber;;TF UD T/SECA LADYSOFT UL PRT 16u;2333,71;3457;;2;ALMACEN;1609,46;JUAN ESCOTO;;$;2;SOFTYS ARGENTINA S.A;;;CON;;;;;;;TOALLA FEMENINA;;;;;25;JOHANA VIGIL;AXUM;;;False;133508;0;1;;;;;;1;;2333,71
322004;AV. 14 5184;BERAZATEGUI;2026-10-07;07-10-2026;06-10-2026;FAC-A-133508;Venta;LAGOPUELO S.A;1509765;10,00;16621,80;20112,38;PACO MOLLO SEBASTIAN;;0,00 %;5;Eliana Huber;;TF NORMALT/SUAVE EXT ALG 16x27;1662,18;3457;;2;ALMACEN;1146,33;JUAN ESCOTO;;$;2;SOFTYS ARGENTINA S.A;;;CON;;;;;;;TOALLA FEMENINA;;;;;25;JOHANA VIGIL;AXUM;;;False;133508;0;1;;;;;;1;;1662,18
322004;AV. 14 5184;BERAZATEGUI;2026-10-07;07-10-2026;06-10-2026;FAC-A-133508;Venta;LAGOPUELO S.A;1509762;10,00;11721,90;14183,50;PACO MOLLO SEBASTIAN;;0,00 %;5;Eliana Huber;;TF NOCTUR EXT A 8x32;1172,19;3457;;2;ALMACEN;808,41;JUAN ESCOTO;;$;2;SOFTYS ARGENTINA S.A;;;CON;;;;;;;TOALLA FEMENINA;;;;;25;JOHANA VIGIL;AXUM;;;False;133508;0;1;;;;;;1;;1172,19
322004;AV. 14 5184;BERAZATEGUI;2026-10-07;07-10-2026;06-10-2026;FAC-A-133508;Venta;LAGOPUELO S.A;1509768;8,00;7802,48;9441,00;PACO MOLLO SEBASTIAN;;0,00 %;5;Eliana Huber;;TF NORMAL T/SUAVE PIEL SENSIBLE 8x54;975,31;3457;;2;ALMACEN;672,63;JUAN ESCOTO;;$;2;SOFTYS ARGENTINA S.A;;;CON;;;;;;;TOALLA FEMENINA;;;;;25;JOHANA VIGIL;AXUM;;;False;133508;0;1;;;;;;1;;975,31
322004;AV. 14 5184;BERAZATEGUI;2026-10-07;07-10-2026;06-10-2026;FAC-A-133508;Venta;LAGOPUELO S.A;1509764;10,00;8486,40;10268,54;PACO MOLLO SEBASTIAN;;0,00 %;5;Eliana Huber;;TF NORMAL T/SUAVE EXT ALGODON 8x54;848,64;3457;;2;ALMACEN;585,27;JUAN ESCOTO;;$;2;SOFTYS ARGENTINA S.A;;;CON;;;;;;;TOALLA FEMENINA;;;;;25;JOHANA VIGIL;AXUM;;;False;133508;0;1;;;;;;1;;848,64
322004;AV. 14 5184;BERAZATEGUI;2026-10-07;07-10-2026;06-10-2026;FAC-A-133508;Venta;LAGOPUELO S.A;1509763;6,00;13590,30;16444,26;PACO MOLLO SEBASTIAN;;0,00 %;5;Eliana Huber;;TF Nocturna EXT ALGODON 16X16;2265,05;3457;;2;ALMACEN;1562,11;JUAN ESCOTO;;$;2;SOFTYS ARGENTINA S.A;;;CON;;;;;;;TOALLA FEMENINA;;;;;25;JOHANA VIGIL;AXUM;;;False;133508;0;1;;;;;;1;;2265,05
322004;AV. 14 5184;BERAZATEGUI;2026-10-07;07-10-2026;06-10-2026;FAC-A-133508;Venta;LAGOPUELO S.A;1509749;6,00;7802,52;9441,05;PACO MOLLO SEBASTIAN;;0,00 %;5;Eliana Huber;;PD ladysoft clasicos 20x30;1300,42;3457;;2;ALMACEN;896,84;JUAN ESCOTO;;$;2;SOFTYS ARGENTINA S.A;;;CON;;;;;;;PROTECTOR DIARIO;;;;;25;JOHANA VIGIL;AXUM;;;False;133508;0;1;;;;;;1;;1300,42
322004;AV. 14 5184;BERAZATEGUI;2026-10-07;07-10-2026;06-10-2026;FAC-A-133508;Venta;LAGOPUELO S.A;1503118;10,00;16353,60;19787,86;PACO MOLLO SEBASTIAN;;0,00 %;5;Eliana Huber;;TH BABYSEC ULTRA 50/24;1635,36;3457;;2;ALMACEN;1127,83;JUAN ESCOTO;;$;2;SOFTYS ARGENTINA S.A;;;CON;;;;;;;;;;;;25;JOHANA VIGIL;AXUM;;;False;133508;0;1;;;;;;1;;1635,36
322004;AV. 14 5184;BERAZATEGUI;2026-10-07;07-10-2026;06-10-2026;FAC-A-133508;Venta;LAGOPUELO S.A;1509764;1,00;0,00;0,00;PACO MOLLO SEBASTIAN;;100,00 %;5;Eliana Huber;;TF NORMAL T/SUAVE EXT ALGODON 8x54;0,00;3457;;2;ALMACEN;585,27;JUAN ESCOTO;;$;2;SOFTYS ARGENTINA S.A;;;CON;;;;;;;TOALLA FEMENINA;;;;;25;JOHANA VIGIL;AXUM;;;False;133508;0;1;;;;;;1;;0,00
35916;Jose  Lopez 167 0;BERNAL;2026-10-07;07-10-2026;06-10-2026;FAC-A-133511;Venta;LAGOPUELO S.A;1509762;32,00;37510,08;45387,20;Super Fare 1969;;0,00 %;053;Verona Abati;;TF NOCTUR EXT A 8x32;1172,19;3459;;3;AUTOSERVICIO;808,41;LEONARDO SANTA CRUZ;;$;2;SOFTYS ARGENTINA S.A;;;EFV;;;;;;;TOALLA FEMENINA;;;;;300;Bruno Centurion;AXUM;;;False;133511;0;1;;;;;;1;;1172,19
35916;Jose  Lopez 167 0;BERNAL;2026-10-07;07-10-2026;06-10-2026;FAC-A-133511;Venta;LAGOPUELO S.A;1503131;10,00;24754,60;29953,07;Super Fare 1969;;0,00 %;053;Verona Abati;;TH BABYSEC PREMIUM X45/10;2475,46;3459;;3;AUTOSERVICIO;1707,21;LEONARDO SANTA CRUZ;;$;2;SOFTYS ARGENTINA S.A;;;EFV;;;;;;;TOALLA HUMEDA;;;;;300;Bruno Centurion;AXUM;;;False;133511;0;1;;;;;;1;;2475,46
2004;Calle 56 N 4410;Berazategui;2026-10-07;07-10-2026;06-10-2026;FAC-A-133521;Venta;LAGOPUELO S.A;1509764;6,00;5091,84;6161,13;ALEJANDRO MIGUEL ANGEL;;0,00 %;052;Nicole Sosa;;TF NORMAL T/SUAVE EXT ALGODON 8x54;848,64;3457;;2;ALMACEN;585,27;JUAN ESCOTO;;$;2;SOFTYS ARGENTINA S.A;;;CON;;;;;;;TOALLA FEMENINA;;;;;300;Bruno Centurion;AXUM;;;False;133521;0;1;;;;;;1;;848,64
2004;Calle 56 N 4410;Berazategui;2026-10-07;07-10-2026;06-10-2026;FAC-A-133521;Venta;LAGOPUELO S.A;1509766;6,00;5494,80;6648,71;ALEJANDRO MIGUEL ANGEL;;0,00 %;052;Nicole Sosa;;TF T/SECA NORMAL MAS PROTECC 8x54;915,80;3457;;2;ALMACEN;631,59;JUAN ESCOTO;;$;2;SOFTYS ARGENTINA S.A;;;CON;;;;;;;TOALLA FEMENINA;;;;;300;Bruno Centurion;AXUM;;;False;133521;0;1;;;;;;1;;915,80
23837;AV. DARDO ROCHA - (AUTOSERVICIOS) 23;BERNAL ESTE;2026-10-07;07-10-2026;06-10-2026;FAC-A-133527;Venta;LAGOPUELO S.A;1504079;15,00;32917,59;39830,28;XU DONG;;10,00 %;054;Leonel Caruso;;PL BABYSEC ULTRASOFT XXG 8/15;2194,51;3459;;3;Autoservicio B;1806,18;LEONARDO SANTA CRUZ;;$;2;SOFTYS ARGENTINA S.A;;;CON;;;;;;;PAÒAL;;;;;300;Bruno Centurion;AXUM;;;False;133527;0;1;;;;;;1;;2194,51
23837;AV. DARDO ROCHA - (AUTOSERVICIOS) 23;BERNAL ESTE;2026-10-07;07-10-2026;06-10-2026;FAC-A-133527;Venta;LAGOPUELO S.A;1505496;35,00;43426,25;52545,76;XU DONG;;0,00 %;054;Leonel Caruso;;PO ELITE ST CON ALGODON X10 PACK 6;1240,75;3459;;3;Autoservicio B;855,69;LEONARDO SANTA CRUZ;;$;2;SOFTYS ARGENTINA S.A;;;CON;;;;;;;PAÒUELOS;;;;;300;Bruno Centurion;AXUM;;;False;133527;0;1;;;;;;1;;1240,75
23837;AV. DARDO ROCHA - (AUTOSERVICIOS) 23;BERNAL ESTE;2026-10-07;07-10-2026;06-10-2026;FAC-A-133527;Venta;LAGOPUELO S.A;1503131;10,00;24754,60;29953,07;XU DONG;;0,00 %;054;Leonel Caruso;;TH BABYSEC PREMIUM X45/10;2475,46;3459;;3;Autoservicio B;1707,21;LEONARDO SANTA CRUZ;;$;2;SOFTYS ARGENTINA S.A;;;CON;;;;;;;TOALLA HUMEDA;;;;;300;Bruno Centurion;AXUM;;;False;133527;0;1;;;;;;1;;2475,46
23349;Ra√∫l Soldi - (AUTOSERVICIOS) 172;GLEW;2026-10-07;07-10-2026;06-10-2026;FAC-A-133536;Venta;LAGOPUELO S.A;1509762;15,00;17582,85;21275,25;HE JIANGLUN;;0,00 %;062;Nahuel Martinez;;TF NOCTUR EXT A 8x32;1172,19;3462;;3;Autoservicio B;808,41;HERNAN RIVERO;;$;2;SOFTYS ARGENTINA S.A;;;CON;;;;;;;TOALLA FEMENINA;;;;;300;Bruno Centurion;AXUM;;;False;133536;0;1;;;;;;1;;1172,19
23349;Ra√∫l Soldi - (AUTOSERVICIOS) 172;GLEW;2026-10-07;07-10-2026;06-10-2026;FAC-A-133536;Venta;LAGOPUELO S.A;1509763;10,00;22650,50;27407,11;HE JIANGLUN;;0,00 %;062;Nahuel Martinez;;TF Nocturna EXT ALGODON 16X16;2265,05;3462;;3;Autoservicio B;1562,11;HERNAN RIVERO;;$;2;SOFTYS ARGENTINA S.A;;;CON;;;;;;;TOALLA FEMENINA;;;;;300;Bruno Centurion;AXUM;;;False;133536;0;1;;;;;;1;;2265,05
23349;Ra√∫l Soldi - (AUTOSERVICIOS) 172;GLEW;2026-10-07;07-10-2026;06-10-2026;FAC-A-133536;Venta;LAGOPUELO S.A;1509764;15,00;12729,60;15402,82;HE JIANGLUN;;0,00 %;062;Nahuel Martinez;;TF NORMAL T/SUAVE EXT ALGODON 8x54;848,64;3462;;3;Autoservicio B;585,27;HERNAN RIVERO;;$;2;SOFTYS ARGENTINA S.A;;;CON;;;;;;;TOALLA FEMENINA;;;;;300;Bruno Centurion;AXUM;;;False;133536;0;1;;;;;;1;;848,64
23349;Ra√∫l Soldi - (AUTOSERVICIOS) 172;GLEW;2026-10-07;07-10-2026;06-10-2026;FAC-A-133536;Venta;LAGOPUELO S.A;1509765;10,00;16621,80;20112,38;HE JIANGLUN;;0,00 %;062;Nahuel Martinez;;TF NORMALT/SUAVE EXT ALG 16x27;1662,18;3462;;3;Autoservicio B;1146,33;HERNAN RIVERO;;$;2;SOFTYS ARGENTINA S.A;;;CON;;;;;;;TOALLA FEMENINA;;;;;300;Bruno Centurion;AXUM;;;False;133536;0;1;;;;;;1;;1662,18
23349;Ra√∫l Soldi - (AUTOSERVICIOS) 172;GLEW;2026-10-07;07-10-2026;06-10-2026;FAC-A-133536;Venta;LAGOPUELO S.A;1509755;15,00;17995,05;21774,01;HE JIANGLUN;;0,00 %;062;Nahuel Martinez;;TF UD T/SECA LADYSOFT ULTRA PROTECT 8;1199,67;3462;;3;Autoservicio B;827,36;HERNAN RIVERO;;$;2;SOFTYS ARGENTINA S.A;;;CON;;;;;;;TOALLA FEMENINA;;;;;300;Bruno Centurion;AXUM;;;False;133536;0;1;;;;;;1;;1199,67
23349;Ra√∫l Soldi - (AUTOSERVICIOS) 172;GLEW;2026-10-07;07-10-2026;06-10-2026;FAC-A-133536;Venta;LAGOPUELO S.A;1509758;15,00;16736,10;20250,68;HE JIANGLUN;;0,00 %;062;Nahuel Martinez;;TF UD T/SUAVE EXT ALGO 8X40;1115,74;3462;;3;Autoservicio B;769,48;HERNAN RIVERO;;$;2;SOFTYS ARGENTINA S.A;;;CON;;;;;;;TOALLA FEMENINA;;;;;300;Bruno Centurion;AXUM;;;False;133536;0;1;;;;;;1;;1115,74
23349;Ra√∫l Soldi - (AUTOSERVICIOS) 172;GLEW;2026-10-07;07-10-2026;06-10-2026;FAC-A-133536;Venta;LAGOPUELO S.A;1509756;10,00;23337,10;28237,89;HE JIANGLUN;;0,00 %;062;Nahuel Martinez;;TF UD T/SECA LADYSOFT UL PRT 16u;2333,71;3462;;3;Autoservicio B;1609,46;HERNAN RIVERO;;$;2;SOFTYS ARGENTINA S.A;;;CON;;;;;;;TOALLA FEMENINA;;;;;300;Bruno Centurion;AXUM;;;False;133536;0;1;;;;;;1;;2333,71
23349;Ra√∫l Soldi - (AUTOSERVICIOS) 172;GLEW;2026-10-07;07-10-2026;06-10-2026;FAC-A-133536;Venta;LAGOPUELO S.A;1509768;15,00;14629,65;17701,88;HE JIANGLUN;;0,00 %;062;Nahuel Martinez;;TF NORMAL T/SUAVE PIEL SENSIBLE 8x54;975,31;3462;;3;Autoservicio B;672,63;HERNAN RIVERO;;$;2;SOFTYS ARGENTINA S.A;;;CON;;;;;;;TOALLA FEMENINA;;;;;300;Bruno Centurion;AXUM;;;False;133536;0;1;;;;;;1;;975,31
23349;Ra√∫l Soldi - (AUTOSERVICIOS) 172;GLEW;2026-10-07;07-10-2026;06-10-2026;FAC-A-133536;Venta;LAGOPUELO S.A;1509760;6,00;18187,86;22007,31;HE JIANGLUN;;0,00 %;062;Nahuel Martinez;;TD UF T/Suave Ladysoft EXT ALGOD”N 24x15;3031,31;3462;;3;Autoservicio B;2090,56;HERNAN RIVERO;;$;2;SOFTYS ARGENTINA S.A;;;CON;;;;;;;TOALLA FEMENINA;;;;;300;Bruno Centurion;AXUM;;;False;133536;0;1;;;;;;1;;3031,31
23349;Ra√∫l Soldi - (AUTOSERVICIOS) 172;GLEW;2026-10-07;07-10-2026;06-10-2026;FAC-A-133536;Venta;LAGOPUELO S.A;1509757;6,00;20000,76;24200,92;HE JIANGLUN;;0,00 %;062;Nahuel Martinez;;TF UD T/SECA LADYSOFT UL PTEC 24u;3333,46;3462;;3;Autoservicio B;2298,94;HERNAN RIVERO;;$;2;SOFTYS ARGENTINA S.A;;;CON;;;;;;;TOALLA FEMENINA;;;;;300;Bruno Centurion;AXUM;;;False;133536;0;1;;;;;;1;;3333,46
23349;Ra√∫l Soldi - (AUTOSERVICIOS) 172;GLEW;2026-10-07;07-10-2026;06-10-2026;FAC-A-133536;Venta;LAGOPUELO S.A;1509749;15,00;19506,30;23602,62;HE JIANGLUN;;0,00 %;062;Nahuel Martinez;;PD ladysoft clasicos 20x30;1300,42;3462;;3;Autoservicio B;896,84;HERNAN RIVERO;;$;2;SOFTYS ARGENTINA S.A;;;CON;;;;;;;PROTECTOR DIARIO;;;;;300;Bruno Centurion;AXUM;;;False;133536;0;1;;;;;;1;;1300,42
23349;Ra√∫l Soldi - (AUTOSERVICIOS) 172;GLEW;2026-10-07;07-10-2026;06-10-2026;FAC-A-133536;Venta;LAGOPUELO S.A;1509764;1,00;0,00;0,00;HE JIANGLUN;;100,00 %;062;Nahuel Martinez;;TF NORMAL T/SUAVE EXT ALGODON 8x54;0,00;3462;;3;Autoservicio B;585,27;HERNAN RIVERO;;$;2;SOFTYS ARGENTINA S.A;;;CON;;;;;;;TOALLA FEMENINA;;;;;300;Bruno Centurion;AXUM;;;False;133536;0;1;;;;;;1;;0,00
22672;PATRICIOS P/D: - (AUTOSERVICIOS) 175;BERNAL ESTE;2026-10-07;07-10-2026;06-10-2026;FAC-A-133540;Venta;LAGOPUELO S.A;1509761;8,00;6361,76;7697,73;(061027) CHEN GUOFU;;0,00 %;053;Verona Abati;;TF LADYSOFT COMFORT EXT ALGODON 8x54;795,22;3459;;3;Autoservicio B;548,43;LEONARDO SANTA CRUZ;;$;2;SOFTYS ARGENTINA S.A;;;CON;;;;;;;TOALLA FEMENINA;;;;;300;Bruno Centurion;AXUM;;;False;133540;0;1;;;;;;1;;795,22
22672;PATRICIOS P/D: - (AUTOSERVICIOS) 175;BERNAL ESTE;2026-10-07;07-10-2026;06-10-2026;FAC-A-133540;Venta;LAGOPUELO S.A;1509756;8,00;18669,68;22590,31;(061027) CHEN GUOFU;;0,00 %;053;Verona Abati;;TF UD T/SECA LADYSOFT UL PRT 16u;2333,71;3459;;3;Autoservicio B;1609,46;LEONARDO SANTA CRUZ;;$;2;SOFTYS ARGENTINA S.A;;;CON;;;;;;;TOALLA FEMENINA;;;;;300;Bruno Centurion;AXUM;;;False;133540;0;1;;;;;;1;;2333,71
22672;PATRICIOS P/D: - (AUTOSERVICIOS) 175;BERNAL ESTE;2026-10-07;07-10-2026;06-10-2026;FAC-A-133540;Venta;LAGOPUELO S.A;1509755;6,00;7198,02;8709,60;(061027) CHEN GUOFU;;0,00 %;053;Verona Abati;;TF UD T/SECA LADYSOFT ULTRA PROTECT 8;1199,67;3459;;3;Autoservicio B;827,36;LEONARDO SANTA CRUZ;;$;2;SOFTYS ARGENTINA S.A;;;CON;;;;;;;TOALLA FEMENINA;;;;;300;Bruno Centurion;AXUM;;;False;133540;0;1;;;;;;1;;1199,67
2978;AV. MILAZZO 809 ESQUINA CNO GRAL BELGRANO 0;Berazategui;2026-10-08;08-10-2026;06-10-2026;FAC-A-133548;Venta;LAGOPUELO S.A;1509762;32,00;37510,08;45387,20;MONTERO JORGE MARCELO;;0,00 %;051;Ezequiel Valente;;TF NOCTUR EXT A 8x32;1172,19;3474;;3;AUTOSERVICIO;808,41;JUAN ESCOTO;;$;2;SOFTYS ARGENTINA S.A;;;CON;;;;;;;TOALLA FEMENINA;;;;;300;Bruno Centurion;AXUM;;;False;133548;0;1;;;;;;1;;1172,19
2978;AV. MILAZZO 809 ESQUINA CNO GRAL BELGRANO 0;Berazategui;2026-10-08;08-10-2026;06-10-2026;FAC-A-133548;Venta;LAGOPUELO S.A;1501627;5,00;60203,52;72846,26;MONTERO JORGE MARCELO;;10,00 %;051;Ezequiel Valente;;PH Higienol HS Balanced 20mx4/12;12040,70;3474;;3;AUTOSERVICIO;9488,34;JUAN ESCOTO;;$;2;SOFTYS ARGENTINA S.A;;;CON;;;;;;;PAPEL HIG;;;;;300;Bruno Centurion;AXUM;;;False;133548;0;1;;;;;;1;;12040,70
2978;AV. MILAZZO 809 ESQUINA CNO GRAL BELGRANO 0;Berazategui;2026-10-08;08-10-2026;06-10-2026;FAC-A-133548;Venta;LAGOPUELO S.A;1501554;2,00;55547,24;67212,16;MONTERO JORGE MARCELO;;0,00 %;051;Ezequiel Valente;;PH HIGIENOL DH BALANCE 30M X4/10;27773,62;3474;;3;AUTOSERVICIO;19154,22;JUAN ESCOTO;;$;2;SOFTYS ARGENTINA S.A;;;CON;;;;;;;PAPEL HIG;;;;;300;Bruno Centurion;AXUM;;;False;133548;0;1;;;;;;1;;27773,62
1316;CALLE 16 5403;Berazategui;2026-10-07;07-10-2026;06-10-2026;FAC-A-133551;Venta;LAGOPUELO S.A;1509761;54,00;41653,62;50400,88;MOLLMARK S.R.L.;;3,00 %;5;Eliana Huber;;TF LADYSOFT COMFORT EXT ALGODON 8x54;771,36;3457;;3;AUTOSERVICIO;548,43;JUAN ESCOTO;;$;2;SOFTYS ARGENTINA S.A;;;CON;;;;;;;TOALLA FEMENINA;;;;;25;JOHANA VIGIL;AXUM;;;False;133551;0;1;;;;;;1;;771,36
1316;CALLE 16 5403;Berazategui;2026-10-07;07-10-2026;06-10-2026;FAC-A-133551;Venta;LAGOPUELO S.A;1509756;20,00;45273,97;54781,51;MOLLMARK S.R.L.;;3,00 %;5;Eliana Huber;;TF UD T/SECA LADYSOFT UL PRT 16u;2263,70;3457;;3;AUTOSERVICIO;1609,46;JUAN ESCOTO;;$;2;SOFTYS ARGENTINA S.A;;;CON;;;;;;;TOALLA FEMENINA;;;;;25;JOHANA VIGIL;AXUM;;;False;133551;0;1;;;;;;1;;2263,70
1316;CALLE 16 5403;Berazategui;2026-10-07;07-10-2026;06-10-2026;FAC-A-133551;Venta;LAGOPUELO S.A;1509764;54,00;44451,76;53786,63;MOLLMARK S.R.L.;;3,00 %;5;Eliana Huber;;TF NORMAL T/SUAVE EXT ALGODON 8x54;823,18;3457;;3;AUTOSERVICIO;585,27;JUAN ESCOTO;;$;2;SOFTYS ARGENTINA S.A;;;CON;;;;;;;TOALLA FEMENINA;;;;;25;JOHANA VIGIL;AXUM;;;False;133551;0;1;;;;;;1;;823,18
22672;PATRICIOS P/D: - (AUTOSERVICIOS) 175;BERNAL ESTE;2026-10-07;07-10-2026;06-10-2026;FAC-A-133553;Venta;LAGOPUELO S.A;1502607;1,00;27858,59;33708,89;(061027) CHEN GUOFU;;0,00 %;053;Verona Abati;;PH ELITE ULTRA DH SOFT T C/ALG 30Mx4;27858,59;3459;;3;Autoservicio B;18637,00;LEONARDO SANTA CRUZ;;$;2;SOFTYS ARGENTINA S.A;;;CON;;;;;;;PAPEL HIG;;;;;300;Bruno Centurion;AXUM;;;False;133553;0;1;;;;;;1;;27858,59
22672;PATRICIOS P/D: - (AUTOSERVICIOS) 175;BERNAL ESTE;2026-10-07;07-10-2026;06-10-2026;FAC-A-133553;Venta;LAGOPUELO S.A;1501585;1,00;36501,38;44166,67;(061027) CHEN GUOFU;;0,00 %;053;Verona Abati;;PH HIGIENOL HS MAX ALOE PANAL 80M X4;36501,38;3459;;3;Autoservicio B;24669,76;LEONARDO SANTA CRUZ;;$;2;SOFTYS ARGENTINA S.A;;;CON;;;;;;;PAPEL HIG;;;;;300;Bruno Centurion;AXUM;;;False;133553;0;1;;;;;;1;;36501,38
22672;PATRICIOS P/D: - (AUTOSERVICIOS) 175;BERNAL ESTE;2026-10-07;07-10-2026;06-10-2026;FAC-A-133553;Venta;LAGOPUELO S.A;1502206;1,00;26373,10;31911,45;(061027) CHEN GUOFU;;0,00 %;053;Verona Abati;;RC ELITE ULTRA CON ALGODON 120p x2/10;26373,10;3459;;3;Autoservicio B;19535,63;LEONARDO SANTA CRUZ;;$;2;SOFTYS ARGENTINA S.A;;;CON;;;;;;;ROLLO DE COCINA;;;;;300;Bruno Centurion;AXUM;;;False;133553;0;1;;;;;;1;;26373,10
22672;PATRICIOS P/D: - (AUTOSERVICIOS) 175;BERNAL ESTE;2026-10-07;07-10-2026;06-10-2026;FAC-A-133553;Venta;LAGOPUELO S.A;1502610;1,00;24485,25;29627,15;(061027) CHEN GUOFU;;0,00 %;053;Verona Abati;;PH ELITE HS CLS C/ALGODON 30M X6/10;24485,25;3459;;3;Autoservicio B;16886,38;LEONARDO SANTA CRUZ;;$;2;SOFTYS ARGENTINA S.A;;;CON;;;;;;;PAPEL HIG;;;;;300;Bruno Centurion;AXUM;;;False;133553;0;1;;;;;;1;;24485,25
22672;PATRICIOS P/D: - (AUTOSERVICIOS) 175;BERNAL ESTE;2026-10-07;07-10-2026;06-10-2026;FAC-A-133553;Venta;LAGOPUELO S.A;1507915;1,00;35672,58;43163,82;(061027) CHEN GUOFU;;0,00 %;053;Verona Abati;;PH HIGIENOL DH YAPA 50X x4;35672,58;3459;;3;Autoservicio B;24601,78;LEONARDO SANTA CRUZ;;$;2;SOFTYS ARGENTINA S.A;;;CON;;;;;;;PAPEL HIG;;;;;300;Bruno Centurion;AXUM;;;False;133553;0;1;;;;;;1;;35672,58
3872;san martin 2409;SAN FRANCISCO SOLANO (QUILMES);2026-10-08;08-10-2026;06-10-2026;FAC-A-133555;Venta;LAGOPUELO S.A;1504290;15,00;46742,25;56558,12;MAYRA GISELLE LILIAN ALVAREZ URE—A;;0,00 %;056;Ezequiel Ferreira;;PL BABYSEC PREMIUM SOFT XXG X8/15;3116,15;3478;;3;AUTOSERVICIO;2308,26;WALTER JANIUK;;$;2;SOFTYS ARGENTINA S.A;;;CON;;;;;;;PAÒAL;;;;;300;Bruno Centurion;AXUM;;;False;133555;0;1;;;;;;1;;3116,15
3058;MORENO 516;QUILMES;2026-10-07;07-10-2026;06-10-2026;FAC-A-133558;Venta;LAGOPUELO S.A;1509764;6,00;5091,84;6161,13;YAN QUIN;;0,00 %;2;Fernanda Cejas;;TF NORMAL T/SUAVE EXT ALGODON 8x54;848,64;3459;;3;AUTOSERVICIO;585,27;LEONARDO SANTA CRUZ;;$;2;SOFTYS ARGENTINA S.A;;;CON;;;;;;;TOALLA FEMENINA;;;;;25;JOHANA VIGIL;AXUM;;;False;133558;0;1;;;;;;1;;848,64
3058;MORENO 516;QUILMES;2026-10-07;07-10-2026;06-10-2026;FAC-A-133558;Venta;LAGOPUELO S.A;1509766;6,00;5494,80;6648,71;YAN QUIN;;0,00 %;2;Fernanda Cejas;;TF T/SECA NORMAL MAS PROTECC 8x54;915,80;3459;;3;AUTOSERVICIO;631,59;LEONARDO SANTA CRUZ;;$;2;SOFTYS ARGENTINA S.A;;;CON;;;;;;;TOALLA FEMENINA;;;;;25;JOHANA VIGIL;AXUM;;;False;133558;0;1;;;;;;1;;915,80
3058;MORENO 516;QUILMES;2026-10-07;07-10-2026;06-10-2026;FAC-A-133558;Venta;LAGOPUELO S.A;1509755;6,00;7198,02;8709,60;YAN QUIN;;0,00 %;2;Fernanda Cejas;;TF UD T/SECA LADYSOFT ULTRA PROTECT 8;1199,67;3459;;3;AUTOSERVICIO;827,36;LEONARDO SANTA CRUZ;;$;2;SOFTYS ARGENTINA S.A;;;CON;;;;;;;TOALLA FEMENINA;;;;;25;JOHANA VIGIL;AXUM;;;False;133558;0;1;;;;;;1;;1199,67
3058;MORENO 516;QUILMES;2026-10-07;07-10-2026;06-10-2026;FAC-A-133558;Venta;LAGOPUELO S.A;1509758;6,00;6694,44;8100,27;YAN QUIN;;0,00 %;2;Fernanda Cejas;;TF UD T/SUAVE EXT ALGO 8X40;1115,74;3459;;3;AUTOSERVICIO;769,48;LEONARDO SANTA CRUZ;;$;2;SOFTYS ARGENTINA S.A;;;CON;;;;;;;TOALLA FEMENINA;;;;;25;JOHANA VIGIL;AXUM;;;False;133558;0;1;;;;;;1;;1115,74
3058;MORENO 516;QUILMES;2026-10-07;07-10-2026;06-10-2026;FAC-A-133558;Venta;LAGOPUELO S.A;1509762;6,00;7033,14;8510,10;YAN QUIN;;0,00 %;2;Fernanda Cejas;;TF NOCTUR EXT A 8x32;1172,19;3459;;3;AUTOSERVICIO;808,41;LEONARDO SANTA CRUZ;;$;2;SOFTYS ARGENTINA S.A;;;CON;;;;;;;TOALLA FEMENINA;;;;;25;JOHANA VIGIL;AXUM;;;False;133558;0;1;;;;;;1;;1172,19
3058;MORENO 516;QUILMES;2026-10-07;07-10-2026;06-10-2026;FAC-A-133558;Venta;LAGOPUELO S.A;1509749;6,00;7802,52;9441,05;YAN QUIN;;0,00 %;2;Fernanda Cejas;;PD ladysoft clasicos 20x30;1300,42;3459;;3;AUTOSERVICIO;896,84;LEONARDO SANTA CRUZ;;$;2;SOFTYS ARGENTINA S.A;;;CON;;;;;;;PROTECTOR DIARIO;;;;;25;JOHANA VIGIL;AXUM;;;False;133558;0;1;;;;;;1;;1300,42
3058;MORENO 516;QUILMES;2026-10-07;07-10-2026;06-10-2026;FAC-A-133558;Venta;LAGOPUELO S.A;1501627;15,00;170576,64;206397,73;YAN QUIN;;15,00 %;2;Fernanda Cejas;;PH Higienol HS Balanced 20mx4/12;11371,78;3459;;3;AUTOSERVICIO;9488,34;LEONARDO SANTA CRUZ;;$;2;SOFTYS ARGENTINA S.A;;;CON;;;;;;;PAPEL HIG;;;;;25;JOHANA VIGIL;AXUM;;;False;133558;0;1;;;;;;1;;11371,78
23931;SARMIENTO - (AUTOSERVICIOS) 397;GLEW;2026-10-07;07-10-2026;06-10-2026;FAC-A-133567;Venta;LAGOPUELO S.A;1503131;10,00;24754,60;29953,07;FENG ZHENG;;0,00 %;062;Nahuel Martinez;;TH BABYSEC PREMIUM X45/10;2475,46;3462;;3;Autoservicio B;1707,21;HERNAN RIVERO;;$;2;SOFTYS ARGENTINA S.A;;;CON;;;;;;;TOALLA HUMEDA;;;;;300;Bruno Centurion;AXUM;;;False;133567;0;1;;;;;;1;;2475,46
27918;GABOTO - (AUTOSERVICIOS) 5666;SAN JOSE;2026-10-08;08-10-2026;06-10-2026;FAC-A-133572;Venta;LAGOPUELO S.A;1501627;1,00;12040,70;14569,25;GUAN WEI;;10,00 %;063;Daniel Martin;;PH Higienol HS Balanced 20mx4/12;12040,70;3479;;3;Autoservicio A;9488,34;MARIANO SOSA;;$;2;SOFTYS ARGENTINA S.A;;;CON;;;;;;;PAPEL HIG;;;;;300;Bruno Centurion;AXUM;;;False;133572;0;1;;;;;;1;;12040,70
100029;San Martin 3629 0;REMEDIOS DE ESCALADA;2026-10-07;07-10-2026;06-10-2026;FAC-A-133579;Venta;LAGOPUELO S.A;1509758;6,00;6694,44;8100,27;Yan Zhusong;;0,00 %;27;Samanta Dogliotti;;TF UD T/SUAVE EXT ALGO 8X40;1115,74;3454;;3;AUTOSERVICIO;769,48;SIMON OLIVERA;;$;2;SOFTYS ARGENTINA S.A;;;EFV;;;;;;;TOALLA FEMENINA;;;;;25;JOHANA VIGIL;AXUM;;;False;133579;0;1;;;;;;1;;1115,74
29093;CABILDO - (TRADICIONAL) 770;EL JAGUEL;2026-10-07;07-10-2026;06-10-2026;FAC-B-133585;Venta;LAGOPUELO S.A;1505708;1,00;22612,61;27361,26;COLQUE SILVIA;;0,00 %;064;Karina Fernandez;;RC SUSEEX CLS MEGARROLO ALTO 200X1;22612,61;3458;;2;ALMACEN;16750,08;WALTER JANIUK;;$;2;SOFTYS ARGENTINA S.A;;;CON;;;;;;;ROLLO DE COCINA;;;;;300;Bruno Centurion;AXUM;;;False;133585;0;1;;;;;;1;;22612,61
29093;CABILDO - (TRADICIONAL) 770;EL JAGUEL;2026-10-07;07-10-2026;06-10-2026;FAC-B-133585;Venta;LAGOPUELO S.A;1502613;1,00;19982,46;24178,78;COLQUE SILVIA;;0,00 %;064;Karina Fernandez;;PH ELITE HS 30M X4 /12;19982,46;3458;;2;ALMACEN;13781,01;WALTER JANIUK;;$;2;SOFTYS ARGENTINA S.A;;;CON;;;;;;;PAPEL HIG;;;;;300;Bruno Centurion;AXUM;;;False;133585;0;1;;;;;;1;;19982,46
27502;SANTA FE - (AUTOSERVICIOS) 337;LOMAS DE ZAMORA;2026-10-07;07-10-2026;06-10-2026;FAC-A-133586;Venta;LAGOPUELO S.A;1501627;15,00;170576,64;206397,73;WANG YONGHUI;;15,00 %;073;Florencia Cubilla;;PH Higienol HS Balanced 20mx4/12;11371,78;3456;;3;Autoservicio B;9488,34;NAHUEL MONTOYA;;$;2;SOFTYS ARGENTINA S.A;;;CON;;;;;;;PAPEL HIG;;;;;300;Bruno Centurion;AXUM;;;False;133586;0;1;;;;;;1;;11371,78
3625;NICOLAS VIDELA 179;QUILMES;2026-10-07;07-10-2026;06-10-2026;FAC-A-133588;Venta;LAGOPUELO S.A;1501627;1,00;12040,70;14569,25;CASTILLO MARIA ALEJANDRA;;10,00 %;2;Fernanda Cejas;;PH Higienol HS Balanced 20mx4/12;12040,70;3459;;3;AUTOSERVICIO;9488,34;LEONARDO SANTA CRUZ;;$;2;SOFTYS ARGENTINA S.A;;;CON;;;;;;;PAPEL HIG;;;;;25;JOHANA VIGIL;AXUM;;;False;133588;0;1;;;;;;1;;12040,70
3625;NICOLAS VIDELA 179;QUILMES;2026-10-07;07-10-2026;06-10-2026;FAC-A-133588;Venta;LAGOPUELO S.A;1503131;5,00;12377,30;14976,53;CASTILLO MARIA ALEJANDRA;;0,00 %;2;Fernanda Cejas;;TH BABYSEC PREMIUM X45/10;2475,46;3459;;3;AUTOSERVICIO;1707,21;LEONARDO SANTA CRUZ;;$;2;SOFTYS ARGENTINA S.A;;;CON;;;;;;;TOALLA HUMEDA;;;;;25;JOHANA VIGIL;AXUM;;;False;133588;0;1;;;;;;1;;2475,46
3625;NICOLAS VIDELA 179;QUILMES;2026-10-07;07-10-2026;06-10-2026;FAC-A-133588;Venta;LAGOPUELO S.A;1509766;5,00;4579,00;5540,59;CASTILLO MARIA ALEJANDRA;;0,00 %;2;Fernanda Cejas;;TF T/SECA NORMAL MAS PROTECC 8x54;915,80;3459;;3;AUTOSERVICIO;631,59;LEONARDO SANTA CRUZ;;$;2;SOFTYS ARGENTINA S.A;;;CON;;;;;;;TOALLA FEMENINA;;;;;25;JOHANA VIGIL;AXUM;;;False;133588;0;1;;;;;;1;;915,80
3625;NICOLAS VIDELA 179;QUILMES;2026-10-07;07-10-2026;06-10-2026;FAC-A-133588;Venta;LAGOPUELO S.A;1509764;5,00;4243,20;5134,27;CASTILLO MARIA ALEJANDRA;;0,00 %;2;Fernanda Cejas;;TF NORMAL T/SUAVE EXT ALGODON 8x54;848,64;3459;;3;AUTOSERVICIO;585,27;LEONARDO SANTA CRUZ;;$;2;SOFTYS ARGENTINA S.A;;;CON;;;;;;;TOALLA FEMENINA;;;;;25;JOHANA VIGIL;AXUM;;;False;133588;0;1;;;;;;1;;848,64
29055;EDISON - (TRADICIONAL) 1476;EL JAGUEL;2026-10-07;07-10-2026;06-10-2026;FAC-A-133593;Venta;LAGOPUELO S.A;1505688;1,00;15533,64;18795,70;VERONICA VIVIANA ALVAREZ;;5,00 %;064;Karina Fernandez;;RC Sussex clasico mas blanco 50px3/10;15533,64;3458;;3;Autoservicio B;12112,00;WALTER JANIUK;;$;2;SOFTYS ARGENTINA S.A;;;CON;;;;;;;ROLLO DE COCINA;;;;;300;Bruno Centurion;AXUM;;;False;133593;0;1;;;;;;1;;15533,64
27462;Diego Laure - (AUTOSERVICIOS) 1085;EZEIZA;2026-10-07;07-10-2026;06-10-2026;FAC-A-133604;Venta;LAGOPUELO S.A;1507915;1,00;35672,58;43163,82;Xue Fang Fang;;0,00 %;075;Julieta Yegros;;PH HIGIENOL DH YAPA 50X x4;35672,58;3458;;3;Autoservicio A;24601,78;WALTER JANIUK;;$;2;SOFTYS ARGENTINA S.A;;;CON;;;;;;;PAPEL HIG;;;;;300;Bruno Centurion;AXUM;;;False;133604;0;1;;;;;;1;;35672,58
23174;Av. Pres. Hipolito Yrigoyen - (AUTOSERVICIOS) 21706;LONGCHAMPS;2026-10-07;07-10-2026;06-10-2026;FAC-A-133605;Venta;LAGOPUELO S.A;1504078;15,00;32917,59;39830,28;ZHENG YAN;;10,00 %;062;Nahuel Martinez;;PL BABYSEC ULTRASOFT XG X8/15;2194,51;3462;;3;Autoservicio A;1806,18;HERNAN RIVERO;;$;2;SOFTYS ARGENTINA S.A;;;CON;;;;;;;PAÒAL;;;;;300;Bruno Centurion;AXUM;;;False;133605;0;1;;;;;;1;;2194,51
23174;Av. Pres. Hipolito Yrigoyen - (AUTOSERVICIOS) 21706;LONGCHAMPS;2026-10-07;07-10-2026;06-10-2026;FAC-A-133605;Venta;LAGOPUELO S.A;1504079;15,00;32917,59;39830,28;ZHENG YAN;;10,00 %;062;Nahuel Martinez;;PL BABYSEC ULTRASOFT XXG 8/15;2194,51;3462;;3;Autoservicio A;1806,18;HERNAN RIVERO;;$;2;SOFTYS ARGENTINA S.A;;;CON;;;;;;;PAÒAL;;;;;300;Bruno Centurion;AXUM;;;False;133605;0;1;;;;;;1;;2194,51
23174;Av. Pres. Hipolito Yrigoyen - (AUTOSERVICIOS) 21706;LONGCHAMPS;2026-10-07;07-10-2026;06-10-2026;FAC-A-133605;Venta;LAGOPUELO S.A;1509763;16,00;36240,80;43851,37;ZHENG YAN;;0,00 %;062;Nahuel Martinez;;TF Nocturna EXT ALGODON 16X16;2265,05;3462;;3;Autoservicio A;1562,11;HERNAN RIVERO;;$;2;SOFTYS ARGENTINA S.A;;;CON;;;;;;;TOALLA FEMENINA;;;;;300;Bruno Centurion;AXUM;;;False;133605;0;1;;;;;;1;;2265,05
23174;Av. Pres. Hipolito Yrigoyen - (AUTOSERVICIOS) 21706;LONGCHAMPS;2026-10-07;07-10-2026;06-10-2026;FAC-A-133605;Venta;LAGOPUELO S.A;1509761;54,00;42941,88;51959,67;ZHENG YAN;;0,00 %;062;Nahuel Martinez;;TF LADYSOFT COMFORT EXT ALGODON 8x54;795,22;3462;;3;Autoservicio A;548,43;HERNAN RIVERO;;$;2;SOFTYS ARGENTINA S.A;;;CON;;;;;;;TOALLA FEMENINA;;;;;300;Bruno Centurion;AXUM;;;False;133605;0;1;;;;;;1;;795,22
105516;Patricios 651 0;BERNAL;2026-10-07;07-10-2026;06-10-2026;FAC-A-133616;Venta;LAGOPUELO S.A;1509766;25,00;22895,00;27702,95;Ding Ximei;;0,00 %;053;Verona Abati;;TF T/SECA NORMAL MAS PROTECC 8x54;915,80;3459;;3;AUTOSERVICIO;631,59;LEONARDO SANTA CRUZ;;$;2;SOFTYS ARGENTINA S.A;;;EFV;;;;;;;TOALLA FEMENINA;;;;;300;Bruno Centurion;AXUM;;;False;133616;0;1;;;;;;1;;915,80
105516;Patricios 651 0;BERNAL;2026-10-07;07-10-2026;06-10-2026;FAC-A-133616;Venta;LAGOPUELO S.A;1509762;12,00;14066,28;17020,20;Ding Ximei;;0,00 %;053;Verona Abati;;TF NOCTUR EXT A 8x32;1172,19;3459;;3;AUTOSERVICIO;808,41;LEONARDO SANTA CRUZ;;$;2;SOFTYS ARGENTINA S.A;;;EFV;;;;;;;TOALLA FEMENINA;;;;;300;Bruno Centurion;AXUM;;;False;133616;0;1;;;;;;1;;1172,19
105516;Patricios 651 0;BERNAL;2026-10-07;07-10-2026;06-10-2026;FAC-A-133616;Venta;LAGOPUELO S.A;1509755;25,00;29991,75;36290,02;Ding Ximei;;0,00 %;053;Verona Abati;;TF UD T/SECA LADYSOFT ULTRA PROTECT 8;1199,67;3459;;3;AUTOSERVICIO;827,36;LEONARDO SANTA CRUZ;;$;2;SOFTYS ARGENTINA S.A;;;EFV;;;;;;;TOALLA FEMENINA;;;;;300;Bruno Centurion;AXUM;;;False;133616;0;1;;;;;;1;;1199,67
761;PTE ARTURO ILLIA - 1038;FLORENCIO VARELA;2026-10-07;07-10-2026;06-10-2026;FAC-B-133619;Venta;LAGOPUELO S.A;1501618;1,00;19032,09;23028,83;CLAUDIA CINALLI;;0,00 %;7;Myrian Lertora;;PH HIG  FRESH ALOE 30M X4/12;19032,09;3455;;2;ALMACEN;13125,58;IVAN MONTOYA;;$;2;SOFTYS ARGENTINA S.A;;;CON;;;;;;;PAPEL HIG;;;;;25;JOHANA VIGIL;AXUM;;;False;133619;0;1;;;;;;1;;19032,09
1351;AV.†55 Y 148 0;Berazategui;2026-10-07;07-10-2026;06-10-2026;FAC-A-133630;Venta;LAGOPUELO S.A;1505688;30,00;441482,40;534193,70;DI LUCA ARMANDO HUGO Y MARI;;10,00 %;052;Nicole Sosa;;RC Sussex clasico mas blanco 50px3/10;14716,08;3457;;3;AUTOSERVICIO;12112,00;JUAN ESCOTO;;$;2;SOFTYS ARGENTINA S.A;;;CON;;;;;;;ROLLO DE COCINA;;;;;300;Bruno Centurion;AXUM;;;False;133630;0;1;;;;;;1;;14716,08
1351;AV.†55 Y 148 0;Berazategui;2026-10-07;07-10-2026;06-10-2026;FAC-A-133630;Venta;LAGOPUELO S.A;1509755;6,00;7198,02;8709,60;DI LUCA ARMANDO HUGO Y MARI;;0,00 %;052;Nicole Sosa;;TF UD T/SECA LADYSOFT ULTRA PROTECT 8;1199,67;3457;;3;AUTOSERVICIO;827,36;JUAN ESCOTO;;$;2;SOFTYS ARGENTINA S.A;;;CON;;;;;;;TOALLA FEMENINA;;;;;300;Bruno Centurion;AXUM;;;False;133630;0;1;;;;;;1;;1199,67
23785;CABILDO - (TRADICIONAL) 513;ESTEBAN ECHEVERR√¬çA;2026-10-07;07-10-2026;06-10-2026;FAC-A-133635;Venta;LAGOPUELO S.A;1505688;1,00;15533,64;18795,70;MONTIEL ELPIDIO ANTOLIN;;5,00 %;064;Karina Fernandez;;RC Sussex clasico mas blanco 50px3/10;15533,64;3458;;2;ALMACEN;12112,00;WALTER JANIUK;;$;2;SOFTYS ARGENTINA S.A;;;CON;;;;;;;ROLLO DE COCINA;;;;;300;Bruno Centurion;AXUM;;;False;133635;0;1;;;;;;1;;15533,64
103790;Estanislao Zeballos 1097 0;BERNAL;2026-10-07;07-10-2026;06-10-2026;FAC-B-133642;Venta;LAGOPUELO S.A;1509764;12,00;10183,68;12322,25;Romero Veronica;;0,00 %;054;Leonel Caruso;;TF NORMAL T/SUAVE EXT ALGODON 8x54;848,64;3459;;georgalos-7;Almacen;585,27;LEONARDO SANTA CRUZ;;$;2;SOFTYS ARGENTINA S.A;;;EFV;;;;;;;TOALLA FEMENINA;;;;;300;Bruno Centurion;AXUM;;;False;133642;0;1;;;;;;1;;848,64
103790;Estanislao Zeballos 1097 0;BERNAL;2026-10-07;07-10-2026;06-10-2026;FAC-B-133642;Venta;LAGOPUELO S.A;1509764;1,00;0,00;0,00;Romero Veronica;;100,00 %;054;Leonel Caruso;;TF NORMAL T/SUAVE EXT ALGODON 8x54;0,00;3459;;georgalos-7;Almacen;585,27;LEONARDO SANTA CRUZ;;$;2;SOFTYS ARGENTINA S.A;;;EFV;;;;;;;TOALLA FEMENINA;;;;;300;Bruno Centurion;AXUM;;;False;133642;0;1;;;;;;1;;0,00
23193;Eva Duarte de Peron 1130;GUERNICA;2026-10-07;07-10-2026;06-10-2026;FAC-A-133646;Venta;LAGOPUELO S.A;1501553;1,00;22551,25;27287,01;BARRETO MARIA CELESTE;;15,00 %;061;Nailah Guzman;;PH HIGIENOL DH PLUS FUSI”N 30M x4/10;22551,25;3462;;3;Autoservicio B;17199,92;HERNAN RIVERO;;$;2;SOFTYS ARGENTINA S.A;;;CON;;;;;;;PAPEL HIG;;;;;300;Bruno Centurion;AXUM;;;False;133646;0;1;;;;;;1;;22551,25
23193;Eva Duarte de Peron 1130;GUERNICA;2026-10-07;07-10-2026;06-10-2026;FAC-A-133646;Venta;LAGOPUELO S.A;1501618;1,00;19032,09;23028,83;BARRETO MARIA CELESTE;;0,00 %;061;Nailah Guzman;;PH HIG  FRESH ALOE 30M X4/12;19032,09;3462;;3;Autoservicio B;13125,58;HERNAN RIVERO;;$;2;SOFTYS ARGENTINA S.A;;;CON;;;;;;;PAPEL HIG;;;;;300;Bruno Centurion;AXUM;;;False;133646;0;1;;;;;;1;;19032,09
23193;Eva Duarte de Peron 1130;GUERNICA;2026-10-07;07-10-2026;06-10-2026;FAC-A-133646;Venta;LAGOPUELO S.A;1507915;1,00;35672,58;43163,82;BARRETO MARIA CELESTE;;0,00 %;061;Nailah Guzman;;PH HIGIENOL DH YAPA 50X x4;35672,58;3462;;3;Autoservicio B;24601,78;HERNAN RIVERO;;$;2;SOFTYS ARGENTINA S.A;;;CON;;;;;;;PAPEL HIG;;;;;300;Bruno Centurion;AXUM;;;False;133646;0;1;;;;;;1;;35672,58
23193;Eva Duarte de Peron 1130;GUERNICA;2026-10-07;07-10-2026;06-10-2026;FAC-A-133646;Venta;LAGOPUELO S.A;1501590;2,00;42712,24;51681,81;BARRETO MARIA CELESTE;;0,00 %;061;Nailah Guzman;;PH HIGIENOL HS  MAX 80X6;21356,12;3462;;3;Autoservicio B;14728,36;HERNAN RIVERO;;$;2;SOFTYS ARGENTINA S.A;;;CON;;;;;;;PAPEL HIG;;;;;300;Bruno Centurion;AXUM;;;False;133646;0;1;;;;;;1;;21356,12
23193;Eva Duarte de Peron 1130;GUERNICA;2026-10-07;07-10-2026;06-10-2026;FAC-A-133646;Venta;LAGOPUELO S.A;1501854;1,00;17507,23;21183,75;BARRETO MARIA CELESTE;;0,00 %;061;Nailah Guzman;;PH Higienol Texturado 30m x4/12;17507,23;3462;;3;Autoservicio B;12073,95;HERNAN RIVERO;;$;2;SOFTYS ARGENTINA S.A;;;CON;;;;;;;PAPEL HIG;;;;;300;Bruno Centurion;AXUM;;;False;133646;0;1;;;;;;1;;17507,23
23193;Eva Duarte de Peron 1130;GUERNICA;2026-10-07;07-10-2026;06-10-2026;FAC-A-133646;Venta;LAGOPUELO S.A;1502607;2,00;55717,18;67417,79;BARRETO MARIA CELESTE;;0,00 %;061;Nailah Guzman;;PH ELITE ULTRA DH SOFT T C/ALG 30Mx4;27858,59;3462;;3;Autoservicio B;18637,00;HERNAN RIVERO;;$;2;SOFTYS ARGENTINA S.A;;;CON;;;;;;;PAPEL HIG;;;;;300;Bruno Centurion;AXUM;;;False;133646;0;1;;;;;;1;;27858,59
23193;Eva Duarte de Peron 1130;GUERNICA;2026-10-07;07-10-2026;06-10-2026;FAC-A-133646;Venta;LAGOPUELO S.A;1505698;1,00;15545,68;18810,27;BARRETO MARIA CELESTE;;0,00 %;061;Nailah Guzman;;RC SUSSEX PREMIUM MAXI 100P;15545,68;3462;;3;Autoservicio B;11515,32;HERNAN RIVERO;;$;2;SOFTYS ARGENTINA S.A;;;CON;;;;;;;ROLLO DE COCINA;;;;;300;Bruno Centurion;AXUM;;;False;133646;0;1;;;;;;1;;15545,68
23193;Eva Duarte de Peron 1130;GUERNICA;2026-10-07;07-10-2026;06-10-2026;FAC-A-133646;Venta;LAGOPUELO S.A;1505689;1,00;20542,19;24856,05;BARRETO MARIA CELESTE;;0,00 %;061;Nailah Guzman;;RC SUSSEX ULTRA 60P x 3/10;20542,19;3462;;3;Autoservicio B;15216,44;HERNAN RIVERO;;$;2;SOFTYS ARGENTINA S.A;;;CON;;;;;;;ROLLO DE COCINA;;;;;300;Bruno Centurion;AXUM;;;False;133646;0;1;;;;;;1;;20542,19
29131;CLARK - (AUTOSERVICIOS) 548;GLEW;2026-10-07;07-10-2026;06-10-2026;FAC-A-133660;Venta;LAGOPUELO S.A;1501627;1,00;12040,70;14569,25;LIANG TIAN;;10,00 %;062;Nahuel Martinez;;PH Higienol HS Balanced 20mx4/12;12040,70;3462;;3;Autoservicio B;9488,34;HERNAN RIVERO;;$;2;SOFTYS ARGENTINA S.A;;;CON;;;;;;;PAPEL HIG;;;;;300;Bruno Centurion;AXUM;;;False;133660;0;1;;;;;;1;;12040,70
29131;CLARK - (AUTOSERVICIOS) 548;GLEW;2026-10-07;07-10-2026;06-10-2026;FAC-A-133660;Venta;LAGOPUELO S.A;1509766;24,00;21979,20;26594,83;LIANG TIAN;;0,00 %;062;Nahuel Martinez;;TF T/SECA NORMAL MAS PROTECC 8x54;915,80;3462;;3;Autoservicio B;631,59;HERNAN RIVERO;;$;2;SOFTYS ARGENTINA S.A;;;CON;;;;;;;TOALLA FEMENINA;;;;;300;Bruno Centurion;AXUM;;;False;133660;0;1;;;;;;1;;915,80
3081;AVDA HIPOLITO YRIGOYEN 5270;Quilmes;2026-10-05;05-10-2026;06-10-2026;NCR-A-133663;DevoluciÛn por Rechazo;LAGOPUELO S.A;1503131;-6,00;-14852,76;-17971,84;LIN HUI ZHEN;NO QUIERE EL CLIENTE;0,00 %;053;Verona Abati;;TH BABYSEC PREMIUM X45/10;2475,46;3430;;3;AUTOSERVICIO;1707,21;LEONARDO SANTA CRUZ;;$;2;SOFTYS ARGENTINA S.A;;;CON;;;;;;;TOALLA HUMEDA;;;;;300;Bruno Centurion;gcw;132583;;True;133663;0;1;;;;;;1;;2475,46
3081;AVDA HIPOLITO YRIGOYEN 5270;Quilmes;2026-10-05;05-10-2026;06-10-2026;NCR-A-133663;DevoluciÛn por Rechazo;LAGOPUELO S.A;1509762;-10,00;-11721,90;-14183,50;LIN HUI ZHEN;NO QUIERE EL CLIENTE;0,00 %;053;Verona Abati;;TF NOCTUR EXT A 8x32;1172,19;3430;;3;AUTOSERVICIO;808,41;LEONARDO SANTA CRUZ;;$;2;SOFTYS ARGENTINA S.A;;;CON;;;;;;;TOALLA FEMENINA;;;;;300;Bruno Centurion;gcw;132583;;True;133663;0;1;;;;;;1;;1172,19
3081;AVDA HIPOLITO YRIGOYEN 5270;Quilmes;2026-10-05;05-10-2026;06-10-2026;NCR-A-133663;DevoluciÛn por Rechazo;LAGOPUELO S.A;1509766;-10,00;-9158,00;-11081,18;LIN HUI ZHEN;NO QUIERE EL CLIENTE;0,00 %;053;Verona Abati;;TF T/SECA NORMAL MAS PROTECC 8x54;915,80;3430;;3;AUTOSERVICIO;631,59;LEONARDO SANTA CRUZ;;$;2;SOFTYS ARGENTINA S.A;;;CON;;;;;;;TOALLA FEMENINA;;;;;300;Bruno Centurion;gcw;132583;;True;133663;0;1;;;;;;1;;915,80
927;AV TOMAS FLORES 1345;BERNAL OESTE;2026-10-06;06-10-2026;06-10-2026;FAC-B-133664;Venta;Empresa LAGOPUELO;1506298;2,00;79716,00;96456,36;MERCADO LIBRE;;0,00 %;16;VENDEDOR DEPOSITO;;Toalla Elite Non Touch DH 200mts X2;39858,00;3480;;6;MAYORISTA;30660,00;PEDIDOS INTERNOS;;$;2;SOFTYS ARGENTINA S.A;;;CON;;;;;;;INDUSTRIAL;;;;;;;gcw;;;False;133664;0;1;;;;;;1;;39858,00
6541;ANTARTIDA ARGENTINA 1538;FLORENCIO VARELA;2026-10-08;08-10-2026;06-10-2026;FAC-A-133681;Venta;LAGOPUELO S.A;1509762;12,00;14066,28;17020,20;UNIGUDS;;0,00 %;051;Ezequiel Valente;;TF NOCTUR EXT A 8x32;1172,19;3474;;3;AUTOSERVICIO;808,41;JUAN ESCOTO;;$;2;SOFTYS ARGENTINA S.A;;;9;;;;;;;TOALLA FEMENINA;;;;;300;Bruno Centurion;AXUM;;;False;133681;0;1;;;;;;1;;1172,19
6541;ANTARTIDA ARGENTINA 1538;FLORENCIO VARELA;2026-10-08;08-10-2026;06-10-2026;FAC-A-133681;Venta;LAGOPUELO S.A;1509759;6,00;12784,26;15468,95;UNIGUDS;;0,00 %;051;Ezequiel Valente;;TF UD T/SUAVE EXT ALG 16x20;2130,71;3474;;3;AUTOSERVICIO;1469,45;JUAN ESCOTO;;$;2;SOFTYS ARGENTINA S.A;;;9;;;;;;;TOALLA FEMENINA;;;;;300;Bruno Centurion;AXUM;;;False;133681;0;1;;;;;;1;;2130,71
6541;ANTARTIDA ARGENTINA 1538;FLORENCIO VARELA;2026-10-08;08-10-2026;06-10-2026;FAC-A-133681;Venta;LAGOPUELO S.A;1509765;6,00;9973,08;12067,43;UNIGUDS;;0,00 %;051;Ezequiel Valente;;TF NORMALT/SUAVE EXT ALG 16x27;1662,18;3474;;3;AUTOSERVICIO;1146,33;JUAN ESCOTO;;$;2;SOFTYS ARGENTINA S.A;;;9;;;;;;;TOALLA FEMENINA;;;;;300;Bruno Centurion;AXUM;;;False;133681;0;1;;;;;;1;;1662,18
6541;ANTARTIDA ARGENTINA 1538;FLORENCIO VARELA;2026-10-08;08-10-2026;06-10-2026;FAC-A-133681;Venta;LAGOPUELO S.A;1503126;6,00;17487,90;21160,36;UNIGUDS;;0,00 %;051;Ezequiel Valente;;TH Babysec Multiuso x 120 un;2914,65;3474;;3;AUTOSERVICIO;2159,00;JUAN ESCOTO;;$;2;SOFTYS ARGENTINA S.A;;;9;;;;;;;SOFTYS;;;;;300;Bruno Centurion;AXUM;;;False;133681;0;1;;;;;;1;;2914,65
6541;ANTARTIDA ARGENTINA 1538;FLORENCIO VARELA;2026-10-08;08-10-2026;06-10-2026;FAC-A-133681;Venta;LAGOPUELO S.A;1501627;1,00;12040,70;14569,25;UNIGUDS;;10,00 %;051;Ezequiel Valente;;PH Higienol HS Balanced 20mx4/12;12040,70;3474;;3;AUTOSERVICIO;9488,34;JUAN ESCOTO;;$;2;SOFTYS ARGENTINA S.A;;;9;;;;;;;PAPEL HIG;;;;;300;Bruno Centurion;AXUM;;;False;133681;0;1;;;;;;1;;12040,70
2292;AV. BEMBERG 5072;Berazategui;2026-10-07;07-10-2026;06-10-2026;FAC-A-133682;Venta;LAGOPUELO S.A;1509764;24,00;20367,36;24644,51;BEMBERG SRL;;0,00 %;052;Nicole Sosa;;TF NORMAL T/SUAVE EXT ALGODON 8x54;848,64;3457;;3;AUTOSERVICIO;585,27;JUAN ESCOTO;;$;2;SOFTYS ARGENTINA S.A;;;CON;;;;;;;TOALLA FEMENINA;;;;;300;Bruno Centurion;AXUM;;;False;133682;0;1;;;;;;1;;848,64
2292;AV. BEMBERG 5072;Berazategui;2026-10-07;07-10-2026;06-10-2026;FAC-A-133682;Venta;LAGOPUELO S.A;1509765;24,00;39892,32;48269,71;BEMBERG SRL;;0,00 %;052;Nicole Sosa;;TF NORMALT/SUAVE EXT ALG 16x27;1662,18;3457;;3;AUTOSERVICIO;1146,33;JUAN ESCOTO;;$;2;SOFTYS ARGENTINA S.A;;;CON;;;;;;;TOALLA FEMENINA;;;;;300;Bruno Centurion;AXUM;;;False;133682;0;1;;;;;;1;;1662,18
2292;AV. BEMBERG 5072;Berazategui;2026-10-07;07-10-2026;06-10-2026;FAC-A-133682;Venta;LAGOPUELO S.A;1509756;12,00;28004,52;33885,47;BEMBERG SRL;;0,00 %;052;Nicole Sosa;;TF UD T/SECA LADYSOFT UL PRT 16u;2333,71;3457;;3;AUTOSERVICIO;1609,46;JUAN ESCOTO;;$;2;SOFTYS ARGENTINA S.A;;;CON;;;;;;;TOALLA FEMENINA;;;;;300;Bruno Centurion;AXUM;;;False;133682;0;1;;;;;;1;;2333,71
2292;AV. BEMBERG 5072;Berazategui;2026-10-07;07-10-2026;06-10-2026;FAC-A-133682;Venta;LAGOPUELO S.A;1509768;24,00;23407,44;28323,00;BEMBERG SRL;;0,00 %;052;Nicole Sosa;;TF NORMAL T/SUAVE PIEL SENSIBLE 8x54;975,31;3457;;3;AUTOSERVICIO;672,63;JUAN ESCOTO;;$;2;SOFTYS ARGENTINA S.A;;;CON;;;;;;;TOALLA FEMENINA;;;;;300;Bruno Centurion;AXUM;;;False;133682;0;1;;;;;;1;;975,31
2292;AV. BEMBERG 5072;Berazategui;2026-10-07;07-10-2026;06-10-2026;FAC-A-133682;Venta;LAGOPUELO S.A;1509759;12,00;25568,52;30937,91;BEMBERG SRL;;0,00 %;052;Nicole Sosa;;TF UD T/SUAVE EXT ALG 16x20;2130,71;3457;;3;AUTOSERVICIO;1469,45;JUAN ESCOTO;;$;2;SOFTYS ARGENTINA S.A;;;CON;;;;;;;TOALLA FEMENINA;;;;;300;Bruno Centurion;AXUM;;;False;133682;0;1;;;;;;1;;2130,71
2292;AV. BEMBERG 5072;Berazategui;2026-10-07;07-10-2026;06-10-2026;FAC-A-133682;Venta;LAGOPUELO S.A;1509764;2,00;0,00;0,00;BEMBERG SRL;;100,00 %;052;Nicole Sosa;;TF NORMAL T/SUAVE EXT ALGODON 8x54;0,00;3457;;3;AUTOSERVICIO;585,27;JUAN ESCOTO;;$;2;SOFTYS ARGENTINA S.A;;;CON;;;;;;;TOALLA FEMENINA;;;;;300;Bruno Centurion;AXUM;;;False;133682;0;1;;;;;;1;;0,00
107796;Mendoza 3259 0;LANUS;2026-10-07;07-10-2026;06-10-2026;FAC-A-133686;Venta;LAGOPUELO S.A;1501553;3,00;67653,74;81861,03;Feng Teng;;15,00 %;28;Nadia Diaz;;PH HIGIENOL DH PLUS FUSI”N 30M x4/10;22551,25;3454;;3;AUTOSERVICIO;17199,92;SIMON OLIVERA;;$;2;SOFTYS ARGENTINA S.A;;;EFV;;;;;;;PAPEL HIG;;;;;25;JOHANA VIGIL;AXUM;;;False;133686;0;1;;;;;;1;;22551,25
4814;BROWN 334;QUILMES;2026-10-07;07-10-2026;06-10-2026;FAC-A-133693;Venta;LAGOPUELO S.A;1501585;1,00;36501,38;44166,67;MARTRES GISELA NIEVES;;0,00 %;2;Fernanda Cejas;;PH HIGIENOL HS MAX ALOE PANAL 80M X4;36501,38;3459;;3;AUTOSERVICIO;24669,76;LEONARDO SANTA CRUZ;;$;2;SOFTYS ARGENTINA S.A;;;CON;;;;;;;PAPEL HIG;;;;;25;JOHANA VIGIL;AXUM;;;False;133693;0;1;;;;;;1;;36501,38
4814;BROWN 334;QUILMES;2026-10-07;07-10-2026;06-10-2026;FAC-A-133693;Venta;LAGOPUELO S.A;1501584;1,00;46504,33;56270,24;MARTRES GISELA NIEVES;;0,00 %;2;Fernanda Cejas;;PH HIGIENOL HS MAX ALOE PANAL 100M 4x/10;46504,33;3459;;3;AUTOSERVICIO;32071,95;LEONARDO SANTA CRUZ;;$;2;SOFTYS ARGENTINA S.A;;;CON;;;;;;;PAPEL HIG;;;;;25;JOHANA VIGIL;AXUM;;;False;133693;0;1;;;;;;1;;46504,33
4814;BROWN 334;QUILMES;2026-10-07;07-10-2026;06-10-2026;FAC-A-133693;Venta;LAGOPUELO S.A;1501553;1,00;22551,25;27287,01;MARTRES GISELA NIEVES;;15,00 %;2;Fernanda Cejas;;PH HIGIENOL DH PLUS FUSI”N 30M x4/10;22551,25;3459;;3;AUTOSERVICIO;17199,92;LEONARDO SANTA CRUZ;;$;2;SOFTYS ARGENTINA S.A;;;CON;;;;;;;PAPEL HIG;;;;;25;JOHANA VIGIL;AXUM;;;False;133693;0;1;;;;;;1;;22551,25
4814;BROWN 334;QUILMES;2026-10-07;07-10-2026;06-10-2026;FAC-A-133693;Venta;LAGOPUELO S.A;1505688;2,00;31067,28;37591,41;MARTRES GISELA NIEVES;;5,00 %;2;Fernanda Cejas;;RC Sussex clasico mas blanco 50px3/10;15533,64;3459;;3;AUTOSERVICIO;12112,00;LEONARDO SANTA CRUZ;;$;2;SOFTYS ARGENTINA S.A;;;CON;;;;;;;ROLLO DE COCINA;;;;;25;JOHANA VIGIL;AXUM;;;False;133693;0;1;;;;;;1;;15533,64
4814;BROWN 334;QUILMES;2026-10-07;07-10-2026;06-10-2026;FAC-A-133693;Venta;LAGOPUELO S.A;1505708;1,00;22612,61;27361,26;MARTRES GISELA NIEVES;;0,00 %;2;Fernanda Cejas;;RC SUSEEX CLS MEGARROLO ALTO 200X1;22612,61;3459;;3;AUTOSERVICIO;16750,08;LEONARDO SANTA CRUZ;;$;2;SOFTYS ARGENTINA S.A;;;CON;;;;;;;ROLLO DE COCINA;;;;;25;JOHANA VIGIL;AXUM;;;False;133693;0;1;;;;;;1;;22612,61
4814;BROWN 334;QUILMES;2026-10-07;07-10-2026;06-10-2026;FAC-A-133693;Venta;LAGOPUELO S.A;1505776;10,00;13987,30;16924,63;MARTRES GISELA NIEVES;;0,00 %;2;Fernanda Cejas;;SE SUSSEX HS 30X30 BLANCA X80;1398,73;3459;;3;AUTOSERVICIO;1036,10;LEONARDO SANTA CRUZ;;$;2;SOFTYS ARGENTINA S.A;;;CON;;;;;;;SERVILLETA;;;;;25;JOHANA VIGIL;AXUM;;;False;133693;0;1;;;;;;1;;1398,73
4814;BROWN 334;QUILMES;2026-10-07;07-10-2026;06-10-2026;FAC-A-133693;Venta;LAGOPUELO S.A;1509761;12,00;9542,64;11546,59;MARTRES GISELA NIEVES;;0,00 %;2;Fernanda Cejas;;TF LADYSOFT COMFORT EXT ALGODON 8x54;795,22;3459;;3;AUTOSERVICIO;548,43;LEONARDO SANTA CRUZ;;$;2;SOFTYS ARGENTINA S.A;;;CON;;;;;;;TOALLA FEMENINA;;;;;25;JOHANA VIGIL;AXUM;;;False;133693;0;1;;;;;;1;;795,22
4814;BROWN 334;QUILMES;2026-10-07;07-10-2026;06-10-2026;FAC-A-133693;Venta;LAGOPUELO S.A;1509762;12,00;14066,28;17020,20;MARTRES GISELA NIEVES;;0,00 %;2;Fernanda Cejas;;TF NOCTUR EXT A 8x32;1172,19;3459;;3;AUTOSERVICIO;808,41;LEONARDO SANTA CRUZ;;$;2;SOFTYS ARGENTINA S.A;;;CON;;;;;;;TOALLA FEMENINA;;;;;25;JOHANA VIGIL;AXUM;;;False;133693;0;1;;;;;;1;;1172,19
4814;BROWN 334;QUILMES;2026-10-07;07-10-2026;06-10-2026;FAC-A-133693;Venta;LAGOPUELO S.A;1509749;12,00;15605,04;18882,10;MARTRES GISELA NIEVES;;0,00 %;2;Fernanda Cejas;;PD ladysoft clasicos 20x30;1300,42;3459;;3;AUTOSERVICIO;896,84;LEONARDO SANTA CRUZ;;$;2;SOFTYS ARGENTINA S.A;;;CON;;;;;;;PROTECTOR DIARIO;;;;;25;JOHANA VIGIL;AXUM;;;False;133693;0;1;;;;;;1;;1300,42
102108;Viamonte 731 0;LANUS;2026-10-07;07-10-2026;06-10-2026;FAC-A-133723;Venta;LAGOPUELO S.A;1509755;10,00;11996,70;14516,01;Sol Radiante S.R.L;;0,00 %;29;Camila Navarrete;;TF UD T/SECA LADYSOFT ULTRA PROTECT 8;1199,67;3454;;3;AUTOSERVICIO;827,36;SIMON OLIVERA;;$;2;SOFTYS ARGENTINA S.A;;;EFV;;;;;;;TOALLA FEMENINA;;;;;25;JOHANA VIGIL;AXUM;;;False;133723;0;1;;;;;;1;;1199,67
5644;CALLE 106 E/125 Y 127 - (TRADITIONAL TRADE) 1859;GUERNICA;2026-10-07;07-10-2026;06-10-2026;FAC-B-133726;Venta;ELEBES;1503118;10,00;16353,60;19787,86;REINA CARABAJAL;;0,00 %;061;Nailah Guzman;;TH BABYSEC ULTRA 50/24;1635,36;3462;;OTR;Articulo de limpieza;1127,83;HERNAN RIVERO;;$;2;SOFTYS ARGENTINA S.A;;;CON;;;;;;;;;;;;300;Bruno Centurion;AXUM;;;False;133726;0;1;;;;;;1;;1635,36
23774;LA CALANDRIA - (KIOSCOS/MAXI) 50;ESTEBAN ECHEVERR√¬çA;2026-10-07;07-10-2026;06-10-2026;FAC-B-133732;Venta;LAGOPUELO S.A;1504079;4,00;8778,02;10621,41;BENITEZ TERESA;;10,00 %;064;Karina Fernandez;;PL BABYSEC ULTRASOFT XXG 8/15;2194,51;3458;;2;ALMACEN;1806,18;WALTER JANIUK;;$;2;SOFTYS ARGENTINA S.A;;;CON;;;;;;;PAÒAL;;;;;300;Bruno Centurion;AXUM;;;False;133732;0;1;;;;;;1;;2194,51
23774;LA CALANDRIA - (KIOSCOS/MAXI) 50;ESTEBAN ECHEVERR√¬çA;2026-10-07;07-10-2026;06-10-2026;FAC-B-133732;Venta;LAGOPUELO S.A;1503118;4,00;6541,44;7915,14;BENITEZ TERESA;;0,00 %;064;Karina Fernandez;;TH BABYSEC ULTRA 50/24;1635,36;3458;;2;ALMACEN;1127,83;WALTER JANIUK;;$;2;SOFTYS ARGENTINA S.A;;;CON;;;;;;;;;;;;300;Bruno Centurion;AXUM;;;False;133732;0;1;;;;;;1;;1635,36
23534;RIO NEGRO 849;Almirante Brown;2026-10-08;08-10-2026;06-10-2026;FAC-A-133743;Venta;LAGOPUELO S.A;1509768;10,00;9753,10;11801,25;HUANG XIALONG;;0,00 %;063;Daniel Martin;;TF NORMAL T/SUAVE PIEL SENSIBLE 8x54;975,31;3479;;3;Autoservicio A;672,63;MARIANO SOSA;;$;2;SOFTYS ARGENTINA S.A;;;CON;;;;;;;TOALLA FEMENINA;;;;;300;Bruno Centurion;AXUM;;;False;133743;0;1;;;;;;1;;975,31
23534;RIO NEGRO 849;Almirante Brown;2026-10-08;08-10-2026;06-10-2026;FAC-A-133743;Venta;LAGOPUELO S.A;1509756;10,00;23337,10;28237,89;HUANG XIALONG;;0,00 %;063;Daniel Martin;;TF UD T/SECA LADYSOFT UL PRT 16u;2333,71;3479;;3;Autoservicio A;1609,46;MARIANO SOSA;;$;2;SOFTYS ARGENTINA S.A;;;CON;;;;;;;TOALLA FEMENINA;;;;;300;Bruno Centurion;AXUM;;;False;133743;0;1;;;;;;1;;2333,71
23534;RIO NEGRO 849;Almirante Brown;2026-10-08;08-10-2026;06-10-2026;FAC-A-133743;Venta;LAGOPUELO S.A;1509764;10,00;8486,40;10268,54;HUANG XIALONG;;0,00 %;063;Daniel Martin;;TF NORMAL T/SUAVE EXT ALGODON 8x54;848,64;3479;;3;Autoservicio A;585,27;MARIANO SOSA;;$;2;SOFTYS ARGENTINA S.A;;;CON;;;;;;;TOALLA FEMENINA;;;;;300;Bruno Centurion;AXUM;;;False;133743;0;1;;;;;;1;;848,64
23534;RIO NEGRO 849;Almirante Brown;2026-10-08;08-10-2026;06-10-2026;FAC-A-133743;Venta;LAGOPUELO S.A;1509765;10,00;16621,80;20112,38;HUANG XIALONG;;0,00 %;063;Daniel Martin;;TF NORMALT/SUAVE EXT ALG 16x27;1662,18;3479;;3;Autoservicio A;1146,33;MARIANO SOSA;;$;2;SOFTYS ARGENTINA S.A;;;CON;;;;;;;TOALLA FEMENINA;;;;;300;Bruno Centurion;AXUM;;;False;133743;0;1;;;;;;1;;1662,18
23534;RIO NEGRO 849;Almirante Brown;2026-10-08;08-10-2026;06-10-2026;FAC-A-133743;Venta;LAGOPUELO S.A;1509763;10,00;22650,50;27407,11;HUANG XIALONG;;0,00 %;063;Daniel Martin;;TF Nocturna EXT ALGODON 16X16;2265,05;3479;;3;Autoservicio A;1562,11;MARIANO SOSA;;$;2;SOFTYS ARGENTINA S.A;;;CON;;;;;;;TOALLA FEMENINA;;;;;300;Bruno Centurion;AXUM;;;False;133743;0;1;;;;;;1;;2265,05
23534;RIO NEGRO 849;Almirante Brown;2026-10-08;08-10-2026;06-10-2026;FAC-A-133743;Venta;LAGOPUELO S.A;1509766;10,00;9158,00;11081,18;HUANG XIALONG;;0,00 %;063;Daniel Martin;;TF T/SECA NORMAL MAS PROTECC 8x54;915,80;3479;;3;Autoservicio A;631,59;MARIANO SOSA;;$;2;SOFTYS ARGENTINA S.A;;;CON;;;;;;;TOALLA FEMENINA;;;;;300;Bruno Centurion;AXUM;;;False;133743;0;1;;;;;;1;;915,80
23534;RIO NEGRO 849;Almirante Brown;2026-10-08;08-10-2026;06-10-2026;FAC-A-133743;Venta;LAGOPUELO S.A;1509764;1,00;0,00;0,00;HUANG XIALONG;;100,00 %;063;Daniel Martin;;TF NORMAL T/SUAVE EXT ALGODON 8x54;0,00;3479;;3;Autoservicio A;585,27;MARIANO SOSA;;$;2;SOFTYS ARGENTINA S.A;;;CON;;;;;;;TOALLA FEMENINA;;;;;300;Bruno Centurion;AXUM;;;False;133743;0;1;;;;;;1;;0,00
2380;Calle 155 N 837;Berazategui;2026-10-07;07-10-2026;06-10-2026;FAC-A-133745;Venta;LAGOPUELO S.A;1509755;8,00;9597,36;11612,81;Palermo Mauro;;0,00 %;5;Eliana Huber;;TF UD T/SECA LADYSOFT ULTRA PROTECT 8;1199,67;3457;;3;AUTOSERVICIO;827,36;JUAN ESCOTO;;$;2;SOFTYS ARGENTINA S.A;;;CON;;;;;;;TOALLA FEMENINA;;;;;25;JOHANA VIGIL;AXUM;;;False;133745;0;1;;;;;;1;;1199,67
2380;Calle 155 N 837;Berazategui;2026-10-07;07-10-2026;06-10-2026;FAC-A-133745;Venta;LAGOPUELO S.A;1509749;8,00;10403,36;12588,07;Palermo Mauro;;0,00 %;5;Eliana Huber;;PD ladysoft clasicos 20x30;1300,42;3457;;3;AUTOSERVICIO;896,84;JUAN ESCOTO;;$;2;SOFTYS ARGENTINA S.A;;;CON;;;;;;;PROTECTOR DIARIO;;;;;25;JOHANA VIGIL;AXUM;;;False;133745;0;1;;;;;;1;;1300,42
2380;Calle 155 N 837;Berazategui;2026-10-07;07-10-2026;06-10-2026;FAC-A-133745;Venta;LAGOPUELO S.A;1509768;8,00;7802,48;9441,00;Palermo Mauro;;0,00 %;5;Eliana Huber;;TF NORMAL T/SUAVE PIEL SENSIBLE 8x54;975,31;3457;;3;AUTOSERVICIO;672,63;JUAN ESCOTO;;$;2;SOFTYS ARGENTINA S.A;;;CON;;;;;;;TOALLA FEMENINA;;;;;25;JOHANA VIGIL;AXUM;;;False;133745;0;1;;;;;;1;;975,31
2380;Calle 155 N 837;Berazategui;2026-10-07;07-10-2026;06-10-2026;FAC-A-133745;Venta;LAGOPUELO S.A;1509761;8,00;6361,76;7697,73;Palermo Mauro;;0,00 %;5;Eliana Huber;;TF LADYSOFT COMFORT EXT ALGODON 8x54;795,22;3457;;3;AUTOSERVICIO;548,43;JUAN ESCOTO;;$;2;SOFTYS ARGENTINA S.A;;;CON;;;;;;;TOALLA FEMENINA;;;;;25;JOHANA VIGIL;AXUM;;;False;133745;0;1;;;;;;1;;795,22
2380;Calle 155 N 837;Berazategui;2026-10-07;07-10-2026;06-10-2026;FAC-A-133745;Venta;LAGOPUELO S.A;1501618;1,00;19032,09;23028,83;Palermo Mauro;;0,00 %;5;Eliana Huber;;PH HIG  FRESH ALOE 30M X4/12;19032,09;3457;;3;AUTOSERVICIO;13125,58;JUAN ESCOTO;;$;2;SOFTYS ARGENTINA S.A;;;CON;;;;;;;PAPEL HIG;;;;;25;JOHANA VIGIL;AXUM;;;False;133745;0;1;;;;;;1;;19032,09
2380;Calle 155 N 837;Berazategui;2026-10-07;07-10-2026;06-10-2026;FAC-A-133745;Venta;LAGOPUELO S.A;1501590;1,00;21356,12;25840,91;Palermo Mauro;;0,00 %;5;Eliana Huber;;PH HIGIENOL HS  MAX 80X6;21356,12;3457;;3;AUTOSERVICIO;14728,36;JUAN ESCOTO;;$;2;SOFTYS ARGENTINA S.A;;;CON;;;;;;;PAPEL HIG;;;;;25;JOHANA VIGIL;AXUM;;;False;133745;0;1;;;;;;1;;21356,12
2380;Calle 155 N 837;Berazategui;2026-10-07;07-10-2026;06-10-2026;FAC-A-133745;Venta;LAGOPUELO S.A;1505776;15,00;20980,95;25386,95;Palermo Mauro;;0,00 %;5;Eliana Huber;;SE SUSSEX HS 30X30 BLANCA X80;1398,73;3457;;3;AUTOSERVICIO;1036,10;JUAN ESCOTO;;$;2;SOFTYS ARGENTINA S.A;;;CON;;;;;;;SERVILLETA;;;;;25;JOHANA VIGIL;AXUM;;;False;133745;0;1;;;;;;1;;1398,73
2380;Calle 155 N 837;Berazategui;2026-10-07;07-10-2026;06-10-2026;FAC-A-133745;Venta;LAGOPUELO S.A;1505708;1,00;22612,61;27361,26;Palermo Mauro;;0,00 %;5;Eliana Huber;;RC SUSEEX CLS MEGARROLO ALTO 200X1;22612,61;3457;;3;AUTOSERVICIO;16750,08;JUAN ESCOTO;;$;2;SOFTYS ARGENTINA S.A;;;CON;;;;;;;ROLLO DE COCINA;;;;;25;JOHANA VIGIL;AXUM;;;False;133745;0;1;;;;;;1;;22612,61
2144;Calle 55 N 5402;Berazategui;2026-10-07;07-10-2026;06-10-2026;FAC-A-133750;Venta;LAGOPUELO S.A;1501553;1,00;22551,25;27287,01;LACAVA NANCY;;15,00 %;052;Nicole Sosa;;PH HIGIENOL DH PLUS FUSI”N 30M x4/10;22551,25;3457;;3;AUTOSERVICIO;17199,92;JUAN ESCOTO;;$;2;SOFTYS ARGENTINA S.A;;;CON;;;;;;;PAPEL HIG;;;;;300;Bruno Centurion;AXUM;;;False;133750;0;1;;;;;;1;;22551,25
2144;Calle 55 N 5402;Berazategui;2026-10-07;07-10-2026;06-10-2026;FAC-A-133750;Venta;LAGOPUELO S.A;1501622;1,00;23319,52;28216,62;LACAVA NANCY;;0,00 %;052;Nicole Sosa;;PH HIG FRESH ALOE30m x6/10;23319,52;3457;;3;AUTOSERVICIO;16082,43;JUAN ESCOTO;;$;2;SOFTYS ARGENTINA S.A;;;CON;;;;;;;PAPEL HIG;;;;;300;Bruno Centurion;AXUM;;;False;133750;0;1;;;;;;1;;23319,52
2144;Calle 55 N 5402;Berazategui;2026-10-07;07-10-2026;06-10-2026;FAC-A-133750;Venta;LAGOPUELO S.A;1509762;12,00;14066,28;17020,20;LACAVA NANCY;;0,00 %;052;Nicole Sosa;;TF NOCTUR EXT A 8x32;1172,19;3457;;3;AUTOSERVICIO;808,41;JUAN ESCOTO;;$;2;SOFTYS ARGENTINA S.A;;;CON;;;;;;;TOALLA FEMENINA;;;;;300;Bruno Centurion;AXUM;;;False;133750;0;1;;;;;;1;;1172,19
2144;Calle 55 N 5402;Berazategui;2026-10-07;07-10-2026;06-10-2026;FAC-A-133750;Venta;LAGOPUELO S.A;1509755;6,00;7198,02;8709,60;LACAVA NANCY;;0,00 %;052;Nicole Sosa;;TF UD T/SECA LADYSOFT ULTRA PROTECT 8;1199,67;3457;;3;AUTOSERVICIO;827,36;JUAN ESCOTO;;$;2;SOFTYS ARGENTINA S.A;;;CON;;;;;;;TOALLA FEMENINA;;;;;300;Bruno Centurion;AXUM;;;False;133750;0;1;;;;;;1;;1199,67
2144;Calle 55 N 5402;Berazategui;2026-10-07;07-10-2026;06-10-2026;FAC-A-133750;Venta;LAGOPUELO S.A;1509761;6,00;4771,32;5773,30;LACAVA NANCY;;0,00 %;052;Nicole Sosa;;TF LADYSOFT COMFORT EXT ALGODON 8x54;795,22;3457;;3;AUTOSERVICIO;548,43;JUAN ESCOTO;;$;2;SOFTYS ARGENTINA S.A;;;CON;;;;;;;TOALLA FEMENINA;;;;;300;Bruno Centurion;AXUM;;;False;133750;0;1;;;;;;1;;795,22
23946;JUSTICIA - (AUTOSERVICIOS) 2957;LONGCHAMPS;2026-10-07;07-10-2026;06-10-2026;FAC-A-133751;Venta;LAGOPUELO S.A;1509755;20,00;23993,40;29032,01;SHI QIN;;0,00 %;062;Nahuel Martinez;;TF UD T/SECA LADYSOFT ULTRA PROTECT 8;1199,67;3462;;3;Autoservicio A;827,36;HERNAN RIVERO;;$;2;SOFTYS ARGENTINA S.A;;;CON;;;;;;;TOALLA FEMENINA;;;;;300;Bruno Centurion;AXUM;;;False;133751;0;1;;;;;;1;;1199,67
27512;Corrientes - (AUTOSERVICIOS) 575;LOMAS DE ZAMORA;2026-10-07;07-10-2026;06-10-2026;FAC-A-133753;Venta;LAGOPUELO S.A;1503118;20,00;32707,20;39575,71;Li han;;0,00 %;074;Romina Baez;;TH BABYSEC ULTRA 50/24;1635,36;3456;;3;Autoservicio A;1127,83;NAHUEL MONTOYA;;$;2;SOFTYS ARGENTINA S.A;;;CON;;;;;;;;;;;;300;Bruno Centurion;AXUM;;;False;133753;0;1;;;;;;1;;1635,36
27512;Corrientes - (AUTOSERVICIOS) 575;LOMAS DE ZAMORA;2026-10-07;07-10-2026;06-10-2026;FAC-A-133753;Venta;LAGOPUELO S.A;1509749;12,00;15605,04;18882,10;Li han;;0,00 %;074;Romina Baez;;PD ladysoft clasicos 20x30;1300,42;3456;;3;Autoservicio A;896,84;NAHUEL MONTOYA;;$;2;SOFTYS ARGENTINA S.A;;;CON;;;;;;;PROTECTOR DIARIO;;;;;300;Bruno Centurion;AXUM;;;False;133753;0;1;;;;;;1;;1300,42
1034;CALLE 820 2494;SAN FRANCISCO SOLANO (QUILMES);2026-10-08;08-10-2026;06-10-2026;FAC-A-133758;Venta;LAGOPUELO S.A;1501627;2,00;24081,41;29138,50;CARMEN CECILIA CASTRO;;10,00 %;056;Ezequiel Ferreira;;PH Higienol HS Balanced 20mx4/12;12040,70;3478;;3;AUTOSERVICIO;9488,34;WALTER JANIUK;;$;2;SOFTYS ARGENTINA S.A;;;CON;;;;;;;PAPEL HIG;;;;;300;Bruno Centurion;AXUM;;;False;133758;0;1;;;;;;1;;12040,70
104258;25 De Mayo 1531 0;LANUS;2026-10-07;07-10-2026;06-10-2026;FAC-A-133762;Venta;LAGOPUELO S.A;1501627;10,00;113717,76;137598,49;Huang Liumin;;15,00 %;29;Camila Navarrete;;PH Higienol HS Balanced 20mx4/12;11371,78;3454;;3;AUTOSERVICIO;9488,34;SIMON OLIVERA;;$;2;SOFTYS ARGENTINA S.A;;;EFV;;;;;;;PAPEL HIG;;;;;25;JOHANA VIGIL;AXUM;;;False;133762;0;1;;;;;;1;;11371,78
23775;GUTIERREZ - (TRADICIONAL) 2736;ESTEBAN ECHEVERR√¬çA;2026-10-07;07-10-2026;06-10-2026;FAC-B-133764;Venta;LAGOPUELO S.A;1504079;4,00;8778,02;10621,41;LESCANO CARMEN;;10,00 %;064;Karina Fernandez;;PL BABYSEC ULTRASOFT XXG 8/15;2194,51;3458;;2;ALMACEN;1806,18;WALTER JANIUK;;$;2;SOFTYS ARGENTINA S.A;;;CON;;;;;;;PAÒAL;;;;;300;Bruno Centurion;AXUM;;;False;133764;0;1;;;;;;1;;2194,51
3608;MORENO 313;Quilmes;2026-10-07;07-10-2026;06-10-2026;FAC-A-133772;Venta;LAGOPUELO S.A;1509762;12,00;14066,28;17020,20;WANG JINGEIANG;;0,00 %;2;Fernanda Cejas;;TF NOCTUR EXT A 8x32;1172,19;3459;;3;AUTOSERVICIO;808,41;LEONARDO SANTA CRUZ;;$;2;SOFTYS ARGENTINA S.A;;;CON;;;;;;;TOALLA FEMENINA;;;;;25;JOHANA VIGIL;AXUM;;;False;133772;0;1;;;;;;1;;1172,19
1338;AV. MITRE 668;Berazategui;2026-10-07;07-10-2026;06-10-2026;FAC-A-133776;Venta;LAGOPUELO S.A;1501627;1,00;12040,70;14569,25;Valencia Celina Ester;;10,00 %;5;Eliana Huber;;PH Higienol HS Balanced 20mx4/12;12040,70;3457;;3;AUTOSERVICIO;9488,34;JUAN ESCOTO;;$;2;SOFTYS ARGENTINA S.A;;;CON;;;;;;;PAPEL HIG;;;;;25;JOHANA VIGIL;AXUM;;;False;133776;0;1;;;;;;1;;12040,70
1338;AV. MITRE 668;Berazategui;2026-10-07;07-10-2026;06-10-2026;FAC-A-133776;Venta;LAGOPUELO S.A;1509768;12,00;11703,72;14161,50;Valencia Celina Ester;;0,00 %;5;Eliana Huber;;TF NORMAL T/SUAVE PIEL SENSIBLE 8x54;975,31;3457;;3;AUTOSERVICIO;672,63;JUAN ESCOTO;;$;2;SOFTYS ARGENTINA S.A;;;CON;;;;;;;TOALLA FEMENINA;;;;;25;JOHANA VIGIL;AXUM;;;False;133776;0;1;;;;;;1;;975,31
1338;AV. MITRE 668;Berazategui;2026-10-07;07-10-2026;06-10-2026;FAC-A-133776;Venta;LAGOPUELO S.A;1509759;12,00;25568,52;30937,91;Valencia Celina Ester;;0,00 %;5;Eliana Huber;;TF UD T/SUAVE EXT ALG 16x20;2130,71;3457;;3;AUTOSERVICIO;1469,45;JUAN ESCOTO;;$;2;SOFTYS ARGENTINA S.A;;;CON;;;;;;;TOALLA FEMENINA;;;;;25;JOHANA VIGIL;AXUM;;;False;133776;0;1;;;;;;1;;2130,71
1338;AV. MITRE 668;Berazategui;2026-10-07;07-10-2026;06-10-2026;FAC-A-133776;Venta;LAGOPUELO S.A;1509765;6,00;9973,08;12067,43;Valencia Celina Ester;;0,00 %;5;Eliana Huber;;TF NORMALT/SUAVE EXT ALG 16x27;1662,18;3457;;3;AUTOSERVICIO;1146,33;JUAN ESCOTO;;$;2;SOFTYS ARGENTINA S.A;;;CON;;;;;;;TOALLA FEMENINA;;;;;25;JOHANA VIGIL;AXUM;;;False;133776;0;1;;;;;;1;;1662,18
1338;AV. MITRE 668;Berazategui;2026-10-07;07-10-2026;06-10-2026;FAC-A-133776;Venta;LAGOPUELO S.A;1509762;12,00;14066,28;17020,20;Valencia Celina Ester;;0,00 %;5;Eliana Huber;;TF NOCTUR EXT A 8x32;1172,19;3457;;3;AUTOSERVICIO;808,41;JUAN ESCOTO;;$;2;SOFTYS ARGENTINA S.A;;;CON;;;;;;;TOALLA FEMENINA;;;;;25;JOHANA VIGIL;AXUM;;;False;133776;0;1;;;;;;1;;1172,19
1338;AV. MITRE 668;Berazategui;2026-10-07;07-10-2026;06-10-2026;FAC-A-133776;Venta;LAGOPUELO S.A;1509763;6,00;13590,30;16444,26;Valencia Celina Ester;;0,00 %;5;Eliana Huber;;TF Nocturna EXT ALGODON 16X16;2265,05;3457;;3;AUTOSERVICIO;1562,11;JUAN ESCOTO;;$;2;SOFTYS ARGENTINA S.A;;;CON;;;;;;;TOALLA FEMENINA;;;;;25;JOHANA VIGIL;AXUM;;;False;133776;0;1;;;;;;1;;2265,05
1338;AV. MITRE 668;Berazategui;2026-10-07;07-10-2026;06-10-2026;FAC-A-133776;Venta;LAGOPUELO S.A;1503118;6,00;9812,16;11872,71;Valencia Celina Ester;;0,00 %;5;Eliana Huber;;TH BABYSEC ULTRA 50/24;1635,36;3457;;3;AUTOSERVICIO;1127,83;JUAN ESCOTO;;$;2;SOFTYS ARGENTINA S.A;;;CON;;;;;;;;;;;;25;JOHANA VIGIL;AXUM;;;False;133776;0;1;;;;;;1;;1635,36
5274;AV. BOSQUES 2755;FLORENCIO VARELA;2026-10-08;08-10-2026;06-10-2026;FAC-A-133788;Venta;LAGOPUELO S.A;1505411;12,00;18045,96;21835,61;LIN ZENGHUA;;0,00 %;051;Ezequiel Valente;;P— ELITE FACIALES DISNEY x90/36;1503,83;3474;;3;AUTOSERVICIO;1037,12;JUAN ESCOTO;;$;2;SOFTYS ARGENTINA S.A;;;CON;;;;;;;PAÒUELOS;;;;;300;Bruno Centurion;AXUM;;;False;133788;0;1;;;;;;1;;1503,83
24095;SALTA - (PERFUMERIA) 532;SAN JOSE;2026-10-08;08-10-2026;06-10-2026;FAC-A-133793;Venta;ELEBES;1501553;1,00;22551,25;27287,01;LUCIANO ESTEBAN DI PASCUA;;15,00 %;063;Daniel Martin;;PH HIGIENOL DH PLUS FUSI”N 30M x4/10;22551,25;3479;;georgalos-803;Perfumeria;17199,92;MARIANO SOSA;;$;2;SOFTYS ARGENTINA S.A;;;CON;;;;;;;PAPEL HIG;;;;;300;Bruno Centurion;AXUM;;;False;133793;0;1;;;;;;1;;22551,25
27528;Frias - (AUTOSERVICIOS) 922;LOMAS DE ZAMORA;2026-10-07;07-10-2026;06-10-2026;FAC-A-133802;Venta;LAGOPUELO S.A;1503118;12,00;19624,32;23745,43;Chen Fengyu;;0,00 %;074;Romina Baez;;TH BABYSEC ULTRA 50/24;1635,36;3456;;3;Autoservicio A;1127,83;NAHUEL MONTOYA;;$;2;SOFTYS ARGENTINA S.A;;;CON;;;;;;;;;;;;300;Bruno Centurion;AXUM;;;False;133802;0;1;;;;;;1;;1635,36
27528;Frias - (AUTOSERVICIOS) 922;LOMAS DE ZAMORA;2026-10-07;07-10-2026;06-10-2026;FAC-A-133802;Venta;LAGOPUELO S.A;1503131;12,00;29705,52;35943,68;Chen Fengyu;;0,00 %;074;Romina Baez;;TH BABYSEC PREMIUM X45/10;2475,46;3456;;3;Autoservicio A;1707,21;NAHUEL MONTOYA;;$;2;SOFTYS ARGENTINA S.A;;;CON;;;;;;;TOALLA HUMEDA;;;;;300;Bruno Centurion;AXUM;;;False;133802;0;1;;;;;;1;;2475,46
27528;Frias - (AUTOSERVICIOS) 922;LOMAS DE ZAMORA;2026-10-07;07-10-2026;06-10-2026;FAC-A-133802;Venta;LAGOPUELO S.A;1509762;12,00;14066,28;17020,20;Chen Fengyu;;0,00 %;074;Romina Baez;;TF NOCTUR EXT A 8x32;1172,19;3456;;3;Autoservicio A;808,41;NAHUEL MONTOYA;;$;2;SOFTYS ARGENTINA S.A;;;CON;;;;;;;TOALLA FEMENINA;;;;;300;Bruno Centurion;AXUM;;;False;133802;0;1;;;;;;1;;1172,19
27528;Frias - (AUTOSERVICIOS) 922;LOMAS DE ZAMORA;2026-10-07;07-10-2026;06-10-2026;FAC-A-133802;Venta;LAGOPUELO S.A;1509757;6,00;20000,76;24200,92;Chen Fengyu;;0,00 %;074;Romina Baez;;TF UD T/SECA LADYSOFT UL PTEC 24u;3333,46;3456;;3;Autoservicio A;2298,94;NAHUEL MONTOYA;;$;2;SOFTYS ARGENTINA S.A;;;CON;;;;;;;TOALLA FEMENINA;;;;;300;Bruno Centurion;AXUM;;;False;133802;0;1;;;;;;1;;3333,46
23545;La Torcaza - (TRADICIONAL) 725;SAN JOSE;2026-10-08;08-10-2026;06-10-2026;FAC-B-133807;Venta;ELEBES;1501553;1,00;22551,25;27287,01;PASCUAL SABOIA;;15,00 %;063;Daniel Martin;;PH HIGIENOL DH PLUS FUSI”N 30M x4/10;22551,25;3479;;2;ALMACEN;17199,92;MARIANO SOSA;;$;2;SOFTYS ARGENTINA S.A;;;CON;;;;;;;PAPEL HIG;;;;;300;Bruno Centurion;AXUM;;;False;133807;0;1;;;;;;1;;22551,25
850;ANTONIO LUIS BERUTI 3266;Florencio Varela;2026-10-08;08-10-2026;06-10-2026;FAC-B-133810;Venta;LAGOPUELO S.A;1505708;1,00;22612,61;27361,26;FABIANA ARAUCO;;0,00 %;6;Nieves Alegre;;RC SUSEEX CLS MEGARROLO ALTO 200X1;22612,61;3472;;2;ALMACEN;16750,08;IVAN MONTOYA;;$;2;SOFTYS ARGENTINA S.A;;;CON;;;;;;;ROLLO DE COCINA;;;;;25;JOHANA VIGIL;AXUM;;;False;133810;0;1;;;;;;1;;22612,61
850;ANTONIO LUIS BERUTI 3266;Florencio Varela;2026-10-08;08-10-2026;06-10-2026;FAC-B-133810;Venta;LAGOPUELO S.A;1501585;1,00;36501,38;44166,67;FABIANA ARAUCO;;0,00 %;6;Nieves Alegre;;PH HIGIENOL HS MAX ALOE PANAL 80M X4;36501,38;3472;;2;ALMACEN;24669,76;IVAN MONTOYA;;$;2;SOFTYS ARGENTINA S.A;;;CON;;;;;;;PAPEL HIG;;;;;25;JOHANA VIGIL;AXUM;;;False;133810;0;1;;;;;;1;;36501,38
3699;AV 14 2907;BERAZATEGUI;2026-10-07;07-10-2026;06-10-2026;FAC-A-133813;Venta;LAGOPUELO S.A;1501553;2,00;45102,50;54574,02;AUTOSERVICIO KD S. A.;;15,00 %;4;Selene Pawlikowski;;PH HIGIENOL DH PLUS FUSI”N 30M x4/10;22551,25;3457;;3;AUTOSERVICIO;17199,92;JUAN ESCOTO;;$;2;SOFTYS ARGENTINA S.A;;;CON;;;;;;;PAPEL HIG;;;;;25;JOHANA VIGIL;AXUM;;;False;133813;0;1;;;;;;1;;22551,25
3699;AV 14 2907;BERAZATEGUI;2026-10-07;07-10-2026;06-10-2026;FAC-A-133813;Venta;LAGOPUELO S.A;1501627;2,00;24081,41;29138,50;AUTOSERVICIO KD S. A.;;10,00 %;4;Selene Pawlikowski;;PH Higienol HS Balanced 20mx4/12;12040,70;3457;;3;AUTOSERVICIO;9488,34;JUAN ESCOTO;;$;2;SOFTYS ARGENTINA S.A;;;CON;;;;;;;PAPEL HIG;;;;;25;JOHANA VIGIL;AXUM;;;False;133813;0;1;;;;;;1;;12040,70
3699;AV 14 2907;BERAZATEGUI;2026-10-07;07-10-2026;06-10-2026;FAC-A-133813;Venta;LAGOPUELO S.A;1501900;1,00;29848,57;36116,77;AUTOSERVICIO KD S. A.;;0,00 %;4;Selene Pawlikowski;;PH HS HIGIENOL RINDE PANAL 50 M X4/;29848,57;3457;;3;AUTOSERVICIO;20585,22;JUAN ESCOTO;;$;2;SOFTYS ARGENTINA S.A;;;CON;;;;;;;PAPEL HIG;;;;;25;JOHANA VIGIL;AXUM;;;False;133813;0;1;;;;;;1;;29848,57
3699;AV 14 2907;BERAZATEGUI;2026-10-07;07-10-2026;06-10-2026;FAC-A-133813;Venta;LAGOPUELO S.A;1501854;1,00;17507,23;21183,75;AUTOSERVICIO KD S. A.;;0,00 %;4;Selene Pawlikowski;;PH Higienol Texturado 30m x4/12;17507,23;3457;;3;AUTOSERVICIO;12073,95;JUAN ESCOTO;;$;2;SOFTYS ARGENTINA S.A;;;CON;;;;;;;PAPEL HIG;;;;;25;JOHANA VIGIL;AXUM;;;False;133813;0;1;;;;;;1;;17507,23
3699;AV 14 2907;BERAZATEGUI;2026-10-07;07-10-2026;06-10-2026;FAC-A-133813;Venta;LAGOPUELO S.A;1501618;1,00;19032,09;23028,83;AUTOSERVICIO KD S. A.;;0,00 %;4;Selene Pawlikowski;;PH HIG  FRESH ALOE 30M X4/12;19032,09;3457;;3;AUTOSERVICIO;13125,58;JUAN ESCOTO;;$;2;SOFTYS ARGENTINA S.A;;;CON;;;;;;;PAPEL HIG;;;;;25;JOHANA VIGIL;AXUM;;;False;133813;0;1;;;;;;1;;19032,09
3699;AV 14 2907;BERAZATEGUI;2026-10-07;07-10-2026;06-10-2026;FAC-A-133813;Venta;LAGOPUELO S.A;1502607;1,00;27858,59;33708,89;AUTOSERVICIO KD S. A.;;0,00 %;4;Selene Pawlikowski;;PH ELITE ULTRA DH SOFT T C/ALG 30Mx4;27858,59;3457;;3;AUTOSERVICIO;18637,00;JUAN ESCOTO;;$;2;SOFTYS ARGENTINA S.A;;;CON;;;;;;;PAPEL HIG;;;;;25;JOHANA VIGIL;AXUM;;;False;133813;0;1;;;;;;1;;27858,59
3171;SAAVEDRA 270;QUILMES;2026-10-07;07-10-2026;06-10-2026;FAC-A-133815;Venta;LAGOPUELO S.A;1501627;15,00;170576,64;206397,73;CHEN MEIJIAO;;15,00 %;2;Fernanda Cejas;;PH Higienol HS Balanced 20mx4/12;11371,78;3459;;3;AUTOSERVICIO;9488,34;LEONARDO SANTA CRUZ;;$;2;SOFTYS ARGENTINA S.A;;;CON;;;;;;;PAPEL HIG;;;;;25;JOHANA VIGIL;AXUM;;;False;133815;0;1;;;;;;1;;11371,78
3171;SAAVEDRA 270;QUILMES;2026-10-07;07-10-2026;06-10-2026;FAC-A-133815;Venta;LAGOPUELO S.A;1503118;24,00;39248,64;47490,85;CHEN MEIJIAO;;0,00 %;2;Fernanda Cejas;;TH BABYSEC ULTRA 50/24;1635,36;3459;;3;AUTOSERVICIO;1127,83;LEONARDO SANTA CRUZ;;$;2;SOFTYS ARGENTINA S.A;;;CON;;;;;;;;;;;;25;JOHANA VIGIL;AXUM;;;False;133815;0;1;;;;;;1;;1635,36
1917;895 N 1961;SAN FRANCISCO SOLANO;2026-10-08;08-10-2026;06-10-2026;FAC-B-133820;Venta;LAGOPUELO S.A;1509761;10,00;7952,20;9622,16;ALICIA RODRIGUEZ;;0,00 %;056;Ezequiel Ferreira;;TF LADYSOFT COMFORT EXT ALGODON 8x54;795,22;3478;;2;ALMACEN;548,43;WALTER JANIUK;;$;2;SOFTYS ARGENTINA S.A;;;CON;;;;;;;TOALLA FEMENINA;;;;;300;Bruno Centurion;AXUM;;;False;133820;0;1;;;;;;1;;795,22
22602;AVELLANEDA - (AUTOSERVICIOS) 1155;BERNAL ESTE;2026-10-07;07-10-2026;06-10-2026;FAC-A-133822;Venta;LAGOPUELO S.A;1509755;6,00;7198,02;8709,60;TANG JINPING;;0,00 %;054;Leonel Caruso;;TF UD T/SECA LADYSOFT ULTRA PROTECT 8;1199,67;3459;;3;Autoservicio B;827,36;LEONARDO SANTA CRUZ;;$;2;SOFTYS ARGENTINA S.A;;;CON;;;;;;;TOALLA FEMENINA;;;;;300;Bruno Centurion;AXUM;;;False;133822;0;1;;;;;;1;;1199,67
22602;AVELLANEDA - (AUTOSERVICIOS) 1155;BERNAL ESTE;2026-10-07;07-10-2026;06-10-2026;FAC-A-133822;Venta;LAGOPUELO S.A;1509756;6,00;14002,26;16942,73;TANG JINPING;;0,00 %;054;Leonel Caruso;;TF UD T/SECA LADYSOFT UL PRT 16u;2333,71;3459;;3;Autoservicio B;1609,46;LEONARDO SANTA CRUZ;;$;2;SOFTYS ARGENTINA S.A;;;CON;;;;;;;TOALLA FEMENINA;;;;;300;Bruno Centurion;AXUM;;;False;133822;0;1;;;;;;1;;2333,71
28097;ALFONSINA STORNI - (AUTOSERVICIOS) 2038;LONGCHAMPS;2026-10-07;07-10-2026;06-10-2026;FAC-A-133834;Venta;LAGOPUELO S.A;1509764;54,00;45826,56;55450,14;LIN WANG;;0,00 %;062;Nahuel Martinez;;TF NORMAL T/SUAVE EXT ALGODON 8x54;848,64;3462;;3;Autoservicio B;585,27;HERNAN RIVERO;;$;2;SOFTYS ARGENTINA S.A;;;CON;;;;;;;TOALLA FEMENINA;;;;;300;Bruno Centurion;AXUM;;;False;133834;0;1;;;;;;1;;848,64
28097;ALFONSINA STORNI - (AUTOSERVICIOS) 2038;LONGCHAMPS;2026-10-07;07-10-2026;06-10-2026;FAC-A-133834;Venta;LAGOPUELO S.A;1509765;27,00;44878,86;54303,42;LIN WANG;;0,00 %;062;Nahuel Martinez;;TF NORMALT/SUAVE EXT ALG 16x27;1662,18;3462;;3;Autoservicio B;1146,33;HERNAN RIVERO;;$;2;SOFTYS ARGENTINA S.A;;;CON;;;;;;;TOALLA FEMENINA;;;;;300;Bruno Centurion;AXUM;;;False;133834;0;1;;;;;;1;;1662,18
28097;ALFONSINA STORNI - (AUTOSERVICIOS) 2038;LONGCHAMPS;2026-10-07;07-10-2026;06-10-2026;FAC-A-133834;Venta;LAGOPUELO S.A;1509763;16,00;36240,80;43851,37;LIN WANG;;0,00 %;062;Nahuel Martinez;;TF Nocturna EXT ALGODON 16X16;2265,05;3462;;3;Autoservicio B;1562,11;HERNAN RIVERO;;$;2;SOFTYS ARGENTINA S.A;;;CON;;;;;;;TOALLA FEMENINA;;;;;300;Bruno Centurion;AXUM;;;False;133834;0;1;;;;;;1;;2265,05
28097;ALFONSINA STORNI - (AUTOSERVICIOS) 2038;LONGCHAMPS;2026-10-07;07-10-2026;06-10-2026;FAC-A-133834;Venta;LAGOPUELO S.A;1501553;60,00;1114296,96;1348299,32;LIN WANG;;30,00 %;062;Nahuel Martinez;;PH HIGIENOL DH PLUS FUSI”N 30M x4/10;18571,62;3462;;3;Autoservicio B;17199,92;HERNAN RIVERO;;$;2;SOFTYS ARGENTINA S.A;;;CON;;;;;;;PAPEL HIG;;;;;300;Bruno Centurion;AXUM;;;False;133834;0;1;;;;;;1;;18571,62
28097;ALFONSINA STORNI - (AUTOSERVICIOS) 2038;LONGCHAMPS;2026-10-07;07-10-2026;06-10-2026;FAC-A-133834;Venta;LAGOPUELO S.A;1509764;5,00;0,00;0,00;LIN WANG;;100,00 %;062;Nahuel Martinez;;TF NORMAL T/SUAVE EXT ALGODON 8x54;0,00;3462;;3;Autoservicio B;585,27;HERNAN RIVERO;;$;2;SOFTYS ARGENTINA S.A;;;CON;;;;;;;TOALLA FEMENINA;;;;;300;Bruno Centurion;AXUM;;;False;133834;0;1;;;;;;1;;0,00
23662;EVITA - (PERFUMERIA) 633;EL JAGUEL;2026-10-07;07-10-2026;06-10-2026;FAC-B-133840;Venta;LAGOPUELO S.A;1509756;20,00;46674,20;56475,78;ELIZABETH BUSTAMANTE;;0,00 %;064;Karina Fernandez;;TF UD T/SECA LADYSOFT UL PRT 16u;2333,71;3458;;georgalos-803;Perfumeria;1609,46;WALTER JANIUK;;$;2;SOFTYS ARGENTINA S.A;;;CON;;;;;;;TOALLA FEMENINA;;;;;300;Bruno Centurion;AXUM;;;False;133840;0;1;;;;;;1;;2333,71
6382;SAN JOSE 2454;Varela;2026-10-08;08-10-2026;06-10-2026;FAC-A-133841;Venta;LAGOPUELO S.A;1509762;12,00;14066,28;17020,20;Huang Yu;;0,00 %;051;Ezequiel Valente;;TF NOCTUR EXT A 8x32;1172,19;3474;;3;AUTOSERVICIO;808,41;JUAN ESCOTO;;$;2;SOFTYS ARGENTINA S.A;;;CON;;;;;;;TOALLA FEMENINA;;;;;300;Bruno Centurion;AXUM;;;False;133841;0;1;;;;;;1;;1172,19
2406;AV PRES DR NESTOR KIRCHNER 5444;Berazategui;2026-10-07;07-10-2026;06-10-2026;FAC-A-133851;Venta;ELEBES;1505496;6,00;7444,50;9007,85;VINK VANESA MARIELA;;0,00 %;052;Nicole Sosa;;PO ELITE ST CON ALGODON X10 PACK 6;1240,75;3457;;3;AUTOSERVICIO;855,69;JUAN ESCOTO;;$;2;SOFTYS ARGENTINA S.A;;;CON;;;;;;;PAÒUELOS;;;;;300;Bruno Centurion;AXUM;;;False;133851;0;1;;;;;;1;;1240,75
27743;SAAVEDRA ENTRE GORRITI Y LORIA - (PERFUMERIA) 130;LOMAS DE ZAMORA;2026-10-07;07-10-2026;06-10-2026;FAC-A-133855;Venta;LAGOPUELO S.A;1503118;6,00;9812,16;11872,71;SERGIO;;0,00 %;074;Romina Baez;;TH BABYSEC ULTRA 50/24;1635,36;3456;;georgalos-803;Perfumeria;1127,83;NAHUEL MONTOYA;;$;2;SOFTYS ARGENTINA S.A;;;CON;;;;;;;;;;;;300;Bruno Centurion;AXUM;;;False;133855;0;1;;;;;;1;;1635,36
23259;AVENIDA EVA PERON - (TRADICIONAL) 2010;GUERNICA;2026-10-07;07-10-2026;06-10-2026;FAC-A-133858;Venta;ELEBES;1501627;3,00;36122,11;43707,76;GERARDO GASTON GOICOECHEA;;10,00 %;061;Nailah Guzman;;PH Higienol HS Balanced 20mx4/12;12040,70;3462;;5;KIOSCO;9488,34;HERNAN RIVERO;;$;2;SOFTYS ARGENTINA S.A;;;CON;;;;;;;PAPEL HIG;;;;;300;Bruno Centurion;AXUM;;;False;133858;0;1;;;;;;1;;12040,70
23259;AVENIDA EVA PERON - (TRADICIONAL) 2010;GUERNICA;2026-10-07;07-10-2026;06-10-2026;FAC-A-133858;Venta;ELEBES;1503118;10,00;16353,60;19787,86;GERARDO GASTON GOICOECHEA;;0,00 %;061;Nailah Guzman;;TH BABYSEC ULTRA 50/24;1635,36;3462;;5;KIOSCO;1127,83;HERNAN RIVERO;;$;2;SOFTYS ARGENTINA S.A;;;CON;;;;;;;;;;;;300;Bruno Centurion;AXUM;;;False;133858;0;1;;;;;;1;;1635,36
5538;J. IGNACIO RUCCI 2177 2177;VALENTIN ALSINA;2026-10-07;07-10-2026;06-10-2026;FAC-A-133861;Venta;LAGOPUELO S.A;1503131;3,00;7426,38;8985,92;DORA PEREZ;;0,00 %;24;Cecilia Gauchez;;TH BABYSEC PREMIUM X45/10;2475,46;3454;;5;KIOSCO;1707,21;SIMON OLIVERA;;$;2;SOFTYS ARGENTINA S.A;;;EFV;;;;;;;TOALLA HUMEDA;;;;;25;JOHANA VIGIL;AXUM;;;False;133861;0;1;;;;;;1;;2475,46
5538;J. IGNACIO RUCCI 2177 2177;VALENTIN ALSINA;2026-10-07;07-10-2026;06-10-2026;FAC-A-133861;Venta;LAGOPUELO S.A;1501627;2,00;24081,41;29138,50;DORA PEREZ;;10,00 %;24;Cecilia Gauchez;;PH Higienol HS Balanced 20mx4/12;12040,70;3454;;5;KIOSCO;9488,34;SIMON OLIVERA;;$;2;SOFTYS ARGENTINA S.A;;;EFV;;;;;;;PAPEL HIG;;;;;25;JOHANA VIGIL;AXUM;;;False;133861;0;1;;;;;;1;;12040,70
5538;J. IGNACIO RUCCI 2177 2177;VALENTIN ALSINA;2026-10-07;07-10-2026;06-10-2026;FAC-A-133861;Venta;LAGOPUELO S.A;1505496;3,00;3722,25;4503,92;DORA PEREZ;;0,00 %;24;Cecilia Gauchez;;PO ELITE ST CON ALGODON X10 PACK 6;1240,75;3454;;5;KIOSCO;855,69;SIMON OLIVERA;;$;2;SOFTYS ARGENTINA S.A;;;EFV;;;;;;;PAÒUELOS;;;;;25;JOHANA VIGIL;AXUM;;;False;133861;0;1;;;;;;1;;1240,75
23814;SALTA 657;Almirante Brown;2026-10-08;08-10-2026;06-10-2026;FAC-A-133866;Venta;LAGOPUELO S.A;1509756;20,00;46674,20;56475,78;LIUPING WENG;;0,00 %;063;Daniel Martin;;TF UD T/SECA LADYSOFT UL PRT 16u;2333,71;3479;;3;Autoservicio A;1609,46;MARIANO SOSA;;$;2;SOFTYS ARGENTINA S.A;;;CON;;;;;;;TOALLA FEMENINA;;;;;300;Bruno Centurion;AXUM;;;False;133866;0;1;;;;;;1;;2333,71
22601;AVELLANEDA P/D: - (AUTOSERVICIOS) 427;BERNAL ESTE;2026-10-07;07-10-2026;06-10-2026;FAC-A-133867;Venta;LAGOPUELO S.A;1509759;20,00;41335,77;50016,29;wu hong da;;3,00 %;054;Leonel Caruso;;TF UD T/SUAVE EXT ALG 16x20;2066,79;3459;;3;Autoservicio B;1469,45;LEONARDO SANTA CRUZ;;$;2;SOFTYS ARGENTINA S.A;;;CON;;;;;;;TOALLA FEMENINA;;;;;300;Bruno Centurion;AXUM;;;False;133867;0;1;;;;;;1;;2066,79
22601;AVELLANEDA P/D: - (AUTOSERVICIOS) 427;BERNAL ESTE;2026-10-07;07-10-2026;06-10-2026;FAC-A-133867;Venta;LAGOPUELO S.A;1509765;27,00;43532,49;52674,32;wu hong da;;3,00 %;054;Leonel Caruso;;TF NORMALT/SUAVE EXT ALG 16x27;1612,31;3459;;3;Autoservicio B;1146,33;LEONARDO SANTA CRUZ;;$;2;SOFTYS ARGENTINA S.A;;;CON;;;;;;;TOALLA FEMENINA;;;;;300;Bruno Centurion;AXUM;;;False;133867;0;1;;;;;;1;;1612,31
22601;AVELLANEDA P/D: - (AUTOSERVICIOS) 427;BERNAL ESTE;2026-10-07;07-10-2026;06-10-2026;FAC-A-133867;Venta;LAGOPUELO S.A;1509756;20,00;45273,97;54781,51;wu hong da;;3,00 %;054;Leonel Caruso;;TF UD T/SECA LADYSOFT UL PRT 16u;2263,70;3459;;3;Autoservicio B;1609,46;LEONARDO SANTA CRUZ;;$;2;SOFTYS ARGENTINA S.A;;;CON;;;;;;;TOALLA FEMENINA;;;;;300;Bruno Centurion;AXUM;;;False;133867;0;1;;;;;;1;;2263,70
22601;AVELLANEDA P/D: - (AUTOSERVICIOS) 427;BERNAL ESTE;2026-10-07;07-10-2026;06-10-2026;FAC-A-133867;Venta;LAGOPUELO S.A;1509760;15,00;44105,56;53367,73;wu hong da;;3,00 %;054;Leonel Caruso;;TD UF T/Suave Ladysoft EXT ALGOD”N 24x15;2940,37;3459;;3;Autoservicio B;2090,56;LEONARDO SANTA CRUZ;;$;2;SOFTYS ARGENTINA S.A;;;CON;;;;;;;TOALLA FEMENINA;;;;;300;Bruno Centurion;AXUM;;;False;133867;0;1;;;;;;1;;2940,37
22601;AVELLANEDA P/D: - (AUTOSERVICIOS) 427;BERNAL ESTE;2026-10-07;07-10-2026;06-10-2026;FAC-A-133867;Venta;LAGOPUELO S.A;1509757;15,00;48501,84;58687,23;wu hong da;;3,00 %;054;Leonel Caruso;;TF UD T/SECA LADYSOFT UL PTEC 24u;3233,46;3459;;3;Autoservicio B;2298,94;LEONARDO SANTA CRUZ;;$;2;SOFTYS ARGENTINA S.A;;;CON;;;;;;;TOALLA FEMENINA;;;;;300;Bruno Centurion;AXUM;;;False;133867;0;1;;;;;;1;;3233,46
101070;Murature nro∫ 4310 1 0;LANUS;2026-10-07;07-10-2026;06-10-2026;FAC-B-133872;Venta;ELEBES;1503118;6,00;9812,16;11872,71;Cabrera Maximiliano;;0,00 %;27;Samanta Dogliotti;;TH BABYSEC ULTRA 50/24;1635,36;3454;;5;KIOSCO;1127,83;SIMON OLIVERA;;$;2;SOFTYS ARGENTINA S.A;;;EFV;;;;;;;;;;;;25;JOHANA VIGIL;AXUM;;;False;133872;0;1;;;;;;1;;1635,36
23364;GALVEZ - (TRADICIONAL) 3030;ALTE BROWN;2026-10-07;07-10-2026;06-10-2026;FAC-A-133890;Venta;LAGOPUELO S.A;1503118;24,00;39248,64;47490,85;WANG BINYAN;;0,00 %;062;Nahuel Martinez;;TH BABYSEC ULTRA 50/24;1635,36;3462;;3;Autoservicio B;1127,83;HERNAN RIVERO;;$;2;SOFTYS ARGENTINA S.A;;;CON;;;;;;;;;;;;300;Bruno Centurion;AXUM;;;False;133890;0;1;;;;;;1;;1635,36
23364;GALVEZ - (TRADICIONAL) 3030;ALTE BROWN;2026-10-07;07-10-2026;06-10-2026;FAC-A-133890;Venta;LAGOPUELO S.A;1509761;12,00;9542,64;11546,59;WANG BINYAN;;0,00 %;062;Nahuel Martinez;;TF LADYSOFT COMFORT EXT ALGODON 8x54;795,22;3462;;3;Autoservicio B;548,43;HERNAN RIVERO;;$;2;SOFTYS ARGENTINA S.A;;;CON;;;;;;;TOALLA FEMENINA;;;;;300;Bruno Centurion;AXUM;;;False;133890;0;1;;;;;;1;;795,22
23364;GALVEZ - (TRADICIONAL) 3030;ALTE BROWN;2026-10-07;07-10-2026;06-10-2026;FAC-A-133890;Venta;LAGOPUELO S.A;1509762;12,00;14066,28;17020,20;WANG BINYAN;;0,00 %;062;Nahuel Martinez;;TF NOCTUR EXT A 8x32;1172,19;3462;;3;Autoservicio B;808,41;HERNAN RIVERO;;$;2;SOFTYS ARGENTINA S.A;;;CON;;;;;;;TOALLA FEMENINA;;;;;300;Bruno Centurion;AXUM;;;False;133890;0;1;;;;;;1;;1172,19
23364;GALVEZ - (TRADICIONAL) 3030;ALTE BROWN;2026-10-07;07-10-2026;06-10-2026;FAC-A-133890;Venta;LAGOPUELO S.A;1509767;12,00;16282,80;19702,19;WANG BINYAN;;0,00 %;062;Nahuel Martinez;;TF UD TSUAVE ACTIVE 8X40;1356,90;3462;;3;Autoservicio B;935,79;HERNAN RIVERO;;$;2;SOFTYS ARGENTINA S.A;;;CON;;;;;;;TOALLA FEMENINA;;;;;300;Bruno Centurion;AXUM;;;False;133890;0;1;;;;;;1;;1356,90
4319;LAMADRID 202;Quilmes;2026-10-07;07-10-2026;06-10-2026;FAC-B-133893;Venta;LAGOPUELO S.A;1509764;5,00;4243,20;5134,27;RAMOS JOSE IGNACIO;;0,00 %;053;Verona Abati;;TF NORMAL T/SUAVE EXT ALGODON 8x54;848,64;3459;;2;ALMACEN;585,27;LEONARDO SANTA CRUZ;;$;2;SOFTYS ARGENTINA S.A;;;CON;;;;;;;TOALLA FEMENINA;;;;;300;Bruno Centurion;AXUM;;;False;133893;0;1;;;;;;1;;848,64
106390;25 De Mayo 665 0;Lanus;2026-10-07;07-10-2026;06-10-2026;FAC-B-133894;Venta;LAGOPUELO S.A;1505688;1,00;15533,64;18795,70;Omar Torres;;5,00 %;29;Camila Navarrete;;RC Sussex clasico mas blanco 50px3/10;15533,64;3454;;georgalos-7;Almacen;12112,00;SIMON OLIVERA;;$;2;SOFTYS ARGENTINA S.A;;;EFV;;;;;;;ROLLO DE COCINA;;;;;25;JOHANA VIGIL;AXUM;;;False;133894;0;1;;;;;;1;;15533,64
23841;Evita - (PA√‚ÄòALERA) 883;EL JAGUEL;2026-10-07;07-10-2026;06-10-2026;FAC-A-133900;Venta;LAGOPUELO S.A;1509757;15,00;50001,90;60502,30;Gonzalez Fernando;;0,00 %;064;Karina Fernandez;;TF UD T/SECA LADYSOFT UL PTEC 24u;3333,46;3458;;OTR;PaÒalera;2298,94;WALTER JANIUK;;$;2;SOFTYS ARGENTINA S.A;;;CON;;;;;;;TOALLA FEMENINA;;;;;300;Bruno Centurion;AXUM;;;False;133900;0;1;;;;;;1;;3333,46
19127;SANTA ANA - (PERFUMERIA) 1897;TEMPERLEY;2026-10-08;08-10-2026;06-10-2026;FAC-B-133906;Venta;LAGOPUELO S.A;1501627;1,00;12040,70;14569,25;GOMEZ NORA JACQUELINE;;10,00 %;063;Daniel Martin;;PH Higienol HS Balanced 20mx4/12;12040,70;3479;;georgalos-803;Perfumeria;9488,34;MARIANO SOSA;;$;2;SOFTYS ARGENTINA S.A;;;CON;;;;;;;PAPEL HIG;;;;;300;Bruno Centurion;AXUM;;;False;133906;0;1;;;;;;1;;12040,70
19127;SANTA ANA - (PERFUMERIA) 1897;TEMPERLEY;2026-10-08;08-10-2026;06-10-2026;FAC-B-133906;Venta;LAGOPUELO S.A;1509762;5,00;5860,95;7091,75;GOMEZ NORA JACQUELINE;;0,00 %;063;Daniel Martin;;TF NOCTUR EXT A 8x32;1172,19;3479;;georgalos-803;Perfumeria;808,41;MARIANO SOSA;;$;2;SOFTYS ARGENTINA S.A;;;CON;;;;;;;TOALLA FEMENINA;;;;;300;Bruno Centurion;AXUM;;;False;133906;0;1;;;;;;1;;1172,19
19127;SANTA ANA - (PERFUMERIA) 1897;TEMPERLEY;2026-10-08;08-10-2026;06-10-2026;FAC-B-133906;Venta;LAGOPUELO S.A;1509766;1,00;915,80;1108,12;GOMEZ NORA JACQUELINE;;0,00 %;063;Daniel Martin;;TF T/SECA NORMAL MAS PROTECC 8x54;915,80;3479;;georgalos-803;Perfumeria;631,59;MARIANO SOSA;;$;2;SOFTYS ARGENTINA S.A;;;CON;;;;;;;TOALLA FEMENINA;;;;;300;Bruno Centurion;AXUM;;;False;133906;0;1;;;;;;1;;915,80
19127;SANTA ANA - (PERFUMERIA) 1897;TEMPERLEY;2026-10-08;08-10-2026;06-10-2026;FAC-B-133906;Venta;LAGOPUELO S.A;1509761;1,00;795,22;962,22;GOMEZ NORA JACQUELINE;;0,00 %;063;Daniel Martin;;TF LADYSOFT COMFORT EXT ALGODON 8x54;795,22;3479;;georgalos-803;Perfumeria;548,43;MARIANO SOSA;;$;2;SOFTYS ARGENTINA S.A;;;CON;;;;;;;TOALLA FEMENINA;;;;;300;Bruno Centurion;AXUM;;;False;133906;0;1;;;;;;1;;795,22
23863;CALLE AL 293 ESQUINA 103 - (KIOSCOS/MAXI) 124;GUERNICA;2026-10-07;07-10-2026;06-10-2026;FAC-A-133911;Venta;ELEBES;1509762;6,00;7033,14;8510,10;N˙Òez Nancy VerÛnica;;0,00 %;061;Nailah Guzman;;TF NOCTUR EXT A 8x32;1172,19;3462;;5;KIOSCO;808,41;HERNAN RIVERO;;$;2;SOFTYS ARGENTINA S.A;;;CON;;;;;;;TOALLA FEMENINA;;;;;300;Bruno Centurion;AXUM;;;False;133911;0;1;;;;;;1;;1172,19
23863;CALLE AL 293 ESQUINA 103 - (KIOSCOS/MAXI) 124;GUERNICA;2026-10-07;07-10-2026;06-10-2026;FAC-A-133911;Venta;ELEBES;1505496;3,00;3722,25;4503,92;N˙Òez Nancy VerÛnica;;0,00 %;061;Nailah Guzman;;PO ELITE ST CON ALGODON X10 PACK 6;1240,75;3462;;5;KIOSCO;855,69;HERNAN RIVERO;;$;2;SOFTYS ARGENTINA S.A;;;CON;;;;;;;PAÒUELOS;;;;;300;Bruno Centurion;AXUM;;;False;133911;0;1;;;;;;1;;1240,75
13050;Calle 21 N 3193;Berazategui;2026-10-07;07-10-2026;06-10-2026;FAC-A-133914;Venta;LAGOPUELO S.A;1509761;54,00;42941,88;51959,67;SERRUDO ANALIA SOLEDAD;;0,00 %;4;Selene Pawlikowski;;TF LADYSOFT COMFORT EXT ALGODON 8x54;795,22;3457;;3;AUTOSERVICIO;548,43;JUAN ESCOTO;;$;2;SOFTYS ARGENTINA S.A;;;CON;;;;;;;TOALLA FEMENINA;;;;;25;JOHANA VIGIL;AXUM;;;False;133914;0;1;;;;;;1;;795,22
13050;Calle 21 N 3193;Berazategui;2026-10-07;07-10-2026;06-10-2026;FAC-A-133914;Venta;LAGOPUELO S.A;1509760;15,00;45469,65;55018,28;SERRUDO ANALIA SOLEDAD;;0,00 %;4;Selene Pawlikowski;;TD UF T/Suave Ladysoft EXT ALGOD”N 24x15;3031,31;3457;;3;AUTOSERVICIO;2090,56;JUAN ESCOTO;;$;2;SOFTYS ARGENTINA S.A;;;CON;;;;;;;TOALLA FEMENINA;;;;;25;JOHANA VIGIL;AXUM;;;False;133914;0;1;;;;;;1;;3031,31
13050;Calle 21 N 3193;Berazategui;2026-10-07;07-10-2026;06-10-2026;FAC-A-133914;Venta;LAGOPUELO S.A;1509756;20,00;46674,20;56475,78;SERRUDO ANALIA SOLEDAD;;0,00 %;4;Selene Pawlikowski;;TF UD T/SECA LADYSOFT UL PRT 16u;2333,71;3457;;3;AUTOSERVICIO;1609,46;JUAN ESCOTO;;$;2;SOFTYS ARGENTINA S.A;;;CON;;;;;;;TOALLA FEMENINA;;;;;25;JOHANA VIGIL;AXUM;;;False;133914;0;1;;;;;;1;;2333,71
29232;YERBAL - (AUTOSERVICIOS) 999;GLEW;2026-10-07;07-10-2026;06-10-2026;FAC-A-133917;Venta;LAGOPUELO S.A;1509762;6,00;7033,14;8510,10;CHANGBING HUANG;;0,00 %;061;Nailah Guzman;;TF NOCTUR EXT A 8x32;1172,19;3462;;3;Autoservicio A;808,41;HERNAN RIVERO;;$;2;SOFTYS ARGENTINA S.A;;;CON;;;;;;;TOALLA FEMENINA;;;;;300;Bruno Centurion;AXUM;;;False;133917;0;1;;;;;;1;;1172,19
29232;YERBAL - (AUTOSERVICIOS) 999;GLEW;2026-10-07;07-10-2026;06-10-2026;FAC-A-133917;Venta;LAGOPUELO S.A;1509755;10,00;11996,70;14516,01;CHANGBING HUANG;;0,00 %;061;Nailah Guzman;;TF UD T/SECA LADYSOFT ULTRA PROTECT 8;1199,67;3462;;3;Autoservicio A;827,36;HERNAN RIVERO;;$;2;SOFTYS ARGENTINA S.A;;;CON;;;;;;;TOALLA FEMENINA;;;;;300;Bruno Centurion;AXUM;;;False;133917;0;1;;;;;;1;;1199,67
29232;YERBAL - (AUTOSERVICIOS) 999;GLEW;2026-10-07;07-10-2026;06-10-2026;FAC-A-133917;Venta;LAGOPUELO S.A;1509756;6,00;14002,26;16942,73;CHANGBING HUANG;;0,00 %;061;Nailah Guzman;;TF UD T/SECA LADYSOFT UL PRT 16u;2333,71;3462;;3;Autoservicio A;1609,46;HERNAN RIVERO;;$;2;SOFTYS ARGENTINA S.A;;;CON;;;;;;;TOALLA FEMENINA;;;;;300;Bruno Centurion;AXUM;;;False;133917;0;1;;;;;;1;;2333,71
29232;YERBAL - (AUTOSERVICIOS) 999;GLEW;2026-10-07;07-10-2026;06-10-2026;FAC-A-133917;Venta;LAGOPUELO S.A;1509759;6,00;12784,26;15468,95;CHANGBING HUANG;;0,00 %;061;Nailah Guzman;;TF UD T/SUAVE EXT ALG 16x20;2130,71;3462;;3;Autoservicio A;1469,45;HERNAN RIVERO;;$;2;SOFTYS ARGENTINA S.A;;;CON;;;;;;;TOALLA FEMENINA;;;;;300;Bruno Centurion;AXUM;;;False;133917;0;1;;;;;;1;;2130,71
29232;YERBAL - (AUTOSERVICIOS) 999;GLEW;2026-10-07;07-10-2026;06-10-2026;FAC-A-133917;Venta;LAGOPUELO S.A;1509768;6,00;5851,86;7080,75;CHANGBING HUANG;;0,00 %;061;Nailah Guzman;;TF NORMAL T/SUAVE PIEL SENSIBLE 8x54;975,31;3462;;3;Autoservicio A;672,63;HERNAN RIVERO;;$;2;SOFTYS ARGENTINA S.A;;;CON;;;;;;;TOALLA FEMENINA;;;;;300;Bruno Centurion;AXUM;;;False;133917;0;1;;;;;;1;;975,31
29232;YERBAL - (AUTOSERVICIOS) 999;GLEW;2026-10-07;07-10-2026;06-10-2026;FAC-A-133917;Venta;LAGOPUELO S.A;1509769;6,00;31741,74;38407,51;CHANGBING HUANG;;0,00 %;061;Nailah Guzman;;PD RESPIRABLES 100/12;5290,29;3462;;3;Autoservicio A;3648,47;HERNAN RIVERO;;$;2;SOFTYS ARGENTINA S.A;;;CON;;;;;;;PROTECTOR DIARIO;;;;;300;Bruno Centurion;AXUM;;;False;133917;0;1;;;;;;1;;5290,29
323070;JUAN BROWN 1136;FLORENCIO VARELA;2026-10-07;07-10-2026;06-10-2026;FAC-A-133918;Venta;LAGOPUELO S.A;1509764;10,00;8486,40;10268,54;YOUHE WENG;;0,00 %;7;Myrian Lertora;;TF NORMAL T/SUAVE EXT ALGODON 8x54;848,64;3455;;3;AUTOSERVICIO;585,27;IVAN MONTOYA;;$;2;SOFTYS ARGENTINA S.A;;;CON;;;;;;;TOALLA FEMENINA;;;;;25;JOHANA VIGIL;AXUM;;;False;133918;0;1;;;;;;1;;848,64
323070;JUAN BROWN 1136;FLORENCIO VARELA;2026-10-07;07-10-2026;06-10-2026;FAC-A-133918;Venta;LAGOPUELO S.A;1509762;10,00;11721,90;14183,50;YOUHE WENG;;0,00 %;7;Myrian Lertora;;TF NOCTUR EXT A 8x32;1172,19;3455;;3;AUTOSERVICIO;808,41;IVAN MONTOYA;;$;2;SOFTYS ARGENTINA S.A;;;CON;;;;;;;TOALLA FEMENINA;;;;;25;JOHANA VIGIL;AXUM;;;False;133918;0;1;;;;;;1;;1172,19
323070;JUAN BROWN 1136;FLORENCIO VARELA;2026-10-07;07-10-2026;06-10-2026;FAC-A-133918;Venta;LAGOPUELO S.A;1509763;10,00;22650,50;27407,11;YOUHE WENG;;0,00 %;7;Myrian Lertora;;TF Nocturna EXT ALGODON 16X16;2265,05;3455;;3;AUTOSERVICIO;1562,11;IVAN MONTOYA;;$;2;SOFTYS ARGENTINA S.A;;;CON;;;;;;;TOALLA FEMENINA;;;;;25;JOHANA VIGIL;AXUM;;;False;133918;0;1;;;;;;1;;2265,05
323070;JUAN BROWN 1136;FLORENCIO VARELA;2026-10-07;07-10-2026;06-10-2026;FAC-A-133918;Venta;LAGOPUELO S.A;1509755;10,00;11996,70;14516,01;YOUHE WENG;;0,00 %;7;Myrian Lertora;;TF UD T/SECA LADYSOFT ULTRA PROTECT 8;1199,67;3455;;3;AUTOSERVICIO;827,36;IVAN MONTOYA;;$;2;SOFTYS ARGENTINA S.A;;;CON;;;;;;;TOALLA FEMENINA;;;;;25;JOHANA VIGIL;AXUM;;;False;133918;0;1;;;;;;1;;1199,67
323070;JUAN BROWN 1136;FLORENCIO VARELA;2026-10-07;07-10-2026;06-10-2026;FAC-A-133918;Venta;LAGOPUELO S.A;1509756;10,00;23337,10;28237,89;YOUHE WENG;;0,00 %;7;Myrian Lertora;;TF UD T/SECA LADYSOFT UL PRT 16u;2333,71;3455;;3;AUTOSERVICIO;1609,46;IVAN MONTOYA;;$;2;SOFTYS ARGENTINA S.A;;;CON;;;;;;;TOALLA FEMENINA;;;;;25;JOHANA VIGIL;AXUM;;;False;133918;0;1;;;;;;1;;2333,71
837;HERNANDARIAS 1346;REMEDIOS DE ESCALADA;2026-10-07;07-10-2026;06-10-2026;FAC-A-133920;Venta;LAGOPUELO S.A;1509764;6,00;5091,84;6161,13;ZHUANG YANZHU;;0,00 %;073;Florencia Cubilla;;TF NORMAL T/SUAVE EXT ALGODON 8x54;848,64;3456;;3;AUTOSERVICIO;585,27;NAHUEL MONTOYA;;$;2;SOFTYS ARGENTINA S.A;;;CON;;;;;;;TOALLA FEMENINA;;;;;300;Bruno Centurion;AXUM;;;False;133920;0;1;;;;;;1;;848,64
103398;Rucci 2423 0;LANUS;2026-10-07;07-10-2026;06-10-2026;FAC-A-133933;Venta;LAGOPUELO S.A;1509749;12,00;15605,04;18882,10;Guo Fangren;;0,00 %;24;Cecilia Gauchez;;PD ladysoft clasicos 20x30;1300,42;3454;;3;AUTOSERVICIO;896,84;SIMON OLIVERA;;$;2;SOFTYS ARGENTINA S.A;;;EFV;;;;;;;PROTECTOR DIARIO;;;;;25;JOHANA VIGIL;AXUM;;;False;133933;0;1;;;;;;1;;1300,42
5133;THEVENET 1422;FLORENCIO VARELA;2026-10-08;08-10-2026;06-10-2026;FAC-A-133941;Venta;LAGOPUELO S.A;1503118;24,00;39248,64;47490,85;He dinghua;;0,00 %;6;Nieves Alegre;;TH BABYSEC ULTRA 50/24;1635,36;3472;;3;AUTOSERVICIO;1127,83;IVAN MONTOYA;;$;2;SOFTYS ARGENTINA S.A;;;CON;;;;;;;;;;;;25;JOHANA VIGIL;AXUM;;;False;133941;0;1;;;;;;1;;1635,36
5133;THEVENET 1422;FLORENCIO VARELA;2026-10-08;08-10-2026;06-10-2026;FAC-A-133941;Venta;LAGOPUELO S.A;1503131;10,00;24754,60;29953,07;He dinghua;;0,00 %;6;Nieves Alegre;;TH BABYSEC PREMIUM X45/10;2475,46;3472;;3;AUTOSERVICIO;1707,21;IVAN MONTOYA;;$;2;SOFTYS ARGENTINA S.A;;;CON;;;;;;;TOALLA HUMEDA;;;;;25;JOHANA VIGIL;AXUM;;;False;133941;0;1;;;;;;1;;2475,46
106448;Moreno 116 0;Lanus;2026-10-07;07-10-2026;06-10-2026;FAC-A-133943;Venta;LAGOPUELO S.A;1505496;4,00;4963,00;6005,23;Fernando Daniel Isabella;;0,00 %;30;Oriana Songini;;PO ELITE ST CON ALGODON X10 PACK 6;1240,75;3454;;georgalos-7;Almacen;855,69;SIMON OLIVERA;;$;2;SOFTYS ARGENTINA S.A;;;EFV;;;;;;;PAÒUELOS;;;;;25;JOHANA VIGIL;AXUM;;;False;133943;0;1;;;;;;1;;1240,75
106448;Moreno 116 0;Lanus;2026-10-07;07-10-2026;06-10-2026;FAC-A-133943;Venta;LAGOPUELO S.A;1509762;8,00;9377,52;11346,80;Fernando Daniel Isabella;;0,00 %;30;Oriana Songini;;TF NOCTUR EXT A 8x32;1172,19;3454;;georgalos-7;Almacen;808,41;SIMON OLIVERA;;$;2;SOFTYS ARGENTINA S.A;;;EFV;;;;;;;TOALLA FEMENINA;;;;;25;JOHANA VIGIL;AXUM;;;False;133943;0;1;;;;;;1;;1172,19
106448;Moreno 116 0;Lanus;2026-10-07;07-10-2026;06-10-2026;FAC-A-133943;Venta;LAGOPUELO S.A;1509766;8,00;7326,40;8864,94;Fernando Daniel Isabella;;0,00 %;30;Oriana Songini;;TF T/SECA NORMAL MAS PROTECC 8x54;915,80;3454;;georgalos-7;Almacen;631,59;SIMON OLIVERA;;$;2;SOFTYS ARGENTINA S.A;;;EFV;;;;;;;TOALLA FEMENINA;;;;;25;JOHANA VIGIL;AXUM;;;False;133943;0;1;;;;;;1;;915,80
106448;Moreno 116 0;Lanus;2026-10-07;07-10-2026;06-10-2026;FAC-A-133943;Venta;LAGOPUELO S.A;1509764;8,00;6789,12;8214,84;Fernando Daniel Isabella;;0,00 %;30;Oriana Songini;;TF NORMAL T/SUAVE EXT ALGODON 8x54;848,64;3454;;georgalos-7;Almacen;585,27;SIMON OLIVERA;;$;2;SOFTYS ARGENTINA S.A;;;EFV;;;;;;;TOALLA FEMENINA;;;;;25;JOHANA VIGIL;AXUM;;;False;133943;0;1;;;;;;1;;848,64
103393;Tagle 3874 0;LANUS;2026-10-07;07-10-2026;06-10-2026;FAC-A-133948;Venta;LAGOPUELO S.A;1509765;27,00;44878,86;54303,42;Zheng Xiuqin;;0,00 %;27;Samanta Dogliotti;;TF NORMALT/SUAVE EXT ALG 16x27;1662,18;3454;;3;AUTOSERVICIO;1146,33;SIMON OLIVERA;;$;2;SOFTYS ARGENTINA S.A;;;EFV;;;;;;;TOALLA FEMENINA;;;;;25;JOHANA VIGIL;AXUM;;;False;133948;0;1;;;;;;1;;1662,18
13115;Calle 165 N 6434;BERAZATEGUI;2026-10-07;07-10-2026;06-10-2026;FAC-A-133949;Venta;ELEBES;1509764;6,00;5091,84;6161,13;VARELA YESICA;;0,00 %;052;Nicole Sosa;;TF NORMAL T/SUAVE EXT ALGODON 8x54;848,64;3457;;2;ALMACEN;585,27;JUAN ESCOTO;;$;2;SOFTYS ARGENTINA S.A;;;CON;;;;;;;TOALLA FEMENINA;;;;;300;Bruno Centurion;AXUM;;;False;133949;0;1;;;;;;1;;848,64
13115;Calle 165 N 6434;BERAZATEGUI;2026-10-07;07-10-2026;06-10-2026;FAC-A-133949;Venta;ELEBES;1509766;6,00;5494,80;6648,71;VARELA YESICA;;0,00 %;052;Nicole Sosa;;TF T/SECA NORMAL MAS PROTECC 8x54;915,80;3457;;2;ALMACEN;631,59;JUAN ESCOTO;;$;2;SOFTYS ARGENTINA S.A;;;CON;;;;;;;TOALLA FEMENINA;;;;;300;Bruno Centurion;AXUM;;;False;133949;0;1;;;;;;1;;915,80
13115;Calle 165 N 6434;BERAZATEGUI;2026-10-07;07-10-2026;06-10-2026;FAC-A-133949;Venta;ELEBES;1509761;6,00;4771,32;5773,30;VARELA YESICA;;0,00 %;052;Nicole Sosa;;TF LADYSOFT COMFORT EXT ALGODON 8x54;795,22;3457;;2;ALMACEN;548,43;JUAN ESCOTO;;$;2;SOFTYS ARGENTINA S.A;;;CON;;;;;;;TOALLA FEMENINA;;;;;300;Bruno Centurion;AXUM;;;False;133949;0;1;;;;;;1;;795,22
13115;Calle 165 N 6434;BERAZATEGUI;2026-10-07;07-10-2026;06-10-2026;FAC-A-133949;Venta;ELEBES;1509755;6,00;7198,02;8709,60;VARELA YESICA;;0,00 %;052;Nicole Sosa;;TF UD T/SECA LADYSOFT ULTRA PROTECT 8;1199,67;3457;;2;ALMACEN;827,36;JUAN ESCOTO;;$;2;SOFTYS ARGENTINA S.A;;;CON;;;;;;;TOALLA FEMENINA;;;;;300;Bruno Centurion;AXUM;;;False;133949;0;1;;;;;;1;;1199,67
28093;AV HIPOLITO YRIGOYEN 19231;LONGCHAMPS;2026-10-07;07-10-2026;06-10-2026;FAC-A-133964;Venta;LAGOPUELO S.A;1501627;15,00;200678,40;242820,86;MI CABA—A;;0,00 %;062;Nahuel Martinez;;PH Higienol HS Balanced 20mx4/12;13378,56;3462;;6;MAYORISTA;9488,34;HERNAN RIVERO;;$;2;SOFTYS ARGENTINA S.A;;;07D;;;;;;;PAPEL HIG;;;;;300;Bruno Centurion;AXUM;;;False;133964;0;1;;;;;;1;;13378,56
28093;AV HIPOLITO YRIGOYEN 19231;LONGCHAMPS;2026-10-07;07-10-2026;06-10-2026;FAC-A-133964;Venta;LAGOPUELO S.A;1501553;15,00;318370,56;385228,38;MI CABA—A;;20,00 %;062;Nahuel Martinez;;PH HIGIENOL DH PLUS FUSI”N 30M x4/10;21224,70;3462;;6;MAYORISTA;17199,92;HERNAN RIVERO;;$;2;SOFTYS ARGENTINA S.A;;;07D;;;;;;;PAPEL HIG;;;;;300;Bruno Centurion;AXUM;;;False;133964;0;1;;;;;;1;;21224,70
101115;Gral. Olazabal N 4282 1 0;LANUS;2026-10-07;07-10-2026;06-10-2026;FAC-A-133973;Venta;LAGOPUELO S.A;1504078;15,00;32917,59;39830,28;He Yangxing;;10,00 %;27;Samanta Dogliotti;;PL BABYSEC ULTRASOFT XG X8/15;2194,51;3454;;3;AUTOSERVICIO;1806,18;SIMON OLIVERA;;$;2;SOFTYS ARGENTINA S.A;;;EFV;;;;;;;PAÒAL;;;;;25;JOHANA VIGIL;AXUM;;;False;133973;0;1;;;;;;1;;2194,51
101115;Gral. Olazabal N 4282 1 0;LANUS;2026-10-07;07-10-2026;06-10-2026;FAC-A-133973;Venta;LAGOPUELO S.A;1509756;6,00;14002,26;16942,73;He Yangxing;;0,00 %;27;Samanta Dogliotti;;TF UD T/SECA LADYSOFT UL PRT 16u;2333,71;3454;;3;AUTOSERVICIO;1609,46;SIMON OLIVERA;;$;2;SOFTYS ARGENTINA S.A;;;EFV;;;;;;;TOALLA FEMENINA;;;;;25;JOHANA VIGIL;AXUM;;;False;133973;0;1;;;;;;1;;2333,71
101115;Gral. Olazabal N 4282 1 0;LANUS;;07-10-2026;06-10-2026;VEN-133977;Venta;LAGOPUELO S.A;1504079;15,00;32917,59;39830,28;He Yangxing;;10,00 %;27;Samanta Dogliotti;;PL BABYSEC ULTRASOFT XXG 8/15;2194,51;;;3;AUTOSERVICIO;1806,18;;;$;2;SOFTYS ARGENTINA S.A;;;EFV;;;;;;;PAÒAL;;;;;25;JOHANA VIGIL;AXUM;;;False;133977;1;1;;;;;;1;;2194,51
101197;Brandsen 3484 0;Sarandi;2026-10-05;05-10-2026;06-10-2026;NCR-A-133981;DevoluciÛn por Rechazo;LAGOPUELO S.A;1502206;-1,00;-26373,10;-31911,45;Chen Ying;NO HIZO PEDIDO;0,00 %;26;Sabrina Pereyra;;RC ELITE ULTRA CON ALGODON 120p x2/10;26373,10;3425;;georgalos-7;Almacen;19535,63;MARIANO SOSA;;$;2;SOFTYS ARGENTINA S.A;;;EFV;;;;;;;ROLLO DE COCINA;;;;;25;JOHANA VIGIL;gcw;132730;;True;133981;0;1;;;;;;1;;26373,10
5806;AVENIDA OLIVER - (Autoservicio) 1328;9 DE ABRIL;2026-10-05;05-10-2026;06-10-2026;NCR-A-133984;DevoluciÛn por Rechazo;LAGOPUELO S.A;1509765;-27,00;-41533,56;-50255,61;YONGKUN XIE;NO HIZO PEDIDO;0,00 %;064;Karina Fernandez;;TF NORMALT/SUAVE EXT ALG 16x27;1538,28;3429;;3;Autoservicio A;1146,33;SIMON OLIVERA;;$;2;SOFTYS ARGENTINA S.A;;;CON;;;;;;;TOALLA FEMENINA;;;;;300;Bruno Centurion;gcw;131290;;True;133984;0;1;;;;;;1;;1538,28
23699;BRUZONE 845;ESTEBAN ECHEVERR√¬çA;2026-10-05;05-10-2026;06-10-2026;NCR-A-133990;DevoluciÛn por Rechazo;LAGOPUELO S.A;1503118;-24,00;-39248,64;-47490,85;HUANG RUIHUANG;SIN DINERO;0,00 %;064;Karina Fernandez;;TH BABYSEC ULTRA 50/24;1635,36;3429;;3;Autoservicio A;1127,83;SIMON OLIVERA;;$;2;SOFTYS ARGENTINA S.A;;;CON;;;;;;;;;;;;300;Bruno Centurion;gcw;131943;;True;133990;0;1;;;;;;1;;1635,36
23469;GUATAMBU 480;BURZACO;2026-10-05;05-10-2026;06-10-2026;NCR-A-133996;DevoluciÛn por Rechazo;LAGOPUELO S.A;1509756;-20,00;-46674,20;-56475,78;WANG MIN;RECHAZA, MUY CARO;0,00 %;063;Daniel Martin;;TF UD T/SECA LADYSOFT UL PRT 16u;2333,71;3429;;3;Autoservicio A;1609,46;SIMON OLIVERA;;$;2;SOFTYS ARGENTINA S.A;;;CON;;;;;;;TOALLA FEMENINA;;;;;300;Bruno Centurion;gcw;132470;;True;133996;0;1;;;;;;1;;2333,71
23469;GUATAMBU 480;BURZACO;2026-10-05;05-10-2026;06-10-2026;NCR-A-133996;DevoluciÛn por Rechazo;LAGOPUELO S.A;1509763;-16,00;-36240,80;-43851,37;WANG MIN;RECHAZA, MUY CARO;0,00 %;063;Daniel Martin;;TF Nocturna EXT ALGODON 16X16;2265,05;3429;;3;Autoservicio A;1562,11;SIMON OLIVERA;;$;2;SOFTYS ARGENTINA S.A;;;CON;;;;;;;TOALLA FEMENINA;;;;;300;Bruno Centurion;gcw;132470;;True;133996;0;1;;;;;;1;;2265,05
3185;CALLE 893 4507;Quilmes;2026-10-02;02-10-2026;06-10-2026;NCR-A-133999;DevoluciÛn por Rechazo;LAGOPUELO S.A;1509766;-12,00;-10989,60;-13297,42;WANG YINGQING;RECHAZA, MUY CARO;0,00 %;056;Ezequiel Ferreira;;TF T/SECA NORMAL MAS PROTECC 8x54;915,80;3412;;3;AUTOSERVICIO;631,59;IVAN MONTOYA;;$;2;SOFTYS ARGENTINA S.A;;;CON;;;;;;;TOALLA FEMENINA;;;;;300;Bruno Centurion;gcw;131788;;True;133999;0;1;;;;;;1;;915,80
3185;CALLE 893 4507;Quilmes;2026-10-02;02-10-2026;06-10-2026;NCR-A-133999;DevoluciÛn por Rechazo;LAGOPUELO S.A;1509755;-20,00;-23993,40;-29032,01;WANG YINGQING;RECHAZA, MUY CARO;0,00 %;056;Ezequiel Ferreira;;TF UD T/SECA LADYSOFT ULTRA PROTECT 8;1199,67;3412;;3;AUTOSERVICIO;827,36;IVAN MONTOYA;;$;2;SOFTYS ARGENTINA S.A;;;CON;;;;;;;TOALLA FEMENINA;;;;;300;Bruno Centurion;gcw;131788;;True;133999;0;1;;;;;;1;;1199,67
3185;CALLE 893 4507;Quilmes;2026-10-02;02-10-2026;06-10-2026;NCR-A-133999;DevoluciÛn por Rechazo;LAGOPUELO S.A;1509756;-20,00;-46674,20;-56475,78;WANG YINGQING;RECHAZA, MUY CARO;0,00 %;056;Ezequiel Ferreira;;TF UD T/SECA LADYSOFT UL PRT 16u;2333,71;3412;;3;AUTOSERVICIO;1609,46;IVAN MONTOYA;;$;2;SOFTYS ARGENTINA S.A;;;CON;;;;;;;TOALLA FEMENINA;;;;;300;Bruno Centurion;gcw;131788;;True;133999;0;1;;;;;;1;;2333,71
3185;CALLE 893 4507;Quilmes;2026-10-02;02-10-2026;06-10-2026;NCR-A-133999;DevoluciÛn por Rechazo;LAGOPUELO S.A;1509768;-20,00;-19506,20;-23602,50;WANG YINGQING;RECHAZA, MUY CARO;0,00 %;056;Ezequiel Ferreira;;TF NORMAL T/SUAVE PIEL SENSIBLE 8x54;975,31;3412;;3;AUTOSERVICIO;672,63;IVAN MONTOYA;;$;2;SOFTYS ARGENTINA S.A;;;CON;;;;;;;TOALLA FEMENINA;;;;;300;Bruno Centurion;gcw;131788;;True;133999;0;1;;;;;;1;;975,31
3185;CALLE 893 4507;Quilmes;2026-10-02;02-10-2026;06-10-2026;NCR-A-133999;DevoluciÛn por Rechazo;LAGOPUELO S.A;1509762;-20,00;-23443,80;-28367,00;WANG YINGQING;RECHAZA, MUY CARO;0,00 %;056;Ezequiel Ferreira;;TF NOCTUR EXT A 8x32;1172,19;3412;;3;AUTOSERVICIO;808,41;IVAN MONTOYA;;$;2;SOFTYS ARGENTINA S.A;;;CON;;;;;;;TOALLA FEMENINA;;;;;300;Bruno Centurion;gcw;131788;;True;133999;0;1;;;;;;1;;1172,19
3185;CALLE 893 4507;Quilmes;2026-10-02;02-10-2026;06-10-2026;NCR-A-133999;DevoluciÛn por Rechazo;LAGOPUELO S.A;1509763;-16,00;-36240,80;-43851,37;WANG YINGQING;RECHAZA, MUY CARO;0,00 %;056;Ezequiel Ferreira;;TF Nocturna EXT ALGODON 16X16;2265,05;3412;;3;AUTOSERVICIO;1562,11;IVAN MONTOYA;;$;2;SOFTYS ARGENTINA S.A;;;CON;;;;;;;TOALLA FEMENINA;;;;;300;Bruno Centurion;gcw;131788;;True;133999;0;1;;;;;;1;;2265,05
27664;SANTA ANGELA - (TRADICIONAL) 402;LA UNION;2026-10-06;06-10-2026;07-10-2026;NCR-A-134006;DevoluciÛn por Rechazo;LAGOPUELO S.A;1509749;-10,00;-12371,60;-14969,64;SILVESTRE NINAJA;CERRADO DENTRO DE HORARIO;0,00 %;075;Julieta Yegros;;PD ladysoft clasicos 20x30;1237,16;3446;;2;ALMACEN;896,84;IVAN MONTOYA;;$;2;SOFTYS ARGENTINA S.A;;;CON;;;;;;;PROTECTOR DIARIO;;;;;300;Bruno Centurion;gcw;130985;;True;134006;0;1;;;;;;1;;1237,16
27664;SANTA ANGELA - (TRADICIONAL) 402;LA UNION;2026-10-06;06-10-2026;07-10-2026;NCR-A-134006;DevoluciÛn por Rechazo;LAGOPUELO S.A;1509764;-10,00;-7845,20;-9492,69;SILVESTRE NINAJA;CERRADO DENTRO DE HORARIO;0,00 %;075;Julieta Yegros;;TF NORMAL T/SUAVE EXT ALGODON 8x54;784,52;3446;;2;ALMACEN;585,27;IVAN MONTOYA;;$;2;SOFTYS ARGENTINA S.A;;;CON;;;;;;;TOALLA FEMENINA;;;;;300;Bruno Centurion;gcw;130985;;True;134006;0;1;;;;;;1;;784,52
27664;SANTA ANGELA - (TRADICIONAL) 402;LA UNION;2026-10-06;06-10-2026;07-10-2026;NCR-A-134006;DevoluciÛn por Rechazo;LAGOPUELO S.A;1509761;-10,00;-7357,50;-8902,58;SILVESTRE NINAJA;CERRADO DENTRO DE HORARIO;0,00 %;075;Julieta Yegros;;TF LADYSOFT COMFORT EXT ALGODON 8x54;735,75;3446;;2;ALMACEN;548,43;IVAN MONTOYA;;$;2;SOFTYS ARGENTINA S.A;;;CON;;;;;;;TOALLA FEMENINA;;;;;300;Bruno Centurion;gcw;130985;;True;134006;0;1;;;;;;1;;735,75
27664;SANTA ANGELA - (TRADICIONAL) 402;LA UNION;2026-10-06;06-10-2026;07-10-2026;NCR-A-134006;DevoluciÛn por Rechazo;LAGOPUELO S.A;1509764;-1,00;0,00;0,00;SILVESTRE NINAJA;CERRADO DENTRO DE HORARIO;100,00 %;075;Julieta Yegros;;TF NORMAL T/SUAVE EXT ALGODON 8x54;0,00;3446;;2;ALMACEN;585,27;IVAN MONTOYA;;$;2;SOFTYS ARGENTINA S.A;;;CON;;;;;;;TOALLA FEMENINA;;;;;300;Bruno Centurion;gcw;130985;;True;134006;0;1;;;;;;1;;0,00
29529;LOS MOLINOS E/LOS ALAMOS Y HUGO AGUILAR - (TRADICIONAL) 829;LA UNION;2026-10-06;06-10-2026;07-10-2026;NCR-B-134007;DevoluciÛn por Rechazo;LAGOPUELO S.A;1509764;-10,00;-7845,20;-9492,69;GABRIELA CECILIA ALFONSO;CERRADO DENTRO DE HORARIO;0,00 %;075;Julieta Yegros;;TF NORMAL T/SUAVE EXT ALGODON 8x54;784,52;3446;;5;KIOSCO;585,27;IVAN MONTOYA;;$;2;SOFTYS ARGENTINA S.A;;;CON;;;;;;;TOALLA FEMENINA;;;;;300;Bruno Centurion;gcw;131410;;True;134007;0;1;;;;;;1;;784,52
29529;LOS MOLINOS E/LOS ALAMOS Y HUGO AGUILAR - (TRADICIONAL) 829;LA UNION;2026-10-06;06-10-2026;07-10-2026;NCR-B-134007;DevoluciÛn por Rechazo;LAGOPUELO S.A;1509764;-1,00;0,00;0,00;GABRIELA CECILIA ALFONSO;CERRADO DENTRO DE HORARIO;100,00 %;075;Julieta Yegros;;TF NORMAL T/SUAVE EXT ALGODON 8x54;0,00;3446;;5;KIOSCO;585,27;IVAN MONTOYA;;$;2;SOFTYS ARGENTINA S.A;;;CON;;;;;;;TOALLA FEMENINA;;;;;300;Bruno Centurion;gcw;131410;;True;134007;0;1;;;;;;1;;0,00
23858;ALSINA - (TRADICIONAL) 380;BURZACO;2026-10-06;06-10-2026;07-10-2026;NCR-A-134015;DevoluciÛn por Rechazo;ELEBES;1501627;-1,00;-12040,70;-14569,25;FACUNDO GUILLERMO GARBAGNATI;SIN DINERO;10,00 %;061;Nailah Guzman;;PH Higienol HS Balanced 20mx4/12;12040,70;3447;;georgalos-803;Perfumeria;9488,34;WALTER JANIUK;;$;2;SOFTYS ARGENTINA S.A;;;CON;;;;;;;PAPEL HIG;;;;;300;Bruno Centurion;gcw;133115;;True;134015;0;1;;;;;;1;;12040,70
23858;ALSINA - (TRADICIONAL) 380;BURZACO;2026-10-06;06-10-2026;07-10-2026;NCR-A-134015;DevoluciÛn por Rechazo;ELEBES;1505688;-1,00;-15533,64;-18795,70;FACUNDO GUILLERMO GARBAGNATI;SIN DINERO;5,00 %;061;Nailah Guzman;;RC Sussex clasico mas blanco 50px3/10;15533,64;3447;;georgalos-803;Perfumeria;12112,00;WALTER JANIUK;;$;2;SOFTYS ARGENTINA S.A;;;CON;;;;;;;ROLLO DE COCINA;;;;;300;Bruno Centurion;gcw;133115;;True;134015;0;1;;;;;;1;;15533,64
23390;Dardo Rocha - (AUTOSERVICIOS) 688;BURZACO;2026-10-06;06-10-2026;07-10-2026;NCR-A-134016;DevoluciÛn por Rechazo;LAGOPUELO S.A;1509756;-10,00;-23337,10;-28237,89;CHEN YOULOMG;RECHAZA, MUY CARO;0,00 %;061;Nailah Guzman;;TF UD T/SECA LADYSOFT UL PRT 16u;2333,71;3447;;3;Autoservicio B;1609,46;WALTER JANIUK;;$;2;SOFTYS ARGENTINA S.A;;;CON;;;;;;;TOALLA FEMENINA;;;;;300;Bruno Centurion;gcw;133307;;True;134016;0;1;;;;;;1;;2333,71
23390;Dardo Rocha - (AUTOSERVICIOS) 688;BURZACO;2026-10-06;06-10-2026;07-10-2026;NCR-A-134016;DevoluciÛn por Rechazo;LAGOPUELO S.A;1509759;-10,00;-21307,10;-25781,59;CHEN YOULOMG;RECHAZA, MUY CARO;0,00 %;061;Nailah Guzman;;TF UD T/SUAVE EXT ALG 16x20;2130,71;3447;;3;Autoservicio B;1469,45;WALTER JANIUK;;$;2;SOFTYS ARGENTINA S.A;;;CON;;;;;;;TOALLA FEMENINA;;;;;300;Bruno Centurion;gcw;133307;;True;134016;0;1;;;;;;1;;2130,71
23390;Dardo Rocha - (AUTOSERVICIOS) 688;BURZACO;2026-10-06;06-10-2026;07-10-2026;NCR-A-134016;DevoluciÛn por Rechazo;LAGOPUELO S.A;1509763;-10,00;-22650,50;-27407,11;CHEN YOULOMG;RECHAZA, MUY CARO;0,00 %;061;Nailah Guzman;;TF Nocturna EXT ALGODON 16X16;2265,05;3447;;3;Autoservicio B;1562,11;WALTER JANIUK;;$;2;SOFTYS ARGENTINA S.A;;;CON;;;;;;;TOALLA FEMENINA;;;;;300;Bruno Centurion;gcw;133307;;True;134016;0;1;;;;;;1;;2265,05
27405;Viamonte - (AUTOSERVICIOS) 1045;BANFIELD;2026-10-05;05-10-2026;07-10-2026;NCR-B-134019;DevoluciÛn por Rechazo;LAGOPUELO S.A;1502607;-5,00;-139292,95;-168544,47;Lin Shaobo;NO QUIERE EL CLIENTE;0,00 %;073;Florencia Cubilla;;PH ELITE ULTRA DH SOFT T C/ALG 30Mx4;27858,59;3427;;3;Autoservicio A;18637,00;NAHUEL MONTOYA;;$;2;SOFTYS ARGENTINA S.A;;;CON;;;;;;;PAPEL HIG;;;;;300;Bruno Centurion;gcw;132347;;True;134019;0;1;;;;;;1;;27858,59
3086;AVDA SANTA FE Y CALLE 889;SAN FRANCISCO SOLANO;2026-10-06;06-10-2026;07-10-2026;NCR-A-134033;DevoluciÛn por Rechazo;LAGOPUELO S.A;1505688;-1,00;-15533,64;-18795,70;EVELIN GISEL GAUNA;NO QUIERE EL CLIENTE;5,00 %;056;Ezequiel Ferreira;;RC Sussex clasico mas blanco 50px3/10;15533,64;3445;;3;AUTOSERVICIO;12112,00;LEONARDO SANTA CRUZ;;$;2;SOFTYS ARGENTINA S.A;;;CON;;;;;;;ROLLO DE COCINA;;;;;300;Bruno Centurion;gcw;133029;;True;134033;0;1;;;;;;1;;15533,64
3086;AVDA SANTA FE Y CALLE 889;SAN FRANCISCO SOLANO;2026-10-06;06-10-2026;07-10-2026;NCR-A-134033;DevoluciÛn por Rechazo;LAGOPUELO S.A;1501627;-1,00;-12040,70;-14569,25;EVELIN GISEL GAUNA;NO QUIERE EL CLIENTE;10,00 %;056;Ezequiel Ferreira;;PH Higienol HS Balanced 20mx4/12;12040,70;3445;;3;AUTOSERVICIO;9488,34;LEONARDO SANTA CRUZ;;$;2;SOFTYS ARGENTINA S.A;;;CON;;;;;;;PAPEL HIG;;;;;300;Bruno Centurion;gcw;133029;;True;134033;0;1;;;;;;1;;12040,70
3086;AVDA SANTA FE Y CALLE 889;SAN FRANCISCO SOLANO;2026-10-06;06-10-2026;07-10-2026;NCR-A-134033;DevoluciÛn por Rechazo;LAGOPUELO S.A;1505708;-1,00;-22612,61;-27361,26;EVELIN GISEL GAUNA;NO QUIERE EL CLIENTE;0,00 %;056;Ezequiel Ferreira;;RC SUSEEX CLS MEGARROLO ALTO 200X1;22612,61;3445;;3;AUTOSERVICIO;16750,08;LEONARDO SANTA CRUZ;;$;2;SOFTYS ARGENTINA S.A;;;CON;;;;;;;ROLLO DE COCINA;;;;;300;Bruno Centurion;gcw;133029;;True;134033;0;1;;;;;;1;;22612,61
927;AV TOMAS FLORES 1345;BERNAL OESTE;;07-10-2026;07-10-2026;VEN-134037;Venta;Empresa LAGOPUELO;1506203;2,00;78780,00;95323,80;MERCADO LIBRE;;0,00 %;16;VENDEDOR DEPOSITO;;TO ELITE JUMBO 300Mts SH BEIGE X2 (9138);39390,00;3495;;6;MAYORISTA;30300,00;PEDIDOS INTERNOS;;$;2;SOFTYS ARGENTINA S.A;;;CON;;;;;;;INDUSTRIAL;;;;;;;gcw;;;False;134037;1;1;;;;;;1;;39390,00
27670;RAMON CABRERO - (TRADICIONAL) 1256;LANUS;2026-10-08;08-10-2026;07-10-2026;FAC-B-134042;Venta;Empresa LAGOPUELO;1501553;1,00;22551,25;27287,01;ADRIAN GUSTAVO ANTINUCCI;;15,00 %;27;Samanta Dogliotti;;PH HIGIENOL DH PLUS FUSI”N 30M x4/10;22551,25;3471;;5;KIOSCO;17199,92;CLAUDIO GARCIA;;$;2;SOFTYS ARGENTINA S.A;;;CON;;;;;;;PAPEL HIG;;;;;25;JOHANA VIGIL;AXUM;;;False;134042;0;1;;;;;;1;;22551,25
27670;RAMON CABRERO - (TRADICIONAL) 1256;LANUS;2026-10-08;08-10-2026;07-10-2026;FAC-B-134042;Venta;Empresa LAGOPUELO;1505688;1,00;15533,64;18795,70;ADRIAN GUSTAVO ANTINUCCI;;5,00 %;27;Samanta Dogliotti;;RC Sussex clasico mas blanco 50px3/10;15533,64;3471;;5;KIOSCO;12112,00;CLAUDIO GARCIA;;$;2;SOFTYS ARGENTINA S.A;;;CON;;;;;;;ROLLO DE COCINA;;;;;25;JOHANA VIGIL;AXUM;;;False;134042;0;1;;;;;;1;;15533,64
27670;RAMON CABRERO - (TRADICIONAL) 1256;LANUS;2026-10-08;08-10-2026;07-10-2026;FAC-B-134042;Venta;Empresa LAGOPUELO;1501627;1,00;12040,70;14569,25;ADRIAN GUSTAVO ANTINUCCI;;10,00 %;27;Samanta Dogliotti;;PH Higienol HS Balanced 20mx4/12;12040,70;3471;;5;KIOSCO;9488,34;CLAUDIO GARCIA;;$;2;SOFTYS ARGENTINA S.A;;;CON;;;;;;;PAPEL HIG;;;;;25;JOHANA VIGIL;AXUM;;;False;134042;0;1;;;;;;1;;12040,70
106163;Cavour 3242 0;LANUS;2026-10-08;08-10-2026;07-10-2026;FAC-A-134048;Venta;LAGOPUELO S.A;1502607;1,00;27858,59;33708,89;Lin Enping;;0,00 %;24;Cecilia Gauchez;;PH ELITE ULTRA DH SOFT T C/ALG 30Mx4;27858,59;3471;;3;AUTOSERVICIO;18637,00;CLAUDIO GARCIA;;$;2;SOFTYS ARGENTINA S.A;;;EFV;;;;;;;PAPEL HIG;;;;;25;JOHANA VIGIL;AXUM;;;False;134048;0;1;;;;;;1;;27858,59
345;JUAN B JUSTO 915;Florencio Varela;2026-10-08;08-10-2026;07-10-2026;FAC-B-134050;Venta;ELEBES;1503131;10,00;24754,60;29953,07;MARIA ELENA GEREZ;;0,00 %;051;Ezequiel Valente;;TH BABYSEC PREMIUM X45/10;2475,46;3474;;2;ALMACEN;1707,21;JUAN ESCOTO;;$;2;SOFTYS ARGENTINA S.A;;;EFV;;;;;;;TOALLA HUMEDA;;;;;300;Bruno Centurion;AXUM;;;False;134050;0;1;;;;;;1;;2475,46
23500;REPUBLICA ARGENTINA - (AUTOSERVICIOS) 1123;RAFAEL CALZADA;2026-10-08;08-10-2026;07-10-2026;FAC-A-134056;Venta;LAGOPUELO S.A;1501627;10,00;113717,76;137598,49;LIN CHUNYING;;15,00 %;063;Daniel Martin;;PH Higienol HS Balanced 20mx4/12;11371,78;3475;;3;Autoservicio A;9488,34;HERNAN RIVERO;;$;2;SOFTYS ARGENTINA S.A;;;CON;;;;;;;PAPEL HIG;;;;;300;Bruno Centurion;AXUM;;;False;134056;0;1;;;;;;1;;11371,78
23500;REPUBLICA ARGENTINA - (AUTOSERVICIOS) 1123;RAFAEL CALZADA;2026-10-08;08-10-2026;07-10-2026;FAC-A-134056;Venta;LAGOPUELO S.A;1505496;35,00;43426,25;52545,76;LIN CHUNYING;;0,00 %;063;Daniel Martin;;PO ELITE ST CON ALGODON X10 PACK 6;1240,75;3475;;3;Autoservicio A;855,69;HERNAN RIVERO;;$;2;SOFTYS ARGENTINA S.A;;;CON;;;;;;;PAÒUELOS;;;;;300;Bruno Centurion;AXUM;;;False;134056;0;1;;;;;;1;;1240,75
23500;REPUBLICA ARGENTINA - (AUTOSERVICIOS) 1123;RAFAEL CALZADA;2026-10-08;08-10-2026;07-10-2026;FAC-A-134056;Venta;LAGOPUELO S.A;1505776;30,00;41961,90;50773,90;LIN CHUNYING;;0,00 %;063;Daniel Martin;;SE SUSSEX HS 30X30 BLANCA X80;1398,73;3475;;3;Autoservicio A;1036,10;HERNAN RIVERO;;$;2;SOFTYS ARGENTINA S.A;;;CON;;;;;;;SERVILLETA;;;;;300;Bruno Centurion;AXUM;;;False;134056;0;1;;;;;;1;;1398,73
5798;CONSTANZO - (Autoservicio) 2399;MONTE GRANDE;;08-10-2026;07-10-2026;VEN-134059;Venta;LAGOPUELO S.A;1503118;24,00;39248,64;47490,85;SHENG LIN;;0,00 %;064;Karina Fernandez;;TH BABYSEC ULTRA 50/24;1635,36;;;3;Autoservicio A;1127,83;;;$;2;SOFTYS ARGENTINA S.A;;;CON;;;;;;;;;;;;300;Bruno Centurion;AXUM;;;False;134059;1;1;;;;;;1;;1635,36
5798;CONSTANZO - (Autoservicio) 2399;MONTE GRANDE;;08-10-2026;07-10-2026;VEN-134059;Venta;LAGOPUELO S.A;1509765;54,00;89757,72;108606,84;SHENG LIN;;0,00 %;064;Karina Fernandez;;TF NORMALT/SUAVE EXT ALG 16x27;1662,18;;;3;Autoservicio A;1146,33;;;$;2;SOFTYS ARGENTINA S.A;;;CON;;;;;;;TOALLA FEMENINA;;;;;300;Bruno Centurion;AXUM;;;False;134059;1;1;;;;;;1;;1662,18
29162;BRANDSEN - (TRADICIONAL) 359;QUILMES;2026-10-08;08-10-2026;07-10-2026;FAC-A-134065;Venta;LAGOPUELO S.A;1501553;1,00;22551,25;27287,01;FLORENCIA MARIA MEDINA;;15,00 %;2;Fernanda Cejas;;PH HIGIENOL DH PLUS FUSI”N 30M x4/10;22551,25;3476;;2;ALMACEN;17199,92;LEONARDO SANTA CRUZ;;$;2;SOFTYS ARGENTINA S.A;;;CON;;;;;;;PAPEL HIG;;;;;25;JOHANA VIGIL;AXUM;;;False;134065;0;1;;;;;;1;;22551,25
29162;BRANDSEN - (TRADICIONAL) 359;QUILMES;2026-10-08;08-10-2026;07-10-2026;FAC-A-134065;Venta;LAGOPUELO S.A;1505688;2,00;31067,28;37591,41;FLORENCIA MARIA MEDINA;;5,00 %;2;Fernanda Cejas;;RC Sussex clasico mas blanco 50px3/10;15533,64;3476;;2;ALMACEN;12112,00;LEONARDO SANTA CRUZ;;$;2;SOFTYS ARGENTINA S.A;;;CON;;;;;;;ROLLO DE COCINA;;;;;25;JOHANA VIGIL;AXUM;;;False;134065;0;1;;;;;;1;;15533,64
927;AV TOMAS FLORES 1345;BERNAL OESTE;;07-10-2026;07-10-2026;VEN-134069;Venta;Empresa LAGOPUELO;1506203;1,00;39390,00;47661,90;MERCADO LIBRE;;0,00 %;16;VENDEDOR DEPOSITO;;TO ELITE JUMBO 300Mts SH BEIGE X2 (9138);39390,00;3495;;6;MAYORISTA;30300,00;PEDIDOS INTERNOS;;$;2;SOFTYS ARGENTINA S.A;;;CON;;;;;;;INDUSTRIAL;;;;;;;gcw;;;False;134069;1;1;;;;;;1;;39390,00
5582;TUCUMAN ESQ BOUCHARD - (TRADICIONAL) 195;RAFAEL CALZADA;2026-10-08;08-10-2026;07-10-2026;FAC-B-134073;Venta;Empresa LAGOPUELO;1505496;10,00;12407,50;15013,08;HMAN BELIZAN;;0,00 %;062;Nahuel Martinez;;PO ELITE ST CON ALGODON X10 PACK 6;1240,75;3479;;2;ALMACEN;855,69;MARIANO SOSA;;$;2;SOFTYS ARGENTINA S.A;;;CON;;;;;;;PAÒUELOS;;;;;300;Bruno Centurion;AXUM;;;False;134073;0;1;;;;;;1;;1240,75
5582;TUCUMAN ESQ BOUCHARD - (TRADICIONAL) 195;RAFAEL CALZADA;2026-10-08;08-10-2026;07-10-2026;FAC-B-134073;Venta;Empresa LAGOPUELO;1501618;1,00;19032,09;23028,83;HMAN BELIZAN;;0,00 %;062;Nahuel Martinez;;PH HIG  FRESH ALOE 30M X4/12;19032,09;3479;;2;ALMACEN;13125,58;MARIANO SOSA;;$;2;SOFTYS ARGENTINA S.A;;;CON;;;;;;;PAPEL HIG;;;;;300;Bruno Centurion;AXUM;;;False;134073;0;1;;;;;;1;;19032,09
23137;A ALSINA 4276;CLAYPOLE;2026-10-08;08-10-2026;07-10-2026;FAC-A-134074;Venta;LAGOPUELO S.A;1509762;10,00;11721,90;14183,50;YANG BIN;;0,00 %;061;Nailah Guzman;;TF NOCTUR EXT A 8x32;1172,19;3477;;3;Autoservicio B;808,41;NAHUEL MONTOYA;;$;2;SOFTYS ARGENTINA S.A;;;CON;;;;;;;TOALLA FEMENINA;;;;;300;Bruno Centurion;AXUM;;;False;134074;0;1;;;;;;1;;1172,19
23137;A ALSINA 4276;CLAYPOLE;2026-10-08;08-10-2026;07-10-2026;FAC-A-134074;Venta;LAGOPUELO S.A;1509761;10,00;7952,20;9622,16;YANG BIN;;0,00 %;061;Nailah Guzman;;TF LADYSOFT COMFORT EXT ALGODON 8x54;795,22;3477;;3;Autoservicio B;548,43;NAHUEL MONTOYA;;$;2;SOFTYS ARGENTINA S.A;;;CON;;;;;;;TOALLA FEMENINA;;;;;300;Bruno Centurion;AXUM;;;False;134074;0;1;;;;;;1;;795,22
23137;A ALSINA 4276;CLAYPOLE;2026-10-08;08-10-2026;07-10-2026;FAC-A-134074;Venta;LAGOPUELO S.A;1509758;10,00;11157,40;13500,45;YANG BIN;;0,00 %;061;Nailah Guzman;;TF UD T/SUAVE EXT ALGO 8X40;1115,74;3477;;3;Autoservicio B;769,48;NAHUEL MONTOYA;;$;2;SOFTYS ARGENTINA S.A;;;CON;;;;;;;TOALLA FEMENINA;;;;;300;Bruno Centurion;AXUM;;;False;134074;0;1;;;;;;1;;1115,74
23137;A ALSINA 4276;CLAYPOLE;2026-10-08;08-10-2026;07-10-2026;FAC-A-134074;Venta;LAGOPUELO S.A;1503118;24,00;39248,64;47490,85;YANG BIN;;0,00 %;061;Nailah Guzman;;TH BABYSEC ULTRA 50/24;1635,36;3477;;3;Autoservicio B;1127,83;NAHUEL MONTOYA;;$;2;SOFTYS ARGENTINA S.A;;;CON;;;;;;;;;;;;300;Bruno Centurion;AXUM;;;False;134074;0;1;;;;;;1;;1635,36
670;JUNCAL 2738;Lan˙s Oeste;2026-10-08;08-10-2026;07-10-2026;FAC-B-134076;Venta;LAGOPUELO S.A;1501553;1,00;22551,25;27287,01;Cristian Ariel locuratolo;;15,00 %;28;Nadia Diaz;;PH HIGIENOL DH PLUS FUSI”N 30M x4/10;22551,25;3471;;2;ALMACEN;17199,92;CLAUDIO GARCIA;;$;2;SOFTYS ARGENTINA S.A;;;EFV;;;;;;;PAPEL HIG;;;;;25;JOHANA VIGIL;AXUM;;;False;134076;0;1;;;;;;1;;22551,25
670;JUNCAL 2738;Lan˙s Oeste;2026-10-08;08-10-2026;07-10-2026;FAC-B-134076;Venta;LAGOPUELO S.A;1505688;1,00;15533,64;18795,70;Cristian Ariel locuratolo;;5,00 %;28;Nadia Diaz;;RC Sussex clasico mas blanco 50px3/10;15533,64;3471;;2;ALMACEN;12112,00;CLAUDIO GARCIA;;$;2;SOFTYS ARGENTINA S.A;;;EFV;;;;;;;ROLLO DE COCINA;;;;;25;JOHANA VIGIL;AXUM;;;False;134076;0;1;;;;;;1;;15533,64
6415;Calle 556 N 1100;Varela;2026-10-08;08-10-2026;07-10-2026;FAC-A-134079;Venta;LAGOPUELO S.A;1503131;10,00;24754,60;29953,07;Wang Youfu;;0,00 %;7;Myrian Lertora;;TH BABYSEC PREMIUM X45/10;2475,46;3472;;3;AUTOSERVICIO;1707,21;IVAN MONTOYA;;$;2;SOFTYS ARGENTINA S.A;;;CON;;;;;;;TOALLA HUMEDA;;;;;25;JOHANA VIGIL;AXUM;;;False;134079;0;1;;;;;;1;;2475,46
6415;Calle 556 N 1100;Varela;2026-10-08;08-10-2026;07-10-2026;FAC-A-134079;Venta;LAGOPUELO S.A;1509758;40,00;44629,60;54001,82;Wang Youfu;;0,00 %;7;Myrian Lertora;;TF UD T/SUAVE EXT ALGO 8X40;1115,74;3472;;3;AUTOSERVICIO;769,48;IVAN MONTOYA;;$;2;SOFTYS ARGENTINA S.A;;;CON;;;;;;;TOALLA FEMENINA;;;;;25;JOHANA VIGIL;AXUM;;;False;134079;0;1;;;;;;1;;1115,74
6415;Calle 556 N 1100;Varela;2026-10-08;08-10-2026;07-10-2026;FAC-A-134079;Venta;LAGOPUELO S.A;1509755;40,00;47986,80;58064,03;Wang Youfu;;0,00 %;7;Myrian Lertora;;TF UD T/SECA LADYSOFT ULTRA PROTECT 8;1199,67;3472;;3;AUTOSERVICIO;827,36;IVAN MONTOYA;;$;2;SOFTYS ARGENTINA S.A;;;CON;;;;;;;TOALLA FEMENINA;;;;;25;JOHANA VIGIL;AXUM;;;False;134079;0;1;;;;;;1;;1199,67
6415;Calle 556 N 1100;Varela;2026-10-08;08-10-2026;07-10-2026;FAC-A-134079;Venta;LAGOPUELO S.A;1509762;10,00;11721,90;14183,50;Wang Youfu;;0,00 %;7;Myrian Lertora;;TF NOCTUR EXT A 8x32;1172,19;3472;;3;AUTOSERVICIO;808,41;IVAN MONTOYA;;$;2;SOFTYS ARGENTINA S.A;;;CON;;;;;;;TOALLA FEMENINA;;;;;25;JOHANA VIGIL;AXUM;;;False;134079;0;1;;;;;;1;;1172,19
6415;Calle 556 N 1100;Varela;2026-10-08;08-10-2026;07-10-2026;FAC-A-134079;Venta;LAGOPUELO S.A;1509749;10,00;13004,20;15735,08;Wang Youfu;;0,00 %;7;Myrian Lertora;;PD ladysoft clasicos 20x30;1300,42;3472;;3;AUTOSERVICIO;896,84;IVAN MONTOYA;;$;2;SOFTYS ARGENTINA S.A;;;CON;;;;;;;PROTECTOR DIARIO;;;;;25;JOHANA VIGIL;AXUM;;;False;134079;0;1;;;;;;1;;1300,42
23312;Jorge Santiago Bynnon - (AUTOSERVICIOS) 3726;RAFAEL CALZADA;2026-10-08;08-10-2026;07-10-2026;FAC-A-134082;Venta;LAGOPUELO S.A;1501627;5,00;60203,52;72846,26;TRAVESANI MABEL IPOLITA;;10,00 %;062;Nahuel Martinez;;PH Higienol HS Balanced 20mx4/12;12040,70;3479;;3;Autoservicio A;9488,34;MARIANO SOSA;;$;2;SOFTYS ARGENTINA S.A;;;CON;;;;;;;PAPEL HIG;;;;;300;Bruno Centurion;AXUM;;;False;134082;0;1;;;;;;1;;12040,70
23312;Jorge Santiago Bynnon - (AUTOSERVICIOS) 3726;RAFAEL CALZADA;2026-10-08;08-10-2026;07-10-2026;FAC-A-134082;Venta;LAGOPUELO S.A;1503118;24,00;39248,64;47490,85;TRAVESANI MABEL IPOLITA;;0,00 %;062;Nahuel Martinez;;TH BABYSEC ULTRA 50/24;1635,36;3479;;3;Autoservicio A;1127,83;MARIANO SOSA;;$;2;SOFTYS ARGENTINA S.A;;;CON;;;;;;;;;;;;300;Bruno Centurion;AXUM;;;False;134082;0;1;;;;;;1;;1635,36
23314;Jorge Santiago Bynnon - (AUTOSERVICIOS) 4045;SAN JOSE;2026-10-08;08-10-2026;07-10-2026;FAC-A-134084;Venta;LAGOPUELO S.A;1505688;2,00;31067,28;37591,41;CABRERA JACINTA;;5,00 %;062;Nahuel Martinez;;RC Sussex clasico mas blanco 50px3/10;15533,64;3479;;2;ALMACEN;12112,00;MARIANO SOSA;;$;2;SOFTYS ARGENTINA S.A;;;CON;;;;;;;ROLLO DE COCINA;;;;;300;Bruno Centurion;AXUM;;;False;134084;0;1;;;;;;1;;15533,64
5333;EVA PERON 4112;FLORENCIO VARELA;2026-10-08;08-10-2026;07-10-2026;FAC-A-134085;Venta;LAGOPUELO S.A;1507915;10,00;321053,22;388474,40;ALBERTO CRAVINO;;10,00 %;6;Nieves Alegre;;PH HIGIENOL DH YAPA 50X x4;32105,32;3472;;3;AUTOSERVICIO;24601,78;IVAN MONTOYA;;$;2;SOFTYS ARGENTINA S.A;;;CON;;;;;;;PAPEL HIG;;;;;25;JOHANA VIGIL;AXUM;;;False;134085;0;1;;;;;;1;;32105,32
5333;EVA PERON 4112;FLORENCIO VARELA;2026-10-08;08-10-2026;07-10-2026;FAC-A-134085;Venta;LAGOPUELO S.A;1505496;105,00;117250,88;141873,56;ALBERTO CRAVINO;;10,00 %;6;Nieves Alegre;;PO ELITE ST CON ALGODON X10 PACK 6;1116,68;3472;;3;AUTOSERVICIO;855,69;IVAN MONTOYA;;$;2;SOFTYS ARGENTINA S.A;;;CON;;;;;;;PAÒUELOS;;;;;25;JOHANA VIGIL;AXUM;;;False;134085;0;1;;;;;;1;;1116,68
107899;VILLA LUJAN (ENTRE EVA PERON Y GRAL GUIDO) 1468;LANUS;2026-10-08;08-10-2026;07-10-2026;FAC-A-134087;Venta;LAGOPUELO S.A;1504740;1,00;5329,75;6448,99;Davis Silvana Gisella;;10,00 %;28;Nadia Diaz;;PL BABYSEC ULTRA G 22/8;5329,75;3471;;5;KIOSCO;4386,62;CLAUDIO GARCIA;;$;2;SOFTYS ARGENTINA S.A;;;EFV;;;;;;;PAÒAL;;;;;25;JOHANA VIGIL;AXUM;;;False;134087;0;1;;;;;;1;;5329,75
107899;VILLA LUJAN (ENTRE EVA PERON Y GRAL GUIDO) 1468;LANUS;2026-10-08;08-10-2026;07-10-2026;FAC-A-134087;Venta;LAGOPUELO S.A;1504741;1,00;5329,76;6449,01;Davis Silvana Gisella;;10,00 %;28;Nadia Diaz;;PL BABYSEC ULTRA XG 18/10;5329,76;3471;;5;KIOSCO;4386,64;CLAUDIO GARCIA;;$;2;SOFTYS ARGENTINA S.A;;;EFV;;;;;;;PAÒAL;;;;;25;JOHANA VIGIL;AXUM;;;False;134087;0;1;;;;;;1;;5329,76
398;IRINEO PORTELA 1441;Florencio Varela;2026-10-08;08-10-2026;07-10-2026;FAC-A-134090;Venta;LAGOPUELO S.A;1509762;32,00;37510,08;45387,20;WANG LINGLING;;0,00 %;7;Myrian Lertora;;TF NOCTUR EXT A 8x32;1172,19;3472;;3;AUTOSERVICIO;808,41;IVAN MONTOYA;;$;2;SOFTYS ARGENTINA S.A;;;EFV;;;;;;;TOALLA FEMENINA;;;;;25;JOHANA VIGIL;AXUM;;;False;134090;0;1;;;;;;1;;1172,19
398;IRINEO PORTELA 1441;Florencio Varela;2026-10-08;08-10-2026;07-10-2026;FAC-A-134090;Venta;LAGOPUELO S.A;1509763;16,00;36240,80;43851,37;WANG LINGLING;;0,00 %;7;Myrian Lertora;;TF Nocturna EXT ALGODON 16X16;2265,05;3472;;3;AUTOSERVICIO;1562,11;IVAN MONTOYA;;$;2;SOFTYS ARGENTINA S.A;;;EFV;;;;;;;TOALLA FEMENINA;;;;;25;JOHANA VIGIL;AXUM;;;False;134090;0;1;;;;;;1;;2265,05
3011;BRANDSEN 82;Quilmes;2026-10-08;08-10-2026;07-10-2026;FAC-A-134092;Venta;LAGOPUELO S.A;1501627;15,00;170576,64;206397,73;CHEN MING;;15,00 %;2;Fernanda Cejas;;PH Higienol HS Balanced 20mx4/12;11371,78;3476;;3;AUTOSERVICIO;9488,34;LEONARDO SANTA CRUZ;;$;2;SOFTYS ARGENTINA S.A;;;CON;;;;;;;PAPEL HIG;;;;;25;JOHANA VIGIL;AXUM;;;False;134092;0;1;;;;;;1;;11371,78
3191;ANDRES BARANDA 311;Quilmes;2026-10-08;08-10-2026;07-10-2026;FAC-A-134096;Venta;LAGOPUELO S.A;1509755;4,00;4798,68;5806,40;BORAC NIDI S.R.L.;;0,00 %;054;Leonel Caruso;;TF UD T/SECA LADYSOFT ULTRA PROTECT 8;1199,67;3476;;3;AUTOSERVICIO;827,36;LEONARDO SANTA CRUZ;;$;2;SOFTYS ARGENTINA S.A;;;CON;;;;;;;TOALLA FEMENINA;;;;;300;Bruno Centurion;AXUM;;;False;134096;0;1;;;;;;1;;1199,67
3191;ANDRES BARANDA 311;Quilmes;2026-10-08;08-10-2026;07-10-2026;FAC-A-134096;Venta;LAGOPUELO S.A;1509761;4,00;3180,88;3848,86;BORAC NIDI S.R.L.;;0,00 %;054;Leonel Caruso;;TF LADYSOFT COMFORT EXT ALGODON 8x54;795,22;3476;;3;AUTOSERVICIO;548,43;LEONARDO SANTA CRUZ;;$;2;SOFTYS ARGENTINA S.A;;;CON;;;;;;;TOALLA FEMENINA;;;;;300;Bruno Centurion;AXUM;;;False;134096;0;1;;;;;;1;;795,22
3191;ANDRES BARANDA 311;Quilmes;2026-10-08;08-10-2026;07-10-2026;FAC-A-134096;Venta;LAGOPUELO S.A;1503118;6,00;9812,16;11872,71;BORAC NIDI S.R.L.;;0,00 %;054;Leonel Caruso;;TH BABYSEC ULTRA 50/24;1635,36;3476;;3;AUTOSERVICIO;1127,83;LEONARDO SANTA CRUZ;;$;2;SOFTYS ARGENTINA S.A;;;CON;;;;;;;;;;;;300;Bruno Centurion;AXUM;;;False;134096;0;1;;;;;;1;;1635,36
3191;ANDRES BARANDA 311;Quilmes;2026-10-08;08-10-2026;07-10-2026;FAC-A-134096;Venta;LAGOPUELO S.A;1501627;1,00;12040,70;14569,25;BORAC NIDI S.R.L.;;10,00 %;054;Leonel Caruso;;PH Higienol HS Balanced 20mx4/12;12040,70;3476;;3;AUTOSERVICIO;9488,34;LEONARDO SANTA CRUZ;;$;2;SOFTYS ARGENTINA S.A;;;CON;;;;;;;PAPEL HIG;;;;;300;Bruno Centurion;AXUM;;;False;134096;0;1;;;;;;1;;12040,70
102401;9 De Julio 3246 1 0;LANUS;2026-10-08;08-10-2026;07-10-2026;FAC-A-134102;Venta;LAGOPUELO S.A;1509762;10,00;11721,90;14183,50;Shi Hualian;;0,00 %;29;Camila Navarrete;;TF NOCTUR EXT A 8x32;1172,19;3473;;3;AUTOSERVICIO;808,41;SIMON OLIVERA;;$;2;SOFTYS ARGENTINA S.A;;;EFV;;;;;;;TOALLA FEMENINA;;;;;25;JOHANA VIGIL;AXUM;;;False;134102;0;1;;;;;;1;;1172,19
102401;9 De Julio 3246 1 0;LANUS;2026-10-08;08-10-2026;07-10-2026;FAC-A-134102;Venta;LAGOPUELO S.A;1509758;10,00;11157,40;13500,45;Shi Hualian;;0,00 %;29;Camila Navarrete;;TF UD T/SUAVE EXT ALGO 8X40;1115,74;3473;;3;AUTOSERVICIO;769,48;SIMON OLIVERA;;$;2;SOFTYS ARGENTINA S.A;;;EFV;;;;;;;TOALLA FEMENINA;;;;;25;JOHANA VIGIL;AXUM;;;False;134102;0;1;;;;;;1;;1115,74
102401;9 De Julio 3246 1 0;LANUS;2026-10-08;08-10-2026;07-10-2026;FAC-A-134102;Venta;LAGOPUELO S.A;1509763;16,00;36240,80;43851,37;Shi Hualian;;0,00 %;29;Camila Navarrete;;TF Nocturna EXT ALGODON 16X16;2265,05;3473;;3;AUTOSERVICIO;1562,11;SIMON OLIVERA;;$;2;SOFTYS ARGENTINA S.A;;;EFV;;;;;;;TOALLA FEMENINA;;;;;25;JOHANA VIGIL;AXUM;;;False;134102;0;1;;;;;;1;;2265,05
102401;9 De Julio 3246 1 0;LANUS;2026-10-08;08-10-2026;07-10-2026;FAC-A-134102;Venta;LAGOPUELO S.A;1509767;12,00;16282,80;19702,19;Shi Hualian;;0,00 %;29;Camila Navarrete;;TF UD TSUAVE ACTIVE 8X40;1356,90;3473;;3;AUTOSERVICIO;935,79;SIMON OLIVERA;;$;2;SOFTYS ARGENTINA S.A;;;EFV;;;;;;;TOALLA FEMENINA;;;;;25;JOHANA VIGIL;AXUM;;;False;134102;0;1;;;;;;1;;1356,90
102401;9 De Julio 3246 1 0;LANUS;2026-10-08;08-10-2026;07-10-2026;FAC-A-134102;Venta;LAGOPUELO S.A;1509768;12,00;11703,72;14161,50;Shi Hualian;;0,00 %;29;Camila Navarrete;;TF NORMAL T/SUAVE PIEL SENSIBLE 8x54;975,31;3473;;3;AUTOSERVICIO;672,63;SIMON OLIVERA;;$;2;SOFTYS ARGENTINA S.A;;;EFV;;;;;;;TOALLA FEMENINA;;;;;25;JOHANA VIGIL;AXUM;;;False;134102;0;1;;;;;;1;;975,31
27954;NESTOR DE LA PE√‚ÄòA ENTRE OLLEROS Y EL ROSEDAL - (TRADICIONAL) 226;LLAVALLOL;;08-10-2026;07-10-2026;VEN-134116;Venta;LAGOPUELO S.A;1501627;1,00;12040,70;14569,25;GUSTAVO ARIEL CARNERO;;10,00 %;074;Romina Baez;;PH Higienol HS Balanced 20mx4/12;12040,70;;;2;ALMACEN;9488,34;;;$;2;SOFTYS ARGENTINA S.A;;;CON;;;;;;;PAPEL HIG;;;;;300;Bruno Centurion;AXUM;;;False;134116;1;1;;;;;;1;;12040,70
22843;EVA PERON - (TRADITIONAL TRADE) 4060;FLORENCIO VARELA;2026-10-08;08-10-2026;07-10-2026;FAC-A-134123;Venta;LAGOPUELO S.A;1509757;30,00;100003,80;121004,60;WU JINLAN;;0,00 %;6;Nieves Alegre;;TF UD T/SECA LADYSOFT UL PTEC 24u;3333,46;3472;;3;Autoservicio A;2298,94;IVAN MONTOYA;;$;2;SOFTYS ARGENTINA S.A;;;CON;;;;;;;TOALLA FEMENINA;;;;;25;JOHANA VIGIL;AXUM;;;False;134123;0;1;;;;;;1;;3333,46
22843;EVA PERON - (TRADITIONAL TRADE) 4060;FLORENCIO VARELA;2026-10-08;08-10-2026;07-10-2026;FAC-A-134123;Venta;LAGOPUELO S.A;1509763;16,00;36240,80;43851,37;WU JINLAN;;0,00 %;6;Nieves Alegre;;TF Nocturna EXT ALGODON 16X16;2265,05;3472;;3;Autoservicio A;1562,11;IVAN MONTOYA;;$;2;SOFTYS ARGENTINA S.A;;;CON;;;;;;;TOALLA FEMENINA;;;;;25;JOHANA VIGIL;AXUM;;;False;134123;0;1;;;;;;1;;2265,05
22843;EVA PERON - (TRADITIONAL TRADE) 4060;FLORENCIO VARELA;2026-10-08;08-10-2026;07-10-2026;FAC-A-134123;Venta;LAGOPUELO S.A;1509759;20,00;42614,20;51563,18;WU JINLAN;;0,00 %;6;Nieves Alegre;;TF UD T/SUAVE EXT ALG 16x20;2130,71;3472;;3;Autoservicio A;1469,45;IVAN MONTOYA;;$;2;SOFTYS ARGENTINA S.A;;;CON;;;;;;;TOALLA FEMENINA;;;;;25;JOHANA VIGIL;AXUM;;;False;134123;0;1;;;;;;1;;2130,71
22843;EVA PERON - (TRADITIONAL TRADE) 4060;FLORENCIO VARELA;2026-10-08;08-10-2026;07-10-2026;FAC-A-134123;Venta;LAGOPUELO S.A;1509766;54,00;49453,20;59838,37;WU JINLAN;;0,00 %;6;Nieves Alegre;;TF T/SECA NORMAL MAS PROTECC 8x54;915,80;3472;;3;Autoservicio A;631,59;IVAN MONTOYA;;$;2;SOFTYS ARGENTINA S.A;;;CON;;;;;;;TOALLA FEMENINA;;;;;25;JOHANA VIGIL;AXUM;;;False;134123;0;1;;;;;;1;;915,80
105324;RamÛn Cabrero 3315;REMEDIOS DE ESCALADA;2026-10-08;08-10-2026;07-10-2026;FAC-A-134144;Venta;LAGOPUELO S.A;1505688;1,00;15533,64;18795,70;Bulla Walter Fabian;;5,00 %;29;Camila Navarrete;;RC Sussex clasico mas blanco 50px3/10;15533,64;3473;;5;KIOSCO;12112,00;SIMON OLIVERA;;$;2;SOFTYS ARGENTINA S.A;;;EFV;;;;;;;ROLLO DE COCINA;;;;;25;JOHANA VIGIL;AXUM;;;False;134144;0;1;;;;;;1;;15533,64
105324;RamÛn Cabrero 3315;REMEDIOS DE ESCALADA;2026-10-08;08-10-2026;07-10-2026;FAC-A-134144;Venta;LAGOPUELO S.A;1501585;1,00;36501,38;44166,67;Bulla Walter Fabian;;0,00 %;29;Camila Navarrete;;PH HIGIENOL HS MAX ALOE PANAL 80M X4;36501,38;3473;;5;KIOSCO;24669,76;SIMON OLIVERA;;$;2;SOFTYS ARGENTINA S.A;;;EFV;;;;;;;PAPEL HIG;;;;;25;JOHANA VIGIL;AXUM;;;False;134144;0;1;;;;;;1;;36501,38
105324;RamÛn Cabrero 3315;REMEDIOS DE ESCALADA;2026-10-08;08-10-2026;07-10-2026;FAC-A-134144;Venta;LAGOPUELO S.A;1509764;6,00;5091,84;6161,13;Bulla Walter Fabian;;0,00 %;29;Camila Navarrete;;TF NORMAL T/SUAVE EXT ALGODON 8x54;848,64;3473;;5;KIOSCO;585,27;SIMON OLIVERA;;$;2;SOFTYS ARGENTINA S.A;;;EFV;;;;;;;TOALLA FEMENINA;;;;;25;JOHANA VIGIL;AXUM;;;False;134144;0;1;;;;;;1;;848,64
23333;AV SAN MARTIN - (AUTOSERVICIOS) 4083;RAFAEL CALZADA;2026-10-08;08-10-2026;07-10-2026;FAC-A-134158;Venta;LAGOPUELO S.A;1509763;12,00;27180,60;32888,53;SUPERMERCADO ALIANZA;;0,00 %;062;Nahuel Martinez;;TF Nocturna EXT ALGODON 16X16;2265,05;3479;;3;Autoservicio B;1562,11;MARIANO SOSA;;$;2;SOFTYS ARGENTINA S.A;;;CON;;;;;;;TOALLA FEMENINA;;;;;300;Bruno Centurion;AXUM;;;False;134158;0;1;;;;;;1;;2265,05
5423;AV SAN MARTIN 3946;RAFAEL CALZADA;2026-10-08;08-10-2026;07-10-2026;FAC-A-134163;Venta;LAGOPUELO S.A;1509755;40,00;47986,80;58064,03;GALLO DEL SUR S. R. L.;;0,00 %;062;Nahuel Martinez;;TF UD T/SECA LADYSOFT ULTRA PROTECT 8;1199,67;3479;;6;MAYORISTA;827,36;MARIANO SOSA;;$;2;SOFTYS ARGENTINA S.A;;;CON;;;;;;;TOALLA FEMENINA;;;;;300;Bruno Centurion;AXUM;;;False;134163;0;1;;;;;;1;;1199,67
5423;AV SAN MARTIN 3946;RAFAEL CALZADA;2026-10-08;08-10-2026;07-10-2026;FAC-A-134163;Venta;LAGOPUELO S.A;1509762;32,00;37510,08;45387,20;GALLO DEL SUR S. R. L.;;0,00 %;062;Nahuel Martinez;;TF NOCTUR EXT A 8x32;1172,19;3479;;6;MAYORISTA;808,41;MARIANO SOSA;;$;2;SOFTYS ARGENTINA S.A;;;CON;;;;;;;TOALLA FEMENINA;;;;;300;Bruno Centurion;AXUM;;;False;134163;0;1;;;;;;1;;1172,19
5423;AV SAN MARTIN 3946;RAFAEL CALZADA;2026-10-08;08-10-2026;07-10-2026;FAC-A-134163;Venta;LAGOPUELO S.A;1509749;30,00;39012,60;47205,25;GALLO DEL SUR S. R. L.;;0,00 %;062;Nahuel Martinez;;PD ladysoft clasicos 20x30;1300,42;3479;;6;MAYORISTA;896,84;MARIANO SOSA;;$;2;SOFTYS ARGENTINA S.A;;;CON;;;;;;;PROTECTOR DIARIO;;;;;300;Bruno Centurion;AXUM;;;False;134163;0;1;;;;;;1;;1300,42
5423;AV SAN MARTIN 3946;RAFAEL CALZADA;2026-10-08;08-10-2026;07-10-2026;FAC-A-134163;Venta;LAGOPUELO S.A;1509761;54,00;42941,88;51959,67;GALLO DEL SUR S. R. L.;;0,00 %;062;Nahuel Martinez;;TF LADYSOFT COMFORT EXT ALGODON 8x54;795,22;3479;;6;MAYORISTA;548,43;MARIANO SOSA;;$;2;SOFTYS ARGENTINA S.A;;;CON;;;;;;;TOALLA FEMENINA;;;;;300;Bruno Centurion;AXUM;;;False;134163;0;1;;;;;;1;;795,22
3219;SAN JUAN (esq azcuenaga) 994;Quilmes;2026-10-08;08-10-2026;07-10-2026;FAC-A-134164;Venta;LAGOPUELO S.A;1505688;2,00;31067,28;37591,41;RODRIGUEZ MARCELO;;5,00 %;054;Leonel Caruso;;RC Sussex clasico mas blanco 50px3/10;15533,64;3476;;3;AUTOSERVICIO;12112,00;LEONARDO SANTA CRUZ;;$;2;SOFTYS ARGENTINA S.A;;;CON;;;;;;;ROLLO DE COCINA;;;;;300;Bruno Centurion;AXUM;;;False;134164;0;1;;;;;;1;;15533,64
3219;SAN JUAN (esq azcuenaga) 994;Quilmes;2026-10-08;08-10-2026;07-10-2026;FAC-A-134164;Venta;LAGOPUELO S.A;1501553;1,00;22551,25;27287,01;RODRIGUEZ MARCELO;;15,00 %;054;Leonel Caruso;;PH HIGIENOL DH PLUS FUSI”N 30M x4/10;22551,25;3476;;3;AUTOSERVICIO;17199,92;LEONARDO SANTA CRUZ;;$;2;SOFTYS ARGENTINA S.A;;;CON;;;;;;;PAPEL HIG;;;;;300;Bruno Centurion;AXUM;;;False;134164;0;1;;;;;;1;;22551,25
29500;AGOTE - (TRADICIONAL) 585;LA UNION;;08-10-2026;07-10-2026;VEN-134168;Venta;LAGOPUELO S.A;1509755;6,00;7198,02;8709,60;PATRICIA BARRAG¡N;;0,00 %;075;Julieta Yegros;;TF UD T/SECA LADYSOFT ULTRA PROTECT 8;1199,67;;;OTR;SIN SUB;827,36;;;$;2;SOFTYS ARGENTINA S.A;;;CON;;;;;;;TOALLA FEMENINA;;;;;300;Bruno Centurion;AXUM;;;False;134168;1;1;;;;;;1;;1199,67
23829;CALLE 7 - (TRADICIONAL) 1745;BERAZATEGUI;;08-10-2026;07-10-2026;VEN-134177;Venta;ELEBES;1505496;6,00;7444,50;9007,85;FEMENINA ANDREA;;0,00 %;5;Eliana Huber;;PO ELITE ST CON ALGODON X10 PACK 6;1240,75;;;5;KIOSCO;855,69;;;$;2;SOFTYS ARGENTINA S.A;;;CON;;;;;;;PAÒUELOS;;;;;25;JOHANA VIGIL;AXUM;;;False;134177;1;1;;;;;;1;;1240,75
23829;CALLE 7 - (TRADICIONAL) 1745;BERAZATEGUI;;08-10-2026;07-10-2026;VEN-134177;Venta;ELEBES;1509766;6,00;5494,80;6648,71;FEMENINA ANDREA;;0,00 %;5;Eliana Huber;;TF T/SECA NORMAL MAS PROTECC 8x54;915,80;;;5;KIOSCO;631,59;;;$;2;SOFTYS ARGENTINA S.A;;;CON;;;;;;;TOALLA FEMENINA;;;;;25;JOHANA VIGIL;AXUM;;;False;134177;1;1;;;;;;1;;915,80
23829;CALLE 7 - (TRADICIONAL) 1745;BERAZATEGUI;;08-10-2026;07-10-2026;VEN-134177;Venta;ELEBES;1509755;6,00;7198,02;8709,60;FEMENINA ANDREA;;0,00 %;5;Eliana Huber;;TF UD T/SECA LADYSOFT ULTRA PROTECT 8;1199,67;;;5;KIOSCO;827,36;;;$;2;SOFTYS ARGENTINA S.A;;;CON;;;;;;;TOALLA FEMENINA;;;;;25;JOHANA VIGIL;AXUM;;;False;134177;1;1;;;;;;1;;1199,67
6073;JUAN B. JUSTO 875;Varela;2026-10-08;08-10-2026;07-10-2026;FAC-A-134186;Venta;ELEBES;1501627;5,00;60203,52;72846,26;GARCIA LUCAS MATIAS;;10,00 %;051;Ezequiel Valente;;PH Higienol HS Balanced 20mx4/12;12040,70;3474;;2;ALMACEN;9488,34;JUAN ESCOTO;;$;2;SOFTYS ARGENTINA S.A;;;CON;;;;;;;PAPEL HIG;;;;;300;Bruno Centurion;AXUM;;;False;134186;0;1;;;;;;1;;12040,70
876;AV TOMAS FLORES 1345;Bernal;2026-10-08;08-10-2026;07-10-2026;FAC-B-134191;Venta;Empresa LAGOPUELO;1504286;4,00;37272,24;45099,41;DIEGO ZEBALLOS;;0,00 %;16;VENDEDOR DEPOSITO;;PLBABYSEC PREMIUMS  XGx32/4;9318,06;3496;;georgalos-50;Empleados;8874,35;PEDIDOS INTERNOS;;$;2;SOFTYS ARGENTINA S.A;;;CON;;;;;;;PAÒAL;;;;;;;gcw;;;False;134191;0;4;;;;;;1;;9318,06
35905;AV FERROCARRIL PROVINCIAL 4469;San Francisco Solano;2026-10-08;08-10-2026;07-10-2026;FAC-A-134192;Venta;LAGOPUELO S.A;1509766;270,00;247266,00;299191,86;XUE GANGA;;0,00 %;056;Ezequiel Ferreira;;TF T/SECA NORMAL MAS PROTECC 8x54;915,80;3477;;3;AUTOSERVICIO;631,59;NAHUEL MONTOYA;;$;2;SOFTYS ARGENTINA S.A;;;EFV;;;;;;;TOALLA FEMENINA;;;;;300;Bruno Centurion;AXUM;;;False;134192;0;1;;;;;;1;;915,80
3669;RODOLFO LOPEZ 1335;Quilmes;2026-10-08;08-10-2026;07-10-2026;FAC-A-134195;Venta;LAGOPUELO S.A;1505698;2,00;31091,36;37620,55;CHEN ZHIXIA;;0,00 %;054;Leonel Caruso;;RC SUSSEX PREMIUM MAXI 100P;15545,68;3476;;3;AUTOSERVICIO;11515,32;LEONARDO SANTA CRUZ;;$;2;SOFTYS ARGENTINA S.A;;;CON;;;;;;;ROLLO DE COCINA;;;;;300;Bruno Centurion;AXUM;;;False;134195;0;1;;;;;;1;;15545,68
3669;RODOLFO LOPEZ 1335;Quilmes;2026-10-08;08-10-2026;07-10-2026;FAC-A-134195;Venta;LAGOPUELO S.A;1502384;12,00;21343,68;25825,85;CHEN ZHIXIA;;0,00 %;054;Leonel Caruso;;SE ELITE X100/30 ULTRA SUAVE;1778,64;3476;;3;AUTOSERVICIO;1317,51;LEONARDO SANTA CRUZ;;$;2;SOFTYS ARGENTINA S.A;;;CON;;;;;;;SERVILLETA;;;;;300;Bruno Centurion;AXUM;;;False;134195;0;1;;;;;;1;;1778,64
3669;RODOLFO LOPEZ 1335;Quilmes;2026-10-08;08-10-2026;07-10-2026;FAC-A-134195;Venta;LAGOPUELO S.A;1505411;36,00;54137,88;65506,83;CHEN ZHIXIA;;0,00 %;054;Leonel Caruso;;P— ELITE FACIALES DISNEY x90/36;1503,83;3476;;3;AUTOSERVICIO;1037,12;LEONARDO SANTA CRUZ;;$;2;SOFTYS ARGENTINA S.A;;;CON;;;;;;;PAÒUELOS;;;;;300;Bruno Centurion;AXUM;;;False;134195;0;1;;;;;;1;;1503,83
3669;RODOLFO LOPEZ 1335;Quilmes;2026-10-08;08-10-2026;07-10-2026;FAC-A-134195;Venta;LAGOPUELO S.A;1503118;24,00;39248,64;47490,85;CHEN ZHIXIA;;0,00 %;054;Leonel Caruso;;TH BABYSEC ULTRA 50/24;1635,36;3476;;3;AUTOSERVICIO;1127,83;LEONARDO SANTA CRUZ;;$;2;SOFTYS ARGENTINA S.A;;;CON;;;;;;;;;;;;300;Bruno Centurion;AXUM;;;False;134195;0;1;;;;;;1;;1635,36
3669;RODOLFO LOPEZ 1335;Quilmes;2026-10-08;08-10-2026;07-10-2026;FAC-A-134195;Venta;LAGOPUELO S.A;1503131;10,00;24754,60;29953,07;CHEN ZHIXIA;;0,00 %;054;Leonel Caruso;;TH BABYSEC PREMIUM X45/10;2475,46;3476;;3;AUTOSERVICIO;1707,21;LEONARDO SANTA CRUZ;;$;2;SOFTYS ARGENTINA S.A;;;CON;;;;;;;TOALLA HUMEDA;;;;;300;Bruno Centurion;AXUM;;;False;134195;0;1;;;;;;1;;2475,46
258;ISLAS MALVINAS 3981;Quilmes;2026-10-08;08-10-2026;07-10-2026;FAC-A-134205;Venta;ELEBES;1509761;6,00;4771,32;5773,30;SECCHI ADRIANA EDITH;;0,00 %;053;Verona Abati;;TF LADYSOFT COMFORT EXT ALGODON 8x54;795,22;3476;;2;ALMACEN;548,43;LEONARDO SANTA CRUZ;;$;2;SOFTYS ARGENTINA S.A;;;EFV;;;;;;;TOALLA FEMENINA;;;;;300;Bruno Centurion;AXUM;;;False;134205;0;1;;;;;;1;;795,22
258;ISLAS MALVINAS 3981;Quilmes;2026-10-08;08-10-2026;07-10-2026;FAC-A-134205;Venta;ELEBES;1509755;6,00;7198,02;8709,60;SECCHI ADRIANA EDITH;;0,00 %;053;Verona Abati;;TF UD T/SECA LADYSOFT ULTRA PROTECT 8;1199,67;3476;;2;ALMACEN;827,36;LEONARDO SANTA CRUZ;;$;2;SOFTYS ARGENTINA S.A;;;EFV;;;;;;;TOALLA FEMENINA;;;;;300;Bruno Centurion;AXUM;;;False;134205;0;1;;;;;;1;;1199,67
25095;AV 24 - (PERFUMERIA) 3670;SAN FRANCISCO SOLANO;2026-10-08;08-10-2026;07-10-2026;FAC-A-134207;Venta;LAGOPUELO S.A;1509756;100,00;226369,87;273907,54;PERFUMERIA ANA Y JUAN;;3,00 %;056;Ezequiel Ferreira;;TF UD T/SECA LADYSOFT UL PRT 16u;2263,70;3477;;OTR;Articulo de limpieza;1609,46;NAHUEL MONTOYA;;$;2;SOFTYS ARGENTINA S.A;;;CON;;;;;;;TOALLA FEMENINA;;;;;300;Bruno Centurion;AXUM;;;False;134207;0;1;;;;;;1;;2263,70
322683;VELEZ SARSFIELD 1925;QUILMES OESTE;2026-10-08;08-10-2026;07-10-2026;FAC-A-134210;Venta;LAGOPUELO S.A;1504289;16,00;172517,33;208745,97;BALDIFANTE SRL;;10,00 %;054;Leonel Caruso;;PLBABYSEC PREM SOFTXXG x30/4;10782,33;3476;;3;AUTOSERVICIO;8874,35;LEONARDO SANTA CRUZ;;$;2;SOFTYS ARGENTINA S.A;;;CON;;;;;;;PAÒAL;;;;;300;Bruno Centurion;AXUM;;;False;134210;0;1;;;;;;1;;10782,33
29088;BYNNON - (AUTOSERVICIOS) 4426;TEMPERLEY;2026-10-08;08-10-2026;07-10-2026;FAC-B-134211;Venta;Empresa LAGOPUELO;1505708;1,00;22612,61;27361,26;ANA GONCALVEZ;;0,00 %;062;Nahuel Martinez;;RC SUSEEX CLS MEGARROLO ALTO 200X1;22612,61;3479;;3;Autoservicio A;16750,08;MARIANO SOSA;;$;2;SOFTYS ARGENTINA S.A;;;CON;;;;;;;ROLLO DE COCINA;;;;;300;Bruno Centurion;AXUM;;;False;134211;0;1;;;;;;1;;22612,61
29088;BYNNON - (AUTOSERVICIOS) 4426;TEMPERLEY;2026-10-08;08-10-2026;07-10-2026;FAC-B-134211;Venta;Empresa LAGOPUELO;1505688;1,00;15533,64;18795,70;ANA GONCALVEZ;;5,00 %;062;Nahuel Martinez;;RC Sussex clasico mas blanco 50px3/10;15533,64;3479;;3;Autoservicio A;12112,00;MARIANO SOSA;;$;2;SOFTYS ARGENTINA S.A;;;CON;;;;;;;ROLLO DE COCINA;;;;;300;Bruno Centurion;AXUM;;;False;134211;0;1;;;;;;1;;15533,64
29088;BYNNON - (AUTOSERVICIOS) 4426;TEMPERLEY;2026-10-08;08-10-2026;07-10-2026;FAC-B-134211;Venta;Empresa LAGOPUELO;1501553;1,00;22551,25;27287,01;ANA GONCALVEZ;;15,00 %;062;Nahuel Martinez;;PH HIGIENOL DH PLUS FUSI”N 30M x4/10;22551,25;3479;;3;Autoservicio A;17199,92;MARIANO SOSA;;$;2;SOFTYS ARGENTINA S.A;;;CON;;;;;;;PAPEL HIG;;;;;300;Bruno Centurion;AXUM;;;False;134211;0;1;;;;;;1;;22551,25
29088;BYNNON - (AUTOSERVICIOS) 4426;TEMPERLEY;2026-10-08;08-10-2026;07-10-2026;FAC-B-134211;Venta;Empresa LAGOPUELO;1509764;10,00;8486,40;10268,54;ANA GONCALVEZ;;0,00 %;062;Nahuel Martinez;;TF NORMAL T/SUAVE EXT ALGODON 8x54;848,64;3479;;3;Autoservicio A;585,27;MARIANO SOSA;;$;2;SOFTYS ARGENTINA S.A;;;CON;;;;;;;TOALLA FEMENINA;;;;;300;Bruno Centurion;AXUM;;;False;134211;0;1;;;;;;1;;848,64
824;EL CONDOR 3568;San Francisco Solano;2026-10-08;08-10-2026;07-10-2026;FAC-B-134235;Venta;LAGOPUELO S.A;1501627;1,00;13378,56;16188,06;LUIS LOPEZ;;0,00 %;056;Ezequiel Ferreira;;PH Higienol HS Balanced 20mx4/12;13378,56;3477;;6;MAYORISTA;9488,34;NAHUEL MONTOYA;;$;2;SOFTYS ARGENTINA S.A;;;CON;;;;;;;PAPEL HIG;;;;;300;Bruno Centurion;AXUM;;;False;134235;0;1;;;;;;1;;13378,56
824;EL CONDOR 3568;San Francisco Solano;2026-10-08;08-10-2026;07-10-2026;FAC-B-134235;Venta;LAGOPUELO S.A;1504088;4,00;51747,84;62614,89;LUIS LOPEZ;;10,00 %;056;Ezequiel Ferreira;;PL BABYSEC ULTRSOFT XXG x50/4;12936,96;3477;;6;MAYORISTA;10647,70;NAHUEL MONTOYA;;$;2;SOFTYS ARGENTINA S.A;;;CON;;;;;;;PAÒAL;;;;;300;Bruno Centurion;AXUM;;;False;134235;0;1;;;;;;1;;12936,96
6345;ROSENDE J V GONZALEZ 1432;Varela;2026-10-08;08-10-2026;07-10-2026;FAC-A-134240;Venta;LAGOPUELO S.A;1501627;10,00;113717,76;137598,49;LI XUEZHONG;;15,00 %;051;Ezequiel Valente;;PH Higienol HS Balanced 20mx4/12;11371,78;3474;;3;AUTOSERVICIO;9488,34;JUAN ESCOTO;;$;2;SOFTYS ARGENTINA S.A;;;CON;;;;;;;PAPEL HIG;;;;;300;Bruno Centurion;AXUM;;;False;134240;0;1;;;;;;1;;11371,78
1157;BELGRANO 3785;Varela;2026-10-08;08-10-2026;07-10-2026;FAC-A-134249;Venta;LAGOPUELO S.A;1505689;1,00;20542,19;24856,05;LOPEZ RAMON;;0,00 %;6;Nieves Alegre;;RC SUSSEX ULTRA 60P x 3/10;20542,19;3472;;2;ALMACEN;15216,44;IVAN MONTOYA;;$;2;SOFTYS ARGENTINA S.A;;;CON;;;;;;;ROLLO DE COCINA;;;;;25;JOHANA VIGIL;AXUM;;;False;134249;0;1;;;;;;1;;20542,19
1157;BELGRANO 3785;Varela;2026-10-08;08-10-2026;07-10-2026;FAC-A-134249;Venta;LAGOPUELO S.A;1501553;1,00;22551,25;27287,01;LOPEZ RAMON;;15,00 %;6;Nieves Alegre;;PH HIGIENOL DH PLUS FUSI”N 30M x4/10;22551,25;3472;;2;ALMACEN;17199,92;IVAN MONTOYA;;$;2;SOFTYS ARGENTINA S.A;;;CON;;;;;;;PAPEL HIG;;;;;25;JOHANA VIGIL;AXUM;;;False;134249;0;1;;;;;;1;;22551,25
1157;BELGRANO 3785;Varela;2026-10-08;08-10-2026;07-10-2026;FAC-A-134249;Venta;LAGOPUELO S.A;1509755;12,00;14396,04;17419,21;LOPEZ RAMON;;0,00 %;6;Nieves Alegre;;TF UD T/SECA LADYSOFT ULTRA PROTECT 8;1199,67;3472;;2;ALMACEN;827,36;IVAN MONTOYA;;$;2;SOFTYS ARGENTINA S.A;;;CON;;;;;;;TOALLA FEMENINA;;;;;25;JOHANA VIGIL;AXUM;;;False;134249;0;1;;;;;;1;;1199,67
1157;BELGRANO 3785;Varela;2026-10-08;08-10-2026;07-10-2026;FAC-A-134249;Venta;LAGOPUELO S.A;1509764;12,00;10183,68;12322,25;LOPEZ RAMON;;0,00 %;6;Nieves Alegre;;TF NORMAL T/SUAVE EXT ALGODON 8x54;848,64;3472;;2;ALMACEN;585,27;IVAN MONTOYA;;$;2;SOFTYS ARGENTINA S.A;;;CON;;;;;;;TOALLA FEMENINA;;;;;25;JOHANA VIGIL;AXUM;;;False;134249;0;1;;;;;;1;;848,64
1157;BELGRANO 3785;Varela;2026-10-08;08-10-2026;07-10-2026;FAC-A-134249;Venta;LAGOPUELO S.A;1509761;12,00;9542,64;11546,59;LOPEZ RAMON;;0,00 %;6;Nieves Alegre;;TF LADYSOFT COMFORT EXT ALGODON 8x54;795,22;3472;;2;ALMACEN;548,43;IVAN MONTOYA;;$;2;SOFTYS ARGENTINA S.A;;;CON;;;;;;;TOALLA FEMENINA;;;;;25;JOHANA VIGIL;AXUM;;;False;134249;0;1;;;;;;1;;795,22
5309;PABLO PODESTA 1629;FLORENCIO VARELA;2026-10-08;08-10-2026;07-10-2026;FAC-A-134257;Venta;LAGOPUELO S.A;1509756;20,00;46674,20;56475,78;YANG JIANXING;;0,00 %;051;Ezequiel Valente;;TF UD T/SECA LADYSOFT UL PRT 16u;2333,71;3474;;3;AUTOSERVICIO;1609,46;JUAN ESCOTO;;$;2;SOFTYS ARGENTINA S.A;;;CON;;;;;;;TOALLA FEMENINA;;;;;300;Bruno Centurion;AXUM;;;False;134257;0;1;;;;;;1;;2333,71
5309;PABLO PODESTA 1629;FLORENCIO VARELA;2026-10-08;08-10-2026;07-10-2026;FAC-A-134257;Venta;LAGOPUELO S.A;1509762;32,00;37510,08;45387,20;YANG JIANXING;;0,00 %;051;Ezequiel Valente;;TF NOCTUR EXT A 8x32;1172,19;3474;;3;AUTOSERVICIO;808,41;JUAN ESCOTO;;$;2;SOFTYS ARGENTINA S.A;;;CON;;;;;;;TOALLA FEMENINA;;;;;300;Bruno Centurion;AXUM;;;False;134257;0;1;;;;;;1;;1172,19
5309;PABLO PODESTA 1629;FLORENCIO VARELA;2026-10-08;08-10-2026;07-10-2026;FAC-A-134257;Venta;LAGOPUELO S.A;1509763;16,00;36240,80;43851,37;YANG JIANXING;;0,00 %;051;Ezequiel Valente;;TF Nocturna EXT ALGODON 16X16;2265,05;3474;;3;AUTOSERVICIO;1562,11;JUAN ESCOTO;;$;2;SOFTYS ARGENTINA S.A;;;CON;;;;;;;TOALLA FEMENINA;;;;;300;Bruno Centurion;AXUM;;;False;134257;0;1;;;;;;1;;2265,05
5309;PABLO PODESTA 1629;FLORENCIO VARELA;2026-10-08;08-10-2026;07-10-2026;FAC-A-134257;Venta;LAGOPUELO S.A;1509765;27,00;44878,86;54303,42;YANG JIANXING;;0,00 %;051;Ezequiel Valente;;TF NORMALT/SUAVE EXT ALG 16x27;1662,18;3474;;3;AUTOSERVICIO;1146,33;JUAN ESCOTO;;$;2;SOFTYS ARGENTINA S.A;;;CON;;;;;;;TOALLA FEMENINA;;;;;300;Bruno Centurion;AXUM;;;False;134257;0;1;;;;;;1;;1662,18
5309;PABLO PODESTA 1629;FLORENCIO VARELA;2026-10-08;08-10-2026;07-10-2026;FAC-A-134257;Venta;LAGOPUELO S.A;1509757;15,00;50001,90;60502,30;YANG JIANXING;;0,00 %;051;Ezequiel Valente;;TF UD T/SECA LADYSOFT UL PTEC 24u;3333,46;3474;;3;AUTOSERVICIO;2298,94;JUAN ESCOTO;;$;2;SOFTYS ARGENTINA S.A;;;CON;;;;;;;TOALLA FEMENINA;;;;;300;Bruno Centurion;AXUM;;;False;134257;0;1;;;;;;1;;3333,46
5309;PABLO PODESTA 1629;FLORENCIO VARELA;2026-10-08;08-10-2026;07-10-2026;FAC-A-134257;Venta;LAGOPUELO S.A;1509761;54,00;42941,88;51959,67;YANG JIANXING;;0,00 %;051;Ezequiel Valente;;TF LADYSOFT COMFORT EXT ALGODON 8x54;795,22;3474;;3;AUTOSERVICIO;548,43;JUAN ESCOTO;;$;2;SOFTYS ARGENTINA S.A;;;CON;;;;;;;TOALLA FEMENINA;;;;;300;Bruno Centurion;AXUM;;;False;134257;0;1;;;;;;1;;795,22
5309;PABLO PODESTA 1629;FLORENCIO VARELA;2026-10-08;08-10-2026;07-10-2026;FAC-A-134257;Venta;LAGOPUELO S.A;1509749;30,00;39012,60;47205,25;YANG JIANXING;;0,00 %;051;Ezequiel Valente;;PD ladysoft clasicos 20x30;1300,42;3474;;3;AUTOSERVICIO;896,84;JUAN ESCOTO;;$;2;SOFTYS ARGENTINA S.A;;;CON;;;;;;;PROTECTOR DIARIO;;;;;300;Bruno Centurion;AXUM;;;False;134257;0;1;;;;;;1;;1300,42
5309;PABLO PODESTA 1629;FLORENCIO VARELA;2026-10-08;08-10-2026;07-10-2026;FAC-A-134257;Venta;LAGOPUELO S.A;1509766;54,00;49453,20;59838,37;YANG JIANXING;;0,00 %;051;Ezequiel Valente;;TF T/SECA NORMAL MAS PROTECC 8x54;915,80;3474;;3;AUTOSERVICIO;631,59;JUAN ESCOTO;;$;2;SOFTYS ARGENTINA S.A;;;CON;;;;;;;TOALLA FEMENINA;;;;;300;Bruno Centurion;AXUM;;;False;134257;0;1;;;;;;1;;915,80
27764;CATAMARCA ESQ JORGE - (AUTOSERVICIOS) 0;RAFAEL CALZADA;2026-10-08;08-10-2026;07-10-2026;FAC-A-134259;Venta;LAGOPUELO S.A;1501627;10,00;113717,76;137598,49;KONG XING CHEN;;15,00 %;062;Nahuel Martinez;;PH Higienol HS Balanced 20mx4/12;11371,78;3479;;3;Autoservicio B;9488,34;MARIANO SOSA;;$;2;SOFTYS ARGENTINA S.A;;;CON;;;;;;;PAPEL HIG;;;;;300;Bruno Centurion;AXUM;;;False;134259;0;1;;;;;;1;;11371,78
27764;CATAMARCA ESQ JORGE - (AUTOSERVICIOS) 0;RAFAEL CALZADA;2026-10-08;08-10-2026;07-10-2026;FAC-A-134259;Venta;LAGOPUELO S.A;1503131;10,00;24754,60;29953,07;KONG XING CHEN;;0,00 %;062;Nahuel Martinez;;TH BABYSEC PREMIUM X45/10;2475,46;3479;;3;Autoservicio B;1707,21;MARIANO SOSA;;$;2;SOFTYS ARGENTINA S.A;;;CON;;;;;;;TOALLA HUMEDA;;;;;300;Bruno Centurion;AXUM;;;False;134259;0;1;;;;;;1;;2475,46
24009;BYNNON ENT SANTIAGO Y TUCUMAN - (AUTOSERVICIOS) 4243;JOSE MARMOL;2026-10-08;08-10-2026;07-10-2026;FAC-B-134262;Venta;ELEBES;1503131;10,00;24754,60;29953,07;CRISTIAN OJEDA;;0,00 %;062;Nahuel Martinez;;TH BABYSEC PREMIUM X45/10;2475,46;3479;;OTR;Articulo de limpieza;1707,21;MARIANO SOSA;;$;2;SOFTYS ARGENTINA S.A;;;CON;;;;;;;TOALLA HUMEDA;;;;;300;Bruno Centurion;AXUM;;;False;134262;0;1;;;;;;1;;2475,46
24009;BYNNON ENT SANTIAGO Y TUCUMAN - (AUTOSERVICIOS) 4243;JOSE MARMOL;2026-10-08;08-10-2026;07-10-2026;FAC-B-134262;Venta;ELEBES;1503118;10,00;16353,60;19787,86;CRISTIAN OJEDA;;0,00 %;062;Nahuel Martinez;;TH BABYSEC ULTRA 50/24;1635,36;3479;;OTR;Articulo de limpieza;1127,83;MARIANO SOSA;;$;2;SOFTYS ARGENTINA S.A;;;CON;;;;;;;;;;;;300;Bruno Centurion;AXUM;;;False;134262;0;1;;;;;;1;;1635,36
22960;CHARCAS NORTE - (AUTOSERVICIOS) 3291;ALTE BROWN;2026-10-08;08-10-2026;07-10-2026;FAC-A-134274;Venta;LAGOPUELO S.A;1501554;1,00;27773,62;33606,08;YAN FENGZHU;;0,00 %;056;Ezequiel Ferreira;;PH HIGIENOL DH BALANCE 30M X4/10;27773,62;3477;;3;Autoservicio A;19154,22;NAHUEL MONTOYA;;$;2;SOFTYS ARGENTINA S.A;;;CON;;;;;;;PAPEL HIG;;;;;300;Bruno Centurion;AXUM;;;False;134274;0;1;;;;;;1;;27773,62
22960;CHARCAS NORTE - (AUTOSERVICIOS) 3291;ALTE BROWN;2026-10-08;08-10-2026;07-10-2026;FAC-A-134274;Venta;LAGOPUELO S.A;1509764;10,00;8486,40;10268,54;YAN FENGZHU;;0,00 %;056;Ezequiel Ferreira;;TF NORMAL T/SUAVE EXT ALGODON 8x54;848,64;3477;;3;Autoservicio A;585,27;NAHUEL MONTOYA;;$;2;SOFTYS ARGENTINA S.A;;;CON;;;;;;;TOALLA FEMENINA;;;;;300;Bruno Centurion;AXUM;;;False;134274;0;1;;;;;;1;;848,64
22960;CHARCAS NORTE - (AUTOSERVICIOS) 3291;ALTE BROWN;2026-10-08;08-10-2026;07-10-2026;FAC-A-134274;Venta;LAGOPUELO S.A;1509763;10,00;22650,50;27407,11;YAN FENGZHU;;0,00 %;056;Ezequiel Ferreira;;TF Nocturna EXT ALGODON 16X16;2265,05;3477;;3;Autoservicio A;1562,11;NAHUEL MONTOYA;;$;2;SOFTYS ARGENTINA S.A;;;CON;;;;;;;TOALLA FEMENINA;;;;;300;Bruno Centurion;AXUM;;;False;134274;0;1;;;;;;1;;2265,05
22960;CHARCAS NORTE - (AUTOSERVICIOS) 3291;ALTE BROWN;2026-10-08;08-10-2026;07-10-2026;FAC-A-134274;Venta;LAGOPUELO S.A;1509766;10,00;9158,00;11081,18;YAN FENGZHU;;0,00 %;056;Ezequiel Ferreira;;TF T/SECA NORMAL MAS PROTECC 8x54;915,80;3477;;3;Autoservicio A;631,59;NAHUEL MONTOYA;;$;2;SOFTYS ARGENTINA S.A;;;CON;;;;;;;TOALLA FEMENINA;;;;;300;Bruno Centurion;AXUM;;;False;134274;0;1;;;;;;1;;915,80
22960;CHARCAS NORTE - (AUTOSERVICIOS) 3291;ALTE BROWN;2026-10-08;08-10-2026;07-10-2026;FAC-A-134274;Venta;LAGOPUELO S.A;1509765;10,00;16621,80;20112,38;YAN FENGZHU;;0,00 %;056;Ezequiel Ferreira;;TF NORMALT/SUAVE EXT ALG 16x27;1662,18;3477;;3;Autoservicio A;1146,33;NAHUEL MONTOYA;;$;2;SOFTYS ARGENTINA S.A;;;CON;;;;;;;TOALLA FEMENINA;;;;;300;Bruno Centurion;AXUM;;;False;134274;0;1;;;;;;1;;1662,18
22960;CHARCAS NORTE - (AUTOSERVICIOS) 3291;ALTE BROWN;2026-10-08;08-10-2026;07-10-2026;FAC-A-134274;Venta;LAGOPUELO S.A;1509762;10,00;11721,90;14183,50;YAN FENGZHU;;0,00 %;056;Ezequiel Ferreira;;TF NOCTUR EXT A 8x32;1172,19;3477;;3;Autoservicio A;808,41;NAHUEL MONTOYA;;$;2;SOFTYS ARGENTINA S.A;;;CON;;;;;;;TOALLA FEMENINA;;;;;300;Bruno Centurion;AXUM;;;False;134274;0;1;;;;;;1;;1172,19
22960;CHARCAS NORTE - (AUTOSERVICIOS) 3291;ALTE BROWN;2026-10-08;08-10-2026;07-10-2026;FAC-A-134274;Venta;LAGOPUELO S.A;1509758;10,00;11157,40;13500,45;YAN FENGZHU;;0,00 %;056;Ezequiel Ferreira;;TF UD T/SUAVE EXT ALGO 8X40;1115,74;3477;;3;Autoservicio A;769,48;NAHUEL MONTOYA;;$;2;SOFTYS ARGENTINA S.A;;;CON;;;;;;;TOALLA FEMENINA;;;;;300;Bruno Centurion;AXUM;;;False;134274;0;1;;;;;;1;;1115,74
22960;CHARCAS NORTE - (AUTOSERVICIOS) 3291;ALTE BROWN;2026-10-08;08-10-2026;07-10-2026;FAC-A-134274;Venta;LAGOPUELO S.A;1509761;10,00;7952,20;9622,16;YAN FENGZHU;;0,00 %;056;Ezequiel Ferreira;;TF LADYSOFT COMFORT EXT ALGODON 8x54;795,22;3477;;3;Autoservicio A;548,43;NAHUEL MONTOYA;;$;2;SOFTYS ARGENTINA S.A;;;CON;;;;;;;TOALLA FEMENINA;;;;;300;Bruno Centurion;AXUM;;;False;134274;0;1;;;;;;1;;795,22
22960;CHARCAS NORTE - (AUTOSERVICIOS) 3291;ALTE BROWN;2026-10-08;08-10-2026;07-10-2026;FAC-A-134274;Venta;LAGOPUELO S.A;1509749;10,00;13004,20;15735,08;YAN FENGZHU;;0,00 %;056;Ezequiel Ferreira;;PD ladysoft clasicos 20x30;1300,42;3477;;3;Autoservicio A;896,84;NAHUEL MONTOYA;;$;2;SOFTYS ARGENTINA S.A;;;CON;;;;;;;PROTECTOR DIARIO;;;;;300;Bruno Centurion;AXUM;;;False;134274;0;1;;;;;;1;;1300,42
25014;AV FLORENCIO VARELA Y RAMON CARILLO - (TRADICIONAL) 0;EZPELETA ESTE;;08-10-2026;07-10-2026;VEN-134282;Venta;ELEBES;1501627;5,00;60203,52;72846,26;ALMACEN ALEX;;10,00 %;5;Eliana Huber;;PH Higienol HS Balanced 20mx4/12;12040,70;;;2;ALMACEN;9488,34;;;$;2;SOFTYS ARGENTINA S.A;;;CON;;;;;;;PAPEL HIG;;;;;25;JOHANA VIGIL;AXUM;;;False;134282;1;1;;;;;;1;;12040,70
29369;EL GORRI√‚ÄúN - (AUTOSERVICIOS) 2875;RAFAEL CALZADA;2026-10-08;08-10-2026;07-10-2026;FAC-A-134287;Venta;LAGOPUELO S.A;1501553;2,00;45102,50;54574,02;ANGELA GOMEZ;;15,00 %;062;Nahuel Martinez;;PH HIGIENOL DH PLUS FUSI”N 30M x4/10;22551,25;3479;;2;ALMACEN;17199,92;MARIANO SOSA;;$;2;SOFTYS ARGENTINA S.A;;;CON;;;;;;;PAPEL HIG;;;;;300;Bruno Centurion;AXUM;;;False;134287;0;1;;;;;;1;;22551,25
29369;EL GORRI√‚ÄúN - (AUTOSERVICIOS) 2875;RAFAEL CALZADA;2026-10-08;08-10-2026;07-10-2026;FAC-A-134287;Venta;LAGOPUELO S.A;1505688;1,00;15533,64;18795,70;ANGELA GOMEZ;;5,00 %;062;Nahuel Martinez;;RC Sussex clasico mas blanco 50px3/10;15533,64;3479;;2;ALMACEN;12112,00;MARIANO SOSA;;$;2;SOFTYS ARGENTINA S.A;;;CON;;;;;;;ROLLO DE COCINA;;;;;300;Bruno Centurion;AXUM;;;False;134287;0;1;;;;;;1;;15533,64
29369;EL GORRI√‚ÄúN - (AUTOSERVICIOS) 2875;RAFAEL CALZADA;2026-10-08;08-10-2026;07-10-2026;FAC-A-134287;Venta;LAGOPUELO S.A;1501618;1,00;19032,09;23028,83;ANGELA GOMEZ;;0,00 %;062;Nahuel Martinez;;PH HIG  FRESH ALOE 30M X4/12;19032,09;3479;;2;ALMACEN;13125,58;MARIANO SOSA;;$;2;SOFTYS ARGENTINA S.A;;;CON;;;;;;;PAPEL HIG;;;;;300;Bruno Centurion;AXUM;;;False;134287;0;1;;;;;;1;;19032,09
29369;EL GORRI√‚ÄúN - (AUTOSERVICIOS) 2875;RAFAEL CALZADA;2026-10-08;08-10-2026;07-10-2026;FAC-A-134287;Venta;LAGOPUELO S.A;1509755;40,00;47986,80;58064,03;ANGELA GOMEZ;;0,00 %;062;Nahuel Martinez;;TF UD T/SECA LADYSOFT ULTRA PROTECT 8;1199,67;3479;;2;ALMACEN;827,36;MARIANO SOSA;;$;2;SOFTYS ARGENTINA S.A;;;CON;;;;;;;TOALLA FEMENINA;;;;;300;Bruno Centurion;AXUM;;;False;134287;0;1;;;;;;1;;1199,67
29369;EL GORRI√‚ÄúN - (AUTOSERVICIOS) 2875;RAFAEL CALZADA;2026-10-08;08-10-2026;07-10-2026;FAC-A-134287;Venta;LAGOPUELO S.A;1509762;15,00;17582,85;21275,25;ANGELA GOMEZ;;0,00 %;062;Nahuel Martinez;;TF NOCTUR EXT A 8x32;1172,19;3479;;2;ALMACEN;808,41;MARIANO SOSA;;$;2;SOFTYS ARGENTINA S.A;;;CON;;;;;;;TOALLA FEMENINA;;;;;300;Bruno Centurion;AXUM;;;False;134287;0;1;;;;;;1;;1172,19
5366;MANUEL QUINTANA 373;Florencio Varela;2026-10-08;08-10-2026;07-10-2026;FAC-A-134293;Venta;LAGOPUELO S.A;1503118;48,00;78497,28;94981,71;CHEN NAIAN;;0,00 %;6;Nieves Alegre;;TH BABYSEC ULTRA 50/24;1635,36;3472;;3;AUTOSERVICIO;1127,83;IVAN MONTOYA;;$;2;SOFTYS ARGENTINA S.A;;;CON;;;;;;;;;;;;25;JOHANA VIGIL;AXUM;;;False;134293;0;1;;;;;;1;;1635,36
29383;ALSINA E/ TRIPODI 3387;CLAYPOLE;2026-10-08;08-10-2026;07-10-2026;FAC-A-134301;Venta;LAGOPUELO S.A;1501618;1,00;19032,09;23028,83;ANDRES PEREYRA;;0,00 %;061;Nailah Guzman;;PH HIG  FRESH ALOE 30M X4/12;19032,09;3477;;5;KIOSCO;13125,58;NAHUEL MONTOYA;;$;2;SOFTYS ARGENTINA S.A;;;CON;;;;;;;PAPEL HIG;;;;;300;Bruno Centurion;AXUM;;;False;134301;0;1;;;;;;1;;19032,09
29383;ALSINA E/ TRIPODI 3387;CLAYPOLE;2026-10-08;08-10-2026;07-10-2026;FAC-A-134301;Venta;LAGOPUELO S.A;1505688;1,00;15533,64;18795,70;ANDRES PEREYRA;;5,00 %;061;Nailah Guzman;;RC Sussex clasico mas blanco 50px3/10;15533,64;3477;;5;KIOSCO;12112,00;NAHUEL MONTOYA;;$;2;SOFTYS ARGENTINA S.A;;;CON;;;;;;;ROLLO DE COCINA;;;;;300;Bruno Centurion;AXUM;;;False;134301;0;1;;;;;;1;;15533,64
102686;Sitio De Montevideo 60 0;LANUS;2026-10-08;08-10-2026;07-10-2026;FAC-A-134308;Venta;LAGOPUELO S.A;1505434;12,00;17489,88;21162,75;Weng Huizhu;;0,00 %;27;Samanta Dogliotti;;PO FACIALES ELITE BOX SOFT TOUCH x90;1457,49;3471;;3;AUTOSERVICIO;1005,17;CLAUDIO GARCIA;;$;2;SOFTYS ARGENTINA S.A;;;EFV;;;;;;;PAÒUELOS;;;;;25;JOHANA VIGIL;AXUM;;;False;134308;0;1;;;;;;1;;1457,49
6034;Calle 131 N 5261;Berazategui;2026-10-08;08-10-2026;07-10-2026;FAC-A-134314;Venta;LAGOPUELO S.A;1501553;5,00;112756,24;136435,05;Staniscia Claudio Roque;;15,00 %;052;Nicole Sosa;;PH HIGIENOL DH PLUS FUSI”N 30M x4/10;22551,25;3474;;3;AUTOSERVICIO;17199,92;JUAN ESCOTO;;$;2;SOFTYS ARGENTINA S.A;;;CON;;;;;;;PAPEL HIG;;;;;300;Bruno Centurion;AXUM;;;False;134314;0;1;;;;;;1;;22551,25
6034;Calle 131 N 5261;Berazategui;2026-10-08;08-10-2026;07-10-2026;FAC-A-134314;Venta;LAGOPUELO S.A;1501585;5,00;182506,90;220833,35;Staniscia Claudio Roque;;0,00 %;052;Nicole Sosa;;PH HIGIENOL HS MAX ALOE PANAL 80M X4;36501,38;3474;;3;AUTOSERVICIO;24669,76;JUAN ESCOTO;;$;2;SOFTYS ARGENTINA S.A;;;CON;;;;;;;PAPEL HIG;;;;;300;Bruno Centurion;AXUM;;;False;134314;0;1;;;;;;1;;36501,38
6034;Calle 131 N 5261;Berazategui;2026-10-08;08-10-2026;07-10-2026;FAC-A-134314;Venta;LAGOPUELO S.A;1505688;5,00;77668,20;93978,52;Staniscia Claudio Roque;;5,00 %;052;Nicole Sosa;;RC Sussex clasico mas blanco 50px3/10;15533,64;3474;;3;AUTOSERVICIO;12112,00;JUAN ESCOTO;;$;2;SOFTYS ARGENTINA S.A;;;CON;;;;;;;ROLLO DE COCINA;;;;;300;Bruno Centurion;AXUM;;;False;134314;0;1;;;;;;1;;15533,64
6034;Calle 131 N 5261;Berazategui;2026-10-08;08-10-2026;07-10-2026;FAC-A-134314;Venta;LAGOPUELO S.A;1509764;24,00;20367,36;24644,51;Staniscia Claudio Roque;;0,00 %;052;Nicole Sosa;;TF NORMAL T/SUAVE EXT ALGODON 8x54;848,64;3474;;3;AUTOSERVICIO;585,27;JUAN ESCOTO;;$;2;SOFTYS ARGENTINA S.A;;;CON;;;;;;;TOALLA FEMENINA;;;;;300;Bruno Centurion;AXUM;;;False;134314;0;1;;;;;;1;;848,64
6034;Calle 131 N 5261;Berazategui;2026-10-08;08-10-2026;07-10-2026;FAC-A-134314;Venta;LAGOPUELO S.A;1509761;24,00;19085,28;23093,19;Staniscia Claudio Roque;;0,00 %;052;Nicole Sosa;;TF LADYSOFT COMFORT EXT ALGODON 8x54;795,22;3474;;3;AUTOSERVICIO;548,43;JUAN ESCOTO;;$;2;SOFTYS ARGENTINA S.A;;;CON;;;;;;;TOALLA FEMENINA;;;;;300;Bruno Centurion;AXUM;;;False;134314;0;1;;;;;;1;;795,22
6034;Calle 131 N 5261;Berazategui;2026-10-08;08-10-2026;07-10-2026;FAC-A-134314;Venta;LAGOPUELO S.A;1509762;24,00;28132,56;34040,40;Staniscia Claudio Roque;;0,00 %;052;Nicole Sosa;;TF NOCTUR EXT A 8x32;1172,19;3474;;3;AUTOSERVICIO;808,41;JUAN ESCOTO;;$;2;SOFTYS ARGENTINA S.A;;;CON;;;;;;;TOALLA FEMENINA;;;;;300;Bruno Centurion;AXUM;;;False;134314;0;1;;;;;;1;;1172,19
6034;Calle 131 N 5261;Berazategui;2026-10-08;08-10-2026;07-10-2026;FAC-A-134314;Venta;LAGOPUELO S.A;1509768;12,00;11703,72;14161,50;Staniscia Claudio Roque;;0,00 %;052;Nicole Sosa;;TF NORMAL T/SUAVE PIEL SENSIBLE 8x54;975,31;3474;;3;AUTOSERVICIO;672,63;JUAN ESCOTO;;$;2;SOFTYS ARGENTINA S.A;;;CON;;;;;;;TOALLA FEMENINA;;;;;300;Bruno Centurion;AXUM;;;False;134314;0;1;;;;;;1;;975,31
6034;Calle 131 N 5261;Berazategui;2026-10-08;08-10-2026;07-10-2026;FAC-A-134314;Venta;LAGOPUELO S.A;1509758;12,00;13388,88;16200,54;Staniscia Claudio Roque;;0,00 %;052;Nicole Sosa;;TF UD T/SUAVE EXT ALGO 8X40;1115,74;3474;;3;AUTOSERVICIO;769,48;JUAN ESCOTO;;$;2;SOFTYS ARGENTINA S.A;;;CON;;;;;;;TOALLA FEMENINA;;;;;300;Bruno Centurion;AXUM;;;False;134314;0;1;;;;;;1;;1115,74
27488;Magallanes - (AUTOSERVICIOS) 406;LAVALLOL;;08-10-2026;07-10-2026;VEN-134320;Venta;LAGOPUELO S.A;1509762;12,00;14066,28;17020,20;WENG GUOFANG;;0,00 %;074;Romina Baez;;TF NOCTUR EXT A 8x32;1172,19;;;3;Autoservicio A;808,41;;;$;2;SOFTYS ARGENTINA S.A;;;CON;;;;;;;TOALLA FEMENINA;;;;;300;Bruno Centurion;AXUM;;;False;134320;1;1;;;;;;1;;1172,19
27488;Magallanes - (AUTOSERVICIOS) 406;LAVALLOL;;08-10-2026;07-10-2026;VEN-134320;Venta;LAGOPUELO S.A;1509761;8,00;6361,76;7697,73;WENG GUOFANG;;0,00 %;074;Romina Baez;;TF LADYSOFT COMFORT EXT ALGODON 8x54;795,22;;;3;Autoservicio A;548,43;;;$;2;SOFTYS ARGENTINA S.A;;;CON;;;;;;;TOALLA FEMENINA;;;;;300;Bruno Centurion;AXUM;;;False;134320;1;1;;;;;;1;;795,22
27488;Magallanes - (AUTOSERVICIOS) 406;LAVALLOL;;08-10-2026;07-10-2026;VEN-134320;Venta;LAGOPUELO S.A;1509749;6,00;7802,52;9441,05;WENG GUOFANG;;0,00 %;074;Romina Baez;;PD ladysoft clasicos 20x30;1300,42;;;3;Autoservicio A;896,84;;;$;2;SOFTYS ARGENTINA S.A;;;CON;;;;;;;PROTECTOR DIARIO;;;;;300;Bruno Centurion;AXUM;;;False;134320;1;1;;;;;;1;;1300,42
27488;Magallanes - (AUTOSERVICIOS) 406;LAVALLOL;;08-10-2026;07-10-2026;VEN-134320;Venta;LAGOPUELO S.A;1509763;6,00;13590,30;16444,26;WENG GUOFANG;;0,00 %;074;Romina Baez;;TF Nocturna EXT ALGODON 16X16;2265,05;;;3;Autoservicio A;1562,11;;;$;2;SOFTYS ARGENTINA S.A;;;CON;;;;;;;TOALLA FEMENINA;;;;;300;Bruno Centurion;AXUM;;;False;134320;1;1;;;;;;1;;2265,05
27488;Magallanes - (AUTOSERVICIOS) 406;LAVALLOL;;08-10-2026;07-10-2026;VEN-134320;Venta;LAGOPUELO S.A;1509756;6,00;14002,26;16942,73;WENG GUOFANG;;0,00 %;074;Romina Baez;;TF UD T/SECA LADYSOFT UL PRT 16u;2333,71;;;3;Autoservicio A;1609,46;;;$;2;SOFTYS ARGENTINA S.A;;;CON;;;;;;;TOALLA FEMENINA;;;;;300;Bruno Centurion;AXUM;;;False;134320;1;1;;;;;;1;;2333,71
2387;Calle 133 ESQ. 4;Berazategui;;08-10-2026;07-10-2026;VEN-134326;Venta;ELEBES;1501585;1,00;36501,38;44166,67;GAMBOA BETIANA;;0,00 %;4;Selene Pawlikowski;;PH HIGIENOL HS MAX ALOE PANAL 80M X4;36501,38;;;2;ALMACEN;24669,76;;;$;2;SOFTYS ARGENTINA S.A;;;CON;;;;;;;PAPEL HIG;;;;;25;JOHANA VIGIL;AXUM;;;False;134326;1;1;;;;;;1;;36501,38
2387;Calle 133 ESQ. 4;Berazategui;;08-10-2026;07-10-2026;VEN-134326;Venta;ELEBES;1501618;1,00;19032,09;23028,83;GAMBOA BETIANA;;0,00 %;4;Selene Pawlikowski;;PH HIG  FRESH ALOE 30M X4/12;19032,09;;;2;ALMACEN;13125,58;;;$;2;SOFTYS ARGENTINA S.A;;;CON;;;;;;;PAPEL HIG;;;;;25;JOHANA VIGIL;AXUM;;;False;134326;1;1;;;;;;1;;19032,09
2387;Calle 133 ESQ. 4;Berazategui;;08-10-2026;07-10-2026;VEN-134326;Venta;ELEBES;1509755;40,00;47986,80;58064,03;GAMBOA BETIANA;;0,00 %;4;Selene Pawlikowski;;TF UD T/SECA LADYSOFT ULTRA PROTECT 8;1199,67;;;2;ALMACEN;827,36;;;$;2;SOFTYS ARGENTINA S.A;;;CON;;;;;;;TOALLA FEMENINA;;;;;25;JOHANA VIGIL;AXUM;;;False;134326;1;1;;;;;;1;;1199,67
25035;SALTA - (AUTOSERVICIOS) 2365;SAN JOSE;2026-10-08;08-10-2026;07-10-2026;FAC-B-134333;Venta;ELEBES;1501618;1,00;19032,09;23028,83;CARMEN CHAPARRO;;0,00 %;062;Nahuel Martinez;;PH HIG  FRESH ALOE 30M X4/12;19032,09;3479;;2;ALMACEN;13125,58;MARIANO SOSA;;$;2;SOFTYS ARGENTINA S.A;;;CON;;;;;;;PAPEL HIG;;;;;300;Bruno Centurion;AXUM;;;False;134333;0;1;;;;;;1;;19032,09
25035;SALTA - (AUTOSERVICIOS) 2365;SAN JOSE;2026-10-08;08-10-2026;07-10-2026;FAC-B-134333;Venta;ELEBES;1505688;1,00;15533,64;18795,70;CARMEN CHAPARRO;;5,00 %;062;Nahuel Martinez;;RC Sussex clasico mas blanco 50px3/10;15533,64;3479;;2;ALMACEN;12112,00;MARIANO SOSA;;$;2;SOFTYS ARGENTINA S.A;;;CON;;;;;;;ROLLO DE COCINA;;;;;300;Bruno Centurion;AXUM;;;False;134333;0;1;;;;;;1;;15533,64
27477;Las Lilas - (AUTOSERVICIOS) 496;EZEIZA;;08-10-2026;07-10-2026;VEN-134335;Venta;LAGOPUELO S.A;1503131;10,00;24754,60;29953,07;Liu Yangwang;;0,00 %;075;Julieta Yegros;;TH BABYSEC PREMIUM X45/10;2475,46;;;3;Autoservicio A;1707,21;;;$;2;SOFTYS ARGENTINA S.A;;;CON;;;;;;;TOALLA HUMEDA;;;;;300;Bruno Centurion;AXUM;;;False;134335;1;1;;;;;;1;;2475,46
6315;AV. HUDSON 2157;Varela;2026-10-08;08-10-2026;07-10-2026;FAC-A-134337;Venta;LAGOPUELO S.A;1501627;10,00;113717,76;137598,49;HE MINJUN;;15,00 %;051;Ezequiel Valente;;PH Higienol HS Balanced 20mx4/12;11371,78;3474;;3;AUTOSERVICIO;9488,34;JUAN ESCOTO;;$;2;SOFTYS ARGENTINA S.A;;;CON;;;;;;;PAPEL HIG;;;;;300;Bruno Centurion;AXUM;;;False;134337;0;1;;;;;;1;;11371,78
22958;El Picaflor - (AUTOSERVICIOS) 3150;ALTE BROWN;2026-10-08;08-10-2026;07-10-2026;FAC-A-134345;Venta;LAGOPUELO S.A;1504287;15,00;42068,03;50902,31;WENG YAN HONG;;10,00 %;056;Ezequiel Ferreira;;PL BABYSEC PREMIUM SOFT XG X8/15;2804,54;3477;;3;Autoservicio A;2308,26;NAHUEL MONTOYA;;$;2;SOFTYS ARGENTINA S.A;;;CON;;;;;;;PAÒAL;;;;;300;Bruno Centurion;AXUM;;;False;134345;0;1;;;;;;1;;2804,54
22958;El Picaflor - (AUTOSERVICIOS) 3150;ALTE BROWN;2026-10-08;08-10-2026;07-10-2026;FAC-A-134345;Venta;LAGOPUELO S.A;1504290;15,00;42068,03;50902,31;WENG YAN HONG;;10,00 %;056;Ezequiel Ferreira;;PL BABYSEC PREMIUM SOFT XXG X8/15;2804,54;3477;;3;Autoservicio A;2308,26;NAHUEL MONTOYA;;$;2;SOFTYS ARGENTINA S.A;;;CON;;;;;;;PAÒAL;;;;;300;Bruno Centurion;AXUM;;;False;134345;0;1;;;;;;1;;2804,54
22958;El Picaflor - (AUTOSERVICIOS) 3150;ALTE BROWN;2026-10-08;08-10-2026;07-10-2026;FAC-A-134345;Venta;LAGOPUELO S.A;1504286;8,00;86258,66;104372,98;WENG YAN HONG;;10,00 %;056;Ezequiel Ferreira;;PLBABYSEC PREMIUMS  XGx32/4;10782,33;3477;;3;Autoservicio A;8874,35;NAHUEL MONTOYA;;$;2;SOFTYS ARGENTINA S.A;;;CON;;;;;;;PAÒAL;;;;;300;Bruno Centurion;AXUM;;;False;134345;0;1;;;;;;1;;10782,33
22958;El Picaflor - (AUTOSERVICIOS) 3150;ALTE BROWN;2026-10-08;08-10-2026;07-10-2026;FAC-A-134345;Venta;LAGOPUELO S.A;1501627;1,00;12040,70;14569,25;WENG YAN HONG;;10,00 %;056;Ezequiel Ferreira;;PH Higienol HS Balanced 20mx4/12;12040,70;3477;;3;Autoservicio A;9488,34;NAHUEL MONTOYA;;$;2;SOFTYS ARGENTINA S.A;;;CON;;;;;;;PAPEL HIG;;;;;300;Bruno Centurion;AXUM;;;False;134345;0;1;;;;;;1;;12040,70
22958;El Picaflor - (AUTOSERVICIOS) 3150;ALTE BROWN;2026-10-08;08-10-2026;07-10-2026;FAC-A-134345;Venta;LAGOPUELO S.A;1509758;40,00;44629,60;54001,82;WENG YAN HONG;;0,00 %;056;Ezequiel Ferreira;;TF UD T/SUAVE EXT ALGO 8X40;1115,74;3477;;3;Autoservicio A;769,48;NAHUEL MONTOYA;;$;2;SOFTYS ARGENTINA S.A;;;CON;;;;;;;TOALLA FEMENINA;;;;;300;Bruno Centurion;AXUM;;;False;134345;0;1;;;;;;1;;1115,74
22958;El Picaflor - (AUTOSERVICIOS) 3150;ALTE BROWN;2026-10-08;08-10-2026;07-10-2026;FAC-A-134345;Venta;LAGOPUELO S.A;1509763;16,00;36240,80;43851,37;WENG YAN HONG;;0,00 %;056;Ezequiel Ferreira;;TF Nocturna EXT ALGODON 16X16;2265,05;3477;;3;Autoservicio A;1562,11;NAHUEL MONTOYA;;$;2;SOFTYS ARGENTINA S.A;;;CON;;;;;;;TOALLA FEMENINA;;;;;300;Bruno Centurion;AXUM;;;False;134345;0;1;;;;;;1;;2265,05
22958;El Picaflor - (AUTOSERVICIOS) 3150;ALTE BROWN;2026-10-08;08-10-2026;07-10-2026;FAC-A-134345;Venta;LAGOPUELO S.A;1509762;32,00;37510,08;45387,20;WENG YAN HONG;;0,00 %;056;Ezequiel Ferreira;;TF NOCTUR EXT A 8x32;1172,19;3477;;3;Autoservicio A;808,41;NAHUEL MONTOYA;;$;2;SOFTYS ARGENTINA S.A;;;CON;;;;;;;TOALLA FEMENINA;;;;;300;Bruno Centurion;AXUM;;;False;134345;0;1;;;;;;1;;1172,19
29384;SALTA E/PIEDRA BUENA Y ROSALES - (AUTOSERVICIOS) 2092;SAN JOSE;2026-10-08;08-10-2026;07-10-2026;FAC-A-134351;Venta;LAGOPUELO S.A;1501553;1,00;22551,25;27287,01;DACHU ZHENG;;15,00 %;062;Nahuel Martinez;;PH HIGIENOL DH PLUS FUSI”N 30M x4/10;22551,25;3479;;3;Autoservicio A;17199,92;MARIANO SOSA;;$;2;SOFTYS ARGENTINA S.A;;;CON;;;;;;;PAPEL HIG;;;;;300;Bruno Centurion;AXUM;;;False;134351;0;1;;;;;;1;;22551,25
29384;SALTA E/PIEDRA BUENA Y ROSALES - (AUTOSERVICIOS) 2092;SAN JOSE;2026-10-08;08-10-2026;07-10-2026;FAC-A-134351;Venta;LAGOPUELO S.A;1509766;12,00;10989,60;13297,42;DACHU ZHENG;;0,00 %;062;Nahuel Martinez;;TF T/SECA NORMAL MAS PROTECC 8x54;915,80;3479;;3;Autoservicio A;631,59;MARIANO SOSA;;$;2;SOFTYS ARGENTINA S.A;;;CON;;;;;;;TOALLA FEMENINA;;;;;300;Bruno Centurion;AXUM;;;False;134351;0;1;;;;;;1;;915,80
29384;SALTA E/PIEDRA BUENA Y ROSALES - (AUTOSERVICIOS) 2092;SAN JOSE;2026-10-08;08-10-2026;07-10-2026;FAC-A-134351;Venta;LAGOPUELO S.A;1509762;6,00;7033,14;8510,10;DACHU ZHENG;;0,00 %;062;Nahuel Martinez;;TF NOCTUR EXT A 8x32;1172,19;3479;;3;Autoservicio A;808,41;MARIANO SOSA;;$;2;SOFTYS ARGENTINA S.A;;;CON;;;;;;;TOALLA FEMENINA;;;;;300;Bruno Centurion;AXUM;;;False;134351;0;1;;;;;;1;;1172,19
29384;SALTA E/PIEDRA BUENA Y ROSALES - (AUTOSERVICIOS) 2092;SAN JOSE;2026-10-08;08-10-2026;07-10-2026;FAC-A-134351;Venta;LAGOPUELO S.A;1509756;6,00;14002,26;16942,73;DACHU ZHENG;;0,00 %;062;Nahuel Martinez;;TF UD T/SECA LADYSOFT UL PRT 16u;2333,71;3479;;3;Autoservicio A;1609,46;MARIANO SOSA;;$;2;SOFTYS ARGENTINA S.A;;;CON;;;;;;;TOALLA FEMENINA;;;;;300;Bruno Centurion;AXUM;;;False;134351;0;1;;;;;;1;;2333,71
29384;SALTA E/PIEDRA BUENA Y ROSALES - (AUTOSERVICIOS) 2092;SAN JOSE;2026-10-08;08-10-2026;07-10-2026;FAC-A-134351;Venta;LAGOPUELO S.A;1509764;10,00;8486,40;10268,54;DACHU ZHENG;;0,00 %;062;Nahuel Martinez;;TF NORMAL T/SUAVE EXT ALGODON 8x54;848,64;3479;;3;Autoservicio A;585,27;MARIANO SOSA;;$;2;SOFTYS ARGENTINA S.A;;;CON;;;;;;;TOALLA FEMENINA;;;;;300;Bruno Centurion;AXUM;;;False;134351;0;1;;;;;;1;;848,64
29384;SALTA E/PIEDRA BUENA Y ROSALES - (AUTOSERVICIOS) 2092;SAN JOSE;2026-10-08;08-10-2026;07-10-2026;FAC-A-134351;Venta;LAGOPUELO S.A;1504079;6,00;13167,04;15932,11;DACHU ZHENG;;10,00 %;062;Nahuel Martinez;;PL BABYSEC ULTRASOFT XXG 8/15;2194,51;3479;;3;Autoservicio A;1806,18;MARIANO SOSA;;$;2;SOFTYS ARGENTINA S.A;;;CON;;;;;;;PAÒAL;;;;;300;Bruno Centurion;AXUM;;;False;134351;0;1;;;;;;1;;2194,51
3033;CARLOS PELLEGRINI 2654;QUILMES;2026-10-08;08-10-2026;07-10-2026;FAC-A-134365;Venta;LAGOPUELO S.A;1509756;20,00;46674,20;56475,78;HUANG XIWEI;;0,00 %;054;Leonel Caruso;;TF UD T/SECA LADYSOFT UL PRT 16u;2333,71;3476;;3;AUTOSERVICIO;1609,46;LEONARDO SANTA CRUZ;;$;2;SOFTYS ARGENTINA S.A;;;CON;;;;;;;TOALLA FEMENINA;;;;;300;Bruno Centurion;AXUM;;;False;134365;0;1;;;;;;1;;2333,71
3033;CARLOS PELLEGRINI 2654;QUILMES;2026-10-08;08-10-2026;07-10-2026;FAC-A-134365;Venta;LAGOPUELO S.A;1509765;10,00;16621,80;20112,38;HUANG XIWEI;;0,00 %;054;Leonel Caruso;;TF NORMALT/SUAVE EXT ALG 16x27;1662,18;3476;;3;AUTOSERVICIO;1146,33;LEONARDO SANTA CRUZ;;$;2;SOFTYS ARGENTINA S.A;;;CON;;;;;;;TOALLA FEMENINA;;;;;300;Bruno Centurion;AXUM;;;False;134365;0;1;;;;;;1;;1662,18
3033;CARLOS PELLEGRINI 2654;QUILMES;2026-10-08;08-10-2026;07-10-2026;FAC-A-134369;Venta;LAGOPUELO S.A;1505411;10,00;15038,30;18196,34;HUANG XIWEI;;0,00 %;054;Leonel Caruso;;P— ELITE FACIALES DISNEY x90/36;1503,83;3476;;3;AUTOSERVICIO;1037,12;LEONARDO SANTA CRUZ;;$;2;SOFTYS ARGENTINA S.A;;;CON;;;;;;;PAÒUELOS;;;;;300;Bruno Centurion;AXUM;;;False;134369;0;1;;;;;;1;;1503,83
3033;CARLOS PELLEGRINI 2654;QUILMES;2026-10-08;08-10-2026;07-10-2026;FAC-A-134369;Venta;LAGOPUELO S.A;1505496;10,00;12407,50;15013,08;HUANG XIWEI;;0,00 %;054;Leonel Caruso;;PO ELITE ST CON ALGODON X10 PACK 6;1240,75;3476;;3;AUTOSERVICIO;855,69;LEONARDO SANTA CRUZ;;$;2;SOFTYS ARGENTINA S.A;;;CON;;;;;;;PAÒUELOS;;;;;300;Bruno Centurion;AXUM;;;False;134369;0;1;;;;;;1;;1240,75
66;VICENTE LOPEZ Y PLANES 768;Florencio Varela;2026-10-08;08-10-2026;07-10-2026;FAC-B-134375;Venta;ELEBES;1509764;10,00;8486,40;10268,54;RUIZ DIAZ MARCOS;;0,00 %;6;Nieves Alegre;;TF NORMAL T/SUAVE EXT ALGODON 8x54;848,64;3472;;2;ALMACEN;585,27;IVAN MONTOYA;;$;2;SOFTYS ARGENTINA S.A;;;EFV;;;;;;;TOALLA FEMENINA;;;;;25;JOHANA VIGIL;AXUM;;;False;134375;0;1;;;;;;1;;848,64
1505;CALLE 131 5025;Berazategui;2026-10-08;08-10-2026;07-10-2026;FAC-A-134376;Venta;LAGOPUELO S.A;1509762;32,00;37510,08;45387,20;SERIAL VERONICA SANDRA;;0,00 %;052;Nicole Sosa;;TF NOCTUR EXT A 8x32;1172,19;3474;;3;AUTOSERVICIO;808,41;JUAN ESCOTO;;$;2;SOFTYS ARGENTINA S.A;;;CON;;;;;;;TOALLA FEMENINA;;;;;300;Bruno Centurion;AXUM;;;False;134376;0;1;;;;;;1;;1172,19
1505;CALLE 131 5025;Berazategui;2026-10-08;08-10-2026;07-10-2026;FAC-A-134376;Venta;LAGOPUELO S.A;1509763;16,00;36240,80;43851,37;SERIAL VERONICA SANDRA;;0,00 %;052;Nicole Sosa;;TF Nocturna EXT ALGODON 16X16;2265,05;3474;;3;AUTOSERVICIO;1562,11;JUAN ESCOTO;;$;2;SOFTYS ARGENTINA S.A;;;CON;;;;;;;TOALLA FEMENINA;;;;;300;Bruno Centurion;AXUM;;;False;134376;0;1;;;;;;1;;2265,05
1505;CALLE 131 5025;Berazategui;2026-10-08;08-10-2026;07-10-2026;FAC-A-134376;Venta;LAGOPUELO S.A;1509761;54,00;42941,88;51959,67;SERIAL VERONICA SANDRA;;0,00 %;052;Nicole Sosa;;TF LADYSOFT COMFORT EXT ALGODON 8x54;795,22;3474;;3;AUTOSERVICIO;548,43;JUAN ESCOTO;;$;2;SOFTYS ARGENTINA S.A;;;CON;;;;;;;TOALLA FEMENINA;;;;;300;Bruno Centurion;AXUM;;;False;134376;0;1;;;;;;1;;795,22
27479;Los Raulies - (AUTOSERVICIOS) 235;EZEIZA;;08-10-2026;07-10-2026;VEN-134378;Venta;LAGOPUELO S.A;1501627;11,00;125089,54;151358,34;Yan Ling Kai;;15,00 %;075;Julieta Yegros;;PH Higienol HS Balanced 20mx4/12;11371,78;;;3;Autoservicio A;9488,34;;;$;2;SOFTYS ARGENTINA S.A;;;CON;;;;;;;PAPEL HIG;;;;;300;Bruno Centurion;AXUM;;;False;134378;1;1;;;;;;1;;11371,78
23486;CERVANTES SAAVEDRA - (TRADICIONAL) 3499;RAFAEL CALZADA;2026-10-08;08-10-2026;07-10-2026;FAC-B-134387;Venta;ELEBES;1501627;1,00;12040,70;14569,25;SILVIA SOLIS;;10,00 %;063;Daniel Martin;;PH Higienol HS Balanced 20mx4/12;12040,70;3475;;2;ALMACEN;9488,34;HERNAN RIVERO;;$;2;SOFTYS ARGENTINA S.A;;;CON;;;;;;;PAPEL HIG;;;;;300;Bruno Centurion;AXUM;;;False;134387;0;1;;;;;;1;;12040,70
25014;AV FLORENCIO VARELA Y RAMON CARILLO - (TRADICIONAL) 0;EZPELETA ESTE;;08-10-2026;07-10-2026;VEN-134392;Venta;Empresa LAGOPUELO;1504289;60,00;632563,54;765401,88;ALMACEN ALEX;;12,00 %;5;Eliana Huber;;PLBABYSEC PREM SOFTXXG x30/4;10542,73;;;2;ALMACEN;8874,35;;;$;2;SOFTYS ARGENTINA S.A;;;CON;;;;;;;PAÒAL;;;;;25;JOHANA VIGIL;AXUM;;;False;134392;1;1;;;;;;1;;10542,73
108554;Albarracin 2217 0;MONTE CHINGOLO;2026-10-08;08-10-2026;07-10-2026;FAC-B-134398;Venta;LAGOPUELO S.A;1509762;6,00;7033,14;8510,10;Kiosco Amores;;0,00 %;29;Camila Navarrete;;TF NOCTUR EXT A 8x32;1172,19;3473;;5;KIOSCO;808,41;SIMON OLIVERA;;$;2;SOFTYS ARGENTINA S.A;;;EFV;;;;;;;TOALLA FEMENINA;;;;;25;JOHANA VIGIL;AXUM;;;False;134398;0;1;;;;;;1;;1172,19
5586;REPUBLICA DE LA INDIA - (PERFUMERIA) 540;CLAYPOLE;2026-10-08;08-10-2026;07-10-2026;FAC-A-134414;Venta;LAGOPUELO S.A;1504289;4,00;43129,33;52186,49;KARINA MABEL MARINI;;10,00 %;056;Ezequiel Ferreira;;PLBABYSEC PREM SOFTXXG x30/4;10782,33;3477;;OTR;SIN SUB;8874,35;NAHUEL MONTOYA;;$;2;SOFTYS ARGENTINA S.A;;;CON;;;;;;;PAÒAL;;;;;300;Bruno Centurion;AXUM;;;False;134414;0;1;;;;;;1;;10782,33
25081;AV. LOS LIRIOS - (AUTOSERVICIOS) 699;ALMIRANTE BROWN;2026-10-08;08-10-2026;07-10-2026;FAC-A-134422;Venta;LAGOPUELO S.A;1501586;1,00;30835,45;37310,89;JUAN ANTONIO STRANGIO;;0,00 %;056;Ezequiel Ferreira;;PH HIGIENOL HS MAX 50x4;30835,45;3477;;3;Autoservicio B;21265,83;NAHUEL MONTOYA;;$;2;SOFTYS ARGENTINA S.A;;;CON;;;;;;;PAPEL HIG;;;;;300;Bruno Centurion;AXUM;;;False;134422;0;1;;;;;;1;;30835,45
25081;AV. LOS LIRIOS - (AUTOSERVICIOS) 699;ALMIRANTE BROWN;2026-10-08;08-10-2026;07-10-2026;FAC-A-134422;Venta;LAGOPUELO S.A;1501584;1,00;46504,33;56270,24;JUAN ANTONIO STRANGIO;;0,00 %;056;Ezequiel Ferreira;;PH HIGIENOL HS MAX ALOE PANAL 100M 4x/10;46504,33;3477;;3;Autoservicio B;32071,95;NAHUEL MONTOYA;;$;2;SOFTYS ARGENTINA S.A;;;CON;;;;;;;PAPEL HIG;;;;;300;Bruno Centurion;AXUM;;;False;134422;0;1;;;;;;1;;46504,33
25081;AV. LOS LIRIOS - (AUTOSERVICIOS) 699;ALMIRANTE BROWN;2026-10-08;08-10-2026;07-10-2026;FAC-A-134422;Venta;LAGOPUELO S.A;1501585;1,00;36501,38;44166,67;JUAN ANTONIO STRANGIO;;0,00 %;056;Ezequiel Ferreira;;PH HIGIENOL HS MAX ALOE PANAL 80M X4;36501,38;3477;;3;Autoservicio B;24669,76;NAHUEL MONTOYA;;$;2;SOFTYS ARGENTINA S.A;;;CON;;;;;;;PAPEL HIG;;;;;300;Bruno Centurion;AXUM;;;False;134422;0;1;;;;;;1;;36501,38
25081;AV. LOS LIRIOS - (AUTOSERVICIOS) 699;ALMIRANTE BROWN;2026-10-08;08-10-2026;07-10-2026;FAC-A-134422;Venta;LAGOPUELO S.A;1501627;1,00;12040,70;14569,25;JUAN ANTONIO STRANGIO;;10,00 %;056;Ezequiel Ferreira;;PH Higienol HS Balanced 20mx4/12;12040,70;3477;;3;Autoservicio B;9488,34;NAHUEL MONTOYA;;$;2;SOFTYS ARGENTINA S.A;;;CON;;;;;;;PAPEL HIG;;;;;300;Bruno Centurion;AXUM;;;False;134422;0;1;;;;;;1;;12040,70
25081;AV. LOS LIRIOS - (AUTOSERVICIOS) 699;ALMIRANTE BROWN;2026-10-08;08-10-2026;07-10-2026;FAC-A-134422;Venta;LAGOPUELO S.A;1501622;1,00;23319,52;28216,62;JUAN ANTONIO STRANGIO;;0,00 %;056;Ezequiel Ferreira;;PH HIG FRESH ALOE30m x6/10;23319,52;3477;;3;Autoservicio B;16082,43;NAHUEL MONTOYA;;$;2;SOFTYS ARGENTINA S.A;;;CON;;;;;;;PAPEL HIG;;;;;300;Bruno Centurion;AXUM;;;False;134422;0;1;;;;;;1;;23319,52
25081;AV. LOS LIRIOS - (AUTOSERVICIOS) 699;ALMIRANTE BROWN;2026-10-08;08-10-2026;07-10-2026;FAC-A-134422;Venta;LAGOPUELO S.A;1501553;1,00;22551,25;27287,01;JUAN ANTONIO STRANGIO;;15,00 %;056;Ezequiel Ferreira;;PH HIGIENOL DH PLUS FUSI”N 30M x4/10;22551,25;3477;;3;Autoservicio B;17199,92;NAHUEL MONTOYA;;$;2;SOFTYS ARGENTINA S.A;;;CON;;;;;;;PAPEL HIG;;;;;300;Bruno Centurion;AXUM;;;False;134422;0;1;;;;;;1;;22551,25
25081;AV. LOS LIRIOS - (AUTOSERVICIOS) 699;ALMIRANTE BROWN;2026-10-08;08-10-2026;07-10-2026;FAC-A-134422;Venta;LAGOPUELO S.A;1509755;12,00;14396,04;17419,21;JUAN ANTONIO STRANGIO;;0,00 %;056;Ezequiel Ferreira;;TF UD T/SECA LADYSOFT ULTRA PROTECT 8;1199,67;3477;;3;Autoservicio B;827,36;NAHUEL MONTOYA;;$;2;SOFTYS ARGENTINA S.A;;;CON;;;;;;;TOALLA FEMENINA;;;;;300;Bruno Centurion;AXUM;;;False;134422;0;1;;;;;;1;;1199,67
25081;AV. LOS LIRIOS - (AUTOSERVICIOS) 699;ALMIRANTE BROWN;2026-10-08;08-10-2026;07-10-2026;FAC-A-134422;Venta;LAGOPUELO S.A;1509764;12,00;10183,68;12322,25;JUAN ANTONIO STRANGIO;;0,00 %;056;Ezequiel Ferreira;;TF NORMAL T/SUAVE EXT ALGODON 8x54;848,64;3477;;3;Autoservicio B;585,27;NAHUEL MONTOYA;;$;2;SOFTYS ARGENTINA S.A;;;CON;;;;;;;TOALLA FEMENINA;;;;;300;Bruno Centurion;AXUM;;;False;134422;0;1;;;;;;1;;848,64
25081;AV. LOS LIRIOS - (AUTOSERVICIOS) 699;ALMIRANTE BROWN;2026-10-08;08-10-2026;07-10-2026;FAC-A-134422;Venta;LAGOPUELO S.A;1509766;12,00;10989,60;13297,42;JUAN ANTONIO STRANGIO;;0,00 %;056;Ezequiel Ferreira;;TF T/SECA NORMAL MAS PROTECC 8x54;915,80;3477;;3;Autoservicio B;631,59;NAHUEL MONTOYA;;$;2;SOFTYS ARGENTINA S.A;;;CON;;;;;;;TOALLA FEMENINA;;;;;300;Bruno Centurion;AXUM;;;False;134422;0;1;;;;;;1;;915,80
25081;AV. LOS LIRIOS - (AUTOSERVICIOS) 699;ALMIRANTE BROWN;2026-10-08;08-10-2026;07-10-2026;FAC-A-134422;Venta;LAGOPUELO S.A;1509758;12,00;13388,88;16200,54;JUAN ANTONIO STRANGIO;;0,00 %;056;Ezequiel Ferreira;;TF UD T/SUAVE EXT ALGO 8X40;1115,74;3477;;3;Autoservicio B;769,48;NAHUEL MONTOYA;;$;2;SOFTYS ARGENTINA S.A;;;CON;;;;;;;TOALLA FEMENINA;;;;;300;Bruno Centurion;AXUM;;;False;134422;0;1;;;;;;1;;1115,74
25081;AV. LOS LIRIOS - (AUTOSERVICIOS) 699;ALMIRANTE BROWN;2026-10-08;08-10-2026;07-10-2026;FAC-A-134422;Venta;LAGOPUELO S.A;1509762;12,00;14066,28;17020,20;JUAN ANTONIO STRANGIO;;0,00 %;056;Ezequiel Ferreira;;TF NOCTUR EXT A 8x32;1172,19;3477;;3;Autoservicio B;808,41;NAHUEL MONTOYA;;$;2;SOFTYS ARGENTINA S.A;;;CON;;;;;;;TOALLA FEMENINA;;;;;300;Bruno Centurion;AXUM;;;False;134422;0;1;;;;;;1;;1172,19
25081;AV. LOS LIRIOS - (AUTOSERVICIOS) 699;ALMIRANTE BROWN;2026-10-08;08-10-2026;07-10-2026;FAC-A-134422;Venta;LAGOPUELO S.A;1509749;12,00;15605,04;18882,10;JUAN ANTONIO STRANGIO;;0,00 %;056;Ezequiel Ferreira;;PD ladysoft clasicos 20x30;1300,42;3477;;3;Autoservicio B;896,84;NAHUEL MONTOYA;;$;2;SOFTYS ARGENTINA S.A;;;CON;;;;;;;PROTECTOR DIARIO;;;;;300;Bruno Centurion;AXUM;;;False;134422;0;1;;;;;;1;;1300,42
16;FELIPE AMOEDO (esquina 392) 4302;Quilmes;2026-10-08;08-10-2026;07-10-2026;FAC-A-134423;Venta;LAGOPUELO S.A;1504079;6,00;13167,04;15932,11;CastaÒo Antonela;;10,00 %;053;Verona Abati;;PL BABYSEC ULTRASOFT XXG 8/15;2194,51;3476;;2;ALMACEN;1806,18;LEONARDO SANTA CRUZ;;$;2;SOFTYS ARGENTINA S.A;;;EFV;;;;;;;PAÒAL;;;;;300;Bruno Centurion;AXUM;;;False;134423;0;1;;;;;;1;;2194,51
23484;Col√≥n - (AUTOSERVICIOS) 3143;RAFAEL CALZADA;2026-10-08;08-10-2026;07-10-2026;FAC-A-134425;Venta;LAGOPUELO S.A;1509764;12,00;10183,68;12322,25;lin kaihong;;0,00 %;063;Daniel Martin;;TF NORMAL T/SUAVE EXT ALGODON 8x54;848,64;3475;;3;Autoservicio B;585,27;HERNAN RIVERO;;$;2;SOFTYS ARGENTINA S.A;;;CON;;;;;;;TOALLA FEMENINA;;;;;300;Bruno Centurion;AXUM;;;False;134425;0;1;;;;;;1;;848,64
23484;Col√≥n - (AUTOSERVICIOS) 3143;RAFAEL CALZADA;2026-10-08;08-10-2026;07-10-2026;FAC-A-134425;Venta;LAGOPUELO S.A;1509756;12,00;28004,52;33885,47;lin kaihong;;0,00 %;063;Daniel Martin;;TF UD T/SECA LADYSOFT UL PRT 16u;2333,71;3475;;3;Autoservicio B;1609,46;HERNAN RIVERO;;$;2;SOFTYS ARGENTINA S.A;;;CON;;;;;;;TOALLA FEMENINA;;;;;300;Bruno Centurion;AXUM;;;False;134425;0;1;;;;;;1;;2333,71
3199;AV JUAN DOMINGO PERON 4906;SAN FRANCISCO SOLANO (QUILMES);2026-10-08;08-10-2026;07-10-2026;FAC-A-134438;Venta;LAGOPUELO S.A;1509765;8,00;13297,44;16089,90;HUANG QICHANG;;0,00 %;056;Ezequiel Ferreira;;TF NORMALT/SUAVE EXT ALG 16x27;1662,18;3477;;3;AUTOSERVICIO;1146,33;NAHUEL MONTOYA;;$;2;SOFTYS ARGENTINA S.A;;;CON;;;;;;;TOALLA FEMENINA;;;;;300;Bruno Centurion;AXUM;;;False;134438;0;1;;;;;;1;;1662,18
3199;AV JUAN DOMINGO PERON 4906;SAN FRANCISCO SOLANO (QUILMES);2026-10-08;08-10-2026;07-10-2026;FAC-A-134438;Venta;LAGOPUELO S.A;1509763;8,00;18120,40;21925,68;HUANG QICHANG;;0,00 %;056;Ezequiel Ferreira;;TF Nocturna EXT ALGODON 16X16;2265,05;3477;;3;AUTOSERVICIO;1562,11;NAHUEL MONTOYA;;$;2;SOFTYS ARGENTINA S.A;;;CON;;;;;;;TOALLA FEMENINA;;;;;300;Bruno Centurion;AXUM;;;False;134438;0;1;;;;;;1;;2265,05
3199;AV JUAN DOMINGO PERON 4906;SAN FRANCISCO SOLANO (QUILMES);2026-10-08;08-10-2026;07-10-2026;FAC-A-134438;Venta;LAGOPUELO S.A;1509761;12,00;9542,64;11546,59;HUANG QICHANG;;0,00 %;056;Ezequiel Ferreira;;TF LADYSOFT COMFORT EXT ALGODON 8x54;795,22;3477;;3;AUTOSERVICIO;548,43;NAHUEL MONTOYA;;$;2;SOFTYS ARGENTINA S.A;;;CON;;;;;;;TOALLA FEMENINA;;;;;300;Bruno Centurion;AXUM;;;False;134438;0;1;;;;;;1;;795,22
3199;AV JUAN DOMINGO PERON 4906;SAN FRANCISCO SOLANO (QUILMES);2026-10-08;08-10-2026;07-10-2026;FAC-A-134438;Venta;LAGOPUELO S.A;1501627;1,00;12040,70;14569,25;HUANG QICHANG;;10,00 %;056;Ezequiel Ferreira;;PH Higienol HS Balanced 20mx4/12;12040,70;3477;;3;AUTOSERVICIO;9488,34;NAHUEL MONTOYA;;$;2;SOFTYS ARGENTINA S.A;;;CON;;;;;;;PAPEL HIG;;;;;300;Bruno Centurion;AXUM;;;False;134438;0;1;;;;;;1;;12040,70
927;AV TOMAS FLORES 1345;BERNAL OESTE;;07-10-2026;07-10-2026;VEN-134439;Venta;Empresa LAGOPUELO;1506203;1,00;39390,00;47661,90;MERCADO LIBRE;;0,00 %;16;VENDEDOR DEPOSITO;;TO ELITE JUMBO 300Mts SH BEIGE X2 (9138);39390,00;3495;;6;MAYORISTA;30300,00;PEDIDOS INTERNOS;;$;2;SOFTYS ARGENTINA S.A;;;CON;;;;;;;INDUSTRIAL;;;;;;;gcw;;;False;134439;1;1;;;;;;1;;39390,00
5302;AV. LUJAN 1038;FLORENCIO VARELA;2026-10-08;08-10-2026;07-10-2026;FAC-A-134451;Venta;LAGOPUELO S.A;1504290;15,00;42068,03;50902,31;ZHANG HUAFANG;;10,00 %;051;Ezequiel Valente;;PL BABYSEC PREMIUM SOFT XXG X8/15;2804,54;3474;;3;AUTOSERVICIO;2308,26;JUAN ESCOTO;;$;2;SOFTYS ARGENTINA S.A;;;CON;;;;;;;PAÒAL;;;;;300;Bruno Centurion;AXUM;;;False;134451;0;1;;;;;;1;;2804,54
5302;AV. LUJAN 1038;FLORENCIO VARELA;2026-10-08;08-10-2026;07-10-2026;FAC-A-134451;Venta;LAGOPUELO S.A;1504287;15,00;42068,03;50902,31;ZHANG HUAFANG;;10,00 %;051;Ezequiel Valente;;PL BABYSEC PREMIUM SOFT XG X8/15;2804,54;3474;;3;AUTOSERVICIO;2308,26;JUAN ESCOTO;;$;2;SOFTYS ARGENTINA S.A;;;CON;;;;;;;PAÒAL;;;;;300;Bruno Centurion;AXUM;;;False;134451;0;1;;;;;;1;;2804,54
5302;AV. LUJAN 1038;FLORENCIO VARELA;2026-10-08;08-10-2026;07-10-2026;FAC-A-134451;Venta;LAGOPUELO S.A;1504295;10,00;28044,99;33934,44;ZHANG HUAFANG;;10,00 %;051;Ezequiel Valente;;PL BABYSEC PREMIUM SOFT M X8/20;2804,50;3474;;3;AUTOSERVICIO;2308,23;JUAN ESCOTO;;$;2;SOFTYS ARGENTINA S.A;;;CON;;;;;;;PAÒAL;;;;;300;Bruno Centurion;AXUM;;;False;134451;0;1;;;;;;1;;2804,50
5302;AV. LUJAN 1038;FLORENCIO VARELA;2026-10-08;08-10-2026;07-10-2026;FAC-A-134451;Venta;LAGOPUELO S.A;1504208;8,00;70424,50;85213,64;ZHANG HUAFANG;;10,00 %;051;Ezequiel Valente;;BABYSEC ULTSOFT XX6 30/4;8803,06;3474;;3;AUTOSERVICIO;7245,32;JUAN ESCOTO;;$;2;SOFTYS ARGENTINA S.A;;;CON;;;;;;;PAÒAL;;;;;300;Bruno Centurion;AXUM;;;False;134451;0;1;;;;;;1;;8803,06
5302;AV. LUJAN 1038;FLORENCIO VARELA;2026-10-08;08-10-2026;07-10-2026;FAC-A-134451;Venta;LAGOPUELO S.A;1504207;8,00;70424,50;85213,64;ZHANG HUAFANG;;10,00 %;051;Ezequiel Valente;;PL BABYSEC ULTRASOFT XG 32/4;8803,06;3474;;3;AUTOSERVICIO;7245,32;JUAN ESCOTO;;$;2;SOFTYS ARGENTINA S.A;;;CON;;;;;;;PAÒAL;;;;;300;Bruno Centurion;AXUM;;;False;134451;0;1;;;;;;1;;8803,06
5302;AV. LUJAN 1038;FLORENCIO VARELA;2026-10-08;08-10-2026;07-10-2026;FAC-A-134451;Venta;LAGOPUELO S.A;1504289;8,00;86258,66;104372,98;ZHANG HUAFANG;;10,00 %;051;Ezequiel Valente;;PLBABYSEC PREM SOFTXXG x30/4;10782,33;3474;;3;AUTOSERVICIO;8874,35;JUAN ESCOTO;;$;2;SOFTYS ARGENTINA S.A;;;CON;;;;;;;PAÒAL;;;;;300;Bruno Centurion;AXUM;;;False;134451;0;1;;;;;;1;;10782,33
5302;AV. LUJAN 1038;FLORENCIO VARELA;2026-10-08;08-10-2026;07-10-2026;FAC-A-134451;Venta;LAGOPUELO S.A;1504931;4,00;43129,33;52186,49;ZHANG HUAFANG;;10,00 %;051;Ezequiel Valente;;PL BABYSEC PREMIUM XXXG x 28/4;10782,33;3474;;3;AUTOSERVICIO;8874,35;JUAN ESCOTO;;$;2;SOFTYS ARGENTINA S.A;;;CON;;;;;;;PAÒAL;;;;;300;Bruno Centurion;AXUM;;;False;134451;0;1;;;;;;1;;10782,33
5302;AV. LUJAN 1038;FLORENCIO VARELA;2026-10-08;08-10-2026;07-10-2026;FAC-A-134451;Venta;LAGOPUELO S.A;1509757;6,00;20000,76;24200,92;ZHANG HUAFANG;;0,00 %;051;Ezequiel Valente;;TF UD T/SECA LADYSOFT UL PTEC 24u;3333,46;3474;;3;AUTOSERVICIO;2298,94;JUAN ESCOTO;;$;2;SOFTYS ARGENTINA S.A;;;CON;;;;;;;TOALLA FEMENINA;;;;;300;Bruno Centurion;AXUM;;;False;134451;0;1;;;;;;1;;3333,46
27341;ALBARI√‚ÄòOS - (TRADICIONAL) 2726;LANUS;2026-10-08;08-10-2026;07-10-2026;FAC-A-134455;Venta;LAGOPUELO S.A;1501585;1,00;36501,38;44166,67;NESTOR BOVETTI;;0,00 %;29;Camila Navarrete;;PH HIGIENOL HS MAX ALOE PANAL 80M X4;36501,38;3473;;2;ALMACEN;24669,76;SIMON OLIVERA;;$;2;SOFTYS ARGENTINA S.A;;;CON;;;;;;;PAPEL HIG;;;;;25;JOHANA VIGIL;AXUM;;;False;134455;0;1;;;;;;1;;36501,38
27341;ALBARI√‚ÄòOS - (TRADICIONAL) 2726;LANUS;2026-10-08;08-10-2026;07-10-2026;FAC-A-134455;Venta;LAGOPUELO S.A;1501627;1,00;12040,70;14569,25;NESTOR BOVETTI;;10,00 %;29;Camila Navarrete;;PH Higienol HS Balanced 20mx4/12;12040,70;3473;;2;ALMACEN;9488,34;SIMON OLIVERA;;$;2;SOFTYS ARGENTINA S.A;;;CON;;;;;;;PAPEL HIG;;;;;25;JOHANA VIGIL;AXUM;;;False;134455;0;1;;;;;;1;;12040,70
6297;12 DE OCTUBRE 1445;Varela;2026-10-08;08-10-2026;07-10-2026;FAC-A-134463;Venta;LAGOPUELO S.A;1509762;32,00;36384,78;44025,58;CAI YUTING;;3,00 %;6;Nieves Alegre;;TF NOCTUR EXT A 8x32;1137,02;3472;;3;AUTOSERVICIO;808,41;IVAN MONTOYA;;$;2;SOFTYS ARGENTINA S.A;;;CON;;;;;;;TOALLA FEMENINA;;;;;25;JOHANA VIGIL;AXUM;;;False;134463;0;1;;;;;;1;;1137,02
6297;12 DE OCTUBRE 1445;Varela;2026-10-08;08-10-2026;07-10-2026;FAC-A-134463;Venta;LAGOPUELO S.A;1509765;27,00;43532,49;52674,32;CAI YUTING;;3,00 %;6;Nieves Alegre;;TF NORMALT/SUAVE EXT ALG 16x27;1612,31;3472;;3;AUTOSERVICIO;1146,33;IVAN MONTOYA;;$;2;SOFTYS ARGENTINA S.A;;;CON;;;;;;;TOALLA FEMENINA;;;;;25;JOHANA VIGIL;AXUM;;;False;134463;0;1;;;;;;1;;1612,31
6297;12 DE OCTUBRE 1445;Varela;2026-10-08;08-10-2026;07-10-2026;FAC-A-134463;Venta;LAGOPUELO S.A;1509764;54,00;44451,76;53786,63;CAI YUTING;;3,00 %;6;Nieves Alegre;;TF NORMAL T/SUAVE EXT ALGODON 8x54;823,18;3472;;3;AUTOSERVICIO;585,27;IVAN MONTOYA;;$;2;SOFTYS ARGENTINA S.A;;;CON;;;;;;;TOALLA FEMENINA;;;;;25;JOHANA VIGIL;AXUM;;;False;134463;0;1;;;;;;1;;823,18
6297;12 DE OCTUBRE 1445;Varela;2026-10-08;08-10-2026;07-10-2026;FAC-A-134463;Venta;LAGOPUELO S.A;1509755;40,00;46547,20;56322,11;CAI YUTING;;3,00 %;6;Nieves Alegre;;TF UD T/SECA LADYSOFT ULTRA PROTECT 8;1163,68;3472;;3;AUTOSERVICIO;827,36;IVAN MONTOYA;;$;2;SOFTYS ARGENTINA S.A;;;CON;;;;;;;TOALLA FEMENINA;;;;;25;JOHANA VIGIL;AXUM;;;False;134463;0;1;;;;;;1;;1163,68
6297;12 DE OCTUBRE 1445;Varela;2026-10-08;08-10-2026;07-10-2026;FAC-A-134463;Venta;LAGOPUELO S.A;1509750;10,00;33177,88;40145,23;CAI YUTING;;3,00 %;6;Nieves Alegre;;PD LADYSOFT CLASICOS 56x10;3317,79;3472;;3;AUTOSERVICIO;2358,90;IVAN MONTOYA;;$;2;SOFTYS ARGENTINA S.A;;;CON;;;;;;;PROTECTOR DIARIO;;;;;25;JOHANA VIGIL;AXUM;;;False;134463;0;1;;;;;;1;;3317,79
6297;12 DE OCTUBRE 1445;Varela;2026-10-08;08-10-2026;07-10-2026;FAC-A-134463;Venta;LAGOPUELO S.A;1503118;48,00;76142,36;92132,26;CAI YUTING;;3,00 %;6;Nieves Alegre;;TH BABYSEC ULTRA 50/24;1586,30;3472;;3;AUTOSERVICIO;1127,83;IVAN MONTOYA;;$;2;SOFTYS ARGENTINA S.A;;;CON;;;;;;;;;;;;25;JOHANA VIGIL;AXUM;;;False;134463;0;1;;;;;;1;;1586,30
5586;REPUBLICA DE LA INDIA - (PERFUMERIA) 540;CLAYPOLE;2026-10-08;08-10-2026;07-10-2026;FAC-A-134472;Venta;LAGOPUELO S.A;1509764;6,00;5091,84;6161,13;KARINA MABEL MARINI;;0,00 %;056;Ezequiel Ferreira;;TF NORMAL T/SUAVE EXT ALGODON 8x54;848,64;3477;;OTR;SIN SUB;585,27;NAHUEL MONTOYA;;$;2;SOFTYS ARGENTINA S.A;;;CON;;;;;;;TOALLA FEMENINA;;;;;300;Bruno Centurion;AXUM;;;False;134472;0;1;;;;;;1;;848,64
27889;AGUILAR - (ARTICULO DE LIMPIEZA) 3784;MONTE CHINGOLO;2026-10-08;08-10-2026;07-10-2026;FAC-A-134473;Venta;LAGOPUELO S.A;1509760;30,00;90939,30;110036,55;VILLAFA—E ARIEL HERNAN;;0,00 %;30;Oriana Songini;;TD UF T/Suave Ladysoft EXT ALGOD”N 24x15;3031,31;3473;;georgalos-803;Perfumeria;2090,56;SIMON OLIVERA;;$;2;SOFTYS ARGENTINA S.A;;;CON;;;;;;;TOALLA FEMENINA;;;;;25;JOHANA VIGIL;AXUM;;;False;134473;0;1;;;;;;1;;3031,31
27889;AGUILAR - (ARTICULO DE LIMPIEZA) 3784;MONTE CHINGOLO;2026-10-08;08-10-2026;07-10-2026;FAC-A-134473;Venta;LAGOPUELO S.A;1509756;20,00;46674,20;56475,78;VILLAFA—E ARIEL HERNAN;;0,00 %;30;Oriana Songini;;TF UD T/SECA LADYSOFT UL PRT 16u;2333,71;3473;;georgalos-803;Perfumeria;1609,46;SIMON OLIVERA;;$;2;SOFTYS ARGENTINA S.A;;;CON;;;;;;;TOALLA FEMENINA;;;;;25;JOHANA VIGIL;AXUM;;;False;134473;0;1;;;;;;1;;2333,71
28040;LINIERS - (TRADICIONAL) 2206;LLAVALLOL;;08-10-2026;07-10-2026;VEN-134477;Venta;Empresa LAGOPUELO;1501585;1,00;31026,17;37541,67;YESICA DAIANA MACHADO;;15,00 %;074;Romina Baez;;PH HIGIENOL HS MAX ALOE PANAL 80M X4;31026,17;;;2;ALMACEN;24669,76;;;$;2;SOFTYS ARGENTINA S.A;;;CON;;;;;;;PAPEL HIG;;;;;300;Bruno Centurion;AXUM;;;False;134477;1;1;;;;;;1;;31026,17
23142;Falucho - (AUTOSERVICIOS) 3035;RAFAEL CALZADA;2026-10-08;08-10-2026;07-10-2026;FAC-A-134488;Venta;LAGOPUELO S.A;1505776;15,00;20980,95;25386,95;WENG XIUYU;;0,00 %;061;Nailah Guzman;;SE SUSSEX HS 30X30 BLANCA X80;1398,73;3477;;3;Autoservicio A;1036,10;NAHUEL MONTOYA;;$;2;SOFTYS ARGENTINA S.A;;;CON;;;;;;;SERVILLETA;;;;;300;Bruno Centurion;AXUM;;;False;134488;0;1;;;;;;1;;1398,73
3140;CARLOS PELLEGRINI 2053;QUILMES;2026-10-08;08-10-2026;07-10-2026;FAC-A-134495;Venta;LAGOPUELO S.A;1509761;54,00;42941,88;51959,67;SCHIRO JUAN JOSE;;0,00 %;054;Leonel Caruso;;TF LADYSOFT COMFORT EXT ALGODON 8x54;795,22;3476;;2;ALMACEN;548,43;LEONARDO SANTA CRUZ;;$;2;SOFTYS ARGENTINA S.A;;;CON;;;;;;;TOALLA FEMENINA;;;;;300;Bruno Centurion;AXUM;;;False;134495;0;1;;;;;;1;;795,22
3140;CARLOS PELLEGRINI 2053;QUILMES;2026-10-08;08-10-2026;07-10-2026;FAC-A-134495;Venta;LAGOPUELO S.A;1509755;40,00;47986,80;58064,03;SCHIRO JUAN JOSE;;0,00 %;054;Leonel Caruso;;TF UD T/SECA LADYSOFT ULTRA PROTECT 8;1199,67;3476;;2;ALMACEN;827,36;LEONARDO SANTA CRUZ;;$;2;SOFTYS ARGENTINA S.A;;;CON;;;;;;;TOALLA FEMENINA;;;;;300;Bruno Centurion;AXUM;;;False;134495;0;1;;;;;;1;;1199,67
23488;ferre 981;Rafael Calzada;2026-10-08;08-10-2026;07-10-2026;FAC-A-134496;Venta;LAGOPUELO S.A;1501627;1,00;12040,70;14569,25;ZHENG HUADI;;10,00 %;063;Daniel Martin;;PH Higienol HS Balanced 20mx4/12;12040,70;3475;;3;Autoservicio B;9488,34;HERNAN RIVERO;;$;2;SOFTYS ARGENTINA S.A;;;CON;;;;;;;PAPEL HIG;;;;;300;Bruno Centurion;AXUM;;;False;134496;0;1;;;;;;1;;12040,70
23488;ferre 981;Rafael Calzada;2026-10-08;08-10-2026;07-10-2026;FAC-A-134496;Venta;LAGOPUELO S.A;1505434;20,00;29149,80;35271,26;ZHENG HUADI;;0,00 %;063;Daniel Martin;;PO FACIALES ELITE BOX SOFT TOUCH x90;1457,49;3475;;3;Autoservicio B;1005,17;HERNAN RIVERO;;$;2;SOFTYS ARGENTINA S.A;;;CON;;;;;;;PAÒUELOS;;;;;300;Bruno Centurion;AXUM;;;False;134496;0;1;;;;;;1;;1457,49
23488;ferre 981;Rafael Calzada;2026-10-08;08-10-2026;07-10-2026;FAC-A-134496;Venta;LAGOPUELO S.A;1505496;10,00;12407,50;15013,08;ZHENG HUADI;;0,00 %;063;Daniel Martin;;PO ELITE ST CON ALGODON X10 PACK 6;1240,75;3475;;3;Autoservicio B;855,69;HERNAN RIVERO;;$;2;SOFTYS ARGENTINA S.A;;;CON;;;;;;;PAÒUELOS;;;;;300;Bruno Centurion;AXUM;;;False;134496;0;1;;;;;;1;;1240,75
23488;ferre 981;Rafael Calzada;2026-10-08;08-10-2026;07-10-2026;FAC-A-134496;Venta;LAGOPUELO S.A;1509762;10,00;11721,90;14183,50;ZHENG HUADI;;0,00 %;063;Daniel Martin;;TF NOCTUR EXT A 8x32;1172,19;3475;;3;Autoservicio B;808,41;HERNAN RIVERO;;$;2;SOFTYS ARGENTINA S.A;;;CON;;;;;;;TOALLA FEMENINA;;;;;300;Bruno Centurion;AXUM;;;False;134496;0;1;;;;;;1;;1172,19
27618;Luis Puig - (AUTOSERVICIOS) 669;TURDERA;;08-10-2026;07-10-2026;VEN-134500;Venta;LAGOPUELO S.A;1501585;15,00;432541,35;523375,04;Lin Hui;;21,00 %;074;Romina Baez;;PH HIGIENOL HS MAX ALOE PANAL 80M X4;28836,09;;;3;Autoservicio A;24669,76;;;$;2;SOFTYS ARGENTINA S.A;;;CON;;;;;;;PAPEL HIG;;;;;300;Bruno Centurion;AXUM;;;False;134500;1;1;;;;;;1;;28836,09
27618;Luis Puig - (AUTOSERVICIOS) 669;TURDERA;;08-10-2026;07-10-2026;VEN-134500;Venta;LAGOPUELO S.A;1509761;18,00;14313,96;17319,89;Lin Hui;;0,00 %;074;Romina Baez;;TF LADYSOFT COMFORT EXT ALGODON 8x54;795,22;;;3;Autoservicio A;548,43;;;$;2;SOFTYS ARGENTINA S.A;;;CON;;;;;;;TOALLA FEMENINA;;;;;300;Bruno Centurion;AXUM;;;False;134500;1;1;;;;;;1;;795,22
720;CALLE 7 2762;Berazategui;;08-10-2026;07-10-2026;VEN-134503;Venta;LAGOPUELO S.A;1501553;60,00;1114296,96;1348299,32;JUNIOR JAVIER;;30,00 %;5;Eliana Huber;;PH HIGIENOL DH PLUS FUSI”N 30M x4/10;18571,62;;;3;AUTOSERVICIO;17199,92;;;$;2;SOFTYS ARGENTINA S.A;;;CON;;;;;;;PAPEL HIG;;;;;25;JOHANA VIGIL;AXUM;;;False;134503;1;1;;;;;;1;;18571,62
23315;AV SAN MARTIN ENT BALBOA Y PICAFLOR - (AUTOSERVICIOS) 5210;RAFAEL CALZADA;2026-10-08;08-10-2026;07-10-2026;FAC-A-134518;Venta;LAGOPUELO S.A;1504088;4,00;51747,84;62614,89;LIN TAIXIANG;;10,00 %;062;Nahuel Martinez;;PL BABYSEC ULTRSOFT XXG x50/4;12936,96;3479;;3;Autoservicio B;10647,70;MARIANO SOSA;;$;2;SOFTYS ARGENTINA S.A;;;CON;;;;;;;PAÒAL;;;;;300;Bruno Centurion;AXUM;;;False;134518;0;1;;;;;;1;;12936,96
22945;MARGARITA - (TRADICIONAL) 315;ALTE BROWN;2026-10-08;08-10-2026;07-10-2026;FAC-B-134521;Venta;LAGOPUELO S.A;1501627;1,00;12040,70;14569,25;ARANDA GERARDO;;10,00 %;056;Ezequiel Ferreira;;PH Higienol HS Balanced 20mx4/12;12040,70;3477;;2;ALMACEN;9488,34;NAHUEL MONTOYA;;$;2;SOFTYS ARGENTINA S.A;;;CON;;;;;;;PAPEL HIG;;;;;300;Bruno Centurion;AXUM;;;False;134521;0;1;;;;;;1;;12040,70
927;AV TOMAS FLORES 1345;BERNAL OESTE;;07-10-2026;07-10-2026;VEN-134523;Venta;Empresa LAGOPUELO;1506203;2,00;78780,00;95323,80;MERCADO LIBRE;;0,00 %;16;VENDEDOR DEPOSITO;;TO ELITE JUMBO 300Mts SH BEIGE X2 (9138);39390,00;3495;;6;MAYORISTA;30300,00;PEDIDOS INTERNOS;;$;2;SOFTYS ARGENTINA S.A;;;CON;;;;;;;INDUSTRIAL;;;;;;;gcw;;;False;134523;1;1;;;;;;1;;39390,00
2507;Calle 52 N 2828;Berazategui;2026-10-08;08-10-2026;07-10-2026;FAC-B-134524;Venta;ELEBES;1509762;5,00;5860,95;7091,75;GONZALEZ MAYRA ALEJANDRA;;0,00 %;052;Nicole Sosa;;TF NOCTUR EXT A 8x32;1172,19;3474;;2;ALMACEN;808,41;JUAN ESCOTO;;$;2;SOFTYS ARGENTINA S.A;;;CON;;;;;;;TOALLA FEMENINA;;;;;300;Bruno Centurion;AXUM;;;False;134524;0;1;;;;;;1;;1172,19
2507;Calle 52 N 2828;Berazategui;2026-10-08;08-10-2026;07-10-2026;FAC-B-134524;Venta;ELEBES;1509763;5,00;11325,25;13703,55;GONZALEZ MAYRA ALEJANDRA;;0,00 %;052;Nicole Sosa;;TF Nocturna EXT ALGODON 16X16;2265,05;3474;;2;ALMACEN;1562,11;JUAN ESCOTO;;$;2;SOFTYS ARGENTINA S.A;;;CON;;;;;;;TOALLA FEMENINA;;;;;300;Bruno Centurion;AXUM;;;False;134524;0;1;;;;;;1;;2265,05
2507;Calle 52 N 2828;Berazategui;2026-10-08;08-10-2026;07-10-2026;FAC-B-134524;Venta;ELEBES;1509749;5,00;6502,10;7867,54;GONZALEZ MAYRA ALEJANDRA;;0,00 %;052;Nicole Sosa;;PD ladysoft clasicos 20x30;1300,42;3474;;2;ALMACEN;896,84;JUAN ESCOTO;;$;2;SOFTYS ARGENTINA S.A;;;CON;;;;;;;PROTECTOR DIARIO;;;;;300;Bruno Centurion;AXUM;;;False;134524;0;1;;;;;;1;;1300,42
2507;Calle 52 N 2828;Berazategui;2026-10-08;08-10-2026;07-10-2026;FAC-B-134524;Venta;ELEBES;1509755;5,00;5998,35;7258,00;GONZALEZ MAYRA ALEJANDRA;;0,00 %;052;Nicole Sosa;;TF UD T/SECA LADYSOFT ULTRA PROTECT 8;1199,67;3474;;2;ALMACEN;827,36;JUAN ESCOTO;;$;2;SOFTYS ARGENTINA S.A;;;CON;;;;;;;TOALLA FEMENINA;;;;;300;Bruno Centurion;AXUM;;;False;134524;0;1;;;;;;1;;1199,67
2507;Calle 52 N 2828;Berazategui;2026-10-08;08-10-2026;07-10-2026;FAC-B-134524;Venta;ELEBES;1509758;5,00;5578,70;6750,23;GONZALEZ MAYRA ALEJANDRA;;0,00 %;052;Nicole Sosa;;TF UD T/SUAVE EXT ALGO 8X40;1115,74;3474;;2;ALMACEN;769,48;JUAN ESCOTO;;$;2;SOFTYS ARGENTINA S.A;;;CON;;;;;;;TOALLA FEMENINA;;;;;300;Bruno Centurion;AXUM;;;False;134524;0;1;;;;;;1;;1115,74
2507;Calle 52 N 2828;Berazategui;2026-10-08;08-10-2026;07-10-2026;FAC-B-134524;Venta;ELEBES;1509761;5,00;3976,10;4811,08;GONZALEZ MAYRA ALEJANDRA;;0,00 %;052;Nicole Sosa;;TF LADYSOFT COMFORT EXT ALGODON 8x54;795,22;3474;;2;ALMACEN;548,43;JUAN ESCOTO;;$;2;SOFTYS ARGENTINA S.A;;;CON;;;;;;;TOALLA FEMENINA;;;;;300;Bruno Centurion;AXUM;;;False;134524;0;1;;;;;;1;;795,22
2507;Calle 52 N 2828;Berazategui;2026-10-08;08-10-2026;07-10-2026;FAC-B-134524;Venta;ELEBES;1509766;5,00;4579,00;5540,59;GONZALEZ MAYRA ALEJANDRA;;0,00 %;052;Nicole Sosa;;TF T/SECA NORMAL MAS PROTECC 8x54;915,80;3474;;2;ALMACEN;631,59;JUAN ESCOTO;;$;2;SOFTYS ARGENTINA S.A;;;CON;;;;;;;TOALLA FEMENINA;;;;;300;Bruno Centurion;AXUM;;;False;134524;0;1;;;;;;1;;915,80
2507;Calle 52 N 2828;Berazategui;2026-10-08;08-10-2026;07-10-2026;FAC-B-134524;Venta;ELEBES;1509764;5,00;4243,20;5134,27;GONZALEZ MAYRA ALEJANDRA;;0,00 %;052;Nicole Sosa;;TF NORMAL T/SUAVE EXT ALGODON 8x54;848,64;3474;;2;ALMACEN;585,27;JUAN ESCOTO;;$;2;SOFTYS ARGENTINA S.A;;;CON;;;;;;;TOALLA FEMENINA;;;;;300;Bruno Centurion;AXUM;;;False;134524;0;1;;;;;;1;;848,64
103530;Achaval 2754 1 0;REMEDIOS DE ESCALADA;2026-10-08;08-10-2026;07-10-2026;FAC-A-134528;Venta;LAGOPUELO S.A;1509768;12,00;11703,72;14161,50;Weng Weiqiang;;0,00 %;29;Camila Navarrete;;TF NORMAL T/SUAVE PIEL SENSIBLE 8x54;975,31;3473;;3;AUTOSERVICIO;672,63;SIMON OLIVERA;;$;2;SOFTYS ARGENTINA S.A;;;EFV;;;;;;;TOALLA FEMENINA;;;;;25;JOHANA VIGIL;AXUM;;;False;134528;0;1;;;;;;1;;975,31
103530;Achaval 2754 1 0;REMEDIOS DE ESCALADA;2026-10-08;08-10-2026;07-10-2026;FAC-A-134528;Venta;LAGOPUELO S.A;1503118;24,00;39248,64;47490,85;Weng Weiqiang;;0,00 %;29;Camila Navarrete;;TH BABYSEC ULTRA 50/24;1635,36;3473;;3;AUTOSERVICIO;1127,83;SIMON OLIVERA;;$;2;SOFTYS ARGENTINA S.A;;;EFV;;;;;;;;;;;;25;JOHANA VIGIL;AXUM;;;False;134528;0;1;;;;;;1;;1635,36
22952;ANEMONA 6362;Almirante Brown;2026-10-08;08-10-2026;07-10-2026;FAC-A-134537;Venta;LAGOPUELO S.A;1509763;16,00;36240,80;43851,37;CHEN XIALIANG;;0,00 %;056;Ezequiel Ferreira;;TF Nocturna EXT ALGODON 16X16;2265,05;3477;;3;Autoservicio B;1562,11;NAHUEL MONTOYA;;$;2;SOFTYS ARGENTINA S.A;;;CON;;;;;;;TOALLA FEMENINA;;;;;300;Bruno Centurion;AXUM;;;False;134537;0;1;;;;;;1;;2265,05
22952;ANEMONA 6362;Almirante Brown;2026-10-08;08-10-2026;07-10-2026;FAC-A-134537;Venta;LAGOPUELO S.A;1509762;12,00;14066,28;17020,20;CHEN XIALIANG;;0,00 %;056;Ezequiel Ferreira;;TF NOCTUR EXT A 8x32;1172,19;3477;;3;Autoservicio B;808,41;NAHUEL MONTOYA;;$;2;SOFTYS ARGENTINA S.A;;;CON;;;;;;;TOALLA FEMENINA;;;;;300;Bruno Centurion;AXUM;;;False;134537;0;1;;;;;;1;;1172,19
22952;ANEMONA 6362;Almirante Brown;2026-10-08;08-10-2026;07-10-2026;FAC-A-134537;Venta;LAGOPUELO S.A;1509758;12,00;13388,88;16200,54;CHEN XIALIANG;;0,00 %;056;Ezequiel Ferreira;;TF UD T/SUAVE EXT ALGO 8X40;1115,74;3477;;3;Autoservicio B;769,48;NAHUEL MONTOYA;;$;2;SOFTYS ARGENTINA S.A;;;CON;;;;;;;TOALLA FEMENINA;;;;;300;Bruno Centurion;AXUM;;;False;134537;0;1;;;;;;1;;1115,74
29529;LOS MOLINOS E/LOS ALAMOS Y HUGO AGUILAR - (TRADICIONAL) 829;LA UNION;;08-10-2026;07-10-2026;VEN-134540;Venta;LAGOPUELO S.A;1509764;10,00;8486,40;10268,54;GABRIELA CECILIA ALFONSO;;0,00 %;075;Julieta Yegros;;TF NORMAL T/SUAVE EXT ALGODON 8x54;848,64;;;5;KIOSCO;585,27;;;$;2;SOFTYS ARGENTINA S.A;;;CON;;;;;;;TOALLA FEMENINA;;;;;300;Bruno Centurion;AXUM;;;False;134540;1;1;;;;;;1;;848,64
3086;AVDA SANTA FE Y CALLE 889;SAN FRANCISCO SOLANO;2026-10-08;08-10-2026;07-10-2026;FAC-A-134545;Venta;LAGOPUELO S.A;1505688;1,00;15533,64;18795,70;EVELIN GISEL GAUNA;;5,00 %;056;Ezequiel Ferreira;;RC Sussex clasico mas blanco 50px3/10;15533,64;3478;;3;AUTOSERVICIO;12112,00;WALTER JANIUK;;$;2;SOFTYS ARGENTINA S.A;;;CON;;;;;;;ROLLO DE COCINA;;;;;300;Bruno Centurion;AXUM;;;False;134545;0;1;;;;;;1;;15533,64
3086;AVDA SANTA FE Y CALLE 889;SAN FRANCISCO SOLANO;2026-10-08;08-10-2026;07-10-2026;FAC-A-134545;Venta;LAGOPUELO S.A;1501627;1,00;12040,70;14569,25;EVELIN GISEL GAUNA;;10,00 %;056;Ezequiel Ferreira;;PH Higienol HS Balanced 20mx4/12;12040,70;3478;;3;AUTOSERVICIO;9488,34;WALTER JANIUK;;$;2;SOFTYS ARGENTINA S.A;;;CON;;;;;;;PAPEL HIG;;;;;300;Bruno Centurion;AXUM;;;False;134545;0;1;;;;;;1;;12040,70
3086;AVDA SANTA FE Y CALLE 889;SAN FRANCISCO SOLANO;2026-10-08;08-10-2026;07-10-2026;FAC-A-134545;Venta;LAGOPUELO S.A;1505708;1,00;22612,61;27361,26;EVELIN GISEL GAUNA;;0,00 %;056;Ezequiel Ferreira;;RC SUSEEX CLS MEGARROLO ALTO 200X1;22612,61;3478;;3;AUTOSERVICIO;16750,08;WALTER JANIUK;;$;2;SOFTYS ARGENTINA S.A;;;CON;;;;;;;ROLLO DE COCINA;;;;;300;Bruno Centurion;AXUM;;;False;134545;0;1;;;;;;1;;22612,61
323025;BARTOLOME MITRE 654;FLORENCIO VARELA;2026-10-08;08-10-2026;07-10-2026;FAC-A-134547;Venta;LAGOPUELO S.A;1509758;12,00;13388,88;16200,54;WENG FENGMEI;;0,00 %;6;Nieves Alegre;;TF UD T/SUAVE EXT ALGO 8X40;1115,74;3472;;3;AUTOSERVICIO;769,48;IVAN MONTOYA;;$;2;SOFTYS ARGENTINA S.A;;;CON;;;;;;;TOALLA FEMENINA;;;;;25;JOHANA VIGIL;AXUM;;;False;134547;0;1;;;;;;1;;1115,74
323025;BARTOLOME MITRE 654;FLORENCIO VARELA;2026-10-08;08-10-2026;07-10-2026;FAC-A-134547;Venta;LAGOPUELO S.A;1509755;12,00;14396,04;17419,21;WENG FENGMEI;;0,00 %;6;Nieves Alegre;;TF UD T/SECA LADYSOFT ULTRA PROTECT 8;1199,67;3472;;3;AUTOSERVICIO;827,36;IVAN MONTOYA;;$;2;SOFTYS ARGENTINA S.A;;;CON;;;;;;;TOALLA FEMENINA;;;;;25;JOHANA VIGIL;AXUM;;;False;134547;0;1;;;;;;1;;1199,67
323025;BARTOLOME MITRE 654;FLORENCIO VARELA;2026-10-08;08-10-2026;07-10-2026;FAC-A-134547;Venta;LAGOPUELO S.A;1509759;10,00;21307,10;25781,59;WENG FENGMEI;;0,00 %;6;Nieves Alegre;;TF UD T/SUAVE EXT ALG 16x20;2130,71;3472;;3;AUTOSERVICIO;1469,45;IVAN MONTOYA;;$;2;SOFTYS ARGENTINA S.A;;;CON;;;;;;;TOALLA FEMENINA;;;;;25;JOHANA VIGIL;AXUM;;;False;134547;0;1;;;;;;1;;2130,71
23325;Avenida San Mart√≠ - (AUTOSERVICIOS) 5859;RAFAEL CALZADA;2026-10-08;08-10-2026;07-10-2026;FAC-A-134550;Venta;LAGOPUELO S.A;1504289;20,00;215646,66;260932,46;CHEN RUIYING;;10,00 %;062;Nahuel Martinez;;PLBABYSEC PREM SOFTXXG x30/4;10782,33;3479;;3;Autoservicio B;8874,35;MARIANO SOSA;;$;2;SOFTYS ARGENTINA S.A;;;CON;;;;;;;PAÒAL;;;;;300;Bruno Centurion;AXUM;;;False;134550;0;1;;;;;;1;;10782,33
23325;Avenida San Mart√≠ - (AUTOSERVICIOS) 5859;RAFAEL CALZADA;2026-10-08;08-10-2026;07-10-2026;FAC-A-134550;Venta;LAGOPUELO S.A;1501627;5,00;60203,52;72846,26;CHEN RUIYING;;10,00 %;062;Nahuel Martinez;;PH Higienol HS Balanced 20mx4/12;12040,70;3479;;3;Autoservicio B;9488,34;MARIANO SOSA;;$;2;SOFTYS ARGENTINA S.A;;;CON;;;;;;;PAPEL HIG;;;;;300;Bruno Centurion;AXUM;;;False;134550;0;1;;;;;;1;;12040,70
23325;Avenida San Mart√≠ - (AUTOSERVICIOS) 5859;RAFAEL CALZADA;2026-10-08;08-10-2026;07-10-2026;FAC-A-134550;Venta;LAGOPUELO S.A;1503118;120,00;196243,20;237454,27;CHEN RUIYING;;0,00 %;062;Nahuel Martinez;;TH BABYSEC ULTRA 50/24;1635,36;3479;;3;Autoservicio B;1127,83;MARIANO SOSA;;$;2;SOFTYS ARGENTINA S.A;;;CON;;;;;;;;;;;;300;Bruno Centurion;AXUM;;;False;134550;0;1;;;;;;1;;1635,36
27633;EL PICAFLOR 3072;Almirante Brown;2026-10-08;08-10-2026;07-10-2026;FAC-A-134560;Venta;LAGOPUELO S.A;1509766;162,00;143908,81;174129,66;DIEGO FERNANDO ESPINDOLA;;3,00 %;062;Nahuel Martinez;;TF T/SECA NORMAL MAS PROTECC 8x54;888,33;3478;;6;MAYORISTA;631,59;WALTER JANIUK;;$;2;SOFTYS ARGENTINA S.A;;;CON;;;;;;;TOALLA FEMENINA;;;;;300;Bruno Centurion;AXUM;;;False;134560;0;1;;;;;;1;;888,33
27633;EL PICAFLOR 3072;Almirante Brown;2026-10-08;08-10-2026;07-10-2026;FAC-A-134560;Venta;LAGOPUELO S.A;1509755;120,00;139641,59;168966,32;DIEGO FERNANDO ESPINDOLA;;3,00 %;062;Nahuel Martinez;;TF UD T/SECA LADYSOFT ULTRA PROTECT 8;1163,68;3478;;6;MAYORISTA;827,36;WALTER JANIUK;;$;2;SOFTYS ARGENTINA S.A;;;CON;;;;;;;TOALLA FEMENINA;;;;;300;Bruno Centurion;AXUM;;;False;134560;0;1;;;;;;1;;1163,68
27633;EL PICAFLOR 3072;Almirante Brown;2026-10-08;08-10-2026;07-10-2026;FAC-A-134560;Venta;LAGOPUELO S.A;1509749;90,00;113526,67;137367,27;DIEGO FERNANDO ESPINDOLA;;3,00 %;062;Nahuel Martinez;;PD ladysoft clasicos 20x30;1261,41;3478;;6;MAYORISTA;896,84;WALTER JANIUK;;$;2;SOFTYS ARGENTINA S.A;;;CON;;;;;;;PROTECTOR DIARIO;;;;;300;Bruno Centurion;AXUM;;;False;134560;0;1;;;;;;1;;1261,41
27633;EL PICAFLOR 3072;Almirante Brown;2026-10-08;08-10-2026;07-10-2026;FAC-A-134560;Venta;LAGOPUELO S.A;1509764;162,00;133355,29;161359,90;DIEGO FERNANDO ESPINDOLA;;3,00 %;062;Nahuel Martinez;;TF NORMAL T/SUAVE EXT ALGODON 8x54;823,18;3478;;6;MAYORISTA;585,27;WALTER JANIUK;;$;2;SOFTYS ARGENTINA S.A;;;CON;;;;;;;TOALLA FEMENINA;;;;;300;Bruno Centurion;AXUM;;;False;134560;0;1;;;;;;1;;823,18
27633;EL PICAFLOR 3072;Almirante Brown;2026-10-08;08-10-2026;07-10-2026;FAC-A-134560;Venta;LAGOPUELO S.A;1509761;162,00;124960,87;151202,65;DIEGO FERNANDO ESPINDOLA;;3,00 %;062;Nahuel Martinez;;TF LADYSOFT COMFORT EXT ALGODON 8x54;771,36;3478;;6;MAYORISTA;548,43;WALTER JANIUK;;$;2;SOFTYS ARGENTINA S.A;;;CON;;;;;;;TOALLA FEMENINA;;;;;300;Bruno Centurion;AXUM;;;False;134560;0;1;;;;;;1;;771,36
103048;B. De Astrada 2980 1 0;Remedios De Escalada;2026-10-08;08-10-2026;07-10-2026;FAC-A-134562;Venta;LAGOPUELO S.A;1501553;60,00;1114296,96;1348299,32;Supermercados A. Del Norte;;30,00 %;29;Camila Navarrete;;PH HIGIENOL DH PLUS FUSI”N 30M x4/10;18571,62;3473;;georgalos-7;Almacen;17199,92;SIMON OLIVERA;;$;2;SOFTYS ARGENTINA S.A;;;EFV;;;;;;;PAPEL HIG;;;;;25;JOHANA VIGIL;AXUM;;;False;134562;0;1;;;;;;1;;18571,62
27310;BLASCO IBA√‚ÄòEZ - (AUTOSERVICIOS) 460;JOSE MARMOL;2026-10-08;08-10-2026;07-10-2026;FAC-A-134575;Venta;LAGOPUELO S.A;1501627;10,00;113717,76;137598,49;ZHENG SHUNXING;;15,00 %;063;Daniel Martin;;PH Higienol HS Balanced 20mx4/12;11371,78;3475;;3;Autoservicio A;9488,34;HERNAN RIVERO;;$;2;SOFTYS ARGENTINA S.A;;;CON;;;;;;;PAPEL HIG;;;;;300;Bruno Centurion;AXUM;;;False;134575;0;1;;;;;;1;;11371,78
107452;Del Valle Iberlucea 3033 0;LANUS;2026-10-08;08-10-2026;07-10-2026;FAC-A-134581;Venta;LAGOPUELO S.A;1509764;4,00;3394,56;4107,42;Bon Doniquian Tomas;;0,00 %;24;Cecilia Gauchez;;TF NORMAL T/SUAVE EXT ALGODON 8x54;848,64;3471;;2;ALMACEN;585,27;CLAUDIO GARCIA;;$;2;SOFTYS ARGENTINA S.A;;;EFV;;;;;;;TOALLA FEMENINA;;;;;25;JOHANA VIGIL;AXUM;;;False;134581;0;1;;;;;;1;;848,64
107452;Del Valle Iberlucea 3033 0;LANUS;2026-10-08;08-10-2026;07-10-2026;FAC-A-134581;Venta;LAGOPUELO S.A;1509762;2,00;2344,38;2836,70;Bon Doniquian Tomas;;0,00 %;24;Cecilia Gauchez;;TF NOCTUR EXT A 8x32;1172,19;3471;;2;ALMACEN;808,41;CLAUDIO GARCIA;;$;2;SOFTYS ARGENTINA S.A;;;EFV;;;;;;;TOALLA FEMENINA;;;;;25;JOHANA VIGIL;AXUM;;;False;134581;0;1;;;;;;1;;1172,19
107452;Del Valle Iberlucea 3033 0;LANUS;2026-10-08;08-10-2026;07-10-2026;FAC-A-134581;Venta;LAGOPUELO S.A;1503131;2,00;4950,92;5990,61;Bon Doniquian Tomas;;0,00 %;24;Cecilia Gauchez;;TH BABYSEC PREMIUM X45/10;2475,46;3471;;2;ALMACEN;1707,21;CLAUDIO GARCIA;;$;2;SOFTYS ARGENTINA S.A;;;EFV;;;;;;;TOALLA HUMEDA;;;;;25;JOHANA VIGIL;AXUM;;;False;134581;0;1;;;;;;1;;2475,46
22337;CALLE 779 - (AUTOSERVICIOS) 138;BERAZATEGUI;;08-10-2026;07-10-2026;VEN-134592;Venta;LAGOPUELO S.A;1509755;10,00;11996,70;14516,01;Andurell Melany Belen;;0,00 %;4;Selene Pawlikowski;;TF UD T/SECA LADYSOFT ULTRA PROTECT 8;1199,67;;;3;Autoservicio B;827,36;;;$;2;SOFTYS ARGENTINA S.A;;;CON;;;;;;;TOALLA FEMENINA;;;;;25;JOHANA VIGIL;AXUM;;;False;134592;1;1;;;;;;1;;1199,67
22337;CALLE 779 - (AUTOSERVICIOS) 138;BERAZATEGUI;;08-10-2026;07-10-2026;VEN-134592;Venta;LAGOPUELO S.A;1509767;10,00;13569,00;16418,49;Andurell Melany Belen;;0,00 %;4;Selene Pawlikowski;;TF UD TSUAVE ACTIVE 8X40;1356,90;;;3;Autoservicio B;935,79;;;$;2;SOFTYS ARGENTINA S.A;;;CON;;;;;;;TOALLA FEMENINA;;;;;25;JOHANA VIGIL;AXUM;;;False;134592;1;1;;;;;;1;;1356,90
22337;CALLE 779 - (AUTOSERVICIOS) 138;BERAZATEGUI;;08-10-2026;07-10-2026;VEN-134592;Venta;LAGOPUELO S.A;1509766;10,00;9158,00;11081,18;Andurell Melany Belen;;0,00 %;4;Selene Pawlikowski;;TF T/SECA NORMAL MAS PROTECC 8x54;915,80;;;3;Autoservicio B;631,59;;;$;2;SOFTYS ARGENTINA S.A;;;CON;;;;;;;TOALLA FEMENINA;;;;;25;JOHANA VIGIL;AXUM;;;False;134592;1;1;;;;;;1;;915,80
22337;CALLE 779 - (AUTOSERVICIOS) 138;BERAZATEGUI;;08-10-2026;07-10-2026;VEN-134592;Venta;LAGOPUELO S.A;1509764;10,00;8486,40;10268,54;Andurell Melany Belen;;0,00 %;4;Selene Pawlikowski;;TF NORMAL T/SUAVE EXT ALGODON 8x54;848,64;;;3;Autoservicio B;585,27;;;$;2;SOFTYS ARGENTINA S.A;;;CON;;;;;;;TOALLA FEMENINA;;;;;25;JOHANA VIGIL;AXUM;;;False;134592;1;1;;;;;;1;;848,64
22337;CALLE 779 - (AUTOSERVICIOS) 138;BERAZATEGUI;;08-10-2026;07-10-2026;VEN-134592;Venta;LAGOPUELO S.A;1509762;10,00;11721,90;14183,50;Andurell Melany Belen;;0,00 %;4;Selene Pawlikowski;;TF NOCTUR EXT A 8x32;1172,19;;;3;Autoservicio B;808,41;;;$;2;SOFTYS ARGENTINA S.A;;;CON;;;;;;;TOALLA FEMENINA;;;;;25;JOHANA VIGIL;AXUM;;;False;134592;1;1;;;;;;1;;1172,19
817;CALLE 59 2674;Berazategui;2026-10-08;08-10-2026;07-10-2026;FAC-B-134597;Venta;ELEBES;1505496;20,00;24815,00;30026,15;ALMACEN LUNA;;0,00 %;052;Nicole Sosa;;PO ELITE ST CON ALGODON X10 PACK 6;1240,75;3474;;2;ALMACEN;855,69;JUAN ESCOTO;;$;2;SOFTYS ARGENTINA S.A;;;CON;;;;;;;PAÒUELOS;;;;;300;Bruno Centurion;AXUM;;;False;134597;0;1;;;;;;1;;1240,75
6286;SALLARES 1546;Varela;2026-10-08;08-10-2026;07-10-2026;FAC-A-134603;Venta;LAGOPUELO S.A;1509755;10,00;11996,70;14516,01;GUO XIU PING;;0,00 %;6;Nieves Alegre;;TF UD T/SECA LADYSOFT ULTRA PROTECT 8;1199,67;3472;;3;AUTOSERVICIO;827,36;IVAN MONTOYA;;$;2;SOFTYS ARGENTINA S.A;;;CON;;;;;;;TOALLA FEMENINA;;;;;25;JOHANA VIGIL;AXUM;;;False;134603;0;1;;;;;;1;;1199,67
6286;SALLARES 1546;Varela;2026-10-08;08-10-2026;07-10-2026;FAC-A-134603;Venta;LAGOPUELO S.A;1501585;2,00;62052,35;75083,34;GUO XIU PING;;15,00 %;6;Nieves Alegre;;PH HIGIENOL HS MAX ALOE PANAL 80M X4;31026,17;3472;;3;AUTOSERVICIO;24669,76;IVAN MONTOYA;;$;2;SOFTYS ARGENTINA S.A;;;CON;;;;;;;PAPEL HIG;;;;;25;JOHANA VIGIL;AXUM;;;False;134603;0;1;;;;;;1;;31026,17
6286;SALLARES 1546;Varela;2026-10-08;08-10-2026;07-10-2026;FAC-A-134603;Venta;LAGOPUELO S.A;1501618;1,00;19032,09;23028,83;GUO XIU PING;;0,00 %;6;Nieves Alegre;;PH HIG  FRESH ALOE 30M X4/12;19032,09;3472;;3;AUTOSERVICIO;13125,58;IVAN MONTOYA;;$;2;SOFTYS ARGENTINA S.A;;;CON;;;;;;;PAPEL HIG;;;;;25;JOHANA VIGIL;AXUM;;;False;134603;0;1;;;;;;1;;19032,09
6286;SALLARES 1546;Varela;2026-10-08;08-10-2026;07-10-2026;FAC-A-134603;Venta;LAGOPUELO S.A;1505708;1,00;22612,61;27361,26;GUO XIU PING;;0,00 %;6;Nieves Alegre;;RC SUSEEX CLS MEGARROLO ALTO 200X1;22612,61;3472;;3;AUTOSERVICIO;16750,08;IVAN MONTOYA;;$;2;SOFTYS ARGENTINA S.A;;;CON;;;;;;;ROLLO DE COCINA;;;;;25;JOHANA VIGIL;AXUM;;;False;134603;0;1;;;;;;1;;22612,61
1278;CALLE 4 A 2579;Berazategui;;08-10-2026;07-10-2026;VEN-134614;Venta;Empresa LAGOPUELO;1501618;2,00;38064,18;46057,66;COLQUE ZULMA;;0,00 %;5;Eliana Huber;;PH HIG  FRESH ALOE 30M X4/12;19032,09;;;2;ALMACEN;13125,58;;;$;2;SOFTYS ARGENTINA S.A;;;CON;;;;;;;PAPEL HIG;;;;;25;JOHANA VIGIL;AXUM;;;False;134614;1;1;;;;;;1;;19032,09
1278;CALLE 4 A 2579;Berazategui;;08-10-2026;07-10-2026;VEN-134614;Venta;Empresa LAGOPUELO;1504079;15,00;32917,59;39830,28;COLQUE ZULMA;;10,00 %;5;Eliana Huber;;PL BABYSEC ULTRASOFT XXG 8/15;2194,51;;;2;ALMACEN;1806,18;;;$;2;SOFTYS ARGENTINA S.A;;;CON;;;;;;;PAÒAL;;;;;25;JOHANA VIGIL;AXUM;;;False;134614;1;1;;;;;;1;;2194,51
1278;CALLE 4 A 2579;Berazategui;;08-10-2026;07-10-2026;VEN-134614;Venta;Empresa LAGOPUELO;1505688;1,00;15533,64;18795,70;COLQUE ZULMA;;5,00 %;5;Eliana Huber;;RC Sussex clasico mas blanco 50px3/10;15533,64;;;2;ALMACEN;12112,00;;;$;2;SOFTYS ARGENTINA S.A;;;CON;;;;;;;ROLLO DE COCINA;;;;;25;JOHANA VIGIL;AXUM;;;False;134614;1;1;;;;;;1;;15533,64
23486;CERVANTES SAAVEDRA - (TRADICIONAL) 3499;RAFAEL CALZADA;2026-10-08;08-10-2026;07-10-2026;FAC-B-134622;Venta;ELEBES;1501627;1,00;12040,70;14569,25;SILVIA SOLIS;;10,00 %;063;Daniel Martin;;PH Higienol HS Balanced 20mx4/12;12040,70;3475;;2;ALMACEN;9488,34;HERNAN RIVERO;;$;2;SOFTYS ARGENTINA S.A;;;CON;;;;;;;PAPEL HIG;;;;;300;Bruno Centurion;AXUM;;;False;134622;0;1;;;;;;1;;12040,70
31637;GRISNTEIN 3049;FLORENCIO VARELA;2026-10-08;08-10-2026;07-10-2026;FAC-B-134625;Venta;LAGOPUELO S.A;1509764;20,00;16972,80;20537,09;FILIBERTO BALTAZAR;;0,00 %;6;Nieves Alegre;;TF NORMAL T/SUAVE EXT ALGODON 8x54;848,64;3472;;3;AUTOSERVICIO;585,27;IVAN MONTOYA;;$;2;SOFTYS ARGENTINA S.A;;;CON;;;;;;;TOALLA FEMENINA;;;;;25;JOHANA VIGIL;AXUM;;;False;134625;0;1;;;;;;1;;848,64
28071;CORRIENTES - (TRADICIONAL) 694;LA UNION;;08-10-2026;07-10-2026;VEN-134627;Venta;LAGOPUELO S.A;1505688;2,00;31067,28;37591,41;RODRIGO ARGUELLO;;5,00 %;075;Julieta Yegros;;RC Sussex clasico mas blanco 50px3/10;15533,64;;;2;ALMACEN;12112,00;;;$;2;SOFTYS ARGENTINA S.A;;;CON;;;;;;;ROLLO DE COCINA;;;;;300;Bruno Centurion;AXUM;;;False;134627;1;1;;;;;;1;;15533,64
28071;CORRIENTES - (TRADICIONAL) 694;LA UNION;;08-10-2026;07-10-2026;VEN-134627;Venta;LAGOPUELO S.A;1509764;10,00;8486,40;10268,54;RODRIGO ARGUELLO;;0,00 %;075;Julieta Yegros;;TF NORMAL T/SUAVE EXT ALGODON 8x54;848,64;;;2;ALMACEN;585,27;;;$;2;SOFTYS ARGENTINA S.A;;;CON;;;;;;;TOALLA FEMENINA;;;;;300;Bruno Centurion;AXUM;;;False;134627;1;1;;;;;;1;;848,64
927;AV TOMAS FLORES 1345;BERNAL OESTE;;07-10-2026;07-10-2026;VEN-134628;Venta;Empresa LAGOPUELO;1506112;1,00;47346,00;57288,66;MERCADO LIBRE;;0,00 %;16;VENDEDOR DEPOSITO;;HigiÈnico ELITE Jumbo 300 mts SH- Blanco -;47346,00;3495;;6;MAYORISTA;36420,00;PEDIDOS INTERNOS;;$;2;SOFTYS ARGENTINA S.A;;;CON;;;;;;;INDUSTRIAL;;;;;;;gcw;;;False;134628;1;1;;;;;;1;;47346,00
3448;LA MERCED E/BOLIVAR Y ARTIGAS - (TRADICIONAL) 796;LA UNION;;08-10-2026;07-10-2026;VEN-134633;Venta;LAGOPUELO S.A;1501553;1,00;22551,25;27287,01;OVELAR ESTER;;15,00 %;075;Julieta Yegros;;PH HIGIENOL DH PLUS FUSI”N 30M x4/10;22551,25;;;5;KIOSCO;17199,92;;;$;2;SOFTYS ARGENTINA S.A;;;CON;;;;;;;PAPEL HIG;;;;;300;Bruno Centurion;AXUM;;;False;134633;1;1;;;;;;1;;22551,25
3448;LA MERCED E/BOLIVAR Y ARTIGAS - (TRADICIONAL) 796;LA UNION;;08-10-2026;07-10-2026;VEN-134633;Venta;LAGOPUELO S.A;1505688;1,00;15533,64;18795,70;OVELAR ESTER;;5,00 %;075;Julieta Yegros;;RC Sussex clasico mas blanco 50px3/10;15533,64;;;5;KIOSCO;12112,00;;;$;2;SOFTYS ARGENTINA S.A;;;CON;;;;;;;ROLLO DE COCINA;;;;;300;Bruno Centurion;AXUM;;;False;134633;1;1;;;;;;1;;15533,64
3448;LA MERCED E/BOLIVAR Y ARTIGAS - (TRADICIONAL) 796;LA UNION;;08-10-2026;07-10-2026;VEN-134633;Venta;LAGOPUELO S.A;1509764;10,00;8486,40;10268,54;OVELAR ESTER;;0,00 %;075;Julieta Yegros;;TF NORMAL T/SUAVE EXT ALGODON 8x54;848,64;;;5;KIOSCO;585,27;;;$;2;SOFTYS ARGENTINA S.A;;;CON;;;;;;;TOALLA FEMENINA;;;;;300;Bruno Centurion;AXUM;;;False;134633;1;1;;;;;;1;;848,64
623;LULES 80;Lomas de Zamora;2026-10-07;07-10-2026;07-10-2026;FAC-A-134642;Venta;Empresa LAGOPUELO;1509749;60,00;56501,20;68366,45;EL CHIRLO;;0,00 %;16;VENDEDOR DEPOSITO;;PD ladysoft clasicos 20x30;941,69;3495;;6;MAYORISTA;26905,33;PEDIDOS INTERNOS;;$;2;SOFTYS ARGENTINA S.A;;;EFV;;;;;;;PROTECTOR DIARIO;;;;;;;gcw;;;False;134642;0;4;;;;;;30;;941,69
623;LULES 80;Lomas de Zamora;2026-10-07;07-10-2026;07-10-2026;FAC-A-134642;Venta;Empresa LAGOPUELO;1503131;50,00;89628,75;108450,79;EL CHIRLO;;0,00 %;16;VENDEDOR DEPOSITO;;TH BABYSEC PREMIUM X45/10;1792,58;3495;;6;MAYORISTA;17072,14;PEDIDOS INTERNOS;;$;2;SOFTYS ARGENTINA S.A;;;EFV;;;;;;;TOALLA HUMEDA;;;;;;;gcw;;;False;134642;0;4;;;;;;10;;1792,58
6484;ACONCAGUA 1990;FLORENCIO VARELA;2026-10-06;06-10-2026;07-10-2026;NCR-B-134652;DevoluciÛn por Rechazo;ELEBES;1509761;-5,00;-3976,10;-4811,08;BENITEZ ZUNILDA;SIN DINERO;0,00 %;6;Nieves Alegre;;TF LADYSOFT COMFORT EXT ALGODON 8x54;795,22;3463;;2;ALMACEN;548,43;SIMON OLIVERA;;$;2;SOFTYS ARGENTINA S.A;;;CON;;;;;;;TOALLA FEMENINA;;;;;25;JOHANA VIGIL;gcw;132586;;True;134652;0;1;;;;;;1;;795,22
6484;ACONCAGUA 1990;FLORENCIO VARELA;2026-10-06;06-10-2026;07-10-2026;NCR-B-134652;DevoluciÛn por Rechazo;ELEBES;1509749;-5,00;-6502,10;-7867,54;BENITEZ ZUNILDA;SIN DINERO;0,00 %;6;Nieves Alegre;;PD ladysoft clasicos 20x30;1300,42;3463;;2;ALMACEN;896,84;SIMON OLIVERA;;$;2;SOFTYS ARGENTINA S.A;;;CON;;;;;;;PROTECTOR DIARIO;;;;;25;JOHANA VIGIL;gcw;132586;;True;134652;0;1;;;;;;1;;1300,42
4662;Calle 850 N 544;Quilmes;2026-10-06;06-10-2026;07-10-2026;NCR-A-134654;DevoluciÛn por Rechazo;LAGOPUELO S.A;1509755;-12,00;-14396,04;-17419,21;LIU XUEXING;NO QUIERE EL CLIENTE;0,00 %;056;Ezequiel Ferreira;;TF UD T/SECA LADYSOFT ULTRA PROTECT 8;1199,67;3463;;3;AUTOSERVICIO;827,36;SIMON OLIVERA;;$;2;SOFTYS ARGENTINA S.A;;;CON;;;;;;;TOALLA FEMENINA;;;;;300;Bruno Centurion;gcw;132762;;True;134654;0;1;;;;;;1;;1199,67
4662;Calle 850 N 544;Quilmes;2026-10-06;06-10-2026;07-10-2026;NCR-A-134654;DevoluciÛn por Rechazo;LAGOPUELO S.A;1509764;-12,00;-10183,68;-12322,25;LIU XUEXING;NO QUIERE EL CLIENTE;0,00 %;056;Ezequiel Ferreira;;TF NORMAL T/SUAVE EXT ALGODON 8x54;848,64;3463;;3;AUTOSERVICIO;585,27;SIMON OLIVERA;;$;2;SOFTYS ARGENTINA S.A;;;CON;;;;;;;TOALLA FEMENINA;;;;;300;Bruno Centurion;gcw;132762;;True;134654;0;1;;;;;;1;;848,64
4662;Calle 850 N 544;Quilmes;2026-10-06;06-10-2026;07-10-2026;NCR-A-134654;DevoluciÛn por Rechazo;LAGOPUELO S.A;1509761;-12,00;-9542,64;-11546,59;LIU XUEXING;NO QUIERE EL CLIENTE;0,00 %;056;Ezequiel Ferreira;;TF LADYSOFT COMFORT EXT ALGODON 8x54;795,22;3463;;3;AUTOSERVICIO;548,43;SIMON OLIVERA;;$;2;SOFTYS ARGENTINA S.A;;;CON;;;;;;;TOALLA FEMENINA;;;;;300;Bruno Centurion;gcw;132762;;True;134654;0;1;;;;;;1;;795,22
4662;Calle 850 N 544;Quilmes;2026-10-06;06-10-2026;07-10-2026;NCR-A-134654;DevoluciÛn por Rechazo;LAGOPUELO S.A;1505708;-1,00;-22612,61;-27361,26;LIU XUEXING;NO QUIERE EL CLIENTE;0,00 %;056;Ezequiel Ferreira;;RC SUSEEX CLS MEGARROLO ALTO 200X1;22612,61;3463;;3;AUTOSERVICIO;16750,08;SIMON OLIVERA;;$;2;SOFTYS ARGENTINA S.A;;;CON;;;;;;;ROLLO DE COCINA;;;;;300;Bruno Centurion;gcw;132762;;True;134654;0;1;;;;;;1;;22612,61
4662;Calle 850 N 544;Quilmes;2026-10-06;06-10-2026;07-10-2026;NCR-A-134654;DevoluciÛn por Rechazo;LAGOPUELO S.A;1505688;-1,00;-15533,64;-18795,70;LIU XUEXING;NO QUIERE EL CLIENTE;5,00 %;056;Ezequiel Ferreira;;RC Sussex clasico mas blanco 50px3/10;15533,64;3463;;3;AUTOSERVICIO;12112,00;SIMON OLIVERA;;$;2;SOFTYS ARGENTINA S.A;;;CON;;;;;;;ROLLO DE COCINA;;;;;300;Bruno Centurion;gcw;132762;;True;134654;0;1;;;;;;1;;15533,64
4662;Calle 850 N 544;Quilmes;2026-10-06;06-10-2026;07-10-2026;NCR-A-134654;DevoluciÛn por Rechazo;LAGOPUELO S.A;1509764;-1,00;0,00;0,00;LIU XUEXING;NO QUIERE EL CLIENTE;100,00 %;056;Ezequiel Ferreira;;TF NORMAL T/SUAVE EXT ALGODON 8x54;0,00;3463;;3;AUTOSERVICIO;585,27;SIMON OLIVERA;;$;2;SOFTYS ARGENTINA S.A;;;CON;;;;;;;TOALLA FEMENINA;;;;;300;Bruno Centurion;gcw;132762;;True;134654;0;1;;;;;;1;;0,00
3910;JOSE ANDRES LOPEZ 1151;solano;2026-10-06;06-10-2026;07-10-2026;NCR-B-134656;DevoluciÛn por Rechazo;LAGOPUELO S.A;1509755;-20,00;-23993,40;-29032,01;LELING LING;NO HIZO PEDIDO;0,00 %;056;Ezequiel Ferreira;;TF UD T/SECA LADYSOFT ULTRA PROTECT 8;1199,67;3463;;3;AUTOSERVICIO;827,36;SIMON OLIVERA;;$;2;SOFTYS ARGENTINA S.A;;;CON;;;;;;;TOALLA FEMENINA;;;;;300;Bruno Centurion;gcw;132646;;True;134656;0;1;;;;;;1;;1199,67
3910;JOSE ANDRES LOPEZ 1151;solano;2026-10-06;06-10-2026;07-10-2026;NCR-B-134656;DevoluciÛn por Rechazo;LAGOPUELO S.A;1509759;-10,00;-21307,10;-25781,59;LELING LING;NO HIZO PEDIDO;0,00 %;056;Ezequiel Ferreira;;TF UD T/SUAVE EXT ALG 16x20;2130,71;3463;;3;AUTOSERVICIO;1469,45;SIMON OLIVERA;;$;2;SOFTYS ARGENTINA S.A;;;CON;;;;;;;TOALLA FEMENINA;;;;;300;Bruno Centurion;gcw;132646;;True;134656;0;1;;;;;;1;;2130,71
3910;JOSE ANDRES LOPEZ 1151;solano;2026-10-06;06-10-2026;07-10-2026;NCR-B-134656;DevoluciÛn por Rechazo;LAGOPUELO S.A;1509763;-10,00;-22650,50;-27407,11;LELING LING;NO HIZO PEDIDO;0,00 %;056;Ezequiel Ferreira;;TF Nocturna EXT ALGODON 16X16;2265,05;3463;;3;AUTOSERVICIO;1562,11;SIMON OLIVERA;;$;2;SOFTYS ARGENTINA S.A;;;CON;;;;;;;TOALLA FEMENINA;;;;;300;Bruno Centurion;gcw;132646;;True;134656;0;1;;;;;;1;;2265,05
837;HERNANDARIAS 1346;REMEDIOS DE ESCALADA;2026-10-07;07-10-2026;08-10-2026;NCR-A-134675;DevoluciÛn por Rechazo;LAGOPUELO S.A;1509764;-6,00;-5091,84;-6161,13;ZHUANG YANZHU;RECHAZA, MUY CARO;0,00 %;073;Florencia Cubilla;;TF NORMAL T/SUAVE EXT ALGODON 8x54;848,64;3456;;3;AUTOSERVICIO;585,27;NAHUEL MONTOYA;;$;2;SOFTYS ARGENTINA S.A;;;CON;;;;;;;TOALLA FEMENINA;;;;;300;Bruno Centurion;gcw;133920;;True;134675;0;1;;;;;;1;;848,64
29232;YERBAL - (AUTOSERVICIOS) 999;GLEW;2026-10-07;07-10-2026;08-10-2026;NCR-A-134676;DevoluciÛn por Rechazo;LAGOPUELO S.A;1509768;-6,00;-5851,86;-7080,75;CHANGBING HUANG;RECHAZA, MUY CARO;0,00 %;061;Nailah Guzman;;TF NORMAL T/SUAVE PIEL SENSIBLE 8x54;975,31;3462;;3;Autoservicio A;672,63;HERNAN RIVERO;;$;2;SOFTYS ARGENTINA S.A;;;CON;;;;;;;TOALLA FEMENINA;;;;;300;Bruno Centurion;gcw;133917;;True;134676;0;1;;;;;;1;;975,31
29232;YERBAL - (AUTOSERVICIOS) 999;GLEW;2026-10-07;07-10-2026;08-10-2026;NCR-A-134676;DevoluciÛn por Rechazo;LAGOPUELO S.A;1509769;-6,00;-31741,74;-38407,51;CHANGBING HUANG;RECHAZA, MUY CARO;0,00 %;061;Nailah Guzman;;PD RESPIRABLES 100/12;5290,29;3462;;3;Autoservicio A;3648,47;HERNAN RIVERO;;$;2;SOFTYS ARGENTINA S.A;;;CON;;;;;;;PROTECTOR DIARIO;;;;;300;Bruno Centurion;gcw;133917;;True;134676;0;1;;;;;;1;;5290,29
23410;MITRE 1947;Almirante Brown;;08-10-2026;08-10-2026;VEN-134784;Venta;LAGOPUELO S.A;1509759;10,00;21307,10;25781,59;ZHANG QIANXIA;;0,00 %;062;Nahuel Martinez;;TF UD T/SUAVE EXT ALG 16x20;2130,71;;;3;Autoservicio B;1469,45;;;$;2;SOFTYS ARGENTINA S.A;;;CON;;;;;;;TOALLA FEMENINA;;;;;300;Bruno Centurion;AXUM;;;False;134784;1;1;;;;;;1;;2130,71
23410;MITRE 1947;Almirante Brown;;08-10-2026;08-10-2026;VEN-134784;Venta;LAGOPUELO S.A;1509764;10,00;8486,40;10268,54;ZHANG QIANXIA;;0,00 %;062;Nahuel Martinez;;TF NORMAL T/SUAVE EXT ALGODON 8x54;848,64;;;3;Autoservicio B;585,27;;;$;2;SOFTYS ARGENTINA S.A;;;CON;;;;;;;TOALLA FEMENINA;;;;;300;Bruno Centurion;AXUM;;;False;134784;1;1;;;;;;1;;848,64
23410;MITRE 1947;Almirante Brown;;08-10-2026;08-10-2026;VEN-134784;Venta;LAGOPUELO S.A;1509762;10,00;11721,90;14183,50;ZHANG QIANXIA;;0,00 %;062;Nahuel Martinez;;TF NOCTUR EXT A 8x32;1172,19;;;3;Autoservicio B;808,41;;;$;2;SOFTYS ARGENTINA S.A;;;CON;;;;;;;TOALLA FEMENINA;;;;;300;Bruno Centurion;AXUM;;;False;134784;1;1;;;;;;1;;1172,19
23410;MITRE 1947;Almirante Brown;;08-10-2026;08-10-2026;VEN-134784;Venta;LAGOPUELO S.A;1509761;10,00;7952,20;9622,16;ZHANG QIANXIA;;0,00 %;062;Nahuel Martinez;;TF LADYSOFT COMFORT EXT ALGODON 8x54;795,22;;;3;Autoservicio B;548,43;;;$;2;SOFTYS ARGENTINA S.A;;;CON;;;;;;;TOALLA FEMENINA;;;;;300;Bruno Centurion;AXUM;;;False;134784;1;1;;;;;;1;;795,22
23410;MITRE 1947;Almirante Brown;;08-10-2026;08-10-2026;VEN-134784;Venta;LAGOPUELO S.A;1509749;10,00;13004,20;15735,08;ZHANG QIANXIA;;0,00 %;062;Nahuel Martinez;;PD ladysoft clasicos 20x30;1300,42;;;3;Autoservicio B;896,84;;;$;2;SOFTYS ARGENTINA S.A;;;CON;;;;;;;PROTECTOR DIARIO;;;;;300;Bruno Centurion;AXUM;;;False;134784;1;1;;;;;;1;;1300,42
23410;MITRE 1947;Almirante Brown;;08-10-2026;08-10-2026;VEN-134784;Venta;LAGOPUELO S.A;1509765;10,00;16621,80;20112,38;ZHANG QIANXIA;;0,00 %;062;Nahuel Martinez;;TF NORMALT/SUAVE EXT ALG 16x27;1662,18;;;3;Autoservicio B;1146,33;;;$;2;SOFTYS ARGENTINA S.A;;;CON;;;;;;;TOALLA FEMENINA;;;;;300;Bruno Centurion;AXUM;;;False;134784;1;1;;;;;;1;;1662,18
23410;MITRE 1947;Almirante Brown;;08-10-2026;08-10-2026;VEN-134784;Venta;LAGOPUELO S.A;1501627;10,00;113717,76;137598,49;ZHANG QIANXIA;;15,00 %;062;Nahuel Martinez;;PH Higienol HS Balanced 20mx4/12;11371,78;;;3;Autoservicio B;9488,34;;;$;2;SOFTYS ARGENTINA S.A;;;CON;;;;;;;PAPEL HIG;;;;;300;Bruno Centurion;AXUM;;;False;134784;1;1;;;;;;1;;11371,78
23570;General Madariaga - (AUTOSERVICIOS) 559;BURZACO;2026-10-06;06-10-2026;08-10-2026;NCR-A-134806;DevoluciÛn por Rechazo;LAGOPUELO S.A;1505776;-30,00;-41961,90;-50773,90;WENG ZHU;RECHAZA, MUY CARO;0,00 %;063;Daniel Martin;;SE SUSSEX HS 30X30 BLANCA X80;1398,73;3444;;3;Autoservicio A;1036,10;CLAUDIO GARCIA;;$;2;SOFTYS ARGENTINA S.A;;;CON;;;;;;;SERVILLETA;;;;;300;Bruno Centurion;gcw;132590;;True;134806;0;1;;;;;;1;;1398,73
25022;MERCEDES 27;Lomas de Zamora;;08-10-2026;08-10-2026;VEN-134877;Venta;LAGOPUELO S.A;1501627;2,00;24081,41;29138,50;JI CHEN;;10,00 %;063;Daniel Martin;;PH Higienol HS Balanced 20mx4/12;12040,70;;;3;Autoservicio A;9488,34;;;$;2;SOFTYS ARGENTINA S.A;;;CON;;;;;;;PAPEL HIG;;;;;300;Bruno Centurion;AXUM;;;False;134877;1;1;;;;;;1;;12040,70
927;AV TOMAS FLORES 1345;BERNAL OESTE;;08-10-2026;08-10-2026;VEN-134930;Venta;Empresa LAGOPUELO;1504079;5,00;12191,70;14751,96;MERCADO LIBRE;;0,00 %;16;VENDEDOR DEPOSITO;;PL BABYSEC ULTRASOFT XXG 8/15;2438,34;3511;;6;MAYORISTA;1806,18;PEDIDOS INTERNOS;;$;2;SOFTYS ARGENTINA S.A;;;CON;;;;;;;PAÒAL;;;;;;;gcw;;;False;134930;1;1;;;;;;1;;2438,34
23476;J SEGUI 1826;Lomas de Zamora;;08-10-2026;08-10-2026;VEN-135009;Venta;LAGOPUELO S.A;1509756;20,00;46674,20;56475,78;ZHAN TIANLIANG;;0,00 %;063;Daniel Martin;;TF UD T/SECA LADYSOFT UL PRT 16u;2333,71;;;georgalos-1;Autoservicios;1609,46;;;$;2;SOFTYS ARGENTINA S.A;;;CON;;;;;;;TOALLA FEMENINA;;;;;300;Bruno Centurion;AXUM;;;False;135009;1;1;;;;;;1;;2333,71
23476;J SEGUI 1826;Lomas de Zamora;;08-10-2026;08-10-2026;VEN-135009;Venta;LAGOPUELO S.A;1509762;32,00;37510,08;45387,20;ZHAN TIANLIANG;;0,00 %;063;Daniel Martin;;TF NOCTUR EXT A 8x32;1172,19;;;georgalos-1;Autoservicios;808,41;;;$;2;SOFTYS ARGENTINA S.A;;;CON;;;;;;;TOALLA FEMENINA;;;;;300;Bruno Centurion;AXUM;;;False;135009;1;1;;;;;;1;;1172,19
23476;J SEGUI 1826;Lomas de Zamora;;08-10-2026;08-10-2026;VEN-135009;Venta;LAGOPUELO S.A;1509768;54,00;52666,74;63726,76;ZHAN TIANLIANG;;0,00 %;063;Daniel Martin;;TF NORMAL T/SUAVE PIEL SENSIBLE 8x54;975,31;;;georgalos-1;Autoservicios;672,63;;;$;2;SOFTYS ARGENTINA S.A;;;CON;;;;;;;TOALLA FEMENINA;;;;;300;Bruno Centurion;AXUM;;;False;135009;1;1;;;;;;1;;975,31
482;;Almirante Brown;;08-10-2026;08-10-2026;VEN-135179;Venta;ELEBES;1509756;2,00;4200,68;5082,82;Nailah Guzm·n;;10,00 %;16;VENDEDOR DEPOSITO;;TF UD T/SECA LADYSOFT UL PRT 16u;2100,34;3512;;georgalos-50;Empleados;1609,46;PEDIDOS INTERNOS;;$;2;SOFTYS ARGENTINA S.A;;;EFV;;;;;;;TOALLA FEMENINA;;;;;;;gcw;;;False;135179;1;1;;;;;;1;;2100,34
816;;Florencio Varela;;08-10-2026;08-10-2026;VEN-135223;Venta;LAGOPUELO S.A;1501627;1,00;12040,70;14569,25;Erminia Rocha Cuiza;;10,00 %;7;Myrian Lertora;;PH Higienol HS Balanced 20mx4/12;12040,70;;;2;ALMACEN;9488,34;;;$;2;SOFTYS ARGENTINA S.A;;;CON;;;;;;;PAPEL HIG;;;;;25;JOHANA VIGIL;AXUM;;;False;135223;1;1;;;;;;1;;12040,70
816;;Florencio Varela;;08-10-2026;08-10-2026;VEN-135223;Venta;LAGOPUELO S.A;1505688;1,00;15533,64;18795,70;Erminia Rocha Cuiza;;5,00 %;7;Myrian Lertora;;RC Sussex clasico mas blanco 50px3/10;15533,64;;;2;ALMACEN;12112,00;;;$;2;SOFTYS ARGENTINA S.A;;;CON;;;;;;;ROLLO DE COCINA;;;;;25;JOHANA VIGIL;AXUM;;;False;135223;1;1;;;;;;1;;15533,64
